episode,step,position,velocity,action
1,1,-0.43288836,0.00023527195,0.6036895513534546
1,2,-0.43234873,0.00053962244,0.6508750915527344
1,3,-0.43098497,0.0013637629,1.0082887411117554
1,4,-0.42964333,0.0013416449,0.44238877296447754
1,5,-0.4277521,0.0018912381,0.8299768567085266
1,6,-0.42596233,0.0017897798,0.4050178825855255
1,7,-0.42358616,0.0023761648,0.8721547722816467
1,8,-0.42195126,0.0016348932,-0.0015870555071160197
1,9,-0.42016503,0.0017862223,0.6012833118438721
1,10,-0.41783455,0.0023304787,0.871746838092804
1,11,-0.41619158,0.0016429833,0.06166219711303711
1,12,-0.41397917,0.0022124122,0.9074102640151978
1,13,-0.4118822,0.002096991,0.4613245129585266
1,14,-0.40918142,0.0027007887,0.9507160782814026
1,15,-0.405822,0.0033594107,1.0485919713974
1,16,-0.4019526,0.0038694222,0.9167149066925049
1,17,-0.39832303,0.0036295783,0.43492376804351807
1,18,-0.39411107,0.004211973,1.085876226425171
1,19,-0.38938946,0.004721623,0.9710440039634705
1,20,-0.38552603,0.0038634276,0.08093223720788956
1,21,-0.3820439,0.0034821278,0.4165908098220825
1,22,-0.3794665,0.002577404,0.0835428237915039
1,23,-0.3765276,0.0029388904,0.9394046068191528
1,24,-0.37444174,0.002085873,0.14305013418197632
1,25,-0.37352777,0.0009139787,-0.060117773711681366
1,26,-0.37328824,0.0002395296,0.2756294906139374
1,27,-0.3732126,7.5646225e-05,0.6170847415924072
1,28,-0.37321502,-2.4195604e-06,0.6746368408203125
1,29,-0.37360024,-0.00038523742,0.47145792841911316
1,30,-0.37427968,-0.00067943195,0.5288062691688538
1,31,-0.37534702,-0.0010673541,0.4632606506347656
1,32,-0.37626326,-0.00091625453,0.817794680595398
1,33,-0.37722832,-0.00096504693,0.6803951263427734
1,34,-0.37926447,-0.002036147,-0.0055078486911952496
1,35,-0.38105807,-0.0017935797,0.861042320728302
1,36,-0.38374117,-0.0026831115,0.09815918654203415
1,37,-0.38636622,-0.0026250358,0.7176676392555237
1,38,-0.38857767,-0.0022114445,0.942670464515686
1,39,-0.39057943,-0.0020017542,0.7965884804725647
1,40,-0.39251775,-0.0019382996,0.6898873448371887
1,41,-0.39486247,-0.0023447424,0.36768144369125366
1,42,-0.3982956,-0.0034331311,-0.09779371321201324
1,43,-0.40156353,-0.0032679108,0.722011387348175
1,44,-0.40610856,-0.004545024,-0.25477227568626404
1,45,-0.41135392,-0.005245348,0.1084800437092781
1,46,-0.41614398,-0.0047900686,0.8541976809501648
1,47,-0.42086336,-0.004719364,0.5751530528068542
1,48,-0.4254158,-0.0045524566,0.6168548464775085
1,49,-0.42951158,-0.0040957625,0.7883095741271973
1,50,-0.43426892,-0.0047573387,0.02316347323358059
1,51,-0.43952194,-0.0052530156,0.11087097227573395
1,52,-0.4461936,-0.0066716634,-0.5298242568969727
1,53,-0.45369834,-0.0075047337,-0.1718233972787857
1,54,-0.46295357,-0.009255222,-0.8200456500053406
1,55,-0.47232857,-0.00937502,0.22169068455696106
1,56,-0.4812544,-0.008925819,0.5548086166381836
1,57,-0.4906841,-0.009429704,-0.1247706338763237
1,58,-0.4993277,-0.008643585,0.6883853673934937
1,59,-0.50703925,-0.0077115484,0.7426062226295471
1,60,-0.5150958,-0.008056503,-0.1472058743238449
1,61,-0.5229868,-0.007891065,0.1528017818927765
1,62,-0.53009725,-0.0071103955,0.5235063433647156
1,63,-0.53587955,-0.0057823136,0.8528975248336792
1,64,-0.54006976,-0.004190229,1.2447407245635986
1,65,-0.54432195,-0.004252219,-0.12364832311868668
1,66,-0.54720664,-0.002884688,0.8081382513046265
1,67,-0.5494903,-0.0022836425,0.28275638818740845
1,68,-0.5517754,-0.002285115,-0.13030889630317688
1,69,-0.5538179,-0.0020425385,0.021002182736992836
1,70,-0.55573064,-0.0019126913,-0.06432405859231949
1,71,-0.5583149,-0.00258427,-0.6081297397613525
1,72,-0.5603224,-0.0020075005,0.2112458199262619
1,73,-0.56204545,-0.0017230295,0.0064003970474004745
1,74,-0.5638325,-0.0017870372,-0.23447923362255096
1,75,-0.5650479,-0.0012154274,0.18039260804653168
1,76,-0.56645,-0.0014021018,-0.3311616778373718
1,77,-0.5662856,0.0001643639,0.8306440114974976
1,78,-0.56524116,0.0010444245,0.37385573983192444
1,79,-0.5623852,0.0028559307,1.2530386447906494
1,80,-0.55787754,0.004507654,0.9076541066169739
1,81,-0.5518155,0.0060620513,0.8651729822158813
1,82,-0.545017,0.0067984858,0.35004112124443054
1,83,-0.5388483,0.006168723,-0.5268591642379761
1,84,-0.53264254,0.0062057204,-0.05155608057975769
1,85,-0.52599555,0.0066470127,0.2489815503358841
1,86,-0.51783055,0.008164988,1.1806589365005493
1,87,-0.5096477,0.008182826,0.04073218256235123
1,88,-0.50184804,0.0077996743,-0.18569988012313843
1,89,-0.49398506,0.007862981,0.15088140964508057
1,90,-0.48543465,0.008550399,0.6061524748802185
1,91,-0.47706082,0.008373825,0.07268763333559036
1,92,-0.46769184,0.009368992,0.8953796029090881
1,93,-0.45919952,0.0084923245,-0.3062190115451813
1,94,-0.45097145,0.008228077,0.14383167028427124
1,95,-0.44214532,0.008826132,0.7589736580848694
1,96,-0.43384272,0.008302593,0.05419987440109253
1,97,-0.42551702,0.008325702,0.4587825834751129
1,98,-0.41775128,0.0077657457,0.11005888879299164
1,99,-0.41086578,0.0068855076,-0.06643734127283096
1,100,-0.40456212,0.006303659,0.1650821566581726
1,101,-0.39826292,0.006299192,0.5796352624893188
1,102,-0.39295626,0.005306668,-0.049666132777929306
1,103,-0.38812807,0.004828199,0.317638099193573
1,104,-0.384425,0.0037030538,-0.09123621881008148
1,105,-0.3802357,0.004189314,1.0277979373931885
1,106,-0.3759757,0.0042600185,0.7420561909675598
1,107,-0.37128702,0.0046886844,1.1892855167388916
1,108,-0.36823344,0.0030535704,-0.3547428250312805
1,109,-0.36648694,0.0017464919,-0.12238209694623947
1,110,-0.36634985,0.00013710101,-0.31613293290138245
1,111,-0.36736554,-0.0010157026,-0.01113079208880663
1,112,-0.3684811,-0.0011155694,0.6862998604774475
1,113,-0.36931705,-0.0008359681,0.934298038482666
1,114,-0.37109664,-0.0017795825,0.11508332937955856
1,115,-0.3726021,-0.0015054761,0.9189248085021973
1,116,-0.3741931,-0.0015909934,0.672415018081665
1,117,-0.37683162,-0.002638527,0.023909809067845345
1,118,-0.3793838,-0.002552183,0.767916202545166
1,119,-0.3817927,-0.002408905,0.7943078875541687
1,120,-0.38394484,-0.002152139,0.859013557434082
1,121,-0.38729838,-0.003353539,-0.12291269749403
1,122,-0.3904443,-0.0031459436,0.8010657429695129
1,123,-0.39385808,-0.0034137657,0.46965867280960083
1,124,-0.39858624,-0.0047281645,-0.24381789565086365
1,125,-0.40403154,-0.0054452876,0.13243064284324646
1,126,-0.4106218,-0.0065902397,-0.17820338904857635
1,127,-0.41755602,-0.0069342135,0.3248160183429718
1,128,-0.4254763,-0.007920285,-0.13606514036655426
1,129,-0.4341849,-0.008708584,-0.0419754683971405
1,130,-0.44341406,-0.009229156,0.09467896819114685
1,131,-0.4523704,-0.00895635,0.5789387822151184
1,132,-0.46214706,-0.009776645,-0.1934255063533783
1,133,-0.4713887,-0.009241644,0.6621885895729065
1,134,-0.47964224,-0.008253542,0.9187192320823669
1,135,-0.4868451,-0.0072028628,0.9195989370346069
1,136,-0.49384326,-0.006998155,0.3198682963848114
1,137,-0.5009929,-0.0071496223,0.047601621598005295
1,138,-0.50759476,-0.0066018435,0.47812849283218384
1,139,-0.5140683,-0.006473557,0.16551366448402405
1,140,-0.5204785,-0.006410173,0.08990178257226944
1,141,-0.5266498,-0.0061712684,0.17487095296382904
1,142,-0.5314963,-0.0048465044,0.8679212331771851
1,143,-0.53531486,-0.003818575,0.6458023190498352
1,144,-0.5386917,-0.0033768471,0.23591692745685577
1,145,-0.54213154,-0.0034398437,-0.11743645370006561
1,146,-0.5453523,-0.0032207558,0.05344248190522194
1,147,-0.5476579,-0.002305649,0.5013808608055115
1,148,-0.5497937,-0.0021358146,-0.006968359462916851
1,149,-0.5504987,-0.0007050061,0.8230323791503906
1,150,-0.54967654,0.0008221922,0.8837783932685852
1,151,-0.5488604,0.0008161723,-0.1342690885066986
1,152,-0.5482764,0.0005839458,-0.28100478649139404
1,153,-0.5474129,0.0008635818,0.06314843893051147
1,154,-0.5461924,0.0012204357,0.11893343180418015
1,155,-0.544837,0.0013554028,-0.022903652861714363
1,156,-0.54385734,0.0009796757,-0.3566040098667145
1,157,-0.5422594,0.0015979215,0.310933381319046
1,158,-0.53989357,0.0023658043,0.4186674654483795
1,159,-0.5359056,0.0039879666,1.1845407485961914
1,160,-0.53238547,0.0035201544,-0.3733948767185211
1,161,-0.52792513,0.004460318,0.5828474760055542
1,162,-0.52313954,0.0047856113,0.19523105025291443
1,163,-0.5172677,0.0058718035,0.7264242172241211
1,164,-0.5115718,0.005695853,-0.08564692735671997
1,165,-0.50671977,0.004852042,-0.5024189949035645
1,166,-0.502425,0.004294774,-0.2871531546115875
1,167,-0.4980534,0.0043716226,0.15702998638153076
1,168,-0.4952232,0.0028302164,-0.9000022411346436
1,169,-0.49322054,0.0020026518,-0.41000306606292725
1,170,-0.4915927,0.0016278254,-0.09820324927568436
1,171,-0.49068382,0.0009088763,-0.31951484084129333
1,172,-0.48873496,0.001948878,0.8576419353485107
1,173,-0.4855471,0.003187876,1.1568620204925537
1,174,-0.4824183,0.0031287917,0.15045598149299622
1,175,-0.48027512,0.0021431884,-0.45168980956077576
1,176,-0.47863477,0.0016403495,-0.11921704560518265
1,177,-0.47698775,0.0016470307,0.2285929173231125
1,178,-0.47489232,0.002095443,0.5312378406524658
1,179,-0.47214037,0.0027519327,0.6803264021873474
1,180,-0.46883613,0.003304242,0.6244774460792542
1,181,-0.46458375,0.004252364,0.9046646356582642
1,182,-0.46019667,0.004387072,0.3833412826061249
1,183,-0.45546955,0.004727135,0.5418111681938171
1,184,-0.4499556,0.005513929,0.8628087043762207
1,185,-0.44392654,0.006029071,0.708655834197998
1,186,-0.4393315,0.0045950403,-0.5614414811134338
1,187,-0.43537757,0.003953935,-0.010540628805756569
1,188,-0.43315363,0.0022239415,-0.7173546552658081
1,189,-0.43127382,0.0018798041,0.21727214753627777
1,190,-0.4297977,0.0014761133,0.18661800026893616
1,191,-0.42879927,0.0009984338,0.1443868726491928
1,192,-0.42700228,0.0017969833,1.0139338970184326
1,193,-0.4247684,0.0022338794,0.7675148844718933
1,194,-0.4224208,0.0023475753,0.5627410411834717
1,195,-0.41995457,0.0024662286,0.5772596001625061
1,196,-0.41756603,0.0023885453,0.45812228322029114
1,197,-0.41575548,0.0018105638,0.13594698905944824
1,198,-0.41468763,0.001067848,0.034714892506599426
1,199,-0.4145364,0.0001512332,-0.07615818828344345
1,200,-0.41412112,0.00041526847,0.7116580009460449
1,201,-0.41383228,0.00028885095,0.4533219039440155
1,202,-0.41302964,0.00080265064,0.8815001845359802
1,203,-0.41173887,0.0012907828,0.868184506893158
1,204,-0.41075033,0.0009885572,0.34737730026245117
1,205,-0.40927613,0.00147421,0.8772940635681152
1,206,-0.40714264,0.0021335008,1.2454370260238647
1,207,-0.40567434,0.0014683133,0.1270490437746048
1,208,-0.4035721,0.0021022134,1.3980127573013306
1,209,-0.4018131,0.001759008,0.35844486951828003
1,210,-0.3998912,0.0019218948,0.7040625810623169
1,211,-0.39870524,0.0011859492,0.11380614340305328
1,212,-0.3982342,0.00047105367,0.1333618313074112
1,213,-0.39847428,-0.0002400749,0.13806438446044922
1,214,-0.39966068,-0.0011864139,-0.019859248772263527
1,215,-0.40042025,-0.0007595595,0.8900802135467529
1,216,-0.4009357,-0.00051546085,0.764703094959259
1,217,-0.40300193,-0.0020662176,-0.43427127599716187
1,218,-0.4055976,-0.002595657,0.23695601522922516
1,219,-0.4081357,-0.002538112,0.6161230802536011
1,220,-0.4101219,-0.001986168,0.9338020086288452
1,221,-0.41293195,-0.0028100703,0.007220366038382053
1,222,-0.41505685,-0.0021249077,1.185776710510254
1,223,-0.41819912,-0.0031422726,-0.14507365226745605
1,224,-0.42088988,-0.002690759,0.8192694783210754
1,225,-0.4245107,-0.0036208131,-0.11457926779985428
1,226,-0.4277193,-0.0032086007,0.7629842162132263
1,227,-0.43238592,-0.0046666134,-0.4991942346096039
1,228,-0.43787846,-0.0054925447,-0.10022696107625961
1,229,-0.44403666,-0.0061581926,-0.019872121512889862
1,230,-0.4515227,-0.007486045,-0.4911907911300659
1,231,-0.45877814,-0.007255442,0.511313796043396
1,232,-0.46503386,-0.0062557105,0.9885518550872803
1,233,-0.47048315,-0.0054492936,0.8289317488670349
1,234,-0.47499278,-0.0045096283,0.890899121761322
1,235,-0.47995982,-0.0049670367,-0.0627693235874176
1,236,-0.48385,-0.0038901765,0.9354788661003113
1,237,-0.4870926,-0.0032426189,0.629978358745575
1,238,-0.49090248,-0.0038098614,-0.1959955096244812
1,239,-0.49485984,-0.0039573475,0.06489533185958862
1,240,-0.49904695,-0.004187102,-0.009652811102569103
1,241,-0.5032902,-0.004243254,0.08521325886249542
1,242,-0.50754535,-0.004255163,0.09354112297296524
1,243,-0.51242644,-0.0048810835,-0.3370443284511566
1,244,-0.51700634,-0.0045798775,0.2566553056240082
1,245,-0.5211829,-0.004176557,0.30184027552604675
1,246,-0.5249878,-0.0038049065,0.2598462998867035
1,247,-0.52780586,-0.0028180613,0.6509516835212708
1,248,-0.53053814,-0.0027322746,0.036156196147203445
1,249,-0.5332691,-0.002730984,-0.03383387625217438
1,250,-0.53465694,-0.0013878563,0.8470736145973206
1,251,-0.53471214,-5.5171975e-05,0.833175539970398
1,252,-0.53497666,-0.0002645521,-0.19514326751232147
1,253,-0.53455466,0.0004219744,0.4008059501647949
1,254,-0.5325505,0.0020041286,1.0600098371505737
1,255,-0.5310228,0.0015277137,-0.36236321926116943
1,256,-0.52881145,0.0022113032,0.4186094105243683
1,257,-0.52616215,0.0026493038,0.2659381031990051
1,258,-0.523754,0.0024081222,-0.17360450327396393
1,259,-0.5198447,0.0039092866,1.233015775680542
1,260,-0.51566243,0.00418227,0.20075881481170654
1,261,-0.51135975,0.0043026838,0.11995396018028259
1,262,-0.5070805,0.0042792326,0.04554719850420952
1,263,-0.5028372,0.004243285,0.05859263613820076
1,264,-0.49825236,0.0045848168,0.3314287066459656
1,265,-0.49271885,0.0055335253,0.7590824365615845
1,266,-0.4865458,0.0061730463,0.5805264115333557
1,267,-0.48052597,0.0060198437,0.08274843543767929
1,268,-0.4757317,0.004794277,-0.6022794842720032
1,269,-0.4710677,0.004664015,0.15167245268821716
1,270,-0.46529603,0.0057716607,1.1214019060134888
1,271,-0.46039227,0.004903771,-0.28856348991394043
1,272,-0.45573166,0.0046606106,0.15203522145748138
1,273,-0.45216045,0.0035712128,-0.3892691731452942
1,274,-0.44772324,0.004437195,0.9317851066589355
1,275,-0.44287542,0.004847816,0.649857223033905
1,276,-0.43854123,0.0043341946,0.057268694043159485
1,277,-0.43487895,0.0036622845,-0.027252640575170517
1,278,-0.43149364,0.003385305,0.25372710824012756
1,279,-0.4279816,0.0035120454,0.5391814708709717
1,280,-0.42475164,0.0032299599,0.2834993600845337
1,281,-0.42223692,0.002514722,0.010198635049164295
1,282,-0.4198147,0.002422201,0.4373539686203003
1,283,-0.4175406,0.0022740897,0.41183605790138245
1,284,-0.41595468,0.0015859246,0.06261194497346878
1,285,-0.4139044,0.0020502917,0.8384924530982971
1,286,-0.41183612,0.0020682893,0.5506242513656616
1,287,-0.40983644,0.001999682,0.5026637315750122
1,288,-0.4080375,0.00179894,0.42400553822517395
1,289,-0.4058241,0.0022134043,0.842610776424408
1,290,-0.40379652,0.00202756,0.45280125737190247
1,291,-0.40114826,0.0026482625,1.1403988599777222
1,292,-0.39873257,0.0024156766,0.44351762533187866
1,293,-0.39573166,0.003000929,1.071828007698059
1,294,-0.39318067,0.0025509847,0.323807954788208
1,295,-0.39030012,0.0028805528,0.8552923798561096
1,296,-0.38989288,0.00040724652,-1.082237720489502
1,297,-0.38955644,0.000336437,0.6035395860671997
1,298,-0.38994464,-0.0003882164,0.16919201612472534
1,299,-0.3903949,-0.00045026434,0.6091423630714417
1,300,-0.3919591,-0.0015642034,-0.09419166296720505
1,301,-0.39468095,-0.0027218466,-0.1305397003889084
1,302,-0.3984039,-0.003722979,-0.03878214582800865
1,303,-0.4026864,-0.004282486,0.23835591971874237
1,304,-0.40733668,-0.0046502836,0.3461928069591522
1,305,-0.41379502,-0.0064583416,-0.6357763409614563
1,306,-0.42109525,-0.0073002256,-0.022112632170319557
1,307,-0.42810607,-0.0070108077,0.6974233388900757
1,308,-0.4368252,-0.008719115,-0.6679118275642395
1,309,-0.4455917,-0.008766515,0.39738360047340393
1,310,-0.4544191,-0.008827412,0.3458873927593231
1,311,-0.4642056,-0.009786499,-0.2959710657596588
1,312,-0.47349873,-0.009293145,0.6242996454238892
1,313,-0.48218697,-0.0086882515,0.6528199315071106
1,314,-0.49013862,-0.007951643,0.697598934173584
1,315,-0.49850437,-0.008365745,-0.10904758423566818
1,316,-0.5076036,-0.009099218,-0.36362895369529724
1,317,-0.51532274,-0.007719136,1.1571604013442993
1,318,-0.52161485,-0.0062920838,0.9927440285682678
1,319,-0.5264218,-0.0048069633,1.1143447160720825
1,320,-0.5317307,-0.00530891,-0.34874585270881653
1,321,-0.5360823,-0.00435161,0.5975443720817566
1,322,-0.53926116,-0.0031788377,0.7194448709487915
1,323,-0.5421006,-0.0028394414,0.14798109233379364
1,324,-0.5446233,-0.0025226905,0.11870560050010681
1,325,-0.5470215,-0.0023981999,-0.02205929160118103
1,326,-0.54949623,-0.0024747394,-0.16804367303848267
1,327,-0.551758,-0.0022617464,0.012638325802981853
1,328,-0.5539389,-0.0021809468,-0.08676218241453171
1,329,-0.5547648,-0.00082590216,0.7518717050552368
1,330,-0.55552024,-0.00075545005,-0.10863514989614487
1,331,-0.55498683,0.0005334113,0.6998774409294128
1,332,-0.55485874,0.00012810821,-0.42691051959991455
1,333,-0.554086,0.00077273085,0.2736775875091553
1,334,-0.5525957,0.001490368,0.326200932264328
1,335,-0.5512294,0.0013662567,-0.22754259407520294
1,336,-0.5495873,0.0016421264,0.045917998999357224
1,337,-0.54755306,0.0020342215,0.13158579170703888
1,338,-0.54410285,0.0034502216,0.8243316411972046
1,339,-0.539156,0.0049468065,0.8952674269676208
1,340,-0.5347357,0.0044203647,-0.4287192225456238
1,341,-0.530195,0.004540667,0.024527160450816154
1,342,-0.5262754,0.0039196266,-0.44700586795806885
1,343,-0.5221177,0.0041577118,0.14534057676792145
1,344,-0.51790684,0.0042108553,0.042834509164094925
1,345,-0.5143611,0.003545782,-0.4149239659309387
1,346,-0.5098474,0.004513694,0.6914572715759277
1,347,-0.50413144,0.00571596,0.870248019695282
1,348,-0.4982378,0.005893661,0.21574878692626953
1,349,-0.49103415,0.007203637,1.0140715837478638
1,350,-0.48365092,0.007383222,0.28228774666786194
1,351,-0.4752034,0.00844753,0.9087996482849121
1,352,-0.46588543,0.009317965,0.821418285369873
1,353,-0.45723963,0.008645804,-0.16098086535930634
1,354,-0.4486561,0.008583518,0.2880846858024597
1,355,-0.43961468,0.009041429,0.676838219165802
1,356,-0.43069693,0.008917758,0.33304476737976074
1,357,-0.42269713,0.007999794,-0.15345773100852966
1,358,-0.41433847,0.008358655,0.7360790967941284
1,359,-0.40699595,0.007342506,-0.14086076617240906
1,360,-0.39902392,0.007972032,0.9908799529075623
1,361,-0.39082244,0.00820147,0.7614341378211975
1,362,-0.382167,0.008655428,0.9491035342216492
1,363,-0.37320873,0.008958276,0.8880301117897034
1,364,-0.3638405,0.009368229,1.00077223777771
1,365,-0.3541251,0.009715389,1.3178719282150269
1,366,-0.34464577,0.009479353,0.6539732813835144
1,367,-0.3351296,0.009516166,0.876940906047821
1,368,-0.32594278,0.009186816,0.6733671426773071
1,369,-0.31731886,0.00862394,0.5561233758926392
1,370,-0.30956894,0.007749918,0.3841361701488495
1,371,-0.30359024,0.0059787133,-0.18268632888793945
1,372,-0.29764438,0.0059458707,1.0844115018844604
1,373,-0.29176635,0.0058780457,1.0727410316467285
1,374,-0.28655007,0.005216271,0.6267625689506531
1,375,-0.2825745,0.0039755725,0.26070496439933777
1,376,-0.27907333,0.003501164,0.7865471839904785
1,377,-0.27673456,0.0023387608,0.3409483730792999
1,378,-0.27462092,0.0021136315,0.974456250667572
1,379,-0.2733205,0.0013004156,0.5901758670806885
1,380,-0.2722257,0.0010947922,1.103559136390686
1,381,-0.27134255,0.00088317477,1.239495873451233
1,382,-0.27077913,0.00056339946,0.9311092495918274
1,383,-0.27124634,-0.0004672125,0.45926469564437866
1,384,-0.27193052,-0.0006841762,1.1611328125
1,385,-0.27447054,-0.0025400096,-0.09506870806217194
1,386,-0.2786093,-0.004138781,0.06702356040477753
1,387,-0.28312987,-0.004520569,0.8630810976028442
1,388,-0.28870738,-0.005577516,0.39610475301742554
1,389,-0.2944396,-0.00573225,0.9764866232872009
1,390,-0.30122223,-0.006782626,0.3573988676071167
1,391,-0.30838677,-0.0071645444,0.7766101360321045
1,392,-0.31555557,-0.007168811,1.19022798538208
1,393,-0.3238426,-0.008287031,0.22850483655929565
1,394,-0.33203974,-0.008197128,1.0083218812942505
1,395,-0.34064403,-0.008604284,0.6345021724700928
1,396,-0.3499139,-0.009269871,0.4258069694042206
1,397,-0.36080736,-0.010893454,-0.2527299225330353
1,398,-0.37259495,-0.011787578,0.18590141832828522
1,399,-0.38397673,-0.011381767,1.2299530506134033
1,400,-0.39638495,-0.012408223,-0.006429383531212807
1,401,-0.4097148,-0.013329844,0.00632663955911994
1,402,-0.42276233,-0.013047532,0.7466148734092712
1,403,-0.43505466,-0.012292324,1.1183335781097412
1,404,-0.44848228,-0.013427629,-0.3193380832672119
1,405,-0.4633038,-0.014821535,-0.5568588376045227
1,406,-0.47918963,-0.015885817,-0.409687340259552
1,407,-0.49451858,-0.015328949,0.5926344990730286
1,408,-0.50893396,-0.014415393,0.7542545795440674
1,409,-0.52370214,-0.014768165,-0.16188091039657593
1,410,-0.53838575,-0.014683584,0.055870421230793
1,411,-0.5521031,-0.013717353,0.5702428221702576
1,412,-0.56593263,-0.013829533,-0.21713468432426453
1,413,-0.5790817,-0.013149078,0.24253611266613007
1,414,-0.5906587,-0.011576981,0.7719288468360901
1,415,-0.60175526,-0.011096533,-0.012743910774588585
1,416,-0.611838,-0.01008272,0.2886638939380646
1,417,-0.62052166,-0.008683707,0.4966145157814026
1,418,-0.62945706,-0.008935391,-0.6456038951873779
1,419,-0.63706565,-0.007608581,0.36410075426101685
1,420,-0.6445741,-0.0075084525,-0.4896891713142395
1,421,-0.6513662,-0.0067920405,-0.11407741159200668
1,422,-0.6557233,-0.0043570776,1.0463707447052002
1,423,-0.6597478,-0.004024496,-0.42173802852630615
1,424,-0.6641762,-0.0044284477,-0.9312756061553955
1,425,-0.66769916,-0.0035229323,-0.07855919748544693
1,426,-0.67137575,-0.0036766175,-0.8007256984710693
1,427,-0.6753106,-0.003934868,-0.8870849013328552
1,428,-0.6780848,-0.0027741755,0.04115498811006546
1,429,-0.67893946,-0.000854681,0.5345895886421204
1,430,-0.67858434,0.0003551012,0.05762795731425285
1,431,-0.6758178,0.002766572,0.8603402972221375
1,432,-0.6720938,0.0037240058,-0.09662775695323944
1,433,-0.66728985,0.004803954,0.0018060264410451055
1,434,-0.6616628,0.0056270114,-0.1477053314447403
1,435,-0.65538657,0.006276245,-0.23792842030525208
1,436,-0.6469742,0.008412344,0.782160222530365
1,437,-0.6376311,0.009343112,0.017623325809836388
1,438,-0.62682295,0.010808177,0.4176049828529358
1,439,-0.61528456,0.011538382,-0.02110835537314415
1,440,-0.60318464,0.0120999245,-0.07830861210823059
1,441,-0.58944124,0.013743427,0.7015089392662048
1,442,-0.5737843,0.015656926,0.9485909342765808
1,443,-0.5566732,0.017111056,0.7194395661354065
1,444,-0.53937155,0.017301666,-0.03802744299173355
1,445,-0.52245075,0.016920786,-0.33275389671325684
1,446,-0.5053823,0.01706843,0.1041693165898323
1,447,-0.48797166,0.01741063,0.3191705048084259
1,448,-0.4710047,0.016966976,-0.11797268688678741
1,449,-0.45406717,0.016937513,0.24223794043064117
1,450,-0.436439,0.01762817,0.8055805563926697
1,451,-0.41844958,0.01798944,0.6716957092285156
1,452,-0.39973575,0.018713836,1.260270118713379
1,453,-0.38136077,0.018374976,0.3792543411254883
1,454,-0.36441007,0.016950684,-0.2597256004810333
1,455,-0.34710842,0.017301636,1.405947208404541
1,456,-0.3295695,0.017538944,1.0212347507476807
1,457,-0.31283063,0.016738867,0.38289782404899597
1,458,-0.29684883,0.015981797,0.48029547929763794
1,459,-0.28158897,0.015259875,0.5670307874679565
1,460,-0.26794925,0.013639717,0.02640431933104992
1,461,-0.25529355,0.012655698,0.5005559921264648
1,462,-0.24356441,0.011729142,0.5835830569267273
1,463,-0.23219705,0.011367362,1.124374270439148
1,464,-0.22272953,0.0094675105,0.011821980588138103
1,465,-0.21389976,0.008829774,0.8830847144126892
1,466,-0.20703924,0.0068605244,0.02229958586394787
1,467,-0.2009658,0.006073435,0.830654501914978
1,468,-0.19650225,0.0044635516,0.29957133531570435
1,469,-0.19323856,0.0032637038,0.5854597687721252
1,470,-0.19169214,0.0015464175,0.24950648844242096
1,471,-0.19074361,0.00094854063,1.4729543924331665
1,472,-0.19087452,-0.00013090817,0.6815258860588074
1,473,-0.19288865,-0.0020141292,0.14532318711280823
1,474,-0.19549575,-0.0026071116,1.186212420463562
1,475,-0.19880766,-0.0033118993,0.918291449546814
1,476,-0.20322037,-0.004412709,0.6450437903404236
1,477,-0.20971759,-0.0064972127,-0.023265615105628967
1,478,-0.21831053,-0.008592952,-0.0496157743036747
1,479,-0.22752032,-0.009209785,0.9105941653251648
1,480,-0.23717,-0.009649685,1.1282674074172974
1,481,-0.24878669,-0.011616692,-0.04904353991150856
1,482,-0.2607388,-0.011952105,1.42919921875
1,483,-0.27326444,-0.012525634,0.799902617931366
1,484,-0.285996,-0.012731564,1.0178861618041992
1,485,-0.30035147,-0.014355495,0.007314762566238642
1,486,-0.3159544,-0.015602906,0.2030315399169922
1,487,-0.33296153,-0.017007133,0.03621487319469452
1,488,-0.34994712,-0.016985597,0.9164251685142517
1,489,-0.366677,-0.016729869,1.2545926570892334
1,490,-0.38489112,-0.018214138,-0.23356521129608154
1,491,-0.40261582,-0.017724682,1.0229555368423462
1,492,-0.42029473,-0.01767892,0.6222279667854309
1,493,-0.43882194,-0.018527206,-0.05723261460661888
1,494,-0.45841408,-0.019592132,-0.29062220454216003
1,495,-0.47806248,-0.019648409,0.28633230924606323
1,496,-0.49655136,-0.01848887,1.0481712818145752
1,497,-0.5152983,-0.018746946,-0.03696231171488762
1,498,-0.533998,-0.018699711,0.07298819720745087
1,499,-0.55277026,-0.018772228,-0.10033263266086578
1,500,-0.5712155,-0.018445283,0.07229232043027878
1,501,-0.58966494,-0.018449442,-0.2400476038455963
1,502,-0.6067132,-0.01704823,0.6059694886207581
1,503,-0.6231444,-0.016431222,6.010316064930521e-05
1,504,-0.63770604,-0.014561635,0.7560278177261353
1,505,-0.6510679,-0.013361849,0.24039922654628754
1,506,-0.6632364,-0.012168477,0.17365598678588867
1,507,-0.6740682,-0.010831811,0.21316462755203247
1,508,-0.684061,-0.009992771,-0.16769476234912872
1,509,-0.6918605,-0.007799534,0.6904767155647278
1,510,-0.69822055,-0.0063600517,0.15362274646759033
1,511,-0.7031223,-0.004901742,0.13848836719989777
1,512,-0.70660794,-0.0034856384,0.0892200618982315
1,513,-0.7076549,-0.0010469645,0.7560194134712219
1,514,-0.7075998,5.510216e-05,-0.13951314985752106
1,515,-0.70626825,0.0013315454,-0.02302767150104046
1,516,-0.7035235,0.00274472,0.07380251586437225
1,517,-0.7000161,0.0035074071,-0.3481125235557556
1,518,-0.6938808,0.0061352793,0.9104351997375488
1,519,-0.68660206,0.007278753,-0.052543360739946365
1,520,-0.6785434,0.008058658,-0.2629833221435547
1,521,-0.66970545,0.008837929,-0.22760991752147675
1,522,-0.6586199,0.011085592,0.7910771369934082
1,523,-0.64687353,0.0117463665,-0.21627900004386902
1,524,-0.6344233,0.012450223,-0.13318169116973877
1,525,-0.62095314,0.013470154,0.13598376512527466
1,526,-0.60566753,0.015285629,0.7304355502128601
1,527,-0.58847374,0.017193798,0.8659017086029053
1,528,-0.5709246,0.017549176,-0.08541229367256165
1,529,-0.5531057,0.01781885,-0.056051891297101974
1,530,-0.53518176,0.017923972,-0.0772612914443016
1,531,-0.51739657,0.017785214,-0.15040898323059082
1,532,-0.49815786,0.0192387,1.030574083328247
1,533,-0.47797164,0.020186225,0.758764922618866
1,534,-0.45837444,0.01959719,-0.16526633501052856
1,535,-0.43893066,0.019443767,0.22176307439804077
1,536,-0.4186151,0.020315563,1.2576454877853394
1,537,-0.3976382,0.0209769,0.9571734070777893
1,538,-0.37608367,0.021554518,1.0975533723831177
1,539,-0.3550801,0.021003576,0.34644052386283875
1,540,-0.33558288,0.01949723,-0.1970740556716919
1,541,-0.31615132,0.019431569,0.8472436666488647
1,542,-0.29753235,0.018618973,0.4298364818096161
1,543,-0.28067285,0.016859507,-0.1273241937160492
1,544,-0.2643119,0.016360948,0.7775579690933228
1,545,-0.24820535,0.016106555,1.3335444927215576
1,546,-0.23289588,0.015309466,0.6941877603530884
1,547,-0.21825287,0.014643007,0.8318389654159546
1,548,-0.20424195,0.014010919,0.9005995392799377
1,549,-0.19082876,0.013413194,0.9649883508682251
1,550,-0.17881085,0.012017906,0.47073614597320557
1,551,-0.16793874,0.010872112,0.6686994433403015
1,552,-0.157756,0.010182745,1.248592495918274
1,553,-0.14829846,0.009457536,1.1780298948287964
1,554,-0.14108594,0.00721252,0.007748813834041357
1,555,-0.13465281,0.0064331307,1.2344551086425781
1,556,-0.12960255,0.005050259,0.6106060147285461
1,557,-0.12601052,0.003592025,0.570113480091095
1,558,-0.123860404,0.002150118,0.5877168774604797
1,559,-0.12253967,0.001320732,1.033202052116394
1,560,-0.12217468,0.0003649884,0.9181471467018127
1,561,-0.12264364,-0.0004689583,1.1408953666687012
1,562,-0.12394831,-0.0013046727,0.9979796409606934
1,563,-0.12679937,-0.002851066,0.5218355059623718
1,564,-0.13047174,-0.003672358,1.0894358158111572
1,565,-0.13495502,-0.0044832835,1.0025677680969238
1,566,-0.1404957,-0.005540682,0.8269936442375183
1,567,-0.1469389,-0.0064431997,0.919124186038971
1,568,-0.15596358,-0.009024677,-0.213645339012146
1,569,-0.16609591,-0.010132332,0.7490991353988647
1,570,-0.17718072,-0.011084817,0.8290136456489563
1,571,-0.18993065,-0.012749922,0.32664093375205994
1,572,-0.2032856,-0.013354955,1.2459959983825684
1,573,-0.21718988,-0.01390428,1.2387058734893799
1,574,-0.23158199,-0.014392112,1.3657145500183105
1,575,-0.24714625,-0.015564258,0.49893030524253845
1,576,-0.2637345,-0.016588232,0.5465141534805298
1,577,-0.28135076,-0.017616263,0.48629629611968994
1,578,-0.2995618,-0.018211039,0.7108817100524902
1,579,-0.31782943,-0.018267637,1.2092981338500977
1,580,-0.3379587,-0.020129276,-0.2763561010360718
1,581,-0.3579094,-0.019950712,1.108693242073059
1,582,-0.37755224,-0.01964284,1.505780577659607
1,583,-0.39708915,-0.019536914,0.7777090668678284
1,584,-0.41657946,-0.019490305,0.6485447287559509
1,585,-0.43690097,-0.020321514,-0.028188437223434448
1,586,-0.45800373,-0.021102753,-0.09220703691244125
1,587,-0.47949135,-0.021487612,0.06928881257772446
1,588,-0.49987623,-0.020384876,0.955051600933075
1,589,-0.520421,-0.020544825,0.011880197562277317
1,590,-0.5414994,-0.021078322,-0.33977562189102173
1,591,-0.56328386,-0.021784458,-0.5602177977561951
1,592,-0.583678,-0.020394176,0.728897750377655
1,593,-0.60225654,-0.0185785,0.9116784930229187
1,594,-0.62012917,-0.017872622,0.0809362605214119
1,595,-0.6364473,-0.016318161,0.5603736639022827
1,596,-0.65228194,-0.015834607,-0.23115645349025726
1,597,-0.6679539,-0.015671981,-0.5191357731819153
1,598,-0.68296206,-0.015008129,-0.2568569481372833
1,599,-0.6967373,-0.013775201,0.05514570698142052
1,600,-0.70934266,-0.012605361,-0.04739461466670036
1,601,-0.71960044,-0.010257775,0.6836596727371216
1,602,-0.72949755,-0.009897138,-0.6840792894363403
1,603,-0.73792225,-0.008424676,0.016376884654164314
1,604,-0.7435944,-0.005672168,0.8357130289077759
1,605,-0.74650466,-0.0029102615,0.8194268941879272
1,606,-0.74874824,-0.0022435526,-0.588827908039093
1,607,-0.7492858,-0.00053760293,0.0952208936214447
1,608,-0.74909717,0.0001886267,-0.5600221157073975
1,609,-0.74657995,0.0025172103,0.5089492797851562
1,610,-0.74401236,0.0025676042,-1.0582000017166138
1,611,-0.7398792,0.0041331775,0.020221250131726265
1,612,-0.734506,0.00537318,-0.18043753504753113
1,613,-0.72799426,0.0065117525,-0.22652128338813782
1,614,-0.72004557,0.007948701,-0.0011614784598350525
1,615,-0.7106925,0.009353055,0.009881207719445229
1,616,-0.6989124,0.0117801605,0.730951726436615
1,617,-0.68440706,0.014505337,0.9800726175308228
1,618,-0.6693901,0.015016962,-0.43213143944740295
1,619,-0.6530735,0.016316596,0.16048632562160492
1,620,-0.6360967,0.0169768,-0.19108201563358307
1,621,-0.61893904,0.017157681,-0.4312840700149536
1,622,-0.6000027,0.01893633,0.7155378460884094
1,623,-0.5804352,0.019567486,0.042086683213710785
1,624,-0.5590744,0.0213608,0.9127350449562073
1,625,-0.5367988,0.022275653,0.4328584372997284
1,626,-0.5142661,0.022532703,0.10538411885499954
1,627,-0.49045596,0.023810118,0.8982672095298767
1,628,-0.46643353,0.02402243,0.3069824278354645
1,629,-0.44243294,0.024000583,0.2698623836040497
1,630,-0.417786,0.024646929,0.8327277302742004
1,631,-0.39339092,0.024395065,0.35231468081474304
1,632,-0.36855888,0.024832027,0.9259164333343506
1,633,-0.3442317,0.024327176,0.4109821319580078
1,634,-0.31983367,0.024398038,0.9014185667037964
1,635,-0.29659072,0.02324295,0.18648922443389893
1,636,-0.2744139,0.022176811,0.3385557234287262
1,637,-0.25364888,0.020765025,0.1918882131576538
1,638,-0.23353155,0.020117333,0.7751784324645996
1,639,-0.21382536,0.019706186,1.1322557926177979
1,640,-0.1946222,0.019203153,1.0137135982513428
1,641,-0.17636347,0.01825874,0.7609539031982422
1,642,-0.16001342,0.016350042,0.16631250083446503
1,643,-0.14533696,0.014676462,0.3625737130641937
1,644,-0.1314266,0.013910353,1.5773264169692993
1,645,-0.11837507,0.01305153,0.9662407636642456
1,646,-0.10616755,0.012207523,1.0172783136367798
1,647,-0.09483429,0.01133326,1.0041240453720093
1,648,-0.084448054,0.010386236,0.9683197736740112
1,649,-0.07575795,0.008690105,0.48271188139915466
1,650,-0.06845794,0.007300013,0.6970792412757874
1,651,-0.063518055,0.004939881,0.05821990966796875
1,652,-0.060702343,0.002815713,0.22038684785366058
1,653,-0.05899004,0.0017123028,0.9035003781318665
1,654,-0.05823869,0.00075134874,1.4458131790161133
1,655,-0.059062306,-0.0008236164,0.5913164615631104
1,656,-0.06084678,-0.0017844749,1.3023306131362915
1,657,-0.06466931,-0.0038225346,0.28026971220970154
1,658,-0.07030444,-0.0056351298,0.4270021617412567
1,659,-0.078331865,-0.008027425,0.03487018495798111
1,660,-0.08756948,-0.009237617,0.814064085483551
1,661,-0.099080674,-0.011511191,0.09376780688762665
1,662,-0.11175061,-0.012669934,0.8210846781730652
1,663,-0.12592678,-0.014176167,0.569723904132843
1,664,-0.14130566,-0.015378875,0.7473374009132385
1,665,-0.15910815,-0.017802496,-0.09660646319389343
1,666,-0.17898543,-0.019877285,0.09718647599220276
1,667,-0.19951089,-0.02052546,1.0944666862487793
1,668,-0.22060175,-0.021090867,1.0674998760223389
1,669,-0.24252456,-0.021922814,0.7601759433746338
1,670,-0.26487517,-0.022350596,0.9594617486000061
1,671,-0.28798667,-0.023111502,0.6603169441223145
1,672,-0.311878,-0.023891343,0.5624914169311523
1,673,-0.33595204,-0.024074059,0.8670361042022705
1,674,-0.36133194,-0.025379904,0.018894830718636513
1,675,-0.38638136,-0.025049405,1.079460620880127
1,676,-0.41181493,-0.025433563,0.4107680022716522
1,677,-0.43657124,-0.024756316,1.0045799016952515
1,678,-0.46078697,-0.024215737,0.7905967831611633
1,679,-0.4847959,-0.024008932,0.4500744342803955
1,680,-0.50908995,-0.024294026,0.0035133555065840483
1,681,-0.5335739,-0.02448397,-0.05410700663924217
1,682,-0.55674213,-0.023168236,0.8272873759269714
1,683,-0.578875,-0.022132844,0.5248173475265503
1,684,-0.60020196,-0.02132695,0.26214662194252014
1,685,-0.6208433,-0.020641351,0.07741241902112961
1,686,-0.64081347,-0.019970197,-0.03191924840211868
1,687,-0.6600478,-0.019234344,-0.08350159972906113
1,688,-0.67705333,-0.017005518,0.8225328922271729
1,689,-0.69318897,-0.01613563,-0.1605301797389984
1,690,-0.70792663,-0.014737666,0.1201358437538147
1,691,-0.721298,-0.013371333,0.03550805523991585
1,692,-0.7334042,-0.012106244,-0.08816170692443848
1,693,-0.7445185,-0.011114281,-0.31981244683265686
1,694,-0.7541735,-0.009654997,-0.05263447016477585
1,695,-0.76236165,-0.008188138,-0.08520397543907166
1,696,-0.76964325,-0.007281588,-0.4899498224258423
1,697,-0.77469134,-0.005048074,0.3674955666065216
1,698,-0.7780191,-0.0033277064,0.006856048945337534
1,699,-0.7785012,-0.00048212305,0.7449198961257935
1,700,-0.7775122,0.0009890471,-0.17309629917144775
1,701,-0.77449393,0.0030182416,0.2024933397769928
1,702,-0.7696717,0.004822247,0.0633348599076271
1,703,-0.76259875,0.007072942,0.3788442015647888
1,704,-0.7539949,0.008603844,-0.07460912317037582
1,705,-0.743391,0.010603893,0.27094393968582153
1,706,-0.73174375,0.011647213,-0.32549363374710083
1,707,-0.71743894,0.014304804,0.7973284721374512
1,708,-0.7003954,0.017043509,0.9103111624717712
1,709,-0.68192554,0.018469872,0.10779229551553726
1,710,-0.66324633,0.018679196,-0.6226519346237183
1,711,-0.6435539,0.019692449,-0.002489114413037896
1,712,-0.623336,0.020217923,-0.23659802973270416
1,713,-0.6022259,0.02111014,0.10353206843137741
1,714,-0.5806371,0.021588821,-0.07037924230098724
1,715,-0.55870336,0.021933755,-0.05384611710906029
1,716,-0.5366277,0.022075657,-0.08059721440076828
1,717,-0.51385665,0.022771034,0.3984571099281311
1,718,-0.49112654,0.02273011,0.021420517936348915
1,719,-0.4677027,0.023423841,0.6245912909507751
1,720,-0.44319612,0.024506582,1.1874951124191284
1,721,-0.41998798,0.023208149,-0.46749556064605713
1,722,-0.3972038,0.022784164,0.2270955592393875
1,723,-0.3755431,0.021660712,-0.13202939927577972
1,724,-0.353785,0.021758089,0.7810951471328735
1,725,-0.33205175,0.021733252,0.7962576746940613
1,726,-0.31145617,0.020595584,0.14744313061237335
1,727,-0.2908464,0.020609768,1.1558256149291992
1,728,-0.27048177,0.020364627,0.908045768737793
1,729,-0.25045803,0.020023722,0.9201487302780151
1,730,-0.23151235,0.018945675,0.4992218315601349
1,731,-0.21409827,0.017414073,0.25951439142227173
1,732,-0.19787988,0.016218387,0.5374149680137634
1,733,-0.1834591,0.014420771,0.1831066906452179
1,734,-0.1697558,0.013703299,0.9422308206558228
1,735,-0.15822738,0.01152841,0.00524422200396657
1,736,-0.14762369,0.0106036905,0.8659171462059021
1,737,-0.1377788,0.009844878,1.2429085969924927
1,738,-0.13034807,0.0074307267,-0.08312448859214783
1,739,-0.123728625,0.006619448,1.1142784357070923
1,740,-0.118828915,0.004899712,0.40667256712913513
1,741,-0.11590715,0.002921765,0.24324993789196014
1,742,-0.11383576,0.002071386,1.051172137260437
1,743,-0.11475685,-0.00092109473,-0.42456889152526855
1,744,-0.11733604,-0.0025791903,0.46347281336784363
1,745,-0.12108708,-0.0037510416,0.7832362055778503
1,746,-0.12743752,-0.0063504325,-0.17502224445343018
1,747,-0.13460746,-0.0071699433,1.2444688081741333
1,748,-0.14350699,-0.00889952,0.379558265209198
1,749,-0.15317838,-0.009671391,1.3816208839416504
1,750,-0.16380341,-0.01062503,0.8580053448677063
1,751,-0.17540114,-0.011597727,0.8209823966026306
1,752,-0.18818589,-0.012784754,0.6498492956161499
1,753,-0.20199235,-0.013806459,0.7269060611724854
1,754,-0.21693957,-0.01494722,0.6094027757644653
1,755,-0.23388143,-0.016941858,-0.003778700949624181
1,756,-0.25235912,-0.018477704,0.2490728795528412
1,757,-0.2714299,-0.019070787,0.8160220384597778
1,758,-0.29102436,-0.019594448,0.7948680520057678
1,759,-0.3126272,-0.021602834,-0.26813235878944397
1,760,-0.33463156,-0.022004355,0.7181481122970581
1,761,-0.35708705,-0.022455499,0.5942723751068115
1,762,-0.3796683,-0.02258125,0.7145286798477173
1,763,-0.40186968,-0.022201387,0.9507394433021545
1,764,-0.4255198,-0.023650099,-0.37060102820396423
1,765,-0.44842848,-0.022908695,0.9776186943054199
1,766,-0.47223938,-0.023810886,-0.22878660261631012
1,767,-0.49588624,-0.023646876,0.36512190103530884
1,768,-0.51965785,-0.023771636,0.055230218917131424
1,769,-0.5420716,-0.022413712,0.9249864816665649
1,770,-0.56304926,-0.020977687,0.8650326132774353
1,771,-0.5829807,-0.019931415,0.5007228255271912
1,772,-0.6032728,-0.020292092,-0.5357930064201355
1,773,-0.62242246,-0.019149689,0.36701464653015137
1,774,-0.64138746,-0.018965015,-0.3637956976890564
1,775,-0.6584916,-0.017104125,0.6638303399085999
1,776,-0.6740662,-0.015574563,0.36350223422050476
1,777,-0.68883437,-0.014768184,-0.1894603967666626
1,778,-0.70141566,-0.012581315,0.6651572585105896
1,779,-0.71322656,-0.01181091,-0.333909273147583
1,780,-0.72283417,-0.009607623,0.5710384249687195
1,781,-0.7307819,-0.007947724,0.16868624091148376
1,782,-0.73821205,-0.0074301185,-0.6254218220710754
1,783,-0.7436771,-0.005465002,0.30962637066841125
1,784,-0.7465589,-0.0028818243,0.6999476552009583
1,785,-0.7485997,-0.0020408256,-0.47284752130508423
1,786,-0.7488091,-0.0002094046,0.17944812774658203
1,787,-0.74627286,0.002536213,0.7880953550338745
1,788,-0.7420223,0.0042505986,0.11053279787302017
1,789,-0.7372779,0.0047443258,-0.6864715814590454
1,790,-0.7297644,0.007513549,0.8494369983673096
1,791,-0.71997964,0.009784779,0.5478007793426514
1,792,-0.7081703,0.011809372,0.4236483871936798
1,793,-0.69389033,0.014279953,0.7706366181373596
1,794,-0.6778108,0.016079532,0.38481852412223816
1,795,-0.6601986,0.017612172,0.27791234850883484
1,796,-0.6424534,0.017745238,-0.5753324627876282
1,797,-0.62391734,0.018536028,-0.05456751212477684
1,798,-0.6048676,0.019049743,-0.15157802402973175
1,799,-0.58535445,0.01951313,-0.093406081199646
1,800,-0.56504816,0.020306306,0.22176867723464966
1,801,-0.54404145,0.02100673,0.26023563742637634
1,802,-0.52188885,0.022152606,0.6617691516876221
1,803,-0.50036466,0.021524182,-0.4104006886482239
1,804,-0.4775908,0.022773853,0.9491901397705078
1,805,-0.45468092,0.022909885,0.3199980854988098
1,806,-0.43257946,0.022101447,-0.19681906700134277
1,807,-0.4115943,0.02098517,-0.29472267627716064
1,808,-0.39043948,0.021154834,0.6626527905464172
1,809,-0.36875698,0.02168249,1.0390363931655884
1,810,-0.34716094,0.021596048,0.6890363693237305
1,811,-0.3276488,0.019512147,-0.5476990342140198
1,812,-0.30897,0.018678773,0.368706077337265
1,813,-0.29101494,0.017955072,0.5180465579032898
1,814,-0.27328825,0.017726703,0.9185802340507507
1,815,-0.2559006,0.017387653,0.9111663699150085
1,816,-0.23882271,0.017077884,0.992668092250824
1,817,-0.22213015,0.016692558,1.210896372795105
1,818,-0.20750779,0.0146223605,-0.07003510743379593
1,819,-0.19341645,0.014091336,1.195172667503357
1,820,-0.17991592,0.013500521,1.3021079301834106
1,821,-0.1676436,0.012272321,0.6109300851821899
1,822,-0.15679702,0.010846586,0.5097993612289429
1,823,-0.14667891,0.010118108,1.0507205724716187
1,824,-0.13763006,0.00904885,0.7950547933578491
1,825,-0.12971401,0.007916047,0.7714062929153442
1,826,-0.12290069,0.006813326,0.8069107532501221
1,827,-0.11691935,0.0059813363,1.2000148296356201
1,828,-0.112477675,0.004441675,0.5387465357780457
1,829,-0.10903248,0.0034451943,0.9083589911460876
1,830,-0.10662108,0.0024114025,0.8891036510467529
1,831,-0.105509244,0.0011118323,0.7157505750656128
1,832,-0.106337436,-0.00082819536,0.2905181348323822
1,833,-0.10978539,-0.0034479606,-0.1639341115951538
1,834,-0.11541107,-0.005625677,0.1252739429473877
1,835,-0.12263829,-0.007227222,0.5000661611557007
1,836,-0.1307412,-0.008102896,0.9713495969772339
1,837,-0.1418839,-0.011142695,-0.48643049597740173
1,838,-0.15467337,-0.012789479,0.420093834400177
1,839,-0.1683272,-0.0136538325,0.9141988158226013
1,840,-0.18300952,-0.014682317,0.772982656955719
1,841,-0.19943243,-0.016422909,0.26132524013519287
1,842,-0.21705382,-0.017621381,0.5781777501106262
1,843,-0.23526852,-0.018214699,0.9300891160964966
1,844,-0.2539458,-0.018677268,0.9601027369499207
1,845,-0.27448195,-0.020536158,-0.03331124782562256
1,846,-0.2962153,-0.021733353,0.3347000181674957
1,847,-0.31814423,-0.021928942,0.9203799366950989
1,848,-0.3416136,-0.023469364,-0.06349487602710724
1,849,-0.36597124,-0.024357634,0.27321168780326843
1,850,-0.39117217,-0.025200943,0.19688533246517181
1,851,-0.4158404,-0.02466822,1.6179460287094116
1,852,-0.4411915,-0.0253511,0.07420370727777481
1,853,-0.46802726,-0.02683576,-0.581921398639679
1,854,-0.4954573,-0.02743002,-0.11960075795650482
1,855,-0.5242323,-0.028775007,-0.7561175227165222
1,856,-0.5525559,-0.028323574,0.29778751730918884
1,857,-0.57960135,-0.027045412,0.7075042128562927
1,858,-0.6057864,-0.026185015,0.2949008345603943
1,859,-0.63033557,-0.024549173,0.6837743520736694
1,860,-0.6539124,-0.023576846,0.12360795587301254
1,861,-0.67618567,-0.022273216,0.23398879170417786
1,862,-0.695854,-0.019668365,1.1565275192260742
1,863,-0.71395797,-0.018103935,0.21950273215770721
1,864,-0.7311729,-0.017214932,-0.30822885036468506
1,865,-0.7465117,-0.0153388055,0.2786697447299957
1,866,-0.75976,-0.013248333,0.3603203296661377
1,867,-0.77245086,-0.012690869,-0.7128294706344604
1,868,-0.78351253,-0.011061682,-0.04573399946093559
1,869,-0.7924084,-0.008895893,0.27203384041786194
1,870,-0.7996772,-0.007268769,-0.11828488856554031
1,871,-0.80391335,-0.0042361584,0.7938418388366699
1,872,-0.8073255,-0.0034121524,-0.6927838325500488
1,873,-0.808921,-0.0015955053,-0.04233314469456673
1,874,-0.80841047,0.00051051343,0.14533767104148865
1,875,-0.8053654,0.0030450816,0.43271204829216003
1,876,-0.79974717,0.005618232,0.46848320960998535
1,877,-0.791893,0.0078541525,0.26247861981391907
1,878,-0.7822885,0.009604517,-0.03433886170387268
1,879,-0.770776,0.011512526,0.10454005748033524
1,880,-0.7578775,0.012898439,-0.20175553858280182
1,881,-0.74368614,0.014191402,-0.215331569314003
1,882,-0.7289987,0.014687391,-0.6915469169616699
1,883,-0.71209896,0.016899748,0.5116745233535767
1,884,-0.6943319,0.017767088,-0.31483718752861023
1,885,-0.6756963,0.018635582,-0.23783065378665924
1,886,-0.65517867,0.020517617,0.5203186869621277
1,887,-0.6327635,0.022415174,0.6240912675857544
1,888,-0.61038244,0.022381077,-0.5588507652282715
1,889,-0.58699435,0.023388108,0.2423211932182312
1,890,-0.5627099,0.02428444,0.2824830710887909
1,891,-0.53759784,0.025112068,0.3566459119319916
1,892,-0.5131439,0.024453945,-0.508722722530365
1,893,-0.4902058,0.022938104,-0.9582954049110413
1,894,-0.46713972,0.02306607,0.2519959509372711
1,895,-0.4444433,0.022696443,0.03452949970960617
1,896,-0.421353,0.023090262,0.6546139717102051
1,897,-0.3980271,0.02332592,0.6603553295135498
1,898,-0.37446812,0.023558985,0.7684904336929321
1,899,-0.35088745,0.023580668,0.7354809641838074
1,900,-0.32835284,0.0225346,0.1280539333820343
1,901,-0.30780047,0.020552378,-0.40012308955192566
1,902,-0.28725588,0.020544602,1.2019226551055908
1,903,-0.26688442,0.020371458,0.9697316288948059
1,904,-0.2474146,0.019469809,0.5592972636222839
1,905,-0.22885926,0.018555341,0.6186118125915527
1,906,-0.21073747,0.018121792,1.2830125093460083
1,907,-0.19440861,0.016328862,0.1492495983839035
1,908,-0.1802335,0.014175123,-0.044675327837467194
1,909,-0.16670175,0.013531752,1.0412107706069946
1,910,-0.15451366,0.012188085,0.5667757391929626
1,911,-0.14456682,0.00994684,-0.0033722762018442154
1,912,-0.13590893,0.008657887,0.6530593037605286
1,913,-0.12804611,0.007862825,1.7189892530441284
1,914,-0.12173378,0.006312334,0.5115421414375305
1,915,-0.11625657,0.0054772045,1.161486268043518
1,916,-0.11285228,0.0034042927,0.18438194692134857
1,917,-0.11059073,0.0022615516,0.8102307915687561
1,918,-0.109275,0.0013157317,0.945231020450592
1,919,-0.1095318,-0.0002568001,0.5295536518096924
1,920,-0.1120693,-0.0025375066,0.0570232979953289
1,921,-0.116719425,-0.0046501216,0.16494430601596832
1,922,-0.12268423,-0.0059648114,0.6890709400177002
1,923,-0.12949862,-0.0068143858,0.9886665940284729
1,924,-0.1371267,-0.0076280856,1.6110341548919678
1,925,-0.145648,-0.008521306,0.9321359395980835
1,926,-0.15522762,-0.009579608,0.8045473098754883
1,927,-0.16578208,-0.010554462,0.8392894268035889
1,928,-0.17816737,-0.012385288,0.2442018836736679
1,929,-0.19132063,-0.0131532485,0.9222303032875061
1,930,-0.20671917,-0.015398545,-0.0972704142332077
1,931,-0.22404017,-0.01732099,0.0746818333864212
1,932,-0.24252948,-0.018489309,0.5252928733825684
1,933,-0.26158997,-0.019060483,0.8638511896133423
1,934,-0.28169066,-0.020100672,0.4857921004295349
1,935,-0.30339465,-0.021703979,0.03725714981555939
1,936,-0.32513264,-0.02173798,1.0042325258255005
1,937,-0.34747985,-0.022347217,0.5285729765892029
1,938,-0.3707354,-0.023255544,0.23464079201221466
1,939,-0.3948841,-0.024148691,0.14237503707408905
1,940,-0.42037222,-0.025488095,-0.2652372717857361
1,941,-0.44620436,-0.025832145,0.27855679392814636
1,942,-0.47219294,-0.025988584,0.2792111337184906
1,943,-0.49930158,-0.027108638,-0.4906911551952362
1,944,-0.5269233,-0.0276217,-0.2206631898880005
1,945,-0.5530307,-0.026107457,0.9928735494613647
1,946,-0.5790102,-0.025979439,-0.06162330508232117
1,947,-0.6047409,-0.025730757,-0.10999488830566406
1,948,-0.6296978,-0.024956888,0.11419668048620224
1,949,-0.65421104,-0.024513246,-0.22582191228866577
1,950,-0.6785361,-0.024325099,-0.5110459327697754
1,951,-0.7015142,-0.022978062,0.15093371272087097
1,952,-0.72408533,-0.022571143,-0.5766573548316956
1,953,-0.74539226,-0.02130692,-0.10026360303163528
1,954,-0.76563317,-0.020240882,-0.3182384967803955
1,955,-0.7838075,-0.018174324,0.2711043059825897
1,956,-0.7989061,-0.015098602,0.8776076436042786
1,957,-0.8110259,-0.012119808,0.7605740427970886
1,958,-0.821785,-0.010759041,-0.3583701550960541
1,959,-0.82916385,-0.0073788944,0.9535428285598755
1,960,-0.8339744,-0.0048105973,0.3895394504070282
1,961,-0.8367469,-0.002772466,0.021598877385258675
1,962,-0.83650124,0.0002456563,0.6666978597640991
1,963,-0.83283687,0.003664365,0.9344807267189026
1,964,-0.8273637,0.005473153,-0.12789352238178253
1,965,-0.8202588,0.007104943,-0.2293030023574829
1,966,-0.81164026,0.008618554,-0.28602492809295654
1,967,-0.8003047,0.011335579,0.5438047051429749
1,968,-0.7862619,0.014042811,0.574803352355957
1,969,-0.77035296,0.01590898,0.06255234032869339
1,970,-0.7514856,0.018867401,0.8481444120407104
1,971,-0.73049366,0.020991948,0.3636389672756195
1,972,-0.7083096,0.022184057,-0.1745801717042923
1,973,-0.68331003,0.024999572,1.1291773319244385
1,974,-0.657357,0.025953077,-0.13268175721168518
1,975,-0.6292285,0.028128529,0.7993149161338806
1,976,-0.6003263,0.0289022,-0.0035727813374251127
1,977,-0.5714012,0.028925143,-0.36496320366859436
1,978,-0.5417719,0.029629314,0.2312534749507904
1,979,-0.5109543,0.030817593,0.7013646960258484
1,980,-0.47883263,0.0321217,0.9326111674308777
1,981,-0.44712132,0.031711303,-0.05043861269950867
1,982,-0.41493127,0.032190066,0.6982159614562988
1,983,-0.38312835,0.031802926,0.2756713330745697
1,984,-0.35159463,0.03153371,0.5022715926170349
1,985,-0.31996363,0.031631,0.8872181177139282
1,986,-0.28826666,0.031696975,1.459473967552185
1,987,-0.25672647,0.031540193,0.9767984747886658
1,988,-0.22566363,0.031062845,0.8780784010887146
1,989,-0.19535935,0.030304281,0.7933927774429321
1,990,-0.16563787,0.029721491,1.0772455930709839
1,991,-0.13783771,0.027800154,0.18420541286468506
1,992,-0.11202075,0.025816953,0.20405708253383636
1,993,-0.08706395,0.024956802,1.1143838167190552
1,994,-0.06302236,0.024041595,1.1700648069381714
1,995,-0.041612517,0.021409843,-0.11753416806459427
1,996,-0.022179846,0.019432671,0.33558210730552673
1,997,-0.003741642,0.018438203,1.4210151433944702
1,998,0.012872873,0.016614515,0.45076969265937805
1,999,0.028489253,0.01561638,1.0791195631027222
2,1,-0.41540778,-0.0014255214,-0.4120902717113495
2,2,-0.41768938,-0.002281603,-0.0392141118645668
2,3,-0.41927359,-0.0015842079,0.985612154006958
2,4,-0.42075196,-0.0014783862,0.5836994647979736
2,5,-0.4221261,-0.0013741545,0.5756016969680786
2,6,-0.42400685,-0.0018807392,0.16184009611606598
2,7,-0.427772,-0.0037651276,-0.7656748294830322
2,8,-0.4309504,-0.0031784058,0.8637093901634216
2,9,-0.43361416,-0.0026637535,0.8004019856452942
2,10,-0.4370138,-0.0033996364,-0.04611042141914368
2,11,-0.43955556,-0.0025417455,1.3033758401870728
2,12,-0.44335747,-0.0038019228,-0.42434006929397583
2,13,-0.44625542,-0.002897937,1.021008849143982
2,14,-0.449022,-0.0027665838,0.4708249568939209
2,15,-0.45240712,-0.0033851278,-0.04258182272315025
2,16,-0.45517346,-0.0027663347,0.7657869458198547
2,17,-0.45837873,-0.0032052689,0.04710612818598747
2,18,-0.46057004,-0.0021913042,1.2181705236434937
2,19,-0.46306774,-0.0024977028,0.109003446996212
2,20,-0.46483803,-0.0017702864,0.7859388589859009
2,21,-0.46650377,-0.0016657469,0.36197739839553833
2,22,-0.46709564,-0.00059186865,1.2200428247451782
2,23,-0.46731314,-0.00021751205,0.5307357311248779
2,24,-0.4678954,-0.0005822621,0.036925990134477615
2,25,-0.468799,-0.0009035928,0.06300197541713715
2,26,-0.47112718,-0.0023281814,-0.6769593954086304
2,27,-0.47357792,-0.002450736,0.17957280576229095
2,28,-0.47648764,-0.002909726,-0.05682671070098877
2,29,-0.47928137,-0.0027937265,0.3121052384376526
2,30,-0.4826171,-0.0033357404,-0.14040778577327728
2,31,-0.48618653,-0.0035694146,0.0486096516251564
2,32,-0.48884395,-0.0026574235,0.7946627140045166
2,33,-0.4920063,-0.0031623507,-0.16315871477127075
2,34,-0.49454433,-0.0025380317,0.5739386677742004
2,35,-0.49735546,-0.0028111374,-0.036982111632823944
2,36,-0.49982178,-0.0024663103,0.3609658181667328
2,37,-0.5030695,-0.0032477607,-0.4021827280521393
2,38,-0.5067997,-0.0037301912,-0.21903884410858154
2,39,-0.51061195,-0.0038122463,0.029256358742713928
2,40,-0.513848,-0.0032360377,0.4490566849708557
2,41,-0.51659447,-0.0027464349,0.3751486837863922
2,42,-0.5179767,-0.0013822601,0.9444687962532043
2,43,-0.52025676,-0.002280055,-0.5704209208488464
2,44,-0.5228406,-0.0025838385,-0.1858125478029251
2,45,-0.52608234,-0.0032417034,-0.4347858130931854
2,46,-0.5306655,-0.0045831967,-0.9067466855049133
2,47,-0.5339604,-0.0032949082,0.8235279321670532
2,48,-0.5365653,-0.0026049293,0.4081862270832062
2,49,-0.5394212,-0.0028559142,-0.23213961720466614
2,50,-0.5428601,-0.0034389093,-0.4677458703517914
2,51,-0.5462672,-0.003407102,-0.07504810392856598
2,52,-0.5483498,-0.0020825756,0.7697627544403076
2,53,-0.55059606,-0.0022462811,-0.23277848958969116
2,54,-0.5518161,-0.0012200638,0.5493060350418091
2,55,-0.5523423,-0.0005261866,0.32166656851768494
2,56,-0.5511532,0.0011891228,1.1145395040512085
2,57,-0.54965705,0.001496125,0.06705299764871597
2,58,-0.54847056,0.0011864717,-0.33659428358078003
2,59,-0.5457972,0.002673308,0.8669806718826294
2,60,-0.5431981,0.0025991097,-0.160375714302063
2,61,-0.5391941,0.004004023,0.838668704032898
2,62,-0.53466725,0.0045268503,0.2706034481525421
2,63,-0.5300483,0.0046189507,0.00606794748455286
2,64,-0.5238861,0.006162219,0.9966000914573669
2,65,-0.51685315,0.0070329504,0.5790508389472961
2,66,-0.50925565,0.0075974837,0.41008123755455017
2,67,-0.5014833,0.007772326,0.18825498223304749
2,68,-0.49471617,0.0067671537,-0.5596185326576233
2,69,-0.48848155,0.006234614,-0.2107941210269928
2,70,-0.4820469,0.0064346474,0.3086169362068176
2,71,-0.47604144,0.0060054758,-0.07889267057180405
2,72,-0.47033012,0.0057113287,0.04088282957673073
2,73,-0.46541768,0.004912423,-0.2673928141593933
2,74,-0.4594394,0.005978277,1.016690731048584
2,75,-0.45260754,0.0068318616,0.8878762722015381
2,76,-0.44645125,0.0061563076,-0.09809023141860962
2,77,-0.44077703,0.00567422,0.060911618173122406
2,78,-0.43542835,0.005348682,0.1928354948759079
2,79,-0.43128794,0.0041404013,-0.36979103088378906
2,80,-0.42633107,0.0049568857,1.036751627922058
2,81,-0.42316684,0.0031642383,-0.7156323790550232
2,82,-0.41962376,0.0035430775,0.7471559643745422
2,83,-0.4154651,0.0041586664,0.9218780398368835
2,84,-0.41218558,0.003279521,-0.05486167594790459
2,85,-0.40945244,0.0027331375,0.18249596655368805
2,86,-0.40747482,0.0019776335,0.05597306415438652
2,87,-0.40524402,0.0022307849,0.7377141118049622
2,88,-0.40400726,0.0012367606,-0.08326511085033417
2,89,-0.402305,0.0017022582,0.8955435752868652
2,90,-0.40154406,0.0007609291,-0.03437931463122368
2,91,-0.4011339,0.0004101707,0.3628885746002197
2,92,-0.40118045,-4.654709e-05,0.29416340589523315
2,93,-0.40207624,-0.0008957897,0.032262951135635376
2,94,-0.4023968,-0.00032055416,0.9777325987815857
2,95,-0.40385082,-0.0014540186,-0.1628984808921814
2,96,-0.40528178,-0.0014309634,0.6013142466545105
2,97,-0.40630654,-0.0010247398,0.8500564098358154
2,98,-0.408345,-0.0020384702,-0.10138671100139618
2,99,-0.41245157,-0.0041065454,-0.8138618469238281
2,100,-0.41607082,-0.0036192473,0.8703603148460388
2,101,-0.4205044,-0.0044335793,-0.01452422421425581
2,102,-0.42551458,-0.0050101765,0.1228950098156929
2,103,-0.4302156,-0.004701033,0.6894701719284058
2,104,-0.43540105,-0.0051854523,0.1378858983516693
2,105,-0.44072533,-0.005324284,0.34330636262893677
2,106,-0.44691172,-0.006186408,-0.1646377593278885
2,107,-0.45512944,-0.0082177315,-0.9741537570953369
2,108,-0.4623571,-0.007227648,1.1287107467651367
2,109,-0.46854147,-0.006184381,1.2420088052749634
2,110,-0.47401395,-0.005472489,0.7486308813095093
2,111,-0.4798957,-0.005881755,-0.02583317831158638
2,112,-0.48544225,-0.005546526,0.4413759708404541
2,113,-0.49130782,-0.0058655646,-0.022326065227389336
2,114,-0.49794078,-0.0066329613,-0.3503953516483307
2,115,-0.50329477,-0.0053539947,0.9808077812194824
2,116,-0.50888026,-0.0055855173,-0.0528910793364048
2,117,-0.51331866,-0.004438413,0.8383050560951233
2,118,-0.51770985,-0.0043911966,0.0828697606921196
2,119,-0.52202034,-0.004310482,0.0832526758313179
2,120,-0.5271356,-0.005115283,-0.5286417007446289
2,121,-0.53307146,-0.005935834,-0.564717710018158
2,122,-0.5395573,-0.0064858133,-0.41401001811027527
2,123,-0.5449844,-0.005427141,0.626019299030304
2,124,-0.54931223,-0.0043278458,0.6260087490081787
2,125,-0.5540311,-0.004718831,-0.38909652829170227
2,126,-0.5573438,-0.0033127281,0.7854515910148621
2,127,-0.55996543,-0.0026216644,0.29227215051651
2,128,-0.5613264,-0.0013609285,0.6590178608894348
2,129,-0.56220055,-0.00087415817,0.13627801835536957
2,130,-0.5629486,-0.00074804394,-0.10850159823894501
2,131,-0.5630569,-0.00010827253,0.23022188246250153
2,132,-0.5629897,6.7174326e-05,-0.07986555248498917
2,133,-0.56351995,-0.00053027266,-0.5947945713996887
2,134,-0.5638245,-0.0003045131,-0.04862269386649132
2,135,-0.5644263,-0.0006018211,-0.3988460302352905
2,136,-0.5650724,-0.0006461335,-0.23316919803619385
2,137,-0.56565756,-0.00058512884,-0.166163831949234
2,138,-0.56585145,-0.00019388573,0.051092393696308136
2,139,-0.56562805,0.00022337066,0.06747285276651382
2,140,-0.5654263,0.00020177022,-0.2239902913570404
2,141,-0.5642565,0.0011697861,0.4367547333240509
2,142,-0.56317174,0.001084743,-0.2594802975654602
2,143,-0.5616633,0.0015084429,0.0850662887096405
2,144,-0.5602256,0.001437753,-0.23703603446483612
2,145,-0.55838126,0.0018443248,0.08828196674585342
2,146,-0.556027,0.0023542356,0.1663435697555542
2,147,-0.5536221,0.0024048404,-0.12814894318580627
2,148,-0.55076325,0.0028588963,0.15278998017311096
2,149,-0.5488477,0.001915574,-0.7645536065101624
2,150,-0.5471778,0.0016698907,-0.289912611246109
2,151,-0.54546136,0.0017164537,-0.08675477653741837
2,152,-0.54294276,0.0025185791,0.42551568150520325
2,153,-0.54030293,0.0026398082,-0.01584620401263237
2,154,-0.53694147,0.00336148,0.39762866497039795
2,155,-0.53293675,0.004004715,0.3621276021003723
2,156,-0.52908117,0.0038556028,-0.14609186351299286
2,157,-0.52628976,0.0027914175,-0.7368676066398621
2,158,-0.52404267,0.0022470749,-0.3763498365879059
2,159,-0.52225465,0.0017879975,-0.30827102065086365
2,160,-0.5204224,0.0018322462,0.0362197645008564
2,161,-0.5191549,0.001267476,-0.3606318533420563
2,162,-0.51849645,0.000658477,-0.38378065824508667
2,163,-0.51637626,0.002120211,1.2091974020004272
2,164,-0.51320696,0.0031693128,0.7355110049247742
2,165,-0.5093969,0.0038100365,0.4790997803211212
2,166,-0.5059455,0.003451417,-0.16809183359146118
2,167,-0.50311184,0.0028336884,-0.3235938847064972
2,168,-0.4993365,0.0037753338,0.7301338315010071
2,169,-0.494243,0.0050935275,1.1289851665496826
2,170,-0.48951334,0.004729647,-0.09599758684635162
2,171,-0.4852245,0.0042888653,-0.1237243264913559
2,172,-0.4818443,0.0033801654,-0.4143519103527069
2,173,-0.47812322,0.0037211021,0.43551790714263916
2,174,-0.47448054,0.0036426757,0.17438888549804688
2,175,-0.4711852,0.0032953469,0.013150827959179878
2,176,-0.46733218,0.0038530235,0.6327736377716064
2,177,-0.4643585,0.0029736662,-0.30623945593833923
2,178,-0.4609202,0.003438292,0.6043950915336609
2,179,-0.45792887,0.0029913357,0.013578281737864017
2,180,-0.45564967,0.0022792064,-0.14852318167686462
2,181,-0.4538045,0.0018451767,0.04804426431655884
2,182,-0.45161304,0.0021914411,0.5772701501846313
2,183,-0.4487114,0.0029016468,0.8306078910827637
2,184,-0.44667688,0.0020345259,-0.206785649061203
2,185,-0.44599482,0.00068206683,-0.5204343795776367
2,186,-0.44513583,0.000858982,0.5024674534797668
2,187,-0.4447779,0.00035793195,0.05466848984360695
2,188,-0.4435694,0.0012085214,0.9575015902519226
2,189,-0.44145533,0.0021140508,1.1113511323928833
2,190,-0.4385804,0.002874953,0.9138408899307251
2,191,-0.43607557,0.002504831,0.17374993860721588
2,192,-0.43349165,0.0025839098,0.4853242039680481
2,193,-0.43061054,0.0028811197,0.6432085037231445
2,194,-0.42691782,0.0036927185,1.0654876232147217
2,195,-0.42462906,0.002288744,-0.4593273997306824
2,196,-0.42238176,0.0022473074,0.45998555421829224
2,197,-0.41953957,0.0028421811,0.894926130771637
2,198,-0.41725674,0.0022828216,0.13897983729839325
2,199,-0.41533893,0.0019178228,0.27940407395362854
2,200,-0.41271886,0.002620073,1.1320652961730957
2,201,-0.41111845,0.0016004189,-0.13553740084171295
2,202,-0.4090059,0.0021125495,0.8932094573974609
2,203,-0.40699115,0.0020147564,0.4965495467185974
2,204,-0.40433323,0.0026579278,1.0916250944137573
2,205,-0.40114036,0.0031928697,0.9403132796287537
2,206,-0.39785075,0.0032895957,0.6630957722663879
2,207,-0.39426127,0.0035894676,0.8138474822044373
2,208,-0.3920194,0.0022418655,-0.26781904697418213
2,209,-0.38928428,0.0027350953,0.9697640538215637
2,210,-0.38774124,0.0015430537,-0.1411481499671936
2,211,-0.38630447,0.0014367553,0.5897709727287292
2,212,-0.38508475,0.0012197299,0.5225422382354736
2,213,-0.38521305,-0.00012828464,-0.22586645185947418
2,214,-0.38509282,0.00012023253,0.8379010558128357
2,215,-0.3851406,-4.7774174e-05,0.5607684850692749
2,216,-0.38596132,-0.0008207231,0.157255157828331
2,217,-0.38646483,-0.0005035058,0.8802758455276489
2,218,-0.386527,-6.216002e-05,0.960721492767334
2,219,-0.38644648,8.051662e-05,0.7613238096237183
2,220,-0.3858658,0.00058065396,1.0720274448394775
2,221,-0.3867665,-0.00090067275,-0.3183160424232483
2,222,-0.38716483,-0.0003983351,1.1296361684799194
2,223,-0.3881334,-0.0009685718,0.2831237316131592
2,224,-0.38987228,-0.001738862,0.14530909061431885
2,225,-0.3925309,-0.002658592,0.03768732771277428
2,226,-0.3961265,-0.003595616,0.013899914920330048
2,227,-0.39915502,-0.0030285255,1.1762431859970093
2,228,-0.40159535,-0.0024403236,1.1627105474472046
2,229,-0.4043136,-0.002718232,0.41121572256088257
2,230,-0.40723932,-0.0029257268,0.44544753432273865
2,231,-0.40978467,-0.0025453442,0.8236415982246399
2,232,-0.41295946,-0.003174791,0.13844622671604156
2,233,-0.41611972,-0.0031602697,0.5527758002281189
2,234,-0.42014697,-0.0040272446,-0.04985157772898674
2,235,-0.42398712,-0.0038401468,0.633726954460144
2,236,-0.42759278,-0.003605655,0.6470062136650085
2,237,-0.4322198,-0.004627019,-0.20748889446258545
2,238,-0.4360539,-0.0038340846,0.9798166751861572
2,239,-0.4404111,-0.0043571824,0.08397775143384933
2,240,-0.4445051,-0.0040940177,0.5870773792266846
2,241,-0.4486748,-0.0041697114,0.34130531549453735
2,242,-0.45205718,-0.0033823971,0.8963496088981628
2,243,-0.45480415,-0.002746959,0.7785934209823608
2,244,-0.4565634,-0.0017592636,1.2121576070785522
2,245,-0.4587265,-0.002163092,0.06370320916175842
2,246,-0.461709,-0.0029824977,-0.2239527553319931
2,247,-0.463912,-0.0022030303,0.8273189067840576
2,248,-0.46512827,-0.0012162745,0.9546788334846497
2,249,-0.46656117,-0.0014328909,0.14644461870193481
2,250,-0.4669828,-0.0004216402,0.9579654932022095
2,251,-0.46806964,-0.001086836,-0.16174311935901642
2,252,-0.4698422,-0.0017725454,-0.18077635765075684
2,253,-0.47103024,-0.0011880343,0.6572933793067932
2,254,-0.47250286,-0.0014726366,0.07201963663101196
2,255,-0.47346705,-0.0009641918,0.5934434533119202
2,256,-0.47442523,-0.00095818285,0.2537207305431366
2,257,-0.47515583,-0.00073061546,0.3966885209083557
2,258,-0.47582543,-0.0006695907,0.2820461690425873
2,259,-0.476965,-0.0011395715,-0.07527071982622147
2,260,-0.47959954,-0.002634522,-0.7642247676849365
2,261,-0.48233193,-0.0027324082,0.15410040318965912
2,262,-0.485911,-0.0035790887,-0.35864612460136414
2,263,-0.48985964,-0.003948629,-0.05832266807556152
2,264,-0.4942005,-0.00434087,-0.09308606386184692
2,265,-0.49907145,-0.0048709637,-0.20659512281417847
2,266,-0.50396776,-0.004896286,0.10564455389976501
2,267,-0.50817376,-0.0042060288,0.5582697987556458
2,268,-0.5120953,-0.003921508,0.2667780816555023
2,269,-0.51612574,-0.004030464,-0.015131400898098946
2,270,-0.5188242,-0.0026984874,0.9253466725349426
2,271,-0.5214612,-0.0026369817,0.06487578898668289
2,272,-0.52388334,-0.002422173,0.15389356017112732
2,273,-0.5258417,-0.0019583707,0.3077787458896637
2,274,-0.5277251,-0.0018833734,0.03878362849354744
2,275,-0.52807754,-0.00035242672,1.311496615409851
2,276,-0.52834,-0.00026245695,0.03758669272065163
2,277,-0.5276461,0.00069382804,0.6138181090354919
2,278,-0.5270372,0.000608926,-0.07683760672807693
2,279,-0.52541685,0.0016203607,0.6570979356765747
2,280,-0.52452207,0.0008947751,-0.4928140342235565
2,281,-0.523751,0.00077106827,-0.08708765357732773
2,282,-0.5238943,-0.0001433133,-0.6103489398956299
2,283,-0.5243036,-0.0004093003,-0.17880232632160187
2,284,-0.5244987,-0.00019507168,0.13929487764835358
2,285,-0.5255947,-0.0010960132,-0.6051273345947266
2,286,-0.52542555,0.00016916324,0.8334713578224182
2,287,-0.5241138,0.0013117827,0.7526125311851501
2,288,-0.5228498,0.0012639974,-0.034431856125593185
2,289,-0.5200914,0.00275838,1.0146403312683105
2,290,-0.5177297,0.0023616885,-0.2469245195388794
2,291,-0.5147786,0.0029511093,0.4222910404205322
2,292,-0.51195985,0.0028187726,-0.044128816574811935
2,293,-0.5091966,0.0027632841,0.02119050920009613
2,294,-0.5050413,0.0041553015,1.0644856691360474
2,295,-0.50107354,0.003967757,-0.03229017183184624
2,296,-0.49751112,0.003562422,-0.15768277645111084
2,297,-0.49424216,0.0032689509,-0.06534228473901749
2,298,-0.4911955,0.003046666,-0.0015964747872203588
2,299,-0.48737982,0.0038156833,0.6744394898414612
2,300,-0.4836007,0.003779103,0.15635177493095398
2,301,-0.47862086,0.0049798368,1.0044306516647339
2,302,-0.47348833,0.0051325336,0.3260055482387543
2,303,-0.46855024,0.004938095,0.11998379230499268
2,304,-0.46394995,0.0046002897,0.04878995567560196
2,305,-0.4594443,0.004505621,0.23354247212409973
2,306,-0.45391688,0.0055274274,1.0007270574569702
2,307,-0.44781938,0.0060974974,0.7259239554405212
2,308,-0.44078535,0.007034035,1.0446586608886719
2,309,-0.43345702,0.0073283385,0.6060230135917664
2,310,-0.4255969,0.007860122,0.7997578978538513
2,311,-0.41696125,0.008635651,1.2483813762664795
2,312,-0.40810806,0.008853186,0.6691620349884033
2,313,-0.40030387,0.007804186,-0.13336382806301117
2,314,-0.394665,0.0056388653,-0.8410340547561646
2,315,-0.39039,0.0042750007,-0.2805297374725342
2,316,-0.3856105,0.0047795125,0.9847979545593262
2,317,-0.38033658,0.0052739065,1.05699622631073
2,318,-0.37466556,0.005671022,0.9592049717903137
2,319,-0.37145406,0.0032115066,-0.9195408821105957
2,320,-0.36784443,0.0036096314,1.0203402042388916
2,321,-0.3638609,0.0039835204,1.168952465057373
2,322,-0.36074868,0.0031122237,0.18760474026203156
2,323,-0.35730982,0.003438858,1.1360918283462524
2,324,-0.35505083,0.0022589962,0.010810094885528088
2,325,-0.35250276,0.0025480692,1.07828950881958
2,326,-0.3496823,0.0028204587,1.0050023794174194
2,327,-0.347679,0.0020033198,0.28590330481529236
2,328,-0.34672916,0.00094981893,0.13699747622013092
2,329,-0.34630004,0.00042911025,0.4962918162345886
2,330,-0.3457752,0.0005248583,0.9091128706932068
2,331,-0.34636542,-0.00059024,0.10414262861013412
2,332,-0.34710503,-0.00073959836,0.7454268336296082
2,333,-0.34913713,-0.00203211,-0.019864961504936218
2,334,-0.35232976,-0.003192641,0.0593373104929924
2,335,-0.35641864,-0.0040888665,0.22167685627937317
2,336,-0.36043733,-0.0040186984,0.8480735421180725
2,337,-0.3647769,-0.0043395897,0.5696905255317688
2,338,-0.37073836,-0.0059614573,-0.3168429136276245
2,339,-0.3771197,-0.0063813385,0.45787322521209717
2,340,-0.38456747,-0.0074477876,-0.0019155899062752724
2,341,-0.391528,-0.006960551,1.014143943786621
2,342,-0.3982518,-0.0067237862,0.8010544180870056
2,343,-0.4047317,-0.0064798757,0.7746751308441162
2,344,-0.4113228,-0.0065911007,0.5076689124107361
2,345,-0.41726196,-0.0059391535,0.9854564666748047
2,346,-0.42248517,-0.005223221,1.0683715343475342
2,347,-0.42815408,-0.005668918,0.20071889460086823
2,348,-0.43463135,-0.0064772754,-0.06817570328712463
2,349,-0.4417929,-0.0071615526,-0.01661018468439579
2,350,-0.44964388,-0.007850968,-0.05467471480369568
2,351,-0.45749655,-0.007852677,0.36560872197151184
2,352,-0.46579045,-0.008293909,0.034194570034742355
2,353,-0.47459647,-0.008806032,-0.053820446133613586
2,354,-0.4822687,-0.007672227,1.0897797346115112
2,355,-0.4900745,-0.0078057824,0.11708437651395798
2,356,-0.49663126,-0.006556791,1.281432032585144
2,357,-0.5029024,-0.0062711323,0.32512956857681274
2,358,-0.5080868,-0.00518443,0.8278836607933044
2,359,-0.5139287,-0.005841911,-0.3607885539531708
2,360,-0.5197911,-0.005862443,0.034655433148145676
2,361,-0.52625126,-0.0064601335,-0.37942248582839966
2,362,-0.5326851,-0.006433843,0.00426461873576045
2,363,-0.5383515,-0.0056663947,0.46620625257492065
2,364,-0.54352325,-0.0051717535,0.25602155923843384
2,365,-0.54712015,-0.0035969242,0.9503230452537537
2,366,-0.5490408,-0.0019206603,1.1607487201690674
2,367,-0.5499875,-0.00094670587,0.5222163200378418
2,368,-0.54992723,6.0254108e-05,0.5395008325576782
2,369,-0.54973626,0.00019096173,-0.04436704143881798
2,370,-0.54975045,-1.4158189e-05,-0.26730015873908997
2,371,-0.5494627,0.0002877872,0.0706726610660553
2,372,-0.54900295,0.00045972128,-0.014567061327397823
2,373,-0.5488162,0.00018673328,-0.3088899254798889
2,374,-0.5480352,0.0007810257,0.2702280282974243
2,375,-0.5468632,0.0011719979,0.13857537508010864
2,376,-0.5461174,0.000745754,-0.40039029717445374
2,377,-0.54496145,0.0011559462,0.1609538197517395
2,378,-0.54308635,0.0018751126,0.37270402908325195
2,379,-0.5405351,0.0025512688,0.3533884286880493
2,380,-0.5387512,0.0017838808,-0.5962371826171875
2,381,-0.53819275,0.00055840873,-0.8927173018455505
2,382,-0.53668094,0.0015118053,0.5626511573791504
2,383,-0.53475887,0.0019220579,0.20810768008232117
2,384,-0.531683,0.0030758432,0.71340012550354
2,385,-0.52906877,0.0026142807,-0.3481256365776062
2,386,-0.52608794,0.0029808294,0.21701709926128387
2,387,-0.5232328,0.002855122,-0.09625062346458435
2,388,-0.5194142,0.0038186263,0.6441659331321716
2,389,-0.51650965,0.0029045548,-0.5884585380554199
2,390,-0.5121583,0.0043513905,1.2289451360702515
2,391,-0.50793016,0.004228125,-0.024985909461975098
2,392,-0.5025147,0.0054154177,0.8698427677154541
2,393,-0.4959092,0.006605512,0.8987463116645813
2,394,-0.48996335,0.005945857,-0.3014812469482422
2,395,-0.484752,0.0052113654,-0.32176920771598816
2,396,-0.47841266,0.0063393335,0.9457731246948242
2,397,-0.47230914,0.0061035175,0.06802863627672195
2,398,-0.46528193,0.0070272028,0.8712277412414551
2,399,-0.4586063,0.006675617,0.055708397179841995
2,400,-0.45159733,0.0070089744,0.5451456904411316
2,401,-0.44462714,0.0069702044,0.3313674032688141
2,402,-0.436946,0.0076811304,0.865125298500061
2,403,-0.4286268,0.008319186,0.8537706732749939
2,404,-0.42078286,0.007843945,0.151634082198143
2,405,-0.41238827,0.008394594,0.873066246509552
2,406,-0.40340662,0.008981634,0.937153697013855
2,407,-0.39493778,0.00846885,0.24616633355617523
2,408,-0.3876545,0.0072832685,-0.16293737292289734
2,409,-0.38096768,0.006686839,0.26341497898101807
2,410,-0.37381822,0.0071494514,1.154648780822754
2,411,-0.3664596,0.007358613,0.8633955717086792
2,412,-0.35873637,0.007723239,1.0779180526733398
2,413,-0.35099894,0.007737414,0.8005642294883728
2,414,-0.34334922,0.0076497253,0.7664898037910461
2,415,-0.33548644,0.00786278,1.1862409114837646
2,416,-0.3274608,0.008025641,1.2317157983779907
2,417,-0.31932276,0.0081380345,1.0251444578170776
2,418,-0.311263,0.008059767,0.9064604043960571
2,419,-0.3033998,0.007863204,0.8602783679962158
2,420,-0.2957385,0.0076613114,0.8880521655082703
2,421,-0.28815612,0.007582378,1.1069105863571167
2,422,-0.28141183,0.006744288,0.5230143666267395
2,423,-0.27482828,0.0065835305,1.0952479839324951
2,424,-0.26881492,0.0060133752,0.7514553666114807
2,425,-0.26352242,0.005292496,0.6728625297546387
2,426,-0.2586014,0.004921013,0.9247483611106873
2,427,-0.25396502,0.004636368,1.055984377861023
2,428,-0.24963747,0.004327545,1.2491449117660522
2,429,-0.245641,0.0039964705,1.0948498249053955
2,430,-0.24287145,0.0027695477,0.4162846505641937
2,431,-0.24164392,0.0012275253,0.21548129618167877
2,432,-0.24112189,0.0005220339,0.7772468328475952
2,433,-0.24177636,-0.00065447675,0.46496325731277466
2,434,-0.24280155,-0.0010251796,1.409327745437622
2,435,-0.24419232,-0.001390773,1.101118564605713
2,436,-0.24594173,-0.0017494066,1.1327310800552368
2,437,-0.24911426,-0.0031725348,0.28446993231773376
2,438,-0.25262055,-0.0035062786,1.0756152868270874
2,439,-0.25722608,-0.0046055363,0.47767388820648193
2,440,-0.26344678,-0.0062206974,0.1177949532866478
2,441,-0.27016965,-0.0067228707,0.8378902673721313
2,442,-0.27775115,-0.0075815013,0.5761291980743408
2,443,-0.2864335,-0.008682348,0.3868879973888397
2,444,-0.29524824,-0.008814766,1.2271082401275635
2,445,-0.3041448,-0.008896548,1.1553454399108887
2,446,-0.31314522,-0.00900042,0.9504554271697998
2,447,-0.32301983,-0.009874604,0.4009503722190857
2,448,-0.3344709,-0.0114510795,-0.10752539336681366
2,449,-0.3466671,-0.012196224,0.39894965291023254
2,450,-0.35869446,-0.012027342,0.956286609172821
2,451,-0.3725249,-0.013830416,-0.410751074552536
2,452,-0.38611022,-0.013585341,0.8931567668914795
2,453,-0.40131068,-0.015200463,-0.4086322486400604
2,454,-0.4166933,-0.015382619,0.4763799011707306
2,455,-0.43223485,-0.0155415395,0.4194634258747101
2,456,-0.44847825,-0.016243411,-0.01679283380508423
2,457,-0.4656994,-0.017221164,-0.2794042229652405
2,458,-0.48187298,-0.01617357,0.9864401817321777
2,459,-0.49711165,-0.015238676,0.8313469290733337
2,460,-0.5110554,-0.0139437355,0.9955903887748718
2,461,-0.5236897,-0.012634303,0.9356565475463867
2,462,-0.5357596,-0.012069934,0.37579163908958435
2,463,-0.54781973,-0.01206013,-0.05425474792718887
2,464,-0.5596841,-0.011864363,0.009512708522379398
2,465,-0.5703673,-0.010683193,0.6073725819587708
2,466,-0.579667,-0.009299686,0.6892616152763367
2,467,-0.5888209,-0.009153922,-0.181845024228096
2,468,-0.59717,-0.008349142,0.21248658001422882
2,469,-0.60349536,-0.0063253925,0.9842895865440369
2,470,-0.6084414,-0.004946025,0.5239095091819763
2,471,-0.6115568,-0.003115421,0.8007552027702332
2,472,-0.614367,-0.0028101727,-0.23120547831058502
2,473,-0.6150048,-0.0006377929,1.2139853239059448
2,474,-0.61431426,0.00069052324,0.4342203736305237
2,475,-0.61294985,0.0013644197,0.0012651466531679034
2,476,-0.6117849,0.0011649436,-0.5744085311889648
2,477,-0.60956275,0.0022221408,0.26899319887161255
2,478,-0.60704505,0.0025177137,-0.22802262008190155
2,479,-0.602408,0.0046370444,1.2692619562149048
2,480,-0.59595096,0.0064570596,0.8229581117630005
2,481,-0.5895677,0.006383221,-0.40815263986587524
2,482,-0.5823546,0.007213127,0.2255748212337494
2,483,-0.574539,0.007815588,0.10938060283660889
2,484,-0.5668197,0.007719278,-0.31791773438453674
2,485,-0.5581308,0.008688897,0.4309130311012268
2,486,-0.54910076,0.009030057,0.05508868768811226
2,487,-0.53847325,0.010627529,0.9375951886177063
2,488,-0.5279804,0.010492853,-0.1641315370798111
2,489,-0.51644903,0.011531379,0.6704432964324951
2,490,-0.5039587,0.012490361,0.6750671863555908
2,491,-0.4905309,0.013427805,0.7231063842773438
2,492,-0.47722292,0.013308002,0.08519919216632843
2,493,-0.46360934,0.013613591,0.43485793471336365
2,494,-0.45146286,0.012146472,-0.6797485947608948
2,495,-0.4383532,0.013109665,1.0634751319885254
2,496,-0.42533633,0.013016887,0.3597447872161865
2,497,-0.4123252,0.013011128,0.48038801550865173
2,498,-0.39975148,0.0125737265,0.2544911801815033
2,499,-0.38658538,0.013166095,1.025000810623169
2,500,-0.3730944,0.013490986,0.8825321197509766
2,501,-0.36081618,0.01227823,-0.08129153400659561
2,502,-0.34821087,0.012605311,1.1231584548950195
2,503,-0.3364219,0.011788971,0.2928057312965393
2,504,-0.32507372,0.011348203,0.5936250686645508
2,505,-0.31549236,0.009581361,-0.24291935563087463
2,506,-0.3074828,0.008009565,-0.0736222118139267
2,507,-0.30034488,0.007137935,0.4253641366958618
2,508,-0.29363826,0.0067066336,0.7471310496330261
2,509,-0.2882753,0.0053629517,0.16495512425899506
2,510,-0.2830343,0.00524102,1.0621238946914673
2,511,-0.27894685,0.0040874556,0.33205175399780273
2,512,-0.2761983,0.0027485434,0.2237454354763031
2,513,-0.2750083,0.0011899973,0.08748921751976013
2,514,-0.2740904,0.0009178931,0.9494950175285339
2,515,-0.27482164,-0.00073123974,0.03484286367893219
2,516,-0.27585497,-0.0010333363,0.9301854968070984
2,517,-0.27747405,-0.0016190672,0.7372971773147583
2,518,-0.27979955,-0.0023255018,0.6508543491363525
2,519,-0.28229484,-0.002495278,1.0404194593429565
2,520,-0.28555787,-0.0032630395,0.5920265316963196
2,521,-0.28897575,-0.0034178796,0.988364577293396
2,522,-0.2928176,-0.0038418418,0.7959787249565125
2,523,-0.29675528,-0.003937699,1.1626205444335938
2,524,-0.30219677,-0.005441494,0.04614570364356041
2,525,-0.30923778,-0.0070410036,-0.038949739187955856
2,526,-0.31742302,-0.008185236,0.2366212159395218
2,527,-0.32665232,-0.00922931,0.2703436613082886
2,528,-0.33644044,-0.00978814,0.5558770298957825
2,529,-0.34720042,-0.010759972,0.2395041137933731
2,530,-0.3583519,-0.011151455,0.5804088711738586
2,531,-0.3697286,-0.011376702,0.6426411271095276
2,532,-0.38109085,-0.011362246,0.7519552707672119
2,533,-0.39358476,-0.012493919,-0.06341706216335297
2,534,-0.40552923,-0.011944487,1.0846362113952637
2,535,-0.41684085,-0.011311607,1.1617032289505005
2,536,-0.42805538,-0.011214511,0.5894418358802795
2,537,-0.439337,-0.0112816,0.42647624015808105
2,538,-0.44974384,-0.010406855,1.2422901391983032
2,539,-0.45989498,-0.0101511525,0.5367285013198853
2,540,-0.47009566,-0.010200679,0.283565878868103
2,541,-0.48015192,-0.010056256,0.362650603055954
2,542,-0.48988822,-0.009736294,0.42992785573005676
2,543,-0.49911332,-0.009225105,0.5090581178665161
2,544,-0.5070502,-0.007936879,0.9811344742774963
2,545,-0.51415336,-0.007103148,0.6385296583175659
2,546,-0.5212893,-0.0071358993,0.025386586785316467
2,547,-0.52771056,-0.006421268,0.4879682958126068
2,548,-0.53451324,-0.0068026506,-0.27481356263160706
2,549,-0.54067576,-0.0061625117,0.37219664454460144
2,550,-0.5458661,-0.005190318,0.5627816915512085
2,551,-0.54995495,-0.0040888777,0.623039960861206
2,552,-0.553416,-0.0034610648,0.28689834475517273
2,553,-0.5560814,-0.0026654047,0.38155266642570496
2,554,-0.557261,-0.0011795913,0.8283860087394714
2,555,-0.5573865,-0.00012555404,0.5346663594245911
2,556,-0.55576956,0.0016169453,0.9930166602134705
2,557,-0.5540181,0.0017514554,-0.07093096524477005
2,558,-0.5511219,0.0028961974,0.6112757921218872
2,559,-0.5465279,0.0045939833,0.9943981766700745
2,560,-0.54174256,0.0047853542,0.013025368563830853
2,561,-0.5369896,0.0047529573,-0.11227206885814667
2,562,-0.53219306,0.0047965767,-0.0378565713763237
2,563,-0.5269067,0.005286361,0.28355610370635986
2,564,-0.521462,0.0054447097,0.0890260860323906
2,565,-0.5164536,0.0050083906,-0.2801956236362457
2,566,-0.5116198,0.0048338003,-0.08067060261964798
2,567,-0.5070899,0.0045298757,-0.1427343636751175
2,568,-0.5018527,0.0052372417,0.5540878772735596
2,569,-0.49683857,0.005014125,-0.04009128361940384
2,570,-0.4919402,0.0048983637,0.056483324617147446
2,571,-0.48699307,0.0049471348,0.19056905806064606
2,572,-0.48215222,0.0048408443,0.1118006631731987
2,573,-0.4765607,0.005591521,0.7071502804756165
2,574,-0.47152048,0.0050402167,-0.13312557339668274
2,575,-0.46667323,0.0048472537,0.1306912750005722
2,576,-0.4620171,0.004656136,0.1558346152305603
2,577,-0.45759165,0.004425424,0.15235187113285065
2,578,-0.45433497,0.00325668,-0.45127978920936584
2,579,-0.4513053,0.0030296845,0.19250193238258362
2,580,-0.45005372,0.0012515738,-0.826766848564148
2,581,-0.4497683,0.00028542118,-0.27935269474983215
2,582,-0.4498676,-9.929584e-05,0.10966339707374573
2,583,-0.45077714,-0.0009095486,-0.17451147735118866
2,584,-0.45135868,-0.0005815314,0.5798969268798828
2,585,-0.45220956,-0.00085088465,0.17881080508232117
2,586,-0.45209178,0.00011777995,1.1189258098602295
2,587,-0.45194423,0.0001475482,0.37464451789855957
2,588,-0.45223665,-0.0002924258,0.06220383197069168
2,589,-0.45288906,-0.00065240264,0.1141066923737526
2,590,-0.4535442,-0.00065513,0.3490847647190094
2,591,-0.4543961,-0.0008518999,0.21652010083198547
2,592,-0.4547637,-0.00036761025,0.6663929224014282
2,593,-0.45559973,-0.000836021,0.029460513964295387
2,594,-0.4555703,2.9402707e-05,0.9145911335945129
2,595,-0.45559803,-2.7727343e-05,0.2996993362903595
2,596,-0.45642233,-0.000824289,-0.19339077174663544
2,597,-0.45696226,-0.00053992035,0.5231923460960388
2,598,-0.45723385,-0.00027159488,0.5098514556884766
2,599,-0.45814,-0.00090614037,-0.09339351207017899
2,600,-0.45978054,-0.00164056,-0.16441872715950012
2,601,-0.46100482,-0.0012242877,0.594660222530365
2,602,-0.46226835,-0.001263515,0.2849821448326111
2,603,-0.4633741,-0.0011057473,0.41010329127311707
2,604,-0.46461838,-0.0012442871,0.20712782442569733
2,605,-0.46554157,-0.0009231761,0.5074395537376404
2,606,-0.46539798,0.00014359302,1.044769048690796
2,607,-0.4646022,0.00079576904,0.7243116497993469
2,608,-0.46368232,0.00091989234,0.3761940598487854
2,609,-0.46170938,0.001972935,1.2907524108886719
2,610,-0.4594329,0.002276491,0.5100427865982056
2,611,-0.45613468,0.0032982135,1.2468147277832031
2,612,-0.4532624,0.0028722982,0.05107885226607323
2,613,-0.45058298,0.0026794132,0.22048793733119965
2,614,-0.44845742,0.0021255722,-0.007060868199914694
2,615,-0.44760227,0.00085515337,-0.4744130074977875
2,616,-0.44595104,0.0016512292,0.9074164628982544
2,617,-0.44456685,0.0013841975,0.20671585202217102
2,618,-0.4427889,0.0017779367,0.6539605855941772
2,619,-0.44011113,0.002677782,1.1636037826538086
2,620,-0.4380227,0.0020884287,0.02018529735505581
2,621,-0.43653154,0.0014911564,0.025014104321599007
2,622,-0.4344234,0.0021081555,0.8417356014251709
2,623,-0.43292728,0.0014961152,0.03255046531558037
2,624,-0.43088806,0.0020392223,0.8098586201667786
2,625,-0.42888957,0.0019984988,0.4304511249065399
2,626,-0.42763186,0.0012577261,-0.02664823643863201
2,627,-0.4266979,0.00093394995,0.2573826014995575
2,628,-0.42639777,0.00030013846,0.055168021470308304
2,629,-0.42563242,0.00076535105,0.7892882823944092
2,630,-0.42573816,-0.00010574219,-0.0979183167219162
2,631,-0.4252911,0.00044706886,0.8508451581001282
2,632,-0.4242982,0.000992891,0.8483251333236694
2,633,-0.42270744,0.0015907482,0.8877631425857544
2,634,-0.4220054,0.0007020633,-0.0956670269370079
2,635,-0.42127612,0.0007292608,0.5182707905769348
2,636,-0.41980228,0.0014738365,1.1468112468719482
2,637,-0.41989475,-9.247331e-05,-0.5335705280303955
2,638,-0.42225254,-0.002357767,-1.0905362367630005
2,639,-0.42460054,-0.002348004,0.5054689049720764
2,640,-0.42640975,-0.0018092182,0.846936821937561
2,641,-0.4301184,-0.0037086532,-0.7872008085250854
2,642,-0.43355778,-0.0034393708,0.6408207416534424
2,643,-0.43727285,-0.0037150653,0.26095354557037354
2,644,-0.44166198,-0.004389128,-0.022554317489266396
2,645,-0.4467923,-0.0051303236,-0.08855967223644257
2,646,-0.45220584,-0.005413531,0.1918381303548813
2,647,-0.4580001,-0.0057942467,0.10043129324913025
2,648,-0.46488878,-0.006888678,-0.40374037623405457
2,649,-0.47241053,-0.0075217597,-0.13001996278762817
2,650,-0.48005593,-0.00764539,0.17251639068126678
2,651,-0.4887801,-0.00872419,-0.5021045207977295
2,652,-0.49635276,-0.007572646,0.9414733052253723
2,653,-0.5041088,-0.0077559995,0.013842592015862465
2,654,-0.510708,-0.006599158,0.8686220049858093
2,655,-0.5168344,-0.0061263884,0.37961769104003906
2,656,-0.5228416,-0.0060071787,0.11329292505979538
2,657,-0.5282239,-0.0053823194,0.4203589856624603
2,658,-0.532749,-0.0045251534,0.5483192801475525
2,659,-0.53692675,-0.004177768,0.18584510684013367
2,660,-0.5409404,-0.0040136473,0.042791444808244705
2,661,-0.5459091,-0.0049686856,-0.7233613133430481
2,662,-0.5505389,-0.0046298057,0.11445154249668121
2,663,-0.5541088,-0.0035699154,0.5720395445823669
2,664,-0.55725163,-0.0031428277,0.13238804042339325
2,665,-0.5602443,-0.0029926775,-0.06787843257188797
2,666,-0.5621901,-0.0019457903,0.5150659680366516
2,667,-0.5646388,-0.002448652,-0.5277671217918396
2,668,-0.56528044,-0.00064162887,1.1087744235992432
2,669,-0.56491065,0.0003697799,0.466406911611557
2,670,-0.56408906,0.0008215992,0.09518187493085861
2,671,-0.5627364,0.0013526835,0.15210232138633728
2,672,-0.5606154,0.002120961,0.3169461190700531
2,673,-0.5588056,0.0018098212,-0.3921295404434204
2,674,-0.5571869,0.0016186906,-0.30312737822532654
2,675,-0.5558843,0.0013025925,-0.3783886134624481
2,676,-0.55361253,0.0022717554,0.4849332571029663
2,677,-0.549616,0.0039965543,1.4966394901275635
2,678,-0.54525894,0.004357066,0.11038707196712494
2,679,-0.54065466,0.004604272,0.05657942220568657
2,680,-0.53687733,0.0037773126,-0.6365485191345215
2,681,-0.53376025,0.0031171043,-0.5065140724182129
2,682,-0.5291036,0.0046566515,0.9755654335021973
2,683,-0.5238485,0.005255099,0.3714423179626465
2,684,-0.5170915,0.0067569716,1.1116524934768677
2,685,-0.5090555,0.00803601,0.8852267265319824
2,686,-0.5010802,0.00797529,0.03221287205815315
2,687,-0.49197626,0.009103961,0.8649551272392273
2,688,-0.48383087,0.008145398,-0.4811664819717407
2,689,-0.47568426,0.008146609,0.1991754025220871
2,690,-0.46772736,0.007956881,0.11226316541433334
2,691,-0.45934737,0.008380005,0.5601336359977722
2,692,-0.45067722,0.00867016,0.5127077698707581
2,693,-0.4410496,0.0096276,1.1306267976760864
2,694,-0.43196473,0.009084876,0.04672352224588394
2,695,-0.42325708,0.008707642,0.20093169808387756
2,696,-0.41502246,0.00823462,0.17881762981414795
2,697,-0.4081258,0.0068966816,-0.3586263656616211
2,698,-0.40197012,0.006155658,0.07187028974294662
2,699,-0.396115,0.005855122,0.39438074827194214
2,700,-0.39136606,0.004748926,-0.1154710054397583
2,701,-0.3874243,0.0039417758,0.10585805028676987
2,702,-0.383877,0.0035472848,0.39909714460372925
2,703,-0.38108352,0.0027934946,0.1758035272359848
2,704,-0.37930164,0.0017818904,0.01666172966361046
2,705,-0.3770685,0.0022331472,1.2307319641113281
2,706,-0.37606817,0.0010003289,-0.11259675025939941
2,707,-0.37572172,0.00034645235,0.277887225151062
2,708,-0.37641072,-0.00068900816,0.02506289817392826
2,709,-0.37669727,-0.00028653746,0.9805706739425659
2,710,-0.3774682,-0.0007709149,0.38804298639297485
2,711,-0.37780032,-0.00033212447,1.168798565864563
2,712,-0.3776914,0.000108921806,1.1047250032424927
2,713,-0.37866065,-0.0009692674,-0.012330316007137299
2,714,-0.38063475,-0.0019740951,0.03218492493033409
2,715,-0.3832069,-0.0025721348,0.29441264271736145
2,716,-0.38678098,-0.0035740668,0.013434791006147861
2,717,-0.39179748,-0.005016501,-0.29658085107803345
2,718,-0.39692175,-0.0051242756,0.5701186060905457
2,719,-0.4014734,-0.004551649,1.1882014274597168
2,720,-0.40561625,-0.004142862,0.8695822358131409
2,721,-0.41062808,-0.0050118403,-0.0016467530513182282
2,722,-0.41497108,-0.0043429933,1.0272128582000732
2,723,-0.41916513,-0.004194065,0.6328614354133606
2,724,-0.42336532,-0.0042002043,0.5095747113227844
2,725,-0.42806894,-0.0047036023,0.15804998576641083
2,726,-0.43344542,-0.0053764936,0.022543206810951233
2,727,-0.43958277,-0.006137346,-0.06194346770644188
2,728,-0.4458475,-0.0062647383,0.33071795105934143
2,729,-0.45214832,-0.006300819,0.3611867427825928
2,730,-0.45923617,-0.007087849,-0.17016373574733734
2,731,-0.46611956,-0.0068833963,0.45611876249313354
2,732,-0.47357705,-0.0074574845,-0.09675153344869614
2,733,-0.48005253,-0.006475474,0.9038445949554443
2,734,-0.4869132,-0.006860663,-0.039680205285549164
2,735,-0.4935364,-0.006623223,0.34135115146636963
2,736,-0.4988848,-0.0053483853,1.464153528213501
2,737,-0.5035081,-0.0046232836,0.6068577170372009
2,738,-0.5083189,-0.004810829,-0.02463771030306816
2,739,-0.5119631,-0.0036442066,0.8541209697723389
2,740,-0.51565623,-0.0036931138,0.02556159347295761
2,741,-0.51790893,-0.0022526772,1.878651738166809
2,742,-0.52045476,-0.002545824,-0.16698332130908966
2,743,-0.5220813,-0.0016265708,0.6285552978515625
2,744,-0.5242777,-0.0021963909,-0.37229272723197937
2,745,-0.524969,-0.00069129904,1.1225706338882446
2,746,-0.5254427,-0.00047375885,0.13817578554153442
2,747,-0.52608544,-0.00064269215,-0.12184186279773712
2,748,-0.5271029,-0.0010174374,-0.26226335763931274
2,749,-0.52659404,0.00050884293,1.1874090433120728
2,750,-0.5263151,0.0002789488,-0.16823889315128326
2,751,-0.5254804,0.0008346828,0.3569078743457794
2,752,-0.524433,0.0010473657,0.1323806345462799
2,753,-0.52275807,0.0016749522,0.41421979665756226
2,754,-0.52059656,0.002161484,0.328558087348938
2,755,-0.5174741,0.003122437,0.6556462645530701
2,756,-0.51519287,0.002281231,-0.5301823019981384
2,757,-0.5143084,0.00088449783,-0.8891304135322571
2,758,-0.513963,0.00034539637,-0.3129550814628601
2,759,-0.51218987,0.001773138,1.060575008392334
2,760,-0.50900227,0.0031875877,1.0037046670913696
2,761,-0.50635105,0.0026512272,-0.2846144437789917
2,762,-0.5023291,0.004021927,1.1288238763809204
2,763,-0.49876004,0.0035690651,-0.19563166797161102
2,764,-0.49457842,0.004181621,0.5324495434761047
2,765,-0.49004868,0.0045297346,0.376994252204895
2,766,-0.48574758,0.0043011154,0.015054640360176563
2,767,-0.4803346,0.0054129623,0.9300808310508728
2,768,-0.47388992,0.0064446805,0.9035260081291199
2,769,-0.46772224,0.006167686,0.06296124309301376
2,770,-0.46286213,0.004860089,-0.5936552286148071
2,771,-0.45695505,0.0059070806,1.0183063745498657
2,772,-0.45103574,0.005919321,0.3391633629798889
2,773,-0.4448892,0.0061465474,0.5114405751228333
2,774,-0.43907657,0.005812624,0.16728533804416656
2,775,-0.43369207,0.0053845067,0.13268539309501648
2,776,-0.42747372,0.0062183524,1.152612566947937
2,777,-0.4218128,0.0056609334,0.10237893462181091
2,778,-0.41540346,0.006409347,1.007338523864746
2,779,-0.4082914,0.007112056,1.0528689622879028
2,780,-0.40201423,0.0062771663,0.00851410161703825
2,781,-0.39557505,0.0064391755,0.7025378942489624
2,782,-0.39013794,0.0054371054,-0.04354985058307648
2,783,-0.38587448,0.00426345,-0.13281922042369843
2,784,-0.3811887,0.004685779,0.9507480263710022
2,785,-0.37704524,0.004143438,0.32902511954307556
2,786,-0.37366652,0.0033787203,0.19957555830478668
2,787,-0.3701463,0.0035202324,0.8189789056777954
2,788,-0.3673181,0.0028282034,0.27909454703330994
2,789,-0.36502823,0.0022898528,0.39418894052505493
2,790,-0.3635528,0.0014754257,0.22033384442329407
2,791,-0.36315894,0.00039387261,0.04880043491721153
2,792,-0.36255327,0.0006056792,0.9127863049507141
2,793,-0.36321577,-0.00066250237,-0.07118938863277435
2,794,-0.36430565,-0.0010898649,0.48642170429229736
2,795,-0.36599848,-0.0016928179,0.36452656984329224
2,796,-0.36810488,-0.0021063914,0.4832538962364197
2,797,-0.37090588,-0.0028009943,0.2865092158317566
2,798,-0.37386075,-0.0029548784,0.6344534754753113
2,799,-0.37640128,-0.0025405227,1.1508439779281616
2,800,-0.37905714,-0.0026558575,0.6354097723960876
2,801,-0.38222453,-0.0031674013,0.35924237966537476
2,802,-0.385037,-0.0028124673,0.9224916696548462
2,803,-0.38809273,-0.003055708,0.5108677744865417
2,804,-0.3921939,-0.0041011884,-0.03796420991420746
2,805,-0.39827493,-0.006081028,-0.6797544956207275
2,806,-0.40421975,-0.0059448243,0.7027629017829895
2,807,-0.4101718,-0.0059520705,0.5793859958648682
2,808,-0.41663384,-0.006462035,0.21627682447433472
2,809,-0.42357424,-0.006940389,0.2067902535200119
2,810,-0.43029526,-0.00672103,0.6388903260231018
2,811,-0.43687832,-0.0065830597,0.5524295568466187
2,812,-0.44371897,-0.0068406374,0.2570088505744934
2,813,-0.45003498,-0.0063160025,0.7453439235687256
2,814,-0.45688593,-0.006850955,0.008205564692616463
2,815,-0.46314445,-0.00625853,0.726291835308075
2,816,-0.46874055,-0.0055961115,0.7422296404838562
2,817,-0.47332245,-0.0045818975,0.9491972327232361
2,818,-0.47839585,-0.0050733937,-0.07723460346460342
2,819,-0.48292223,-0.004526384,0.5899956822395325
2,820,-0.48913315,-0.0062109325,-0.9201539754867554
2,821,-0.49448407,-0.00535091,0.7453694343566895
2,822,-0.5007458,-0.0062617157,-0.46181511878967285
2,823,-0.5062013,-0.005455571,0.6516051888465881
2,824,-0.510409,-0.004207682,0.9188739657402039
2,825,-0.513468,-0.0030590016,0.8317185640335083
2,826,-0.5159445,-0.002476482,0.43899238109588623
2,827,-0.51717263,-0.0012281649,0.8704795241355896
2,828,-0.51727396,-0.00010130239,0.7833703756332397
2,829,-0.51718575,8.821368e-05,0.15796621143817902
2,830,-0.5162399,0.0009458565,0.603825032711029
2,831,-0.51514256,0.001097329,0.13777314126491547
2,832,-0.5146592,0.00048332263,-0.3670610189437866
2,833,-0.5128418,0.001817435,0.9341006278991699
2,834,-0.50960505,0.0032367718,1.6350685358047485
2,835,-0.50507104,0.0045340275,0.9347852468490601
2,836,-0.499756,0.0053150444,0.6132689118385315
2,837,-0.49385047,0.005905552,0.5127837657928467
2,838,-0.48816368,0.0056867753,0.0026932377368211746
2,839,-0.4826476,0.005516093,0.06305403262376785
2,840,-0.47678787,0.005859726,0.43332988023757935
2,841,-0.47188723,0.004900633,-0.4061093330383301
2,842,-0.46736392,0.004523298,0.005965071264654398
2,843,-0.4617604,0.005603534,1.004452109336853
2,844,-0.45579758,0.005962812,0.5469397306442261
2,845,-0.44981205,0.005985522,0.35181325674057007
2,846,-0.44332996,0.006482103,0.6969817876815796
2,847,-0.43712056,0.006209392,0.21566927433013916
2,848,-0.4302851,0.0068354527,0.8449307680130005
2,849,-0.4238196,0.0064654807,0.21385034918785095
2,850,-0.41659135,0.0072282627,1.1280338764190674
2,851,-0.40865192,0.007939421,1.0109484195709229
2,852,-0.40104747,0.007604445,0.340093731880188
2,853,-0.3930836,0.007963863,0.8386572599411011
2,854,-0.38611937,0.006964223,-0.030397627502679825
2,855,-0.3804249,0.005694466,-0.17843066155910492
2,856,-0.37536216,0.0050627417,0.27291032671928406
2,857,-0.3700152,0.005346942,0.9064604640007019
2,858,-0.365749,0.0042662076,0.02054469659924507
2,859,-0.36151835,0.004230642,0.7363695502281189
2,860,-0.357144,0.0043743537,0.8746510148048401
2,861,-0.35315016,0.0039938316,0.5444311499595642
2,862,-0.35000694,0.0031432074,0.24850283563137054
2,863,-0.34800205,0.0020049058,0.07038724422454834
2,864,-0.3474881,0.0005139534,-0.15603280067443848
2,865,-0.3487289,-0.0012407956,-0.3296768367290497
2,866,-0.34981626,-0.0010873675,0.9370773434638977
2,867,-0.35168868,-0.0018724165,0.30671587586402893
2,868,-0.3547679,-0.0030792053,0.017424529418349266
2,869,-0.3576208,-0.002852904,0.9593896269798279
2,870,-0.36016774,-0.0025469323,1.2980148792266846
2,871,-0.36296535,-0.002797614,0.6176862120628357
2,872,-0.36723137,-0.0042660376,-0.20650914311408997
2,873,-0.3721939,-0.0049625337,0.2891453802585602
2,874,-0.37743297,-0.0052390774,0.5468987226486206
2,875,-0.38226005,-0.004827095,0.9822874665260315
2,876,-0.3879131,-0.005653045,0.1350737363100052
2,877,-0.3931627,-0.0052495818,0.9288230538368225
2,878,-0.39786577,-0.004703077,1.1324989795684814
2,879,-0.40199414,-0.0041283737,0.99699866771698
2,880,-0.40733773,-0.005343579,-0.21551117300987244
2,881,-0.4137271,-0.006389384,-0.1276123821735382
2,882,-0.41964954,-0.0059224274,0.8507691621780396
2,883,-0.42497823,-0.0053286925,0.9071862101554871
2,884,-0.43076807,-0.0057898476,0.17850357294082642
2,885,-0.4366267,-0.0058586155,0.41233155131340027
2,886,-0.4431371,-0.006510408,-0.004585345275700092
2,887,-0.45097977,-0.007842656,-0.48975232243537903
2,888,-0.45962048,-0.008640713,-0.1718083620071411
2,889,-0.46998793,-0.010367455,-0.833230197429657
2,890,-0.48015705,-0.010169112,0.39912864565849304
2,891,-0.49063885,-0.010481812,0.008127734996378422
2,892,-0.501734,-0.011095184,-0.24438314139842987
2,893,-0.51180726,-0.010073242,0.7905402779579163
2,894,-0.5216749,-0.0098676225,0.1960245966911316
2,895,-0.5311844,-0.009509526,0.24835017323493958
2,896,-0.54186636,-0.010681971,-0.8195546865463257
2,897,-0.55240643,-0.010540079,0.0033024814911186695
2,898,-0.5626834,-0.010277003,0.03152533993124962
2,899,-0.5720112,-0.009327761,0.4378526508808136
2,900,-0.57976204,-0.0077508613,0.8100544810295105
2,901,-0.5863616,-0.0065995287,0.4880654215812683
2,902,-0.59207,-0.005708389,0.2821301519870758
2,903,-0.5973085,-0.005238529,-0.026713278144598007
2,904,-0.6018187,-0.0045101666,0.1200224757194519
2,905,-0.60424757,-0.0024288865,1.2629470825195312
2,906,-0.60615736,-0.0019097802,-0.05325044319033623
2,907,-0.60885036,-0.0026930135,-0.9307410717010498
2,908,-0.61016023,-0.0013098633,0.5004740357398987
2,909,-0.61055267,-0.00039242333,0.18366745114326477
2,910,-0.60999405,0.00055859896,0.20415957272052765
2,911,-0.6088039,0.0011901053,-0.006151825655251741
2,912,-0.6054886,0.0033153275,0.9954132437705994
2,913,-0.6024416,0.0030470155,-0.5842175483703613
2,914,-0.5982332,0.004208391,0.38370174169540405
2,915,-0.5935909,0.0046422994,-0.08078991621732712
2,916,-0.58832496,0.005265976,0.0683896392583847
2,917,-0.5812305,0.0070944163,0.8973594307899475
2,918,-0.5727517,0.0084788455,0.6362274289131165
2,919,-0.5641306,0.008621114,-0.1500287801027298
2,920,-0.5537402,0.01039039,0.9773567914962769
2,921,-0.54305196,0.010688217,0.0480501614511013
2,922,-0.5320147,0.011037228,0.13546274602413177
2,923,-0.5211698,0.010844935,-0.1702706217765808
2,924,-0.50933224,0.011837541,0.6738824248313904
2,925,-0.49685866,0.012473586,0.495341032743454
2,926,-0.48498523,0.011873432,-0.26654496788978577
2,927,-0.47336078,0.011624469,0.026661105453968048
2,928,-0.46232632,0.01103445,-0.14310653507709503
2,929,-0.4527356,0.009590718,-0.6578475832939148
2,930,-0.44409585,0.008639755,-0.2823227047920227
2,931,-0.43480968,0.0092861615,0.824694037437439
2,932,-0.42536494,0.009444747,0.5444379448890686
2,933,-0.4167219,0.008643031,-0.05038706213235855
2,934,-0.40907004,0.007651869,-0.13549935817718506
2,935,-0.40076035,0.008309704,1.0817008018493652
2,936,-0.3929031,0.007857273,0.2987639904022217
2,937,-0.38497707,0.007926015,0.6826911568641663
2,938,-0.37689996,0.00807711,0.7740322947502136
2,939,-0.3692121,0.0076878755,0.45055487751960754
2,940,-0.36138794,0.007824156,0.8354830145835876
2,941,-0.35363397,0.007753954,0.7326180934906006
2,942,-0.34760374,0.0060302424,-0.3356657028198242
2,943,-0.34144852,0.0061552324,0.9229830503463745
2,944,-0.33509243,0.006356087,1.3823047876358032
2,945,-0.33028263,0.0048097894,-0.13777481019496918
2,946,-0.32621816,0.00406448,0.41642841696739197
2,947,-0.3225085,0.0037096587,0.6936851739883423
2,948,-0.3187172,0.0037913113,1.291562795639038
2,949,-0.31590584,0.0028113856,0.3078300356864929
2,950,-0.3130533,0.00285254,1.172474980354309
2,951,-0.31017694,0.0028763744,1.0242583751678467
2,952,-0.3088462,0.0013307267,-0.03475117310881615
2,953,-0.30758223,0.0012639811,0.9565114974975586
2,954,-0.30716613,0.00041610247,0.4408019185066223
2,955,-0.30694067,0.00022545666,0.8806150555610657
2,956,-0.30672812,0.0002125418,1.26545250415802
2,957,-0.307652,-0.0009238642,0.25185176730155945
2,958,-0.31045234,-0.0028003333,-0.24520324170589447
2,959,-0.31474346,-0.0042911065,0.0007271179929375648
2,960,-0.32117677,-0.0064333105,-0.4508586525917053
2,961,-0.327858,-0.006681239,0.7857547998428345
2,962,-0.33473277,-0.006874758,0.794405460357666
2,963,-0.34293342,-0.00820065,0.010679924860596657
2,964,-0.35098183,-0.008048416,0.9612341523170471
2,965,-0.35910666,-0.008124814,0.7740910053253174
2,966,-0.36816186,-0.00905519,0.16923372447490692
2,967,-0.3778826,-0.009720752,0.3056154251098633
2,968,-0.3896691,-0.0117864935,-0.6715645790100098
2,969,-0.40357372,-0.01390463,-0.7603153586387634
2,970,-0.4168592,-0.013285492,1.0241156816482544
2,971,-0.43020624,-0.0133470185,0.48360541462898254
2,972,-0.444325,-0.0141187515,-0.05361170321702957
2,973,-0.45959443,-0.015269442,-0.37448424100875854
2,974,-0.4752899,-0.015695492,0.03402544930577278
2,975,-0.49069872,-0.015408812,0.4318193793296814
2,976,-0.50643647,-0.015737731,-0.055045779794454575
2,977,-0.52231073,-0.015874267,-0.005250493995845318
2,978,-0.538194,-0.01588327,0.00043747079325839877
2,979,-0.55375177,-0.015557787,0.14403602480888367
2,980,-0.56899107,-0.015239293,0.06177052855491638
2,981,-0.58364874,-0.01465768,0.1614813506603241
2,982,-0.5971342,-0.013485452,0.48285701870918274
2,983,-0.610957,-0.013822876,-0.5896509885787964
2,984,-0.62394416,-0.012987112,0.12536753714084625
2,985,-0.63469,-0.010745836,1.0981444120407104
2,986,-0.6435815,-0.008891502,0.6909924149513245
2,987,-0.6519317,-0.008350201,-0.22617550194263458
2,988,-0.6592201,-0.007288416,0.08192653208971024
2,989,-0.66548806,-0.0062679807,0.020738158375024796
2,990,-0.6707985,-0.005310429,-0.04984737187623978
2,991,-0.6756572,-0.004858735,-0.4111804664134979
2,992,-0.6795964,-0.003939214,-0.12118226289749146
2,993,-0.68314904,-0.0035526382,-0.4941093623638153
2,994,-0.6842353,-0.0010862548,0.8766189217567444
2,995,-0.6842043,3.0986816e-05,-0.027625644579529762
2,996,-0.6834764,0.0007279204,-0.3076936900615692
2,997,-0.681237,0.0022394168,0.23857510089874268
2,998,-0.67760646,0.0036305324,0.16827218234539032
2,999,-0.6721727,0.005433734,0.45920106768608093
3,1,-0.5817694,0.0005166085,0.052482970058918
3,2,-0.5816119,0.00015751325,-0.5287759304046631
3,3,-0.5810595,0.0005523475,-0.02538052573800087
3,4,-0.57975155,0.00130798,0.21787214279174805
3,5,-0.5775701,0.0021814557,0.3028792440891266
3,6,-0.5739744,0.0035957177,0.6741623878479004
3,7,-0.56850225,0.005472098,1.1674026250839233
3,8,-0.56232685,0.006175379,0.2450149655342102
3,9,-0.5544001,0.007926741,0.974369466304779
3,10,-0.5454361,0.008964017,0.5377301573753357
3,11,-0.53648514,0.008950962,-0.1178121566772461
3,12,-0.5265526,0.009932505,0.589946448802948
3,13,-0.5154004,0.011152209,0.7983668446540833
3,14,-0.5046416,0.010758808,-0.2212795466184616
3,15,-0.49284515,0.011796459,0.7865017056465149
3,16,-0.48107263,0.011772527,0.13759616017341614
3,17,-0.46955168,0.011520957,0.04434077814221382
3,18,-0.4594224,0.0101292785,-0.6587327122688293
3,19,-0.44885758,0.010564821,0.6092648506164551
3,20,-0.43740633,0.011451235,0.9615254402160645
3,21,-0.42551234,0.011893974,0.7213347554206848
3,22,-0.4147181,0.0107942615,-0.2497560679912567
3,23,-0.40435147,0.010366618,0.24967817962169647
3,24,-0.39356932,0.010782143,0.8606171011924744
3,25,-0.38229498,0.01127434,0.9619143605232239
3,26,-0.37091163,0.011383368,0.7582331895828247
3,27,-0.36016443,0.010747196,0.3129028081893921
3,28,-0.349214,0.010950432,0.9203125834465027
3,29,-0.33816838,0.011045599,0.8961366415023804
3,30,-0.32725504,0.010913345,0.7918973565101624
3,31,-0.31804055,0.009214504,-0.20663438737392426
3,32,-0.31040937,0.00763119,-0.0916663408279419
3,33,-0.30383632,0.00657304,0.28931504487991333
3,34,-0.29879817,0.005038141,-0.002343260683119297
3,35,-0.2938411,0.0049570827,0.9866783618927002
3,36,-0.29036194,0.0034791569,0.07467670738697052
3,37,-0.2876409,0.0027210533,0.5679247379302979
3,38,-0.2850454,0.002595504,1.0819215774536133
3,39,-0.28369603,0.001349347,0.262754887342453
3,40,-0.2824946,0.0012014337,1.0375713109970093
3,41,-0.28144786,0.0010467551,1.077706217765808
3,42,-0.2811074,0.00034045897,0.6361727714538574
3,43,-0.2809294,0.00017799571,1.0959041118621826
3,44,-0.28091484,1.4535584e-05,1.1425652503967285
3,45,-0.28348476,-0.0025699255,-0.6139464378356934
3,46,-0.28724784,-0.0037630757,0.3039695620536804
3,47,-0.29163802,-0.004390174,0.6671262383460999
3,48,-0.2962293,-0.0045912755,0.9343703985214233
3,49,-0.3015977,-0.0053684195,0.5326225757598877
3,50,-0.30701074,-0.00541304,1.0044070482254028
3,51,-0.3132551,-0.0062443498,0.4541245400905609
3,52,-0.3204434,-0.0071882945,0.3539992868900299
3,53,-0.32800302,-0.007559613,0.7065040469169617
3,54,-0.33694455,-0.008941522,0.001541687990538776
3,55,-0.34708095,-0.010136396,0.08867498487234116
3,56,-0.35795316,-0.010872205,0.3513741195201874
3,57,-0.3693958,-0.01144263,0.4142753779888153
3,58,-0.38102362,-0.011627814,0.6203514337539673
3,59,-0.39220345,-0.011179828,0.9899944067001343
3,60,-0.40284342,-0.01063997,1.0522316694259644
3,61,-0.4144604,-0.011616968,-0.06067458167672157
3,62,-0.42682964,-0.012369259,0.03446638956665993
3,63,-0.43995824,-0.013128616,-0.029159987345337868
3,64,-0.45290947,-0.012951239,0.5320791006088257
3,65,-0.46507934,-0.012169871,0.8717156648635864
3,66,-0.47854704,-0.013467707,-0.5741279125213623
3,67,-0.4908516,-0.012304567,1.0357722043991089
3,68,-0.50314015,-0.012288531,0.17416280508041382
3,69,-0.5155275,-0.012387318,0.0363711416721344
3,70,-0.52791417,-0.0123866545,0.04079433158040047
3,71,-0.54176843,-0.01385429,-1.4185916185379028
3,72,-0.55537874,-0.013610306,0.07185300439596176
3,73,-0.56897414,-0.013595396,-0.14871886372566223
3,74,-0.5823872,-0.013413099,-0.10464552789926529
3,75,-0.5949766,-0.012589368,0.256733238697052
3,76,-0.60624087,-0.0112642655,0.5292339324951172
3,77,-0.6162643,-0.010023403,0.4182516038417816
3,78,-0.62564695,-0.009382649,-0.030213819816708565
3,79,-0.63447237,-0.008825407,-0.13081344962120056
3,80,-0.64244145,-0.007969104,0.026666760444641113
3,81,-0.64803797,-0.005596547,1.055419683456421
3,82,-0.65123,-0.0031920364,0.995162844657898
3,83,-0.6520127,-0.00078275346,0.9835118055343628
3,84,-0.652734,-0.00072130136,-0.5853372812271118
3,85,-0.65205806,0.00067589985,0.3018215298652649
3,86,-0.6509427,0.0011153534,-0.3335464894771576
3,87,-0.6473953,0.0035473697,1.2586078643798828
3,88,-0.6418452,0.005550094,0.7302985191345215
3,89,-0.63508004,0.0067651602,0.23113423585891724
3,90,-0.6276214,0.0074586025,-0.08477809280157089
3,91,-0.61886466,0.008756778,0.35373830795288086
3,92,-0.6086647,0.010199948,0.49224191904067993
3,93,-0.5966538,0.012010863,0.7865485548973083
3,94,-0.58306247,0.013591372,0.6913149952888489
3,95,-0.56896716,0.014095309,0.04021390900015831
3,96,-0.5539358,0.015031355,0.3978886306285858
3,97,-0.5388821,0.015053758,-0.1365407556295395
3,98,-0.5238032,0.015078888,-0.059636589139699936
3,99,-0.50907636,0.014726825,-0.23573081195354462
3,100,-0.49295843,0.016117942,1.0050519704818726
3,101,-0.4760814,0.016877018,0.6590369939804077
3,102,-0.4591307,0.016950697,0.28590232133865356
3,103,-0.44362277,0.015507948,-0.6414982676506042
3,104,-0.4283413,0.015281461,0.24506376683712006
3,105,-0.4126745,0.015666818,0.7267360091209412
3,106,-0.39734042,0.015334063,0.32260504364967346
3,107,-0.38298526,0.014355159,-0.03629833087325096
3,108,-0.36863232,0.014352945,0.6809243559837341
3,109,-0.35410336,0.014528954,0.864561140537262
3,110,-0.34086812,0.013235247,-0.05104591324925423
3,111,-0.32757595,0.013292171,0.9065243601799011
3,112,-0.3142167,0.013359256,0.9693148732185364
3,113,-0.30213678,0.012079912,0.1265135407447815
3,114,-0.2917042,0.010432558,-0.07060939818620682
3,115,-0.28137392,0.010330282,1.1836574077606201
3,116,-0.27373987,0.007634046,-0.6901775002479553
3,117,-0.26770955,0.006030312,0.06639207154512405
3,118,-0.26384142,0.003868135,-0.2840196192264557
3,119,-0.2602949,0.0035464973,0.9568444490432739
3,120,-0.25718722,0.0031076826,0.89127516746521
3,121,-0.2555865,0.0016006989,0.1900486797094345
3,122,-0.25496802,0.0006184855,0.5454622507095337
3,123,-0.25465316,0.0003148635,1.358099102973938
3,124,-0.25610822,-0.0014550611,0.023554539307951927
3,125,-0.257861,-0.001752751,1.120404839515686
3,126,-0.26090267,-0.0030416765,0.33306941390037537
3,127,-0.26522017,-0.0043175,0.33112832903862
3,128,-0.27103478,-0.0058146017,0.16828761994838715
3,129,-0.27767277,-0.006637996,0.5964815020561218
3,130,-0.28449413,-0.0068213637,0.9988304376602173
3,131,-0.2928341,-0.008339985,0.08319016546010971
3,132,-0.30126986,-0.008435748,1.0943504571914673
3,133,-0.3099748,-0.008704934,0.8515779376029968
3,134,-0.3204358,-0.010461,-0.1742195338010788
3,135,-0.33082792,-0.010392121,1.1333210468292236
3,136,-0.34108657,-0.01025865,1.2100311517715454
3,137,-0.35137796,-0.01029141,0.8458030819892883
3,138,-0.36301932,-0.01164134,-0.07665225863456726
3,139,-0.37576997,-0.012750651,0.03266027942299843
3,140,-0.38898057,-0.0132106,0.40851911902427673
3,141,-0.40310496,-0.014124402,0.045742183923721313
3,142,-0.4186588,-0.015553833,-0.36351993680000305
3,143,-0.43374693,-0.015088152,0.826529324054718
3,144,-0.44918656,-0.01543963,0.20952019095420837
3,145,-0.46454453,-0.015357963,0.4234229028224945
3,146,-0.47893807,-0.01439353,0.9366843700408936
3,147,-0.4936347,-0.014696619,0.020576871931552887
3,148,-0.5080966,-0.014461882,0.30610933899879456
3,149,-0.5225123,-0.014415729,0.10825220495462418
3,150,-0.536784,-0.014271699,0.10145225375890732
3,151,-0.5512484,-0.014464378,-0.19436213374137878
3,152,-0.5645998,-0.013351412,0.6038881540298462
3,153,-0.5771536,-0.012553818,0.3272407054901123
3,154,-0.5878313,-0.010677708,0.984115719795227
3,155,-0.5967218,-0.008890481,0.8723064064979553
3,156,-0.60386664,-0.0071447864,0.8011064529418945
3,157,-0.61024904,-0.0063824207,0.11077205836772919
3,158,-0.6164756,-0.0062265154,-0.3244515657424927
3,159,-0.62085897,-0.004383398,0.7703463435173035
3,160,-0.6247603,-0.003901338,-0.15805643796920776
3,161,-0.6279277,-0.0031673652,-0.008763894438743591
3,162,-0.62964624,-0.0017185467,0.4527094066143036
3,163,-0.6290828,0.00056346005,1.4067752361297607
3,164,-0.6276784,0.0014043759,0.04194927588105202
3,165,-0.62536395,0.0023144465,0.0947304368019104
3,166,-0.6212856,0.004078309,0.6749500632286072
3,167,-0.6172757,0.0040099267,-0.5270610451698303
3,168,-0.61366636,0.0036093632,-0.7292859554290771
3,169,-0.60895485,0.0047115143,0.2898893356323242
3,170,-0.60234725,0.0066076214,0.8419397473335266
3,171,-0.5953891,0.00695815,-0.1564043164253235
3,172,-0.58772683,0.0076622823,0.11323855072259903
3,173,-0.58043146,0.0072953776,-0.563269317150116
3,174,-0.572139,0.008292465,0.3819361627101898
3,175,-0.56357706,0.008561987,-0.062162432819604874
3,176,-0.55424595,0.009331112,0.3133372664451599
3,177,-0.5433056,0.01094038,0.9198254346847534
3,178,-0.5324268,0.0108788,-0.13953019678592682
3,179,-0.5206982,0.011728599,0.5223974585533142
3,180,-0.50824565,0.012452558,0.49714231491088867
3,181,-0.49515477,0.013090869,0.5022794604301453
3,182,-0.48320153,0.011953228,-0.6163798570632935
3,183,-0.47104,0.012161524,0.3403560221195221
3,184,-0.4589551,0.012084904,0.2106264978647232
3,185,-0.44663757,0.012317528,0.47627848386764526
3,186,-0.43511537,0.011522203,-0.14882045984268188
3,187,-0.422749,0.012366343,1.024152159690857
3,188,-0.41077197,0.011977043,0.23705731332302094
3,189,-0.39819005,0.012581911,0.9566689133644104
3,190,-0.3864989,0.0116911465,0.01851223036646843
3,191,-0.37607116,0.010427733,-0.17594070732593536
3,192,-0.3664926,0.009578548,0.14766836166381836
3,193,-0.35671133,0.00978127,0.891916811466217
3,194,-0.34801057,0.008700744,0.0796603113412857
3,195,-0.33957362,0.008436956,0.6620399355888367
3,196,-0.33256873,0.0070048836,-0.08062276989221573
3,197,-0.32637507,0.006193671,0.3629099726676941
3,198,-0.3213669,0.00500817,0.139247328042984
3,199,-0.31649506,0.0048718425,0.8593748211860657
3,200,-0.31287,0.0036250793,0.13899411261081696
3,201,-0.31115144,0.0017185571,-0.2861648499965668
3,202,-0.31065747,0.00049398624,0.175388365983963
3,203,-0.31054386,0.000113616035,0.7401726841926575
3,204,-0.31061465,-7.077559e-05,0.8712810277938843
3,205,-0.31238803,-0.001773383,-0.14114689826965332
3,206,-0.3141416,-0.0017535725,1.0974130630493164
3,207,-0.3172279,-0.0030862903,0.09123492240905762
3,208,-0.32173422,-0.004506333,0.02049298770725727
3,209,-0.32628712,-0.004552915,0.9176953434944153
3,210,-0.33073497,-0.0044478346,1.3694474697113037
3,211,-0.33654872,-0.00581376,0.0007916550384834409
3,212,-0.34241778,-0.005869047,0.8500760793685913
3,213,-0.3495067,-0.00708893,0.048697348684072495
3,214,-0.35697737,-0.0074706646,0.576933741569519
3,215,-0.3642828,-0.007305423,0.9090051054954529
3,216,-0.3713271,-0.007044325,0.9406618475914001
3,217,-0.37943777,-0.0081106685,0.024257885292172432
3,218,-0.3892563,-0.009818514,-0.4400196373462677
3,219,-0.39879525,-0.009538945,0.8400546908378601
3,220,-0.40822324,-0.009427996,0.6835058927536011
3,221,-0.41917926,-0.010956017,-0.4532530903816223
3,222,-0.43040967,-0.01123041,0.3306720554828644
3,223,-0.44097254,-0.010562863,0.9049308896064758
3,224,-0.45207083,-0.011098303,0.05195371061563492
3,225,-0.46269357,-0.010622753,0.6719344854354858
3,226,-0.47293252,-0.010238932,0.5587144494056702
3,227,-0.4836495,-0.010716983,-0.06634356081485748
3,228,-0.4945046,-0.010855094,0.10719487071037292
3,229,-0.5049845,-0.010479901,0.39541471004486084
3,230,-0.5150697,-0.010085223,0.3561416566371918
3,231,-0.5240165,-0.008946801,0.8015891313552856
3,232,-0.53283656,-0.00882007,0.08239854872226715
3,233,-0.5406985,-0.007861982,0.5925420522689819
3,234,-0.54834795,-0.00764945,0.05622682347893715
3,235,-0.5556837,-0.007335694,0.08553842455148697
3,236,-0.5629803,-0.0072966027,-0.134116068482399
3,237,-0.5702852,-0.007304911,-0.20198875665664673
3,238,-0.5757908,-0.0055056317,0.9668499827384949
3,239,-0.5803417,-0.0045508794,0.3766062557697296
3,240,-0.5851288,-0.0047870656,-0.43980368971824646
3,241,-0.58937126,-0.004242476,0.057153891772031784
3,242,-0.59202456,-0.0026533273,0.7326999306678772
3,243,-0.5927592,-0.0007346168,0.9394091367721558
3,244,-0.5928269,-6.7702844e-05,0.10128294676542282
3,245,-0.59327686,-0.0004499351,-0.598479151725769
3,246,-0.591708,0.001568853,1.1224100589752197
3,247,-0.5881319,0.0035761253,1.0022772550582886
3,248,-0.5850865,0.003045389,-0.6744779348373413
3,249,-0.58225787,0.002828661,-0.45018360018730164
3,250,-0.5795134,0.0027444973,-0.3478931188583374
3,251,-0.57608956,0.003423826,0.17462210357189178
3,252,-0.5728944,0.003195142,-0.41382673382759094
3,253,-0.5695007,0.0033936945,-0.11321216821670532
3,254,-0.5644929,0.005007789,0.8472781181335449
3,255,-0.5588086,0.0056842463,0.24701346457004547
3,256,-0.55255204,0.006256589,0.20583993196487427
3,257,-0.5458662,0.006685877,0.14160768687725067
3,258,-0.5383351,0.007531081,0.45221492648124695
3,259,-0.5291935,0.009141567,1.0355383157730103
3,260,-0.51958317,0.00961037,0.2845628559589386
3,261,-0.5085029,0.011080254,1.0176472663879395
3,262,-0.49646816,0.012034748,0.7117831110954285
3,263,-0.48436904,0.012099119,0.17841768264770508
3,264,-0.47227907,0.012089961,0.18959109485149384
3,265,-0.4590725,0.0132065825,1.08369779586792
3,266,-0.44519562,0.013876894,0.7674940228462219
3,267,-0.43051824,0.014677363,0.9220575094223022
3,268,-0.4165282,0.013990048,0.001167962560430169
3,269,-0.403081,0.013447205,0.16429851949214935
3,270,-0.38921028,0.013870714,0.8718854188919067
3,271,-0.37541476,0.013795528,0.6037619709968567
3,272,-0.36249268,0.012922075,0.13445407152175903
3,273,-0.35012203,0.012370656,0.4069209694862366
3,274,-0.33749452,0.012627522,1.026563048362732
3,275,-0.32469139,0.012803133,1.0188106298446655
3,276,-0.31260902,0.012082374,0.45605114102363586
3,277,-0.30196282,0.010646187,0.028444133698940277
3,278,-0.2913591,0.01060372,1.0491454601287842
3,279,-0.28085965,0.010499459,1.2911229133605957
3,280,-0.27170202,0.00915764,0.2146875262260437
3,281,-0.26287565,0.008826382,0.9221471548080444
3,282,-0.25431132,0.0085643325,1.6564894914627075
3,283,-0.2466731,0.0076382128,0.5872727632522583
3,284,-0.24041398,0.006259135,0.3113739788532257
3,285,-0.23461983,0.00579416,0.9416603446006775
3,286,-0.23055519,0.0040646363,0.11756765842437744
3,287,-0.22764485,0.0029103525,0.5141187906265259
3,288,-0.2251738,0.002471042,1.5769882202148438
3,289,-0.22327708,0.0018967316,0.9177613258361816
3,290,-0.22270735,0.0005697322,0.4218778610229492
3,291,-0.22260007,0.000107266045,1.2116591930389404
3,292,-0.22433338,-0.0017333089,0.08159305155277252
3,293,-0.22652543,-0.0021920477,0.9974327087402344
3,294,-0.23045474,-0.0039293226,0.1382150948047638
3,295,-0.23617977,-0.0057250275,0.08682490140199661
3,296,-0.24230307,-0.0061233104,1.2089751958847046
3,297,-0.250076,-0.0077729234,0.14564456045627594
3,298,-0.25817776,-0.008101757,1.2403398752212524
3,299,-0.26758713,-0.009409381,0.3194960355758667
3,300,-0.27881595,-0.011228827,-0.05509188771247864
3,301,-0.29045346,-0.011637502,0.8443891406059265
3,302,-0.30303323,-0.012579767,0.4448002576828003
3,303,-0.31580338,-0.012770156,0.8971673846244812
3,304,-0.33010027,-0.014296899,-0.04484877362847328
3,305,-0.34519607,-0.015095811,0.38145560026168823
3,306,-0.360093,-0.014896928,0.982621967792511
3,307,-0.37466764,-0.014574634,1.0637141466140747
3,308,-0.39061564,-0.015948007,-0.1954554170370102
3,309,-0.4079894,-0.017373765,-0.3030879497528076
3,310,-0.4253073,-0.017317886,0.6037806868553162
3,311,-0.44330174,-0.017994436,0.033332888036966324
3,312,-0.46122503,-0.017923309,0.44503167271614075
3,313,-0.47960943,-0.0183844,0.0026567985769361258
3,314,-0.4974504,-0.017840968,0.5815972089767456
3,315,-0.51447535,-0.017024927,0.6746352314949036
3,316,-0.53146785,-0.016992517,0.06721825897693634
3,317,-0.54719466,-0.015726807,0.8044655323028564
3,318,-0.56124467,-0.014049985,1.0203126668930054
3,319,-0.575225,-0.013980311,-0.1413802206516266
3,320,-0.58823335,-0.013008347,0.3908761441707611
3,321,-0.6004235,-0.012190185,0.2242899388074875
3,322,-0.61190665,-0.011483141,0.09062989056110382
3,323,-0.6223008,-0.010394147,0.28960368037223816
3,324,-0.632103,-0.009802249,-0.09173186123371124
3,325,-0.6404131,-0.00831008,0.4617888629436493
3,326,-0.6476592,-0.007246057,0.1371585577726364
3,327,-0.65344024,-0.0057810536,0.37058863043785095
3,328,-0.657934,-0.0044937953,0.22525803744792938
3,329,-0.66018647,-0.0022524835,0.8405661582946777
3,330,-0.66195595,-0.0017694964,-0.3419952690601349
3,331,-0.66191834,3.7625952e-05,0.5326558947563171
3,332,-0.66060144,0.001316892,0.18092381954193115
3,333,-0.6567857,0.003815726,1.016788363456726
3,334,-0.6517372,0.005048496,0.1734904944896698
3,335,-0.6444426,0.007294618,0.8723857998847961
3,336,-0.6374683,0.006974367,-0.8045713305473328
3,337,-0.62839884,0.009069461,0.8383910059928894
3,338,-0.6181625,0.010236307,0.2624867856502533
3,339,-0.60629445,0.011868058,0.6213319897651672
3,340,-0.5927422,0.013552267,0.7135564088821411
3,341,-0.5787524,0.01398981,-0.05154826492071152
3,342,-0.5640223,0.014730083,0.2190035581588745
3,343,-0.5490999,0.014922355,-0.07344111055135727
3,344,-0.5327019,0.01639802,0.8563947677612305
3,345,-0.5160831,0.016618777,0.1016608327627182
3,346,-0.49931356,0.016769571,0.13810451328754425
3,347,-0.48341566,0.015897894,-0.4597987234592438
3,348,-0.4680537,0.015361961,-0.15685956180095673
3,349,-0.45247987,0.015573832,0.4176895320415497
3,350,-0.43661636,0.015863508,0.5460196733474731
3,351,-0.4205101,0.016106252,0.5918222665786743
3,352,-0.40386003,0.016650068,0.8698093891143799
3,353,-0.3895888,0.0142712165,-1.0888606309890747
3,354,-0.37602028,0.013568516,0.1836780458688736
3,355,-0.364222,0.011798301,-0.4661219120025635
3,356,-0.35349917,0.01072282,0.04987917095422745
3,357,-0.34297365,0.010525533,0.6825390458106995
3,358,-0.3332808,0.00969286,0.3044571280479431
3,359,-0.32353178,0.009749031,0.9381721019744873
3,360,-0.31369478,0.00983701,1.1063578128814697
3,361,-0.30383006,0.00986473,1.4131242036819458
3,362,-0.29546335,0.008366692,0.02225581929087639
3,363,-0.2871772,0.0082861595,1.1494309902191162
3,364,-0.27901924,0.008157969,1.0090917348861694
3,365,-0.2710354,0.007983842,1.0459613800048828
3,366,-0.26373535,0.0073000356,0.6895380616188049
3,367,-0.25814486,0.0055904943,0.031952694058418274
3,368,-0.25364247,0.0045023975,0.4659631848335266
3,369,-0.24975234,0.0038901225,0.7988113760948181
3,370,-0.24762182,0.0021305229,0.047258734703063965
3,371,-0.24839991,-0.00077809044,-0.7115198969841003
3,372,-0.25086433,-0.002464409,0.10070835053920746
3,373,-0.25369155,-0.0028272253,0.9746540188789368
3,374,-0.25704134,-0.0033497945,0.8584458827972412
3,375,-0.26074287,-0.003701528,0.9607239365577698
3,376,-0.26539648,-0.004653611,0.5475184917449951
3,377,-0.27047136,-0.005074876,0.8848821520805359
3,378,-0.2758223,-0.005350959,0.9634004235267639
3,379,-0.28178814,-0.005965843,0.7179820537567139
3,380,-0.28826326,-0.006475121,0.7662457823753357
3,381,-0.295045,-0.0067817136,0.8769382834434509
3,382,-0.30241513,-0.0073701446,0.6630211472511292
3,383,-0.3103492,-0.007934054,0.6505905985832214
3,384,-0.319008,-0.008658788,0.5118337273597717
3,385,-0.32809493,-0.00908695,0.6744846105575562
3,386,-0.33840662,-0.0103116855,0.1059407964348793
3,387,-0.3496962,-0.011289578,0.22712667286396027
3,388,-0.3613555,-0.011659313,0.5841121077537537
3,389,-0.37411135,-0.012755839,0.04854558780789375
3,390,-0.38704178,-0.012930424,0.6062442064285278
3,391,-0.39987293,-0.0128311375,0.730036735534668
3,392,-0.41252172,-0.012648803,0.7260778546333313
3,393,-0.4263503,-0.013828567,-0.24134576320648193
3,394,-0.43939793,-0.013047628,1.1571667194366455
3,395,-0.45219448,-0.012796538,0.5839349031448364
3,396,-0.4648535,-0.012659009,0.44598326086997986
3,397,-0.47863725,-0.01378375,-0.45761924982070923
3,398,-0.4912572,-0.01261994,1.1175974607467651
3,399,-0.50305116,-0.011793997,0.7120825052261353
3,400,-0.51349914,-0.010448007,1.2631961107254028
3,401,-0.5238568,-0.010357678,0.1107097640633583
3,402,-0.53369814,-0.009841296,0.34296461939811707
3,403,-0.54310197,-0.009403817,0.24116334319114685
3,404,-0.5517554,-0.008653452,0.4027833640575409
3,405,-0.5599849,-0.00822949,0.14202472567558289
3,406,-0.5674409,-0.0074559906,0.3340968191623688
3,407,-0.57364625,-0.0062053436,0.6151852607727051
3,408,-0.5794439,-0.0057976255,0.02251385524868965
3,409,-0.58547515,-0.0060312636,-0.4336799681186676
3,410,-0.5903774,-0.00490226,0.4450609087944031
3,411,-0.5934432,-0.003065844,0.8926131725311279
3,412,-0.5949671,-0.0015239132,0.6812814474105835
3,413,-0.5960344,-0.0010673029,-0.04971477389335632
3,414,-0.59506273,0.0009716987,1.1535297632217407
3,415,-0.5934721,0.0015905799,0.057998694479465485
3,416,-0.5914578,0.00201432,-0.06432022154331207
3,417,-0.5892623,0.0021954775,-0.21618470549583435
3,418,-0.58643943,0.0028228615,0.09205766022205353
3,419,-0.58302104,0.0034184041,0.08468297123908997
3,420,-0.57777137,0.005249675,0.9253069162368774
3,421,-0.5706172,0.007154183,1.080368995666504
3,422,-0.5630445,0.007572695,0.04469482973217964
3,423,-0.5553206,0.00772387,-0.09598531574010849
3,424,-0.5470431,0.008277519,0.21072900295257568
3,425,-0.5381262,0.008916891,0.30912333726882935
3,426,-0.5276782,0.010447959,0.9480984807014465
3,427,-0.516534,0.011144207,0.44376832246780396
3,428,-0.50647914,0.01005481,-0.69094318151474
3,429,-0.4964542,0.01002494,0.0656469315290451
3,430,-0.48629522,0.010158999,0.2249457836151123
3,431,-0.47497672,0.011318519,0.9591419100761414
3,432,-0.46386686,0.01110986,0.10314322263002396
3,433,-0.45350546,0.010361398,-0.2019108682870865
3,434,-0.44260025,0.010905201,0.7104247212409973
3,435,-0.43101212,0.011588113,0.8562940359115601
3,436,-0.41932824,0.011683889,0.520854115486145
3,437,-0.40783677,0.011491492,0.38462716341018677
3,438,-0.39743844,0.010398325,-0.1615336388349533
3,439,-0.3873031,0.01013531,0.44050559401512146
3,440,-0.37694383,0.010359289,0.8119669556617737
3,441,-0.36701143,0.0099323895,0.42524662613868713
3,442,-0.35780162,0.009209819,0.27274343371391296
3,443,-0.34950143,0.008300172,0.18879340589046478
3,444,-0.34094843,0.008553002,1.4179081916809082
3,445,-0.3321978,0.008750654,1.0089572668075562
3,446,-0.32398176,0.008216033,0.5488623380661011
3,447,-0.31720218,0.0067795855,-0.0181417316198349
3,448,-0.31091237,0.0062898016,0.6407699584960938
3,449,-0.30568454,0.0052278377,0.2847535014152527
3,450,-0.30049103,0.00519349,0.9907042384147644
3,451,-0.29633737,0.004153658,0.340871125459671
3,452,-0.29313114,0.0032062377,0.41868528723716736
3,453,-0.29167005,0.0014610993,-0.1007280945777893
3,454,-0.29031143,0.0013586266,1.062692403793335
3,455,-0.2892789,0.0010325263,0.8561199903488159
3,456,-0.28836256,0.00091632997,1.403060793876648
3,457,-0.28857225,-0.0002097037,0.3302665054798126
3,458,-0.2889022,-0.0003299398,1.1374536752700806
3,459,-0.2899093,-0.0010071002,0.6274601817131042
3,460,-0.29123294,-0.0013236539,0.8640217185020447
3,461,-0.29378462,-0.002551686,0.2513035833835602
3,462,-0.29795834,-0.004173735,-0.021187683567404747
3,463,-0.30245653,-0.0044981893,0.8276907205581665
3,464,-0.30786642,-0.0054099048,0.4185570478439331
3,465,-0.31464735,-0.0067809126,0.0909157320857048
3,466,-0.32143208,-0.006784738,0.9751163721084595
3,467,-0.32818836,-0.006756269,0.9689713716506958
3,468,-0.33562082,-0.0074324743,0.4712388515472412
3,469,-0.34489608,-0.009275265,-0.33766892552375793
3,470,-0.3555061,-0.010610029,-0.03851914033293724
3,471,-0.3667176,-0.011211512,0.40430405735969543
3,472,-0.378477,-0.011759395,0.3905112147331238
3,473,-0.39102262,-0.012545622,0.17875151336193085
3,474,-0.40429914,-0.013276524,0.1582740694284439
3,475,-0.41868886,-0.014389722,-0.15828672051429749
3,476,-0.4326361,-0.013947239,0.810920774936676
3,477,-0.44670174,-0.014065616,0.370271772146225
3,478,-0.46135473,-0.014652988,-0.010497169569134712
3,479,-0.4764549,-0.01510017,0.01129357423633337
3,480,-0.49176353,-0.015308627,0.09596291184425354
3,481,-0.50724286,-0.015479335,0.04512929171323776
3,482,-0.52146286,-0.014220014,0.9212939739227295
3,483,-0.53578234,-0.01431947,-0.055624522268772125
3,484,-0.54934794,-0.01356562,0.4416621923446655
3,485,-0.5628605,-0.01351258,-0.09325715154409409
3,486,-0.5761371,-0.0132766655,-0.03857872262597084
3,487,-0.5877117,-0.011574593,0.873108983039856
3,488,-0.5982086,-0.010496907,0.39986559748649597
3,489,-0.60683477,-0.008626161,0.8772216439247131
3,490,-0.6146025,-0.0077677295,0.16041943430900574
3,491,-0.62033206,-0.00572955,0.9093992114067078
3,492,-0.6257883,-0.005456218,-0.2946849465370178
3,493,-0.63041395,-0.004625694,0.050701115280389786
3,494,-0.6341008,-0.0036868684,0.100901298224926
3,495,-0.635746,-0.0016452167,0.8186553120613098
3,496,-0.6366898,-0.0009437993,-0.08260568976402283
3,497,-0.63690495,-0.00021519727,-0.06893469393253326
3,498,-0.6347866,0.0021183284,1.1030309200286865
3,499,-0.6314051,0.0033814663,0.29640501737594604
3,500,-0.62572914,0.0056759915,1.0112662315368652
3,501,-0.6188231,0.006906054,0.3173418641090393
3,502,-0.6112741,0.007548965,-0.041064564138650894
3,503,-0.6033154,0.007958727,-0.16016462445259094
3,504,-0.59450525,0.00881015,0.1728207767009735
3,505,-0.5860688,0.00843645,-0.6009986400604248
3,506,-0.5774149,0.008653918,-0.16554580628871918
3,507,-0.5675794,0.009835471,0.5197893381118774
3,508,-0.5577711,0.009808323,-0.23736447095870972
3,509,-0.54813695,0.00963415,-0.28667762875556946
3,510,-0.53794616,0.010190792,0.2485145479440689
3,511,-0.52848774,0.009458449,-0.559943675994873
3,512,-0.518562,0.009925724,0.28707295656204224
3,513,-0.5077516,0.010810434,0.6149895787239075
3,514,-0.49631968,0.0114319,0.49351659417152405
3,515,-0.48473746,0.011582239,0.23646940290927887
3,516,-0.47218192,0.012555552,0.8427422642707825
3,517,-0.45966324,0.01251866,0.23147183656692505
3,518,-0.44743156,0.012231673,0.1263962835073471
3,519,-0.43494472,0.01248686,0.5476552248001099
3,520,-0.4235708,0.011373907,-0.3039059340953827
3,521,-0.41240498,0.011165834,0.35395166277885437
3,522,-0.40055773,0.011847261,1.0820783376693726
3,523,-0.3887533,0.0118044345,0.5727783441543579
3,524,-0.37653,0.012223318,0.9352433085441589
3,525,-0.3650319,0.011498085,0.22822922468185425
3,526,-0.35423228,0.010799621,0.29762664437294006
3,527,-0.34314895,0.011083327,1.0435612201690674
3,528,-0.33331087,0.009838081,0.02865752950310707
3,529,-0.3235108,0.009800082,0.8752656579017639
3,530,-0.3139882,0.009522601,0.7564467191696167
3,531,-0.30475777,0.00923045,0.7855663895606995
3,532,-0.29684034,0.007917445,0.14194068312644958
3,533,-0.2895814,0.007258953,0.6093505024909973
3,534,-0.28371948,0.0058619115,0.14494892954826355
3,535,-0.2787427,0.004976784,0.5084354877471924
3,536,-0.27394158,0.004801117,1.0393218994140625
3,537,-0.26948604,0.0044555343,0.9044214487075806
3,538,-0.26525703,0.0042289984,1.0530381202697754
3,539,-0.26248986,0.0027671792,0.19167734682559967
3,540,-0.2613599,0.0011299659,0.0845920667052269
3,541,-0.26174143,-0.00038153733,0.17239528894424438
3,542,-0.2625785,-0.00083706906,0.8750283718109131
3,543,-0.26367918,-0.0011006994,1.0963389873504639
3,544,-0.26537988,-0.0017007093,0.7718399167060852
3,545,-0.2675417,-0.002161842,0.8583627343177795
3,546,-0.27060544,-0.00306374,0.5567699670791626
3,547,-0.2752326,-0.0046271672,0.10468459129333496
3,548,-0.2800549,-0.004822278,1.003806471824646
3,549,-0.28546283,-0.005407919,0.7218061685562134
3,550,-0.29256493,-0.0071021123,-0.03751188889145851
3,551,-0.29976436,-0.0071994276,1.098393440246582
3,552,-0.30834544,-0.008581085,0.11583411693572998
3,553,-0.3184219,-0.010076475,0.00608242629095912
3,554,-0.32997838,-0.011556478,-0.024348773062229156
3,555,-0.34261706,-0.012638689,0.1930994987487793
3,556,-0.35543346,-0.012816406,0.7426215410232544
3,557,-0.36901924,-0.013585766,0.2927035987377167
3,558,-0.38360408,-0.014584828,0.07945000380277634
3,559,-0.397811,-0.014206916,0.9315178394317627
3,560,-0.41156673,-0.013755746,0.9148973822593689
3,561,-0.42559505,-0.014028306,0.3679668605327606
3,562,-0.44034925,-0.014754203,-0.0009418419213034213
3,563,-0.45422137,-0.013872104,1.099239468574524
3,564,-0.46870697,-0.014485591,-0.06460351496934891
3,565,-0.482252,-0.013545034,0.90025794506073
3,566,-0.4961723,-0.013920307,-0.04397740587592125
3,567,-0.5105312,-0.014358892,-0.15541239082813263
3,568,-0.5235804,-0.0130491825,0.938461184501648
3,569,-0.5352243,-0.011643932,0.9369255900382996
3,570,-0.5466046,-0.011380241,0.11767829954624176
3,571,-0.5566654,-0.010060853,0.7646542191505432
3,572,-0.56514716,-0.0084817605,0.8876663446426392
3,573,-0.5726216,-0.007474398,0.46437063813209534
3,574,-0.580684,-0.0080624325,-0.6362543106079102
3,575,-0.5876149,-0.0069308616,0.47034743428230286
3,576,-0.594614,-0.006999132,-0.36363038420677185
3,577,-0.60089266,-0.0062786057,0.12795467674732208
3,578,-0.6068004,-0.005907686,-0.13573560118675232
3,579,-0.61174524,-0.0049448702,0.23017540574073792
3,580,-0.6161781,-0.0044328533,-0.09426896274089813
3,581,-0.62023824,-0.004060132,-0.20848751068115234
3,582,-0.62371856,-0.003480322,-0.08991669863462448
3,583,-0.6253793,-0.0016607906,0.7199150919914246
3,584,-0.62652814,-0.0011487966,-0.1597023606300354
3,585,-0.62709934,-0.0005711743,-0.1214255839586258
3,586,-0.62554663,0.001552683,0.9066776037216187
3,587,-0.6218532,0.0036934484,0.9253473877906799
3,588,-0.61765265,0.0042005293,-0.14613473415374756
3,589,-0.6125504,0.005102294,0.1371225118637085
3,590,-0.6069214,0.0056290147,-0.08835103362798691
3,591,-0.6005358,0.0063855504,0.09206903725862503
3,592,-0.59378266,0.0067531173,-0.1362341344356537
3,593,-0.58603597,0.007746676,0.31404024362564087
3,594,-0.57777476,0.008261193,0.03264745697379112
3,595,-0.56838924,0.009385543,0.4798778295516968
3,596,-0.55846536,0.0099238865,0.1356169730424881
3,597,-0.5489309,0.009534497,-0.4336082935333252
3,598,-0.5383974,0.010533485,0.5394534468650818
3,599,-0.5276151,0.010782286,0.09189854562282562
3,600,-0.5162113,0.011403821,0.3942762315273285
3,601,-0.5049424,0.011268828,-0.05306096747517586
3,602,-0.49298504,0.011957369,0.5522602796554565
3,603,-0.4805675,0.012417538,0.4596332907676697
3,604,-0.4675788,0.012988713,0.5953420400619507
3,605,-0.45360732,0.013971492,0.9339694976806641
3,606,-0.43865693,0.014950405,1.0153995752334595
3,607,-0.4245734,0.01408353,-0.15778911113739014
3,608,-0.4110134,0.013559992,0.13885147869586945
3,609,-0.3972616,0.013751791,0.6801502704620361
3,610,-0.3836939,0.0135676805,0.4939303994178772
3,611,-0.3699708,0.013723096,0.782776951789856
3,612,-0.35620666,0.013764144,0.7685989141464233
3,613,-0.34214586,0.014060808,1.056232213973999
3,614,-0.32862166,0.013524215,0.5053871273994446
3,615,-0.3154701,0.013151561,0.6718009114265442
3,616,-0.30324075,0.012229338,0.3595172166824341
3,617,-0.29244772,0.010793037,0.0657409057021141
3,618,-0.28289574,0.009551985,0.2379598468542099
3,619,-0.27373,0.009165746,0.8441218733787537
3,620,-0.26482064,0.008909364,0.9646632671356201
3,621,-0.25685695,0.007963687,0.5373300909996033
3,622,-0.24940129,0.007455667,0.8571751713752747
3,623,-0.24382412,0.0055771675,-0.03081303834915161
3,624,-0.23860744,0.0052166884,1.1239982843399048
3,625,-0.23480946,0.0037979805,0.3117844760417938
3,626,-0.23141643,0.0033930258,1.0526140928268433
3,627,-0.22960256,0.0018138809,0.22812709212303162
3,628,-0.22925739,0.00034517288,0.3075353801250458
3,629,-0.2297715,-0.00051410927,0.7149155735969543
3,630,-0.23327772,-0.003506233,-0.7086121439933777
3,631,-0.23719633,-0.0039186073,1.2470685243606567
3,632,-0.24150825,-0.00431192,1.041408896446228
3,633,-0.24896663,-0.007458386,-0.8496196269989014
3,634,-0.2578706,-0.00890399,0.2592615783214569
3,635,-0.2684068,-0.010536186,0.10418804734945297
3,636,-0.2792359,-0.01082908,0.959658145904541
3,637,-0.29040956,-0.011173657,0.8855617642402649
3,638,-0.30249104,-0.012081463,0.46794116497039795
3,639,-0.31478623,-0.01229518,0.8837529420852661
3,640,-0.32746282,-0.012676589,0.7228315472602844
3,641,-0.34066528,-0.013202458,0.5744832754135132
3,642,-0.3536719,-0.013006618,1.5374736785888672
3,643,-0.3676474,-0.013975503,0.16738678514957428
3,644,-0.3818314,-0.014184007,0.6126170754432678
3,645,-0.39652202,-0.014690608,0.34992632269859314
3,646,-0.4119916,-0.01546958,0.10079003870487213
3,647,-0.42812437,-0.016132783,0.10553227365016937
3,648,-0.44528258,-0.017158225,-0.21275590360164642
3,649,-0.46327937,-0.017996803,-0.17106325924396515
3,650,-0.4821216,-0.018842226,-0.263662189245224
3,651,-0.50121236,-0.019090764,0.04115886986255646
3,652,-0.5208867,-0.019674368,-0.277220755815506
3,653,-0.53918934,-0.018302616,0.9280614256858826
3,654,-0.55729645,-0.01810713,0.0523994043469429
3,655,-0.5746443,-0.01734785,0.3379841446876526
3,656,-0.5921086,-0.017464291,-0.3318587839603424
3,657,-0.60814744,-0.016038837,0.6101599931716919
3,658,-0.62420684,-0.016059369,-0.4319131672382355
3,659,-0.63930273,-0.015095894,0.14687880873680115
3,660,-0.6530982,-0.013795465,0.29998013377189636
3,661,-0.6652543,-0.012156087,0.4615871012210846
3,662,-0.67631286,-0.011058541,0.04454685002565384
3,663,-0.6854924,-0.009179525,0.515539288520813
3,664,-0.69402915,-0.00853676,-0.34950733184814453
3,665,-0.701394,-0.0073648426,-0.0342278890311718
3,666,-0.70734954,-0.0059555275,0.09212382137775421
3,667,-0.712125,-0.004775466,-0.08621639758348465
3,668,-0.7143013,-0.00217628,0.8396165370941162
3,669,-0.7146851,-0.00038378913,0.29265186190605164
3,670,-0.713531,0.0011540503,0.1212715432047844
3,671,-0.7095283,0.0040027024,1.0258903503417969
3,672,-0.7029277,0.0066006477,0.8497779965400696
3,673,-0.6955979,0.0073298244,-0.3678957521915436
3,674,-0.6859154,0.009682504,0.7461158633232117
3,675,-0.6750735,0.010841899,-0.006958202924579382
3,676,-0.66279435,0.012279171,0.2266065776348114
3,677,-0.6481699,0.014624462,0.887601912021637
3,678,-0.63196313,0.016206743,0.4463953971862793
3,679,-0.61491287,0.017050266,0.030020488426089287
3,680,-0.59568626,0.019226588,1.121889591217041
3,681,-0.57601553,0.01967075,-0.06152753904461861
3,682,-0.5555397,0.020475792,0.2756907343864441
3,683,-0.53437495,0.021164762,0.29985278844833374
3,684,-0.51389223,0.020482726,-0.508561909198761
3,685,-0.49283707,0.021055168,0.43015334010124207
3,686,-0.47216183,0.020675253,-0.09968645125627518
3,687,-0.45037082,0.021791006,1.1975491046905518
3,688,-0.42852193,0.021848885,0.4017883837223053
3,689,-0.4058765,0.022645438,1.002807855606079
3,690,-0.3840158,0.021860695,0.05328941345214844
3,691,-0.3632503,0.020765506,-0.05242922157049179
3,692,-0.34247604,0.020774256,0.7770105004310608
3,693,-0.32287365,0.019602379,0.08045157045125961
3,694,-0.30354238,0.019331263,0.7633174657821655
3,695,-0.28495815,0.018584235,0.5240650177001953
3,696,-0.26733077,0.017627394,0.45596134662628174
3,697,-0.25062835,0.016702408,0.5421360731124878
3,698,-0.23587596,0.014752382,-0.0826793909072876
3,699,-0.22209318,0.01378278,0.6201081871986389
3,700,-0.20877571,0.013317463,1.0679222345352173
3,701,-0.19598372,0.012791999,1.063846230506897
3,702,-0.18377192,0.0122118015,1.295387864112854
3,703,-0.17249486,0.01127707,0.7965726256370544
3,704,-0.16231991,0.010174941,0.713691234588623
3,705,-0.15367137,0.008648541,0.45533230900764465
3,706,-0.14576183,0.007909536,1.1002219915390015
3,707,-0.13907489,0.006686937,0.6947746276855469
3,708,-0.13331865,0.0057562436,0.9032326936721802
3,709,-0.12838505,0.00493359,0.9866945147514343
3,710,-0.12563369,0.0027513644,0.08974982053041458
3,711,-0.12377627,0.0018574183,0.9537186622619629
3,712,-0.12362562,0.00015065294,0.4152330756187439
3,713,-0.12632728,-0.00270165,-0.34818539023399353
3,714,-0.12985153,-0.0035242545,1.048204779624939
3,715,-0.13425708,-0.0044055413,0.9542726278305054
3,716,-0.1416283,-0.0073712133,-0.4438175857067108
3,717,-0.15104297,-0.009414674,0.15617024898529053
3,718,-0.16120693,-0.010163958,0.9989466667175293
3,719,-0.17208418,-0.010877251,1.086986780166626
3,720,-0.18363562,-0.011551439,1.09638512134552
3,721,-0.19709042,-0.013454797,0.15117807686328888
3,722,-0.2123949,-0.015304483,0.15059737861156464
3,723,-0.22820881,-0.015813917,1.0608137845993042
3,724,-0.24459943,-0.016390622,0.9066224694252014
3,725,-0.26202926,-0.017429821,0.5449265241622925
3,726,-0.28043476,-0.018405491,0.527251124382019
3,727,-0.30063078,-0.020196022,-0.0828690156340599
3,728,-0.3220461,-0.021415336,0.22066836059093475
3,729,-0.34402564,-0.021979548,0.5713264346122742
3,730,-0.36733702,-0.023311377,-0.03282364457845688
3,731,-0.3911289,-0.023791865,0.4326793849468231
3,732,-0.41445374,-0.023324843,0.9563989043235779
3,733,-0.43756118,-0.023107452,0.680952787399292
3,734,-0.46256638,-0.025005182,-0.8397259712219238
3,735,-0.48894057,-0.026374193,-0.6092144250869751
3,736,-0.51488245,-0.025941892,0.4611801207065582
3,737,-0.5408466,-0.025964167,0.02872677706182003
3,738,-0.5668995,-0.026052916,-0.14536698162555695
3,739,-0.592366,-0.025466485,0.17505891621112823
3,740,-0.61701727,-0.024651315,0.2020443081855774
3,741,-0.6408374,-0.023820074,0.09315802156925201
3,742,-0.6648903,-0.024052935,-0.7294217348098755
3,743,-0.68730175,-0.02241145,0.4088304042816162
3,744,-0.70748985,-0.02018811,0.6962200403213501
3,745,-0.7260978,-0.018607957,0.17991380393505096
3,746,-0.7433792,-0.017281365,-0.06696167588233948
3,747,-0.7592444,-0.015865184,-0.07687382400035858
3,748,-0.77461225,-0.01536788,-0.7509766221046448
3,749,-0.78909034,-0.014478111,-0.5465869903564453
3,750,-0.80039537,-0.01130503,0.9238940477371216
3,751,-0.81103337,-0.010637995,-0.7856335043907166
3,752,-0.81959593,-0.008562558,0.11805178970098495
3,753,-0.8254452,-0.0058492557,0.5158582925796509
3,754,-0.8289967,-0.0035515276,0.22055523097515106
3,755,-0.83008325,-0.0010865331,0.32117971777915955
3,756,-0.828359,0.0017242528,0.5484066009521484
3,757,-0.8245202,0.0038388313,0.08951268345117569
3,758,-0.818833,0.0056871874,-0.07616624981164932
3,759,-0.8112013,0.0076317163,0.005752808414399624
3,760,-0.8022344,0.008966841,-0.37603598833084106
3,761,-0.79150045,0.010733969,-0.05842282623052597
3,762,-0.77895385,0.012546608,0.008539121598005295
3,763,-0.76471233,0.014241494,-0.02558455802500248
3,764,-0.7487123,0.01600005,0.06921593099832535
3,765,-0.7303895,0.01832282,0.5065755248069763
3,766,-0.71058416,0.019805308,0.019429543986916542
3,767,-0.6895437,0.021040432,-0.06324399262666702
3,768,-0.6660716,0.023472155,0.8252747654914856
3,769,-0.64114225,0.024929367,0.2806040346622467
3,770,-0.6156706,0.02547161,-0.21411830186843872
3,771,-0.5892236,0.026447002,0.19573399424552917
3,772,-0.5625891,0.026634486,-0.2010195255279541
3,773,-0.5353518,0.027237298,0.20736685395240784
3,774,-0.5079822,0.027369598,0.02944740653038025
3,775,-0.47993267,0.028049517,0.5313335061073303
3,776,-0.45123142,0.028701259,0.6522008776664734
3,777,-0.42328176,0.027949676,-0.1420545130968094
3,778,-0.39457315,0.028708605,1.0125997066497803
3,779,-0.36530825,0.029264897,1.157965898513794
3,780,-0.33635786,0.028950404,0.5523785948753357
3,781,-0.30846703,0.027890839,0.18136441707611084
3,782,-0.28057998,0.027887054,1.1515463590621948
3,783,-0.25316387,0.027416117,0.796319305896759
3,784,-0.22756489,0.025598984,-0.002779103349894285
3,785,-0.20284982,0.024715064,0.7038453221321106
3,786,-0.17941731,0.0234325,0.5124218463897705
3,787,-0.15775335,0.021663962,0.2519843876361847
3,788,-0.13788927,0.01986408,0.2835571765899658
3,789,-0.118896686,0.01899258,0.9450882077217102
3,790,-0.10210706,0.016789619,0.09312215447425842
3,791,-0.08648301,0.015624054,0.8120388984680176
3,792,-0.07177529,0.0147077255,1.1562398672103882
3,793,-0.05800983,0.013765458,1.340348720550537
3,794,-0.04531286,0.012696969,0.9291658997535706
3,795,-0.033592828,0.011720032,1.082402229309082
3,796,-0.02295734,0.010635489,0.9351808428764343
3,797,-0.013511429,0.009445911,0.8696641325950623
3,798,-0.005063464,0.008447965,1.285977840423584
3,799,0.0016869117,0.0067503755,0.5347483158111572
3,800,0.0068627237,0.0051758117,0.6169362664222717
3,801,0.011039065,0.0041763415,1.2094005346298218
3,802,0.014216778,0.0031777122,1.0353145599365234
3,803,0.016138397,0.0019216195,0.8277559280395508
3,804,0.016257001,0.000118603115,0.46270275115966797
3,805,0.015155692,-0.0011013097,0.8514097332954407
3,806,0.013056966,-0.002098726,1.1549246311187744
3,807,0.009960157,-0.0030968084,1.3814152479171753
3,808,0.005864464,-0.0040956927,1.2971093654632568
3,809,-0.00019077433,-0.0060552387,0.36004480719566345
3,810,-0.008672738,-0.008481964,0.04884963482618332
3,811,-0.0182689,-0.009596161,0.9233044385910034
3,812,-0.029366992,-0.011098093,0.6628758311271667
3,813,-0.041455388,-0.0120883975,1.0163589715957642
3,814,-0.054524478,-0.013069089,1.1009246110916138
3,815,-0.06917422,-0.014649745,0.5906484127044678
3,816,-0.0853956,-0.016221372,0.5831557512283325
3,817,-0.102613494,-0.017217897,0.94792240858078
3,818,-0.12071387,-0.018100372,1.1408993005752563
3,819,-0.14078875,-0.020074887,0.24222375452518463
3,820,-0.16166924,-0.020880485,0.9831368327140808
3,821,-0.1837698,-0.022100562,0.6610669493675232
3,822,-0.20649996,-0.02273016,1.2847174406051636
3,823,-0.22991039,-0.023410428,0.9034361839294434
3,824,-0.2553975,-0.025487108,-0.09875788539648056
3,825,-0.28213143,-0.026733935,0.3697088360786438
3,826,-0.30953285,-0.027401412,0.6594950556755066
3,827,-0.33728424,-0.027751388,0.7649438381195068
3,828,-0.36529478,-0.028010547,0.71104496717453
3,829,-0.39476758,-0.029472798,-0.21273380517959595
3,830,-0.42549568,-0.030728105,-0.2086334079504013
3,831,-0.45588768,-0.030391984,0.7075456976890564
3,832,-0.4865461,-0.030658418,0.1586092710494995
3,833,-0.5166564,-0.030110318,0.5502820611000061
3,834,-0.5466254,-0.029968992,0.12892663478851318
3,835,-0.5760106,-0.029385185,0.2741633355617523
3,836,-0.60525864,-0.029248083,-0.16957944631576538
3,837,-0.6343925,-0.029133858,-0.3280782103538513
3,838,-0.6619968,-0.027604265,0.47590380907058716
3,839,-0.68779075,-0.025793988,0.5345718860626221
3,840,-0.7125418,-0.024751065,-0.09287957847118378
3,841,-0.7350548,-0.022512963,0.5971345901489258
3,842,-0.7547521,-0.019697314,0.8893185257911682
3,843,-0.77238095,-0.01762883,0.3136536180973053
3,844,-0.7883169,-0.015935935,-0.003005372826009989
3,845,-0.8023321,-0.014015211,0.091697558760643
3,846,-0.81407624,-0.011744122,0.27722370624542236
3,847,-0.8229275,-0.008851226,0.6531774997711182
3,848,-0.82892066,-0.0059931637,0.6019194722175598
3,849,-0.83230495,-0.003384275,0.4173406660556793
3,850,-0.8337573,-0.0014523026,-0.0441742017865181
3,851,-0.8335391,0.00021812381,-0.22288930416107178
3,852,-0.8315961,0.0019430667,-0.1858929842710495
3,853,-0.82619023,0.0054058456,0.9784965515136719
3,854,-0.8183456,0.00784463,0.3122962415218353
3,855,-0.80817735,0.010168264,0.2600328326225281
3,856,-0.795694,0.012483378,0.28717517852783203
3,857,-0.7808513,0.014842681,0.35852372646331787
3,858,-0.7634092,0.017442122,0.5706348419189453
3,859,-0.74459946,0.018809753,-0.18650759756565094
3,860,-0.7229606,0.021638893,0.8602839708328247
3,861,-0.69870985,0.024250768,0.8028149008750916
3,862,-0.6728884,0.02582143,0.21127237379550934
3,863,-0.64648855,0.026399825,-0.33614638447761536
3,864,-0.61768776,0.028800761,1.2098184823989868
3,865,-0.58832467,0.029363103,-0.08932843059301376
3,866,-0.55880964,0.029515047,-0.2203041911125183
3,867,-0.52879506,0.030014573,0.15728972852230072
3,868,-0.49801794,0.030777134,0.4823938310146332
3,869,-0.46593246,0.032085467,1.0298174619674683
3,870,-0.43450475,0.03142771,-0.15160910785198212
3,871,-0.40341234,0.031092418,0.21665604412555695
3,872,-0.37206128,0.03135106,0.7604246139526367
3,873,-0.34095904,0.03110224,0.5659767985343933
3,874,-0.3098398,0.031119252,0.8795279860496521
3,875,-0.27890903,0.030930748,0.8713629841804504
3,876,-0.24950343,0.029405592,0.09972339123487473
3,877,-0.22146736,0.028036073,0.3081595003604889
3,878,-0.19415863,0.027308734,0.8272497057914734
3,879,-0.16847752,0.025681114,0.3067581057548523
3,880,-0.14450634,0.023971181,0.31832054257392883
3,881,-0.121303886,0.02320245,1.1827824115753174
3,882,-0.09893771,0.02236617,1.2078163623809814
3,883,-0.07897067,0.019967038,-0.005631722044199705
3,884,-0.061218396,0.017752273,0.1436024010181427
3,885,-0.045450184,0.015768213,0.3159313499927521
3,886,-0.031800453,0.013649734,0.23887811601161957
3,887,-0.019139351,0.012661102,1.0225523710250854
3,888,-0.007474129,0.011665222,1.0318325757980347
3,889,0.0031917216,0.010665851,1.0667394399642944
3,890,0.012827445,0.009635723,0.9798386096954346
3,891,0.020227225,0.00739978,0.17480415105819702
3,892,0.02558378,0.005356554,0.3014482259750366
3,893,0.028065512,0.0024817334,-0.25478696823120117
3,894,0.028322397,0.00025688545,0.17753061652183533
3,895,0.0275883,-0.0007340957,1.0397509336471558
3,896,0.025862763,-0.001725538,1.4887069463729858
3,897,0.023144746,-0.002718017,1.028328776359558
3,898,0.018777097,-0.004367649,0.5628958940505981
3,899,0.012986247,-0.005790849,0.715222954750061
3,900,0.006197295,-0.0067889523,1.0505419969558716
3,901,-0.0018916432,-0.008088938,0.7997213006019592
3,902,-0.012157687,-0.010266044,0.21523596346378326
3,903,-0.023422068,-0.011264382,1.1060376167297363
3,904,-0.03652579,-0.013103722,0.43632715940475464
3,905,-0.05141331,-0.01488752,0.46747153997421265
3,906,-0.06760612,-0.016192812,0.7766859531402588
3,907,-0.08589518,-0.018289061,0.235005721449852
3,908,-0.10580175,-0.019906571,0.5332974791526794
3,909,-0.12658344,-0.020781692,1.0010133981704712
3,910,-0.14955081,-0.022967374,0.09080801159143448
3,911,-0.17444213,-0.024891322,0.2190888375043869
3,912,-0.20026731,-0.025825195,0.8210214376449585
3,913,-0.22665472,-0.0263874,1.0216808319091797
3,914,-0.25349128,-0.026836552,0.9965577125549316
3,915,-0.28199992,-0.028508645,0.09278765320777893
3,916,-0.31075802,-0.028758096,0.938671350479126
3,917,-0.34079152,-0.030033488,0.14308807253837585
3,918,-0.3714174,-0.030625895,0.47396427392959595
3,919,-0.4024387,-0.031021291,0.4711496829986572
3,920,-0.4341973,-0.031758606,0.10100418329238892
3,921,-0.4659846,-0.0317873,0.4225400984287262
3,922,-0.49697545,-0.03099085,0.8176047801971436
3,923,-0.5284941,-0.031518646,-0.21888913214206696
3,924,-0.559592,-0.031097911,0.2560138702392578
3,925,-0.58958966,-0.029997617,0.5539122819900513
3,926,-0.61842054,-0.028830888,0.4500162601470947
3,927,-0.6466471,-0.028226543,-0.06484383344650269
3,928,-0.67424303,-0.027595932,-0.18095587193965912
3,929,-0.7003964,-0.026153395,0.2338498830795288
3,930,-0.7244252,-0.024028786,0.5732854008674622
3,931,-0.74627304,-0.021847835,0.5094882845878601
3,932,-0.7664182,-0.0201452,0.10269814729690552
3,933,-0.78539497,-0.01897677,-0.33057981729507446
3,934,-0.8037203,-0.018325325,-0.7442034482955933
3,935,-0.8197375,-0.016017202,0.2972709834575653
3,936,-0.83383834,-0.014100835,-0.015878276899456978
3,937,-0.8452734,-0.011435013,0.4404655396938324
3,938,-0.8537123,-0.008438916,0.6272940039634705
3,939,-0.86150664,-0.007794293,-0.9639395475387573
3,940,-0.8667989,-0.005292249,0.25335216522216797
3,941,-0.8690146,-0.002215766,0.6224998831748962
3,942,-0.86886877,0.00014585917,0.14025254547595978
3,943,-0.86693573,0.0019330106,-0.24235835671424866
3,944,-0.86307836,0.0038573926,-0.14591962099075317
3,945,-0.8568518,0.006226538,0.16061390936374664
3,946,-0.84882075,0.008031062,-0.1992190033197403
3,947,-0.8376792,0.011141537,0.6935243010520935
3,948,-0.8237644,0.013914816,0.5007226467132568
3,949,-0.80788094,0.015883446,0.0063601890578866005
3,950,-0.7896426,0.018238354,0.31467926502227783
3,951,-0.7696184,0.020024173,-0.002875714562833309
3,952,-0.74778485,0.021833558,0.08483389765024185
3,953,-0.7248701,0.022914777,-0.3175020217895508
3,954,-0.7008179,0.02405218,-0.18804116547107697
3,955,-0.675465,0.02535287,0.022188842296600342
3,956,-0.64898795,0.026477046,0.016118710860610008
3,957,-0.62101406,0.027973918,0.3856506943702698
3,958,-0.5919881,0.029025972,0.22119614481925964
3,959,-0.5617945,0.030193578,0.4388521909713745
3,960,-0.53114504,0.030649476,0.1133708506822586
3,961,-0.49909973,0.0320453,0.8928222060203552
3,962,-0.46695495,0.032144792,0.18871231377124786
3,963,-0.4343923,0.032562636,0.5604197382926941
3,964,-0.40149564,0.032896675,0.6634204983711243
3,965,-0.36969543,0.031800203,-0.13402768969535828
3,966,-0.33776748,0.031927936,0.8276206851005554
3,967,-0.30638176,0.031385716,0.5202897787094116
3,968,-0.2753456,0.031036181,0.7778104543685913
3,969,-0.24522941,0.03011619,0.5163299441337585
3,970,-0.21764664,0.027582772,-0.45332983136177063
3,971,-0.19054963,0.027097018,1.0418007373809814
3,972,-0.1650231,0.025526527,0.35468944907188416
3,973,-0.14029777,0.024725337,0.9324330687522888
3,974,-0.11635424,0.023943527,1.1589220762252808
3,975,-0.094009705,0.022344539,0.5001639723777771
3,976,-0.07324098,0.020768724,0.5502786636352539
3,977,-0.05341215,0.01982883,1.0437195301055908
3,978,-0.034551296,0.018860856,1.4075654745101929
3,979,-0.016677022,0.017874274,1.0449154376983643
3,980,3.3846624e-07,0.016677361,0.8666385412216187
3,981,0.014004397,0.014004059,-0.1155347004532814
3,982,0.026871232,0.012866835,0.9070464372634888
3,983,0.038746186,0.011874954,1.001739740371704
3,984,0.04963801,0.010891824,1.0233726501464844
3,985,0.0591645,0.009526491,0.7379996180534363
3,986,0.06757788,0.008413379,0.8984074592590332
3,987,0.07378534,0.0062074587,0.161919504404068
3,988,0.0788862,0.0051008635,0.8882709741592407
3,989,0.08305675,0.0041705463,1.184248924255371
3,990,0.0863045,0.0032477528,1.0637308359146118
3,991,0.08833929,0.0020347899,0.8024725317955017
3,992,0.089357965,0.0010186714,0.9310674071311951
3,993,0.08946593,0.00010796428,1.6572740077972412
3,994,0.0886634,-0.0008025283,1.2525050640106201
3,995,0.08694879,-0.00171461,1.124446153640747
3,996,0.08431875,-0.00263004,1.123474359512329
3,997,0.080768265,-0.003550482,1.5750561952590942
3,998,0.07508517,-0.0056830966,0.19623608887195587
3,999,0.06835061,-0.006734554,0.9235900640487671
4,1,-0.44365272,-0.0007786434,-0.11940591037273407
4,2,-0.44496393,-0.0013111979,0.040872711688280106
4,3,-0.44776082,-0.0027968902,-0.6009239554405212
4,4,-0.45088252,-0.0031216987,0.15938791632652283
4,5,-0.45401525,-0.0031327386,0.35334447026252747
4,6,-0.4577045,-0.0036892646,-0.025621062144637108
4,7,-0.4609804,-0.0032758736,0.6029236912727356
4,8,-0.4644789,-0.003498536,0.1628120392560959
4,9,-0.46877232,-0.004293402,-0.23585878312587738
4,10,-0.47368297,-0.00491066,-0.13860714435577393
4,11,-0.47767952,-0.003996553,0.8580519556999207
4,12,-0.48158395,-0.0039044274,0.29028773307800293
4,13,-0.48503807,-0.0034541306,0.5097160935401917
4,14,-0.48929748,-0.0042594094,-0.34447863698005676
4,15,-0.49403527,-0.0047378084,-0.1477285474538803
4,16,-0.49815395,-0.00411869,0.5603694319725037
4,17,-0.5023436,-0.0041896645,0.07978424429893494
4,18,-0.5057353,-0.0033916633,0.6382046341896057
4,19,-0.50933206,-0.0035967848,-0.047472916543483734
4,20,-0.51269263,-0.0033605397,0.22880852222442627
4,21,-0.5156763,-0.002983698,0.305748850107193
4,22,-0.5188564,-0.0031800962,-0.09132356941699982
4,23,-0.5223577,-0.0035012828,-0.19041337072849274
4,24,-0.52448,-0.0021222676,0.925548791885376
4,25,-0.5263747,-0.0018947318,0.14728450775146484
4,26,-0.5281685,-0.0017938315,0.05338742211461067
4,27,-0.52910393,-0.00093546486,0.5493965148925781
4,28,-0.53041255,-0.0013086351,-0.2763047218322754
4,29,-0.5310286,-0.0006160592,0.4276507794857025
4,30,-0.5318424,-0.00081380387,-0.16897597908973694
4,31,-0.53120416,0.00063824153,0.9268162846565247
4,32,-0.52921003,0.0019941484,0.8659142255783081
4,33,-0.5267069,0.0025031706,0.3112931549549103
4,34,-0.52306515,0.0036417302,0.7434994578361511
4,35,-0.5179274,0.005137728,1.1281613111495972
4,36,-0.5117056,0.0062218294,0.7510896325111389
4,37,-0.50450414,0.0072014155,0.7125108242034912
4,38,-0.49594587,0.0085582845,1.0643682479858398
4,39,-0.4874785,0.008467383,0.07750455290079117
4,40,-0.48041904,0.0070594694,-0.758360743522644
4,41,-0.47356254,0.006856505,0.07998567074537277
4,42,-0.4664316,0.007130961,0.43221330642700195
4,43,-0.45966083,0.0067707673,0.04430779442191124
4,44,-0.45233837,0.007322469,0.6855340600013733
4,45,-0.44560373,0.0067346278,-0.03829988092184067
4,46,-0.44034934,0.005254393,-0.6003968119621277
4,47,-0.43498725,0.0053620934,0.4837339222431183
4,48,-0.43053573,0.0044514993,-0.1692049652338028
4,49,-0.4272185,0.0033172327,-0.2968839108943939
4,50,-0.42322996,0.003988543,0.9227548241615295
4,51,-0.4198824,0.003347562,0.06697432696819305
4,52,-0.41710615,0.002776236,0.1293707638978958
4,53,-0.41439897,0.0027071733,0.4774097502231598
4,54,-0.41219875,0.002200223,0.19831816852092743
4,55,-0.40970477,0.0024939838,0.7425299286842346
4,56,-0.4067218,0.0029829764,0.8844488859176636
4,57,-0.40477806,0.0019437472,-0.12033545225858688
4,58,-0.40297037,0.0018076866,0.4908945560455322
4,59,-0.40090623,0.0020641442,0.7610349655151367
4,60,-0.3992063,0.0016999143,0.3568841814994812
4,61,-0.39693612,0.0022701868,0.9878082275390625
4,62,-0.3944816,0.0024545225,0.7410725951194763
4,63,-0.39147142,0.003010179,1.05129075050354
4,64,-0.38958752,0.0018838991,-0.10738078504800797
4,65,-0.38758674,0.0020007675,0.7300634980201721
4,66,-0.3855033,0.0020834438,0.7164632678031921
4,67,-0.38308078,0.002422518,0.8969442248344421
4,68,-0.38183525,0.0012455351,-0.10269051790237427
4,69,-0.38012117,0.0017140714,1.0904730558395386
4,70,-0.37800187,0.002119289,0.9655854105949402
4,71,-0.37578043,0.0022214432,0.7731589674949646
4,72,-0.37344202,0.002338407,0.7930806875228882
4,73,-0.3706921,0.0027499348,1.029498815536499
4,74,-0.36808833,0.0026037546,0.6405478715896606
4,75,-0.36652684,0.0015614936,0.05481096729636192
4,76,-0.36521322,0.0013136338,0.5913766622543335
4,77,-0.36462718,0.00058601925,0.2773866355419159
4,78,-0.36533228,-0.0007050895,-0.09567179530858994
4,79,-0.36662644,-0.0012941735,0.3692108392715454
4,80,-0.36755487,-0.0009284327,1.1626604795455933
4,81,-0.36921528,-0.0016604145,0.2640451192855835
4,82,-0.37175903,-0.0025437528,0.15572261810302734
4,83,-0.3740802,-0.0023211953,0.8815861344337463
4,84,-0.37618884,-0.0021086459,0.8644738793373108
4,85,-0.37786737,-0.0016785354,1.0007559061050415
4,86,-0.37970775,-0.001840377,0.5977709889411926
4,87,-0.3830189,-0.0033111584,-0.28320255875587463
4,88,-0.38638464,-0.0033657132,0.6458771824836731
4,89,-0.39099294,-0.004608304,-0.16153521835803986
4,90,-0.39690167,-0.005908738,-0.22127726674079895
4,91,-0.4052379,-0.008336251,-1.380905270576477
4,92,-0.41379082,-0.008552904,0.4350103437900543
4,93,-0.42313442,-0.009343606,0.012028694152832031
4,94,-0.43308228,-0.009947876,0.09190453588962555
4,95,-0.44220072,-0.009118438,1.2653344869613647
4,96,-0.450898,-0.008697265,0.683739423751831
4,97,-0.459903,-0.009005,0.15547193586826324
4,98,-0.46945012,-0.009547119,-0.04486854374408722
4,99,-0.4786114,-0.009161293,0.5267720222473145
4,100,-0.48661366,-0.008002245,0.9969527721405029
4,101,-0.4947101,-0.008096412,0.12176838517189026
4,102,-0.5045229,-0.009812806,-1.092079520225525
4,103,-0.51428837,-0.009765445,0.126900777220726
4,104,-0.5231578,-0.008869383,0.6439209580421448
4,105,-0.5327858,-0.009627982,-0.5035282373428345
4,106,-0.54128104,-0.008495244,0.7092296481132507
4,107,-0.5511437,-0.009862689,-1.4413399696350098
4,108,-0.56093144,-0.009787739,-0.08760109543800354
4,109,-0.5704965,-0.009565048,-0.03781253844499588
4,110,-0.5798361,-0.0093395505,-0.08338439464569092
4,111,-0.58885574,-0.0090196775,-0.06660568714141846
4,112,-0.5973882,-0.008532449,0.0006144139333628118
4,113,-0.60595435,-0.0085661225,-0.3883901834487915
4,114,-0.6125626,-0.0066082655,0.8976368308067322
4,115,-0.618293,-0.0057304185,0.1456742286682129
4,116,-0.6221307,-0.0038377198,0.7946708798408508
4,117,-0.62530506,-0.0031743527,-0.043271634727716446
4,118,-0.6262284,-0.00092333637,1.0568397045135498
4,119,-0.62787366,-0.0016452856,-0.9863786101341248
4,120,-0.6280812,-0.00020753861,0.4455856382846832
4,121,-0.6268936,0.0011875929,0.41618800163269043
4,122,-0.6248826,0.002010977,0.040675051510334015
4,123,-0.621492,0.0033905215,0.4210340082645416
4,124,-0.6176706,0.003821455,-0.19517171382904053
4,125,-0.6134204,0.0042501646,-0.17833368480205536
4,126,-0.6071047,0.0063157263,0.9333481788635254
4,127,-0.59942794,0.0076767984,0.4942053556442261
4,128,-0.5908405,0.008587445,0.23121368885040283
4,129,-0.5808909,0.009949597,0.5741679072380066
4,130,-0.56939644,0.011494469,0.7448629140853882
4,131,-0.5567718,0.012624627,0.5251702070236206
4,132,-0.543302,0.013469802,0.3978584110736847
4,133,-0.52904236,0.0142596355,0.4280967712402344
4,134,-0.5145575,0.0144849075,0.12296459823846817
4,135,-0.49978974,0.014767751,0.23376324772834778
4,136,-0.48500633,0.014783413,0.12938524782657623
4,137,-0.46909675,0.015909571,0.9433040618896484
4,138,-0.45338336,0.015713383,0.14050456881523132
4,139,-0.4366927,0.016690653,1.1353569030761719
4,140,-0.42084777,0.01584493,-0.13419102132320404
4,141,-0.40441856,0.016429212,0.8951788544654846
4,142,-0.38740495,0.017013604,0.9728803038597107
4,143,-0.37154943,0.015855515,-0.10987930744886398
4,144,-0.35571694,0.015832499,0.718810498714447
4,145,-0.339591,0.016125945,1.0774716138839722
4,146,-0.32468146,0.014909521,0.06306876987218857
4,147,-0.31093788,0.013743592,0.1593126803636551
4,148,-0.29729998,0.013637887,0.922156810760498
4,149,-0.28432205,0.0129779205,0.6065795421600342
4,150,-0.27328473,0.011037312,-0.19748540222644806
4,151,-0.26313826,0.010146458,0.5433100461959839
4,152,-0.25492424,0.008214034,-0.11451447755098343
4,153,-0.24701405,0.007910185,1.2815470695495605
4,154,-0.23960915,0.007404897,0.89275062084198
4,155,-0.23393151,0.005677633,0.10278806835412979
4,156,-0.23005803,0.0038734754,0.07003645598888397
4,157,-0.22667964,0.0033783899,0.9551682472229004
4,158,-0.22374512,0.0029345192,1.0028111934661865
4,159,-0.22132482,0.0024203104,0.9622839689254761
4,160,-0.21955535,0.0017694689,0.8786876797676086
4,161,-0.21838291,0.0011724383,0.9199952483177185
4,162,-0.21801706,0.00036585628,0.7838742136955261
4,163,-0.21813527,-0.00011820762,1.6039018630981445
4,164,-0.22014457,-0.002009301,0.06162063777446747
4,165,-0.22262819,-0.0024836166,1.1086136102676392
4,166,-0.22659877,-0.003970577,0.3172491192817688
4,167,-0.23107968,-0.00448092,0.9559392333030701
4,168,-0.23598355,-0.00490387,1.0640594959259033
4,169,-0.24268495,-0.00670139,0.06781385838985443
4,170,-0.2506546,-0.007969655,0.39860644936561584
4,171,-0.25895014,-0.008295528,1.0138605833053589
4,172,-0.2677814,-0.008831277,0.8313755989074707
4,173,-0.27699283,-0.009211421,0.9037431478500366
4,174,-0.28638962,-0.0093968045,1.0133771896362305
4,175,-0.29601842,-0.009628813,0.9337732791900635
4,176,-0.30619124,-0.010172824,0.6888626217842102
4,177,-0.31761813,-0.011426906,0.17553600668907166
4,178,-0.33022147,-0.012603345,0.18130511045455933
4,179,-0.34333074,-0.013109253,0.5762853622436523
4,180,-0.35769027,-0.014359529,0.024524716660380363
4,181,-0.37273338,-0.0150430985,0.3400006592273712
4,182,-0.38844818,-0.015714806,0.28103142976760864
4,183,-0.4051644,-0.01671621,-0.01021356601268053
4,184,-0.4226497,-0.017485313,0.06705544143915176
4,185,-0.43938062,-0.01673091,1.0952982902526855
4,186,-0.45678613,-0.017405523,-0.03311733528971672
4,187,-0.47515842,-0.018372288,-0.3126789629459381
4,188,-0.4934774,-0.01831897,0.27689552307128906
4,189,-0.51059973,-0.017122304,0.9481793642044067
4,190,-0.5265307,-0.015930966,0.8592050075531006
4,191,-0.5424606,-0.01592994,-0.013975685462355614
4,192,-0.5595381,-0.017077483,-0.8592878580093384
4,193,-0.57626724,-0.0167291,0.05290692672133446
4,194,-0.5913583,-0.015091071,0.8297715187072754
4,195,-0.6052233,-0.013865018,0.4808991551399231
4,196,-0.6187722,-0.013548922,-0.19332535564899445
4,197,-0.6314941,-0.012721887,0.08192885667085648
4,198,-0.6424422,-0.010948094,0.652423620223999
4,199,-0.65230125,-0.009859001,0.14435355365276337
4,200,-0.6621071,-0.009805844,-0.5922040343284607
4,201,-0.6696492,-0.007542069,0.836399495601654
4,202,-0.6758944,-0.006245211,0.15746188163757324
4,203,-0.681405,-0.0055106496,-0.2455528974533081
4,204,-0.6842758,-0.0028708205,1.0570876598358154
4,205,-0.6852981,-0.001022286,0.4597232937812805
4,206,-0.68396926,0.0013288091,0.7902384400367737
4,207,-0.68099725,0.0029720315,0.32420700788497925
4,208,-0.6766821,0.0043151546,0.1373443603515625
4,209,-0.6710717,0.0056104204,0.12471727281808853
4,210,-0.66321635,0.007855351,0.7830763459205627
4,211,-0.65327054,0.009945832,0.7157994508743286
4,212,-0.64087653,0.012394026,1.0329712629318237
4,213,-0.62729114,0.013585396,0.21988102793693542
4,214,-0.6124514,0.014839783,0.32611775398254395
4,215,-0.59628916,0.016162194,0.4425866901874542
4,216,-0.5801031,0.016186064,-0.3446648418903351
4,217,-0.5637552,0.016347896,-0.17328259348869324
4,218,-0.54706144,0.016693776,0.03028997965157032
4,219,-0.5295605,0.017500954,0.42090147733688354
4,220,-0.51151085,0.018049685,0.33601364493370056
4,221,-0.4944041,0.017106734,-0.5682077407836914
4,222,-0.47727832,0.017125782,0.15848466753959656
4,223,-0.45983586,0.017442474,0.44198620319366455
4,224,-0.4417682,0.018067658,0.7336634397506714
4,225,-0.42384192,0.01792629,0.3108102083206177
4,226,-0.40639016,0.017451763,0.1750202775001526
4,227,-0.38976336,0.016626809,0.024071363732218742
4,228,-0.37434533,0.015418032,-0.15450921654701233
4,229,-0.36016884,0.01417648,-0.10612230747938156
4,230,-0.34679493,0.013373917,0.24976061284542084
4,231,-0.33419117,0.012603751,0.329703688621521
4,232,-0.32143277,0.012758414,1.1336255073547363
4,233,-0.30961165,0.0118211275,0.3251316547393799
4,234,-0.2987898,0.010821837,0.331752210855484
4,235,-0.28920102,0.009588791,0.21871913969516754
4,236,-0.28046143,0.008739589,0.511626660823822
4,237,-0.27188793,0.008573511,1.33769953250885
4,238,-0.26470548,0.0071824375,0.21492639183998108
4,239,-0.25868833,0.0060171518,0.39133498072624207
4,240,-0.25295538,0.0057329633,1.0435874462127686
4,241,-0.24758439,0.0053709885,0.9680445194244385
4,242,-0.24381794,0.0037664433,0.15798544883728027
4,243,-0.24103191,0.0027860277,0.5867297053337097
4,244,-0.23878208,0.0022498386,0.8921419382095337
4,245,-0.23691776,0.0018643137,1.3830091953277588
4,246,-0.23712762,-0.00020985756,-0.11966312676668167
4,247,-0.23789969,-0.0007720792,0.8876184821128845
4,248,-0.23914489,-0.0012451942,0.9444991946220398
4,249,-0.24077383,-0.0016289313,1.1473069190979004
4,250,-0.24345985,-0.002686018,0.5457305312156677
4,251,-0.24705985,-0.0036000079,0.6322087049484253
4,252,-0.25275847,-0.0056986315,-0.1696280539035797
4,253,-0.26078457,-0.008026089,-0.3415994942188263
4,254,-0.2690838,-0.00829923,1.0166040658950806
4,255,-0.27761173,-0.008527946,1.1563736200332642
4,256,-0.28632164,-0.008709898,1.0522146224975586
4,257,-0.29623783,-0.009916197,0.28450360894203186
4,258,-0.30623004,-0.009992225,2.0452253818511963
4,259,-0.31623942,-0.010009379,1.0174782276153564
4,260,-0.32680556,-0.0105661405,0.6000344753265381
4,261,-0.3379333,-0.011127732,0.5534002184867859
4,262,-0.34937865,-0.01144533,0.6693323850631714
4,263,-0.3621168,-0.012738164,-0.02991027943789959
4,264,-0.37600088,-0.01388406,0.012265975587069988
4,265,-0.39114252,-0.01514164,-0.1242772713303566
4,266,-0.40775213,-0.016609598,-0.3336494266986847
4,267,-0.42530498,-0.017552853,-0.061193469911813736
4,268,-0.44346347,-0.018158492,0.08061777800321579
4,269,-0.46212742,-0.018663932,0.05986856296658516
4,270,-0.48175484,-0.019627435,-0.33671852946281433
4,271,-0.5007117,-0.018956825,0.6557433605194092
4,272,-0.519433,-0.018721357,0.27132388949394226
4,273,-0.5387858,-0.019352777,-0.40011894702911377
4,274,-0.55654204,-0.017756209,0.9884692430496216
4,275,-0.57522607,-0.018684004,-0.7829777002334595
4,276,-0.59252346,-0.017297404,0.6672937273979187
4,277,-0.6091108,-0.01658733,0.1312101185321808
4,278,-0.6236081,-0.014497365,0.9704241156578064
4,279,-0.6367975,-0.013189369,0.37941882014274597
4,280,-0.64886224,-0.012064768,0.19455648958683014
4,281,-0.66038156,-0.01151931,-0.2480410486459732
4,282,-0.67088205,-0.010500503,0.01432354561984539
4,283,-0.6800933,-0.009211234,0.1468251645565033
4,284,-0.68676996,-0.006676646,0.9356821775436401
4,285,-0.6911327,-0.004362781,0.7589154839515686
4,286,-0.6935396,-0.0024068903,0.5010817646980286
4,287,-0.6952227,-0.0016830775,-0.3308287560939789
4,288,-0.6957381,-0.0005154092,-0.04225977137684822
4,289,-0.69471925,0.0010187925,0.19985391199588776
4,290,-0.6931587,0.0015605695,-0.4573289155960083
4,291,-0.6889333,0.0042253714,0.9648269414901733
4,292,-0.68201816,0.0069151577,1.1178498268127441
4,293,-0.673833,0.00818512,0.0840281993150711
4,294,-0.6640841,0.009748925,0.31653958559036255
4,295,-0.65357524,0.01050883,-0.17521269619464874
4,296,-0.64215034,0.011424891,-0.022830961272120476
4,297,-0.6286422,0.013508143,0.8084946274757385
4,298,-0.6152271,0.013415126,-0.5785783529281616
4,299,-0.5998198,0.015407331,0.8757429122924805
4,300,-0.5834828,0.01633696,0.2419603019952774
4,301,-0.5657118,0.017770985,0.6582041382789612
4,302,-0.5464927,0.019219087,0.7553958892822266
4,303,-0.5270106,0.019482091,0.06095580756664276
4,304,-0.50674427,0.020266354,0.5057833194732666
4,305,-0.48577356,0.020970708,0.553805947303772
4,306,-0.46597636,0.019797197,-0.5936203598976135
4,307,-0.44514775,0.020828608,0.9742869734764099
4,308,-0.42515427,0.01999348,-0.1681087613105774
4,309,-0.4045332,0.02062106,0.9034847021102905
4,310,-0.38628626,0.018246936,-1.2956963777542114
4,311,-0.36812708,0.018159185,0.608808696269989
4,312,-0.35087597,0.017251119,0.14410129189491272
4,313,-0.33452666,0.016349318,0.22428224980831146
4,314,-0.31955734,0.014969309,-0.024528708308935165
4,315,-0.3051469,0.014410446,0.58510422706604
4,316,-0.2907775,0.014369411,0.9883785843849182
4,317,-0.2765157,0.014261806,1.6358306407928467
4,318,-0.26295134,0.013564344,0.6603743433952332
4,319,-0.24995866,0.012992673,0.7933176159858704
4,320,-0.2385053,0.011453357,0.19341148436069489
4,321,-0.228467,0.010038304,0.3145565688610077
4,322,-0.22130486,0.007162146,-0.627163290977478
4,323,-0.21507022,0.0062346444,0.6943092346191406
4,324,-0.209333,0.0057372116,1.3357070684432983
4,325,-0.20555334,0.0037796628,0.0436420738697052
4,326,-0.20280632,0.0027470205,0.6712627410888672
4,327,-0.20061068,0.0021956386,1.2145953178405762
4,328,-0.19897579,0.0016348892,1.4188016653060913
4,329,-0.19826032,0.00071546977,0.765498161315918
4,330,-0.19819687,6.3447216e-05,0.9457703828811646
4,331,-0.19907309,-0.0008762231,0.7541829347610474
4,332,-0.20127726,-0.0022041711,0.4928722381591797
4,333,-0.20403934,-0.002762086,1.0426026582717896
4,334,-0.20772894,-0.003689595,0.745715320110321
4,335,-0.21198878,-0.0042598424,0.9732060432434082
4,336,-0.21708144,-0.0050926623,0.785616934299469
4,337,-0.2232297,-0.0061482564,0.6218206882476807
4,338,-0.23000133,-0.00677163,0.8911085724830627
4,339,-0.23720106,-0.0071997386,1.1601959466934204
4,340,-0.2447941,-0.0075930282,1.0055158138275146
4,341,-0.25399143,-0.00919733,0.16754011809825897
4,342,-0.2635863,-0.00959488,0.940757691860199
4,343,-0.27376616,-0.010179851,0.7821956276893616
4,344,-0.2858173,-0.012051124,-0.11206300556659698
4,345,-0.29917,-0.013352706,0.22288943827152252
4,346,-0.3125816,-0.013411603,1.140794038772583
4,347,-0.32628334,-0.01370173,0.792594850063324
4,348,-0.3410757,-0.014792361,0.20287483930587769
4,349,-0.35607225,-0.014996557,0.731559157371521
4,350,-0.37077302,-0.014700776,1.6999256610870361
4,351,-0.38508025,-0.0143072335,1.2666714191436768
4,352,-0.39889672,-0.01381648,1.0388972759246826
4,353,-0.41230857,-0.013411846,0.8788236975669861
4,354,-0.4266433,-0.014334729,-0.06908499449491501
4,355,-0.44051218,-0.01386888,0.7885361313819885
4,356,-0.45414856,-0.013636388,0.5661393404006958
4,357,-0.46680206,-0.0126535045,1.2723122835159302
4,358,-0.47980452,-0.013002457,0.049976129084825516
4,359,-0.4916345,-0.0118299695,1.0427621603012085
4,360,-0.5022646,-0.010630138,0.9594643712043762
4,361,-0.51210827,-0.009843663,0.6309147477149963
4,362,-0.52196693,-0.0098586455,0.0474528968334198
4,363,-0.5310831,-0.0091161635,0.5031472444534302
4,364,-0.5403857,-0.009302602,-0.16171112656593323
4,365,-0.5499309,-0.009545159,-0.24560362100601196
4,366,-0.55919164,-0.0092607895,0.0580558180809021
4,367,-0.5668491,-0.0076574483,0.8912677764892578
4,368,-0.5729956,-0.0061464855,0.7916630506515503
4,369,-0.57896566,-0.0059700874,-0.12848252058029175
4,370,-0.584346,-0.005380314,0.11761914193630219
4,371,-0.588699,-0.0043529724,0.3828367590904236
4,372,-0.59301764,-0.0043186666,-0.300565242767334
4,373,-0.59639955,-0.0033819294,0.27990078926086426
4,374,-0.5985805,-0.0021809286,0.4395502805709839
4,375,-0.6003922,-0.0018117576,-0.12564074993133545
4,376,-0.6015278,-0.0011355766,0.07020758837461472
4,377,-0.6030067,-0.0014788853,-0.6149778962135315
4,378,-0.60334355,-0.00033682305,0.3680798411369324
4,379,-0.603412,-6.8446476e-05,-0.21601364016532898
4,380,-0.60272866,0.00068328105,0.10588793456554413
4,381,-0.60162103,0.0011076388,-0.10903863608837128
4,382,-0.5995049,0.0021161642,0.2857913672924042
4,383,-0.59559405,0.0039108414,0.8201925158500671
4,384,-0.59098744,0.0046066185,0.10666728019714355
4,385,-0.5858459,0.005141562,0.021975945681333542
4,386,-0.58040553,0.0054403464,-0.11024010181427002
4,387,-0.57400745,0.0063980636,0.35581719875335693
4,388,-0.56671166,0.0072957887,0.3473997414112091
4,389,-0.55855286,0.008158829,0.36039623618125916
4,390,-0.5507611,0.007791782,-0.4191484749317169
4,391,-0.5425659,0.008195211,0.13329173624515533
4,392,-0.53349656,0.009069343,0.48797038197517395
4,393,-0.52413803,0.00935855,0.14332327246665955
4,394,-0.51498914,0.00914888,-0.14247678220272064
4,395,-0.50440484,0.010584314,1.2963814735412598
4,396,-0.49424902,0.010155822,-0.18974462151527405
4,397,-0.48423493,0.010014094,0.05207395553588867
4,398,-0.47341275,0.010822184,0.7350890040397644
4,399,-0.46290478,0.01050798,0.04051373526453972
4,400,-0.45309246,0.009812335,-0.16196773946285248
4,401,-0.44400162,0.009090844,-0.13108545541763306
4,402,-0.43440002,0.009601603,0.7347208261489868
4,403,-0.424122,0.010278025,0.8916377425193787
4,404,-0.41396853,0.010153467,0.4069952666759491
4,405,-0.4045084,0.00946012,0.07609131932258606
4,406,-0.39488554,0.009622858,0.691356360912323
4,407,-0.38470423,0.01018132,1.432830572128296
4,408,-0.37571412,0.008990095,-0.11959977447986603
4,409,-0.36645576,0.009258346,0.8942379355430603
4,410,-0.3577146,0.008741157,0.4121408462524414
4,411,-0.35040748,0.0073071155,-0.16042090952396393
4,412,-0.3434184,0.006989082,0.6154947280883789
4,413,-0.33834875,0.0050696433,-0.4219588339328766
4,414,-0.33355868,0.0047900598,0.6929119825363159
4,415,-0.32861796,0.0049407263,1.127709150314331
4,416,-0.32449302,0.0041249488,0.3764004707336426
4,417,-0.32157353,0.002919503,0.1337466984987259
4,418,-0.3191711,0.0024024316,0.6046966314315796
4,419,-0.31786397,0.0013071223,0.2290526032447815
4,420,-0.31650373,0.0013602283,1.452043056488037
4,421,-0.31694496,-0.00044121817,-0.23082993924617767
4,422,-0.3193868,-0.0024418412,-0.36540907621383667
4,423,-0.32264355,-0.0032567435,0.41510841250419617
4,424,-0.32587606,-0.0032325005,0.9611707925796509
4,425,-0.3292732,-0.0033971414,0.8218907117843628
4,426,-0.33406904,-0.004795842,-0.014947942458093166
4,427,-0.338711,-0.004641951,1.3176038265228271
4,428,-0.34447268,-0.005761671,0.13128197193145752
4,429,-0.35132948,-0.006856792,0.12306179106235504
4,430,-0.35807785,-0.006748389,0.8957812786102295
4,431,-0.364631,-0.006553142,0.9241750836372375
4,432,-0.37221235,-0.007581347,0.07958030700683594
4,433,-0.38087592,-0.008663566,0.009699300862848759
4,434,-0.39131942,-0.010443523,-0.4946289360523224
4,435,-0.40160263,-0.01028319,0.7510617971420288
4,436,-0.41232932,-0.010726681,0.3007935881614685
4,437,-0.4223751,-0.01004579,1.3802214860916138
4,438,-0.43224835,-0.009873232,0.6134139895439148
4,439,-0.4420257,-0.0097773345,0.5149877071380615
4,440,-0.45115656,-0.009130855,0.834792971611023
4,441,-0.4595315,-0.008374928,0.8633184432983398
4,442,-0.46831286,-0.00878136,0.04741274192929268
4,443,-0.47600695,-0.0076941065,1.0969926118850708
4,444,-0.48277777,-0.0067708176,0.852677583694458
4,445,-0.4900524,-0.007274619,-0.1322721689939499
4,446,-0.4971267,-0.007074292,0.30100017786026
4,447,-0.50462663,-0.0074999533,-0.15155304968357086
4,448,-0.5119802,-0.0073535163,0.19243420660495758
4,449,-0.5198585,-0.007878318,-0.2917869985103607
4,450,-0.52775174,-0.00789324,0.00875301193445921
4,451,-0.5352849,-0.0075331223,0.2193140685558319
4,452,-0.5416771,-0.0063922494,0.7021632790565491
4,453,-0.54784346,-0.0061663166,0.060274604707956314
4,454,-0.5537824,-0.0059389574,0.030456293374300003
4,455,-0.5590076,-0.0052251616,0.32515206933021545
4,456,-0.56334025,-0.004332681,0.41827574372291565
4,457,-0.56760865,-0.0042683957,-0.15537989139556885
4,458,-0.57012546,-0.0025167922,0.9483250975608826
4,459,-0.5723233,-0.00219785,-0.019250664860010147
4,460,-0.57281756,-0.0004942149,0.8930006623268127
4,461,-0.5726098,0.00020776707,0.2227872908115387
4,462,-0.5720461,0.0005636979,-0.006885793060064316
4,463,-0.56973565,0.0023104835,0.9231389760971069
4,464,-0.5671819,0.0025537475,-0.06777247041463852
4,465,-0.56312156,0.00406034,0.7870997786521912
4,466,-0.5580221,0.005099503,0.49562397599220276
4,467,-0.55148435,0.0065377513,0.7870215177536011
4,468,-0.5442344,0.007249947,0.33553194999694824
4,469,-0.53695565,0.007278731,-0.08392298221588135
4,470,-0.5292728,0.007682883,0.202668234705925
4,471,-0.52165264,0.0076201516,-0.07018963247537613
4,472,-0.5149772,0.0066754264,-0.620086133480072
4,473,-0.5077345,0.007242714,0.4212948977947235
4,474,-0.5012461,0.006488368,-0.4236059784889221
4,475,-0.49443448,0.0068116216,0.32718217372894287
4,476,-0.4868405,0.0075939945,0.6672174334526062
4,477,-0.4788177,0.008022773,0.46927133202552795
4,478,-0.46992263,0.008895074,0.8047666549682617
4,479,-0.46044517,0.00947747,0.6554863452911377
4,480,-0.4500083,0.01043685,0.9534687995910645
4,481,-0.44124725,0.008761058,-0.7522238492965698
4,482,-0.4331271,0.008120135,-0.01969980075955391
4,483,-0.4262653,0.0068618087,-0.3920595347881317
4,484,-0.41887417,0.00739111,0.832648515701294
4,485,-0.4117102,0.0071639637,0.36362046003341675
4,486,-0.4045869,0.0071232836,0.5218762755393982
4,487,-0.3974694,0.007117518,0.5786535143852234
4,488,-0.391148,0.006321411,0.08496709167957306
4,489,-0.38619533,0.0049526836,-0.26752132177352905
4,490,-0.38074425,0.005451095,1.0856813192367554
4,491,-0.37644818,0.004296078,-0.07740331441164017
4,492,-0.3719206,0.004527597,0.8664336800575256
4,493,-0.36769164,0.0042289365,0.5333819389343262
4,494,-0.36321604,0.004475583,0.9158535599708557
4,495,-0.35839745,0.0048185894,1.0552771091461182
4,496,-0.35329422,0.0051032407,0.9823725819587708
4,497,-0.34816122,0.0051330114,0.8348045349121094
4,498,-0.34356022,0.00460101,0.4825798273086548
4,499,-0.3387448,0.004815422,1.2396876811981201
4,500,-0.33451638,0.004228412,0.4862784147262573
4,501,-0.330598,0.003918388,0.6888377666473389
4,502,-0.32657477,0.0040232167,0.9818676710128784
4,503,-0.32307273,0.0035020267,0.581292450428009
4,504,-0.32046998,0.0026027518,0.3437238931655884
4,505,-0.31839344,0.0020765387,0.6031320095062256
4,506,-0.31626055,0.002132885,1.2703765630722046
4,507,-0.31468186,0.0015786798,0.6016526818275452
4,508,-0.31345677,0.0012250764,0.7417913675308228
4,509,-0.3126664,0.00079039426,0.6926934719085693
4,510,-0.31235132,0.00031507292,0.6687901616096497
4,511,-0.31219238,0.00015893934,0.8828518986701965
4,512,-0.31340125,-0.0012088678,0.07570979744195938
4,513,-0.31458417,-0.0011829265,1.0926828384399414
4,514,-0.3161723,-0.0015881507,0.7077730298042297
4,515,-0.31774178,-0.0015694877,0.9839233756065369
4,516,-0.32084468,-0.0031028877,-0.05717243254184723
4,517,-0.32465154,-0.00380687,0.48308220505714417
4,518,-0.32843986,-0.0037883082,0.949096143245697
4,519,-0.3321762,-0.0037363472,0.9556353688240051
4,520,-0.33652616,-0.0043499595,0.49629202485084534
4,521,-0.34104455,-0.0045183892,0.774742841720581
4,522,-0.34676027,-0.005715735,0.06959153711795807
4,523,-0.35224095,-0.00548068,1.5359641313552856
4,524,-0.35846213,-0.006221177,0.32588252425193787
4,525,-0.36527517,-0.006813052,0.3977371156215668
4,526,-0.37305498,-0.0077798036,0.11768645793199539
4,527,-0.38150105,-0.008446078,0.2832070291042328
4,528,-0.38992772,-0.008426658,0.7021110653877258
4,529,-0.40051088,-0.010583165,-0.7870861291885376
4,530,-0.41069698,-0.0101860985,0.8662593364715576
4,531,-0.4207238,-0.0100268135,0.6599674820899963
4,532,-0.4308441,-0.010120297,0.4439255893230438
4,533,-0.44116765,-0.010323556,0.3223053514957428
4,534,-0.45185322,-0.010685566,0.1666278839111328
4,535,-0.46340233,-0.011549114,-0.21973438560962677
4,536,-0.47476992,-0.011367595,0.4203619658946991
4,537,-0.48625943,-0.011489517,0.16199080646038055
4,538,-0.49795598,-0.011696537,0.04829339683055878
4,539,-0.5088813,-0.0109252725,0.6422641277313232
4,540,-0.51972437,-0.010843104,0.12834294140338898
4,541,-0.52909654,-0.009372161,1.5187785625457764
4,542,-0.5376605,-0.008563912,0.511345386505127
4,543,-0.54670304,-0.009042587,-0.3894047439098358
4,544,-0.5555929,-0.008889851,-0.013604882173240185
4,545,-0.5639085,-0.00831562,0.22309571504592896
4,546,-0.57182,-0.0079115005,0.06835497170686722
4,547,-0.5792574,-0.0074374373,0.07577590644359589
4,548,-0.58699995,-0.0077425228,-0.4803922772407532
4,549,-0.59489053,-0.007890595,-0.4138129949569702
4,550,-0.60220045,-0.0073099257,0.03336562216281891
4,551,-0.60798496,-0.005784539,0.627548098564148
4,552,-0.6116433,-0.0036583813,1.2660001516342163
4,553,-0.61549085,-0.0038475513,-0.5612350702285767
4,554,-0.61924964,-0.0037587697,-0.3944750726222992
4,555,-0.6221885,-0.0029388901,0.07486842572689056
4,556,-0.6240239,-0.0018354289,0.24984797835350037
4,557,-0.62499636,-0.00097243034,0.08076832443475723
4,558,-0.62503856,-4.222951e-05,0.12092871963977814
4,559,-0.6234521,0.0015864542,0.5863826870918274
4,560,-0.62020844,0.0032436887,0.6129898428916931
4,561,-0.61600816,0.0042002895,0.1614200472831726
4,562,-0.61128134,0.0047268206,-0.10513028502464294
4,563,-0.60637146,0.004909872,-0.31134000420570374
4,564,-0.60011464,0.006256825,0.4883453845977783
4,565,-0.5924034,0.0077112117,0.5903629064559937
4,566,-0.5842995,0.008103901,-0.0797925591468811
4,567,-0.57667285,0.0076266797,-0.6199762225151062
4,568,-0.5684394,0.008233447,0.14026062190532684
4,569,-0.5595566,0.0088828225,0.2093895524740219
4,570,-0.55078584,0.008770758,-0.254150390625
4,571,-0.54183096,0.008954886,-0.013032513670623302
4,572,-0.532829,0.009001986,-0.059715431183576584
4,573,-0.52450687,0.008322104,-0.49939998984336853
4,574,-0.51554674,0.008960117,0.42080119252204895
4,575,-0.50648767,0.009059087,0.1062367632985115
4,576,-0.49816704,0.008320627,-0.4067888855934143
4,577,-0.48889148,0.009275552,0.7636522054672241
4,578,-0.47861212,0.010279344,0.8424178957939148
4,579,-0.46788383,0.010728299,0.5235542058944702
4,580,-0.45607144,0.01181238,1.081222414970398
4,581,-0.44546515,0.010606287,-0.4687298536300659
4,582,-0.43536428,0.010100875,0.050159111618995667
4,583,-0.4254148,0.0099494895,0.3351147472858429
4,584,-0.4146911,0.010723712,1.2219589948654175
4,585,-0.40495062,0.009740483,-0.12058374285697937
4,586,-0.39458132,0.010369293,1.0390117168426514
4,587,-0.38524747,0.009333857,-0.06118971109390259
4,588,-0.3757022,0.009545255,0.8129975199699402
4,589,-0.3659081,0.0097941095,0.8813605904579163
4,590,-0.35575303,0.010155052,1.0732861757278442
4,591,-0.34639615,0.009356879,0.2720955014228821
4,592,-0.33725607,0.009140079,0.7003336548805237
4,593,-0.32948735,0.007768733,-0.03029307723045349
4,594,-0.32302004,0.0064673126,0.04901149868965149
4,595,-0.31720573,0.005814306,0.5081199407577515
4,596,-0.31247097,0.004734746,0.24757170677185059
4,597,-0.30775142,0.004719548,0.976326584815979
4,598,-0.3035136,0.004237823,0.684229850769043
4,599,-0.29934323,0.004170346,0.9772130846977234
4,600,-0.2964477,0.0028955205,0.188703253865242
4,601,-0.29462266,0.0018250451,0.33622032403945923
4,602,-0.29326165,0.0013610267,0.7475963234901428
4,603,-0.2925379,0.0007237408,0.6373375654220581
4,604,-0.29191163,0.00062626944,1.1596611738204956
4,605,-0.293542,-0.0016303784,-0.437044233083725
4,606,-0.29579052,-0.0022485345,0.649010181427002
4,607,-0.2991377,-0.0033471962,0.31997939944267273
4,608,-0.30283162,-0.0036939054,0.808250904083252
4,609,-0.30698535,-0.004153733,0.7183371186256409
4,610,-0.31115174,-0.0041663814,1.1512341499328613
4,611,-0.31703353,-0.005881788,-0.1518368124961853
4,612,-0.32427996,-0.007246441,0.05821056291460991
4,613,-0.33293596,-0.00865599,-0.0014409266877919436
4,614,-0.34317538,-0.010239423,-0.15344753861427307
4,615,-0.35320288,-0.010027486,1.1949853897094727
4,616,-0.36345235,-0.010249465,0.6673697829246521
4,617,-0.37407336,-0.010621012,0.5225830674171448
4,618,-0.38427857,-0.0102052195,1.3628865480422974
4,619,-0.39399853,-0.009719963,1.0099589824676514
4,620,-0.40318134,-0.009182821,0.9898931384086609
4,621,-0.41253853,-0.009357174,0.47284141182899475
4,622,-0.4216383,-0.009099791,0.7166730165481567
4,623,-0.43177748,-0.010139154,-0.19101910293102264
4,624,-0.4426791,-0.010901636,-0.05499892309308052
4,625,-0.45408154,-0.011402414,0.06678423285484314
4,626,-0.46450156,-0.0104200225,1.2634351253509521
4,627,-0.4744313,-0.009929757,0.6207841634750366
4,628,-0.48481992,-0.010388604,-0.060951538383960724
4,629,-0.49408382,-0.00926389,0.9432669878005981
4,630,-0.5035453,-0.009461453,0.015673382207751274
4,631,-0.5132921,-0.009746767,-0.09000208973884583
4,632,-0.52178794,-0.008495886,0.8854458332061768
4,633,-0.52989566,-0.008107738,0.2678196430206299
4,634,-0.53686553,-0.006969879,0.7270900011062622
4,635,-0.54372287,-0.006857354,0.008700295351445675
4,636,-0.5499689,-0.0062460434,0.3069811463356018
4,637,-0.5545174,-0.0045484737,1.2629992961883545
4,638,-0.55913234,-0.0046149255,-0.1986726075410843
4,639,-0.5641134,-0.0049810684,-0.4214266836643219
4,640,-0.5672913,-0.0031779564,1.2323342561721802
4,641,-0.5688155,-0.0015242385,0.8846409320831299
4,642,-0.5699156,-0.0011000494,0.05740172043442726
4,643,-0.5697973,0.00011828712,0.5813847184181213
4,644,-0.56943095,0.00036632444,-0.06489549577236176
4,645,-0.5684608,0.0009701028,0.17407941818237305
4,646,-0.56698215,0.0014786444,0.11539405584335327
4,647,-0.56416523,0.0028169076,0.6758704781532288
4,648,-0.56004274,0.0041225194,0.6680757999420166
4,649,-0.55667126,0.0033714732,-0.6825544238090515
4,650,-0.5520531,0.0046181967,0.6660577654838562
4,651,-0.5461654,0.0058876807,0.7042238712310791
4,652,-0.5390986,0.007066807,0.6733371019363403
4,653,-0.5321854,0.006913271,-0.17982862889766693
4,654,-0.5238874,0.008297984,0.8802134990692139
4,655,-0.51523316,0.008654258,0.23607325553894043
4,656,-0.5055028,0.009730327,0.7592028379440308
4,657,-0.4956221,0.009880731,0.19070473313331604
4,658,-0.48552695,0.010095141,0.2826592028141022
4,659,-0.47561413,0.009912827,0.06840302050113678
4,660,-0.46668914,0.008925,-0.4194558560848236
4,661,-0.4578807,0.008808446,0.20546503365039825
4,662,-0.44806197,0.009818748,1.1853944063186646
4,663,-0.437824,0.010237958,0.6539338827133179
4,664,-0.42746744,0.010356574,0.5032334923744202
4,665,-0.41689816,0.010569276,0.615822970867157
4,666,-0.40687096,0.010027206,0.16305828094482422
4,667,-0.39747345,0.009397493,0.1519748717546463
4,668,-0.38894325,0.008530192,0.03748586028814316
4,669,-0.38035876,0.008584499,0.6913192868232727
4,670,-0.37342212,0.0069366344,-0.4042159914970398
4,671,-0.36635742,0.0070646987,0.8111139535903931
4,672,-0.36009413,0.006263279,0.22309142351150513
4,673,-0.35493726,0.005156888,0.04753820598125458
4,674,-0.35119143,0.0037458292,-0.13292455673217773
4,675,-0.34865123,0.002540212,0.02036757953464985
4,676,-0.34686077,0.0017904612,0.33529427647590637
4,677,-0.3458949,0.00096585974,0.29312896728515625
4,678,-0.34484124,0.0010536616,0.9055606126785278
4,679,-0.34357265,0.0012686088,0.9948571920394897
4,680,-0.34208953,0.0014831008,1.0167279243469238
4,681,-0.34040147,0.0016880654,1.0748478174209595
4,682,-0.3394221,0.000979376,0.3981058895587921
4,683,-0.33825484,0.0011672699,1.3021740913391113
4,684,-0.33690712,0.00134772,1.0884737968444824
4,685,-0.33538753,0.0015195957,1.0074044466018677
4,686,-0.3351076,0.00027994323,0.06540907174348831
4,687,-0.33643743,-0.0013298485,-0.1801683008670807
4,688,-0.33915272,-0.002715285,-0.03621930629014969
4,689,-0.34323317,-0.0040804558,-0.0342303104698658
4,690,-0.34808505,-0.004851869,0.34418532252311707
4,691,-0.35278496,-0.0046999278,0.938870906829834
4,692,-0.35737988,-0.0045949128,0.887187659740448
4,693,-0.3626271,-0.0052472195,0.36220598220825195
4,694,-0.36908266,-0.00645558,-0.03163542598485947
4,695,-0.37654376,-0.0074611134,0.07485231757164001
4,696,-0.38456273,-0.008018965,0.3397546112537384
4,697,-0.39213085,-0.0075681307,0.9757531881332397
4,698,-0.3993917,-0.007260854,0.8452810049057007
4,699,-0.40731168,-0.007919966,0.16735531389713287
4,700,-0.41458622,-0.007274536,1.2100201845169067
4,701,-0.42213276,-0.007546555,0.3540527820587158
4,702,-0.4302369,-0.00810414,0.1278081089258194
4,703,-0.43791747,-0.0076805563,0.743118941783905
4,704,-0.44547465,-0.0075571956,0.505945086479187
4,705,-0.45215297,-0.006678321,0.9729707837104797
4,706,-0.45873985,-0.006586867,0.4154694974422455
4,707,-0.46599063,-0.0072507844,-0.12035949528217316
4,708,-0.47238204,-0.0063914033,0.8595296740531921
4,709,-0.47872254,-0.00634049,0.2890193462371826
4,710,-0.4857014,-0.00697887,-0.20188264548778534
4,711,-0.49240017,-0.00669877,0.3758120536804199
4,712,-0.49828616,-0.005885992,0.6976171731948853
4,713,-0.5042722,-0.0059860568,0.059731874614953995
4,714,-0.51095575,-0.0066835154,-0.3683936893939972
4,715,-0.51872146,-0.007765733,-0.6582786440849304
4,716,-0.5269638,-0.008242281,-0.2933131158351898
4,717,-0.5349081,-0.007944346,0.18179869651794434
4,718,-0.54314923,-0.008241115,-0.25438192486763
4,719,-0.54984534,-0.0066960794,0.9323276281356812
4,720,-0.5562089,-0.006363578,0.0905703529715538
4,721,-0.5622182,-0.006009289,0.07340213656425476
4,722,-0.56663716,-0.004418976,0.8675432205200195
4,723,-0.56943625,-0.0027990711,0.8653421401977539
4,724,-0.5713279,-0.0018916554,0.37647807598114014
4,725,-0.5728784,-0.0015504747,-0.010377325117588043
4,726,-0.5743533,-0.0014748689,-0.19509778916835785
4,727,-0.5764686,-0.0021153102,-0.6797538995742798
4,728,-0.5782359,-0.001767322,-0.03124990500509739
4,729,-0.5796198,-0.0013838881,-0.01634153351187706
4,730,-0.5797192,-9.9378536e-05,0.5775511860847473
4,731,-0.579763,-4.3816843e-05,-0.2422371655702591
4,732,-0.5790943,0.00066870253,0.19551865756511688
4,733,-0.577298,0.0017963342,0.4755569398403168
4,734,-0.5755462,0.0017517512,-0.29705822467803955
4,735,-0.57360065,0.0019455538,-0.1294853240251541
4,736,-0.5706558,0.0029448187,0.41710376739501953
4,737,-0.5659425,0.004713294,0.9444791078567505
4,738,-0.56097585,0.0049666925,-0.04221735894680023
4,739,-0.5557337,0.005242196,-0.002825025934726
4,740,-0.54918134,0.0065523307,0.712997555732727
4,741,-0.5409373,0.008244012,1.2672525644302368
4,742,-0.5320738,0.008863502,0.32634007930755615
4,743,-0.52244765,0.009626147,0.46605953574180603
4,744,-0.5132928,0.009154827,-0.3084575831890106
4,745,-0.5034171,0.009875731,0.532123863697052
4,746,-0.49234623,0.011070846,0.8975901007652283
4,747,-0.48014155,0.012204662,0.9119115471839905
4,748,-0.46773,0.012411564,0.35460570454597473
4,749,-0.455399,0.01233099,0.22432219982147217
4,750,-0.44207597,0.013323053,1.249005913734436
4,751,-0.42869604,0.0133799445,0.44149062037467957
4,752,-0.41485465,0.013841398,0.7757648825645447
4,753,-0.40031445,0.014540207,1.0935512781143188
4,754,-0.38596943,0.01434501,0.4723324179649353
4,755,-0.37155992,0.014409524,0.7117703557014465
4,756,-0.35847053,0.013089394,-0.1459784060716629
4,757,-0.34521604,0.013254492,0.9023486375808716
4,758,-0.33202866,0.0131873675,0.8051979541778564
4,759,-0.31943762,0.0125910435,0.508436918258667
4,760,-0.3087733,0.010664317,-0.3263157606124878
4,761,-0.29811093,0.010662367,1.095059871673584
4,762,-0.28751367,0.010597268,1.202869176864624
4,763,-0.27769175,0.009821916,0.5672816634178162
4,764,-0.26805136,0.009640408,1.20560884475708
4,765,-0.25864524,0.009406106,1.041133165359497
4,766,-0.24952355,0.009121691,1.0396381616592407
4,767,-0.24075928,0.008764274,0.9828262329101562
4,768,-0.2334756,0.0072836936,0.26344919204711914
4,769,-0.22701633,0.0064592646,0.7246590852737427
4,770,-0.22235936,0.0046569738,0.09332716464996338
4,771,-0.21838057,0.003978788,0.85726398229599
4,772,-0.2163143,0.0020662667,0.04658859223127365
4,773,-0.21504478,0.0012695178,0.7967059016227722
4,774,-0.2142793,0.0007654864,0.9956773519515991
4,775,-0.21413587,0.00014342486,0.9192885756492615
4,776,-0.21487437,-0.0007384966,0.7464783787727356
4,777,-0.21731848,-0.0024440964,0.195143923163414
4,778,-0.22063534,-0.0033168679,0.7429838180541992
4,779,-0.22568855,-0.0050532063,0.1571447104215622
4,780,-0.2311903,-0.0055017425,1.0419728755950928
4,781,-0.23712602,-0.005935726,0.9922911524772644
4,782,-0.24385573,-0.0067297006,0.7331218123435974
4,783,-0.25243512,-0.008579396,0.00708372937515378
4,784,-0.26133123,-0.00889612,1.5256487131118774
4,785,-0.2704976,-0.009166368,1.0511571168899536
4,786,-0.28069407,-0.010196491,0.460612416267395
4,787,-0.292777,-0.012082924,-0.14777065813541412
4,788,-0.30623087,-0.013453884,0.1500878930091858
4,789,-0.3197019,-0.013471033,1.4755111932754517
4,790,-0.3331854,-0.013483504,0.9487736821174622
4,791,-0.34653312,-0.013347701,0.9916614294052124
4,792,-0.35983226,-0.01329915,0.8766435980796814
4,793,-0.37427533,-0.014443056,0.023683222010731697
4,794,-0.38928774,-0.015012406,0.34232810139656067
4,795,-0.40594023,-0.016652508,-0.439870685338974
4,796,-0.42339128,-0.017451042,0.04379568248987198
4,797,-0.4414368,-0.018045522,0.09720446914434433
4,798,-0.45959833,-0.018161537,0.3293192982673645
4,799,-0.47768658,-0.018088248,0.36689892411231995
4,800,-0.49472842,-0.017041825,0.9264508485794067
4,801,-0.5111742,-0.016445812,0.5415138602256775
4,802,-0.52891165,-0.01773744,-0.7989771962165833
4,803,-0.5471352,-0.018223519,-0.350614458322525
4,804,-0.5656145,-0.018479375,-0.28815552592277527
4,805,-0.58405536,-0.018440856,-0.1838427633047104
4,806,-0.6012015,-0.017146114,0.5625331401824951
4,807,-0.61877394,-0.017572466,-0.6687528491020203
4,808,-0.63583934,-0.017065413,-0.1314014494419098
4,809,-0.65082884,-0.014989506,0.8332799077033997
4,810,-0.6640035,-0.013174633,0.5890997648239136
4,811,-0.6749587,-0.010955232,0.7981524467468262
4,812,-0.68331736,-0.008358643,1.2882091999053955
4,813,-0.68902344,-0.005706068,1.1056236028671265
4,814,-0.69233495,-0.0033115023,0.8027899861335754
4,815,-0.69353163,-0.0011966835,0.6017712354660034
4,816,-0.6925306,0.0010010481,0.6518186926841736
4,817,-0.6895976,0.0029329918,0.4789992570877075
4,818,-0.68397045,0.0056271576,1.10349440574646
4,819,-0.6761841,0.007786327,0.66816645860672
4,820,-0.66681254,0.009371557,0.32025954127311707
4,821,-0.6553322,0.011480329,0.7116063833236694
4,822,-0.6430486,0.012283615,-0.1061311587691307
4,823,-0.6299914,0.013057195,-0.06882817298173904
4,824,-0.6160314,0.013959994,0.07888922095298767
4,825,-0.599887,0.016144387,1.0693440437316895
4,826,-0.58167547,0.018211568,1.3306496143341064
4,827,-0.5628174,0.018858079,0.14209146797657013
4,828,-0.54363114,0.019186283,0.02316088043153286
4,829,-0.5248228,0.018808354,-0.35205432772636414
4,830,-0.5066041,0.018218707,-0.39921697974205017
4,831,-0.4874286,0.019175462,0.7227728962898254
4,832,-0.46727765,0.020150954,0.8308237195014954
4,833,-0.44657907,0.020698564,0.6453407406806946
4,834,-0.42600754,0.02057152,0.29698511958122253
4,835,-0.40581432,0.020193215,0.22881145775318146
4,836,-0.38588393,0.019930404,0.4015347957611084
4,837,-0.3655675,0.020316431,0.9265040159225464
4,838,-0.3463208,0.019246688,0.04772535711526871
4,839,-0.3285915,0.01772931,-0.16639350354671478
4,840,-0.31074274,0.017848765,1.0420958995819092
4,841,-0.29436022,0.01638253,0.01592007838189602
4,842,-0.2782156,0.016144643,0.8993647694587708
4,843,-0.26316404,0.015051554,0.3903399109840393
4,844,-0.248373,0.014791039,1.5910887718200684
4,845,-0.23498617,0.013386828,0.288871169090271
4,846,-0.2229743,0.012011871,0.35275915265083313
4,847,-0.21232304,0.010651263,0.4004117548465729
4,848,-0.20244262,0.009880428,0.8259468078613281
4,849,-0.19368227,0.008760344,0.6219037175178528
4,850,-0.18664178,0.0070404895,0.24657757580280304
4,851,-0.18153585,0.0051059313,0.12245260924100876
4,852,-0.17706825,0.0044676047,1.3185347318649292
4,853,-0.17431702,0.0027512254,0.2927428185939789
4,854,-0.17349485,0.0008221744,0.15788115561008453
4,855,-0.17334162,0.00015322861,1.1392050981521606
4,856,-0.174342,-0.0010003876,0.6772672533988953
4,857,-0.1769912,-0.002649191,0.34465035796165466
4,858,-0.18200535,-0.0050141453,-0.1394452303647995
4,859,-0.18896866,-0.006963317,0.1248859390616417
4,860,-0.19788654,-0.008917883,0.10290028899908066
4,861,-0.20845535,-0.010568806,0.28088298439979553
4,862,-0.21955103,-0.011095678,1.103101134300232
4,863,-0.23216936,-0.012618335,0.30292457342147827
4,864,-0.246567,-0.014397631,0.09228063374757767
4,865,-0.2619136,-0.015346606,0.5984667539596558
4,866,-0.27896127,-0.017047688,0.04405273497104645
4,867,-0.2968171,-0.017855817,0.5775473713874817
4,868,-0.3160692,-0.019252095,0.1175830289721489
4,869,-0.3366089,-0.020539705,0.11349429190158844
4,870,-0.35793847,-0.021329572,0.3601011037826538
4,871,-0.3796599,-0.021721438,0.5333797335624695
4,872,-0.40122855,-0.021568663,0.7993853092193604
4,873,-0.4223452,-0.021116639,0.8995504379272461
4,874,-0.44366705,-0.021321874,0.3616945147514343
4,875,-0.46566382,-0.021996772,-0.054092295467853546
4,876,-0.4882186,-0.022554785,-0.08379070460796356
4,877,-0.51116025,-0.022941668,-0.08135277032852173
4,878,-0.5336936,-0.022533331,0.3344027101993561
4,879,-0.5547803,-0.021086691,0.9139598608016968
4,880,-0.57666326,-0.021882959,-0.6865257620811462
4,881,-0.597337,-0.02067378,0.5419161319732666
4,882,-0.61699146,-0.019654464,0.31385189294815063
4,883,-0.63573605,-0.018744586,0.14570719003677368
4,884,-0.65408814,-0.018352091,-0.2885068356990814
4,885,-0.6715522,-0.017464045,-0.04387934133410454
4,886,-0.6876859,-0.016133724,0.1711660772562027
4,887,-0.70255303,-0.014867132,0.05669493228197098
4,888,-0.7146416,-0.012088525,1.0265617370605469
4,889,-0.72417223,-0.009530663,0.801469624042511
4,890,-0.7312916,-0.0071193296,0.6641194820404053
4,891,-0.73619795,-0.0049063493,0.5027571320533752
4,892,-0.7396896,-0.0034916296,-0.04923252761363983
4,893,-0.7416515,-0.0019618808,0.013482105918228626
4,894,-0.7429287,-0.0012772232,-0.5577138662338257
4,895,-0.74218816,0.00074053375,0.325958788394928
4,896,-0.7392181,0.0029700105,0.4700374901294708
4,897,-0.73473716,0.0044809724,0.002837651874870062
4,898,-0.7285191,0.0062180515,0.17155137658119202
4,899,-0.7193591,0.00915996,1.0029782056808472
4,900,-0.70902836,0.010330743,-0.14297692477703094
4,901,-0.6969869,0.012041427,0.2603924572467804
4,902,-0.6825217,0.014465237,0.7875015735626221
4,903,-0.66767067,0.014851019,-0.5076634883880615
4,904,-0.65271,0.014960637,-0.6250606179237366
4,905,-0.63677895,0.015931068,0.017418434843420982
4,906,-0.6198966,0.016882356,0.07910182327032089
4,907,-0.6018578,0.018038834,0.2961658537387848
4,908,-0.5836918,0.018165985,-0.30294185876846313
4,909,-0.5638513,0.019840455,0.8174726963043213
4,910,-0.54400426,0.019847022,-0.1963949203491211
4,911,-0.52536213,0.01864214,-0.905218243598938
4,912,-0.50520676,0.020155367,1.1481178998947144
4,913,-0.48368928,0.021517497,1.1896648406982422
4,914,-0.46278116,0.020908108,-0.2071884125471115
4,915,-0.4418736,0.020907559,0.30203765630722046
4,916,-0.42007285,0.021800742,1.127732515335083
4,917,-0.39901897,0.021053886,0.011444161646068096
4,918,-0.37772274,0.02129624,0.7700677514076233
4,919,-0.3573272,0.020395545,0.10585742443799973
4,920,-0.33778328,0.019543927,0.22956307232379913
4,921,-0.31829453,0.019488754,0.844918966293335
4,922,-0.29949522,0.018799307,0.5032084584236145
4,923,-0.28127578,0.018219432,0.6514092087745667
4,924,-0.26399082,0.017284963,0.48470044136047363
4,925,-0.24747463,0.016516197,0.6582270860671997
4,926,-0.23258223,0.014892394,0.1455172598361969
4,927,-0.21951912,0.013063108,0.0576288141310215
4,928,-0.20702216,0.012496968,0.9407001733779907
4,929,-0.19586574,0.011156417,0.46173059940338135
4,930,-0.18551289,0.010352853,0.8514155149459839
4,931,-0.17600653,0.009506353,0.8508149981498718
4,932,-0.16834922,0.0076573063,0.20697975158691406
4,933,-0.1613798,0.0069694277,1.0381571054458618
4,934,-0.15515073,0.006229075,0.9815580248832703
4,935,-0.1515104,0.0036403167,-0.23647446930408478
4,936,-0.14903116,0.0024792342,0.7233899831771851
4,937,-0.14807057,0.0009605858,0.4904135763645172
4,938,-0.14787765,0.00019293177,0.9931468367576599
4,939,-0.14985846,-0.0019808123,0.056167807430028915
4,940,-0.15259086,-0.0027323915,1.065010905265808
4,941,-0.15606585,-0.0034749892,1.0199949741363525
4,942,-0.1602718,-0.0042059473,1.0125287771224976
4,943,-0.16534305,-0.0050712544,0.9008255004882812
4,944,-0.171113,-0.0057699527,1.488250970840454
4,945,-0.17756073,-0.006447727,1.0050320625305176
4,946,-0.18466207,-0.0071013467,1.0769333839416504
4,947,-0.19296001,-0.008297937,0.6196633577346802
4,948,-0.20185064,-0.008890627,1.2208439111709595
4,949,-0.21164306,-0.009792421,0.7691172361373901
4,950,-0.22194827,-0.010305205,1.095514178276062
4,951,-0.23292083,-0.010972558,0.8657570481300354
4,952,-0.24516954,-0.012248708,0.4252977967262268
4,953,-0.25916612,-0.013996579,0.0705689862370491
4,954,-0.27374694,-0.014580828,0.7982847094535828
4,955,-0.28853104,-0.014784112,1.197603702545166
4,956,-0.30484435,-0.016313326,0.06083805859088898
4,957,-0.32165557,-0.016811224,0.6850028038024902
4,958,-0.33907706,-0.017421473,0.5422411561012268
4,959,-0.35631284,-0.01723578,1.0111418962478638
4,960,-0.37388378,-0.017570935,0.5783212780952454
4,961,-0.39287576,-0.018991964,-0.22369374334812164
4,962,-0.412279,-0.019403256,0.36279454827308655
4,963,-0.43238246,-0.020103466,0.07950369268655777
4,964,-0.45235828,-0.019975824,0.5355055332183838
4,965,-0.47195303,-0.019594751,0.6075455546379089
4,966,-0.49253482,-0.020581778,-0.4008215665817261
4,967,-0.51194024,-0.019405434,0.9393249154090881
4,968,-0.5314659,-0.019525642,-0.02185756154358387
4,969,-0.55139923,-0.019933352,-0.31113922595977783
4,970,-0.5712854,-0.01988619,-0.1073993593454361
4,971,-0.59043884,-0.019153386,0.2509147822856903
4,972,-0.60825175,-0.017812897,0.561694860458374
4,973,-0.62547106,-0.01721929,-0.02299165166914463
4,974,-0.64276874,-0.017297702,-0.5537433624267578
4,975,-0.6579682,-0.015199473,0.8155815005302429
4,976,-0.6713915,-0.013423244,0.530353844165802
4,977,-0.68361485,-0.012223379,0.08492060750722885
4,978,-0.6938074,-0.010192573,0.58416748046875
4,979,-0.7020556,-0.0082481755,0.4817258417606354
4,980,-0.70907605,-0.0070204805,-0.03180261701345444
4,981,-0.7149321,-0.0058560665,-0.10399002581834793
4,982,-0.7202236,-0.00529153,-0.5286345481872559
4,983,-0.72424895,-0.0040253173,-0.08295271545648575
4,984,-0.7256406,-0.0013916496,0.8120264410972595
4,985,-0.7250968,0.00054376136,0.34079495072364807
4,986,-0.72303295,0.0020638471,0.06614730507135391
4,987,-0.72029155,0.0027413801,-0.4870457351207733
4,988,-0.7163102,0.0039813775,-0.10071200877428055
4,989,-0.71086013,0.0054500983,0.06837663054466248
4,990,-0.702926,0.007934137,0.7681976556777954
4,991,-0.69253695,0.010389009,0.7825747132301331
4,992,-0.68086857,0.011668363,0.04391172155737877
4,993,-0.66813016,0.01273838,-0.04415344074368477
4,994,-0.6537033,0.014426862,0.4254296123981476
4,995,-0.6381877,0.015515537,0.09165257215499878
4,996,-0.62208736,0.016100338,-0.17185992002487183
4,997,-0.6040486,0.018038755,0.8069693446159363
4,998,-0.5851716,0.01887703,0.16049368679523468
4,999,-0.56569475,0.019476801,0.09373197704553604
5,1,-0.5002917,0.00023535096,0.2721672058105469
5,2,-0.4987513,0.00154038,0.9864597320556641
5,3,-0.49727306,0.0014782402,0.08269579708576202
5,4,-0.49586156,0.0014114913,0.0869925320148468
5,5,-0.49438888,0.0014726912,0.17932599782943726
5,6,-0.49188182,0.0025070636,0.8354442119598389
5,7,-0.48833546,0.003546369,0.8512158393859863
5,8,-0.4841392,0.004196267,0.6092531681060791
5,9,-0.4794184,0.0047207973,0.5465241074562073
5,10,-0.47388753,0.0055308538,0.7602933645248413
5,11,-0.46779892,0.0060886103,0.6194736361503601
5,12,-0.4621317,0.0056672045,-0.0032389790285378695
5,13,-0.45727572,0.004855989,-0.23521386086940765
5,14,-0.45278418,0.00449153,0.08645890653133392
5,15,-0.44879183,0.0039923596,0.018635492771863937
5,16,-0.44598764,0.0028041936,-0.4212076961994171
5,17,-0.44319665,0.0027909756,0.3757469654083252
5,18,-0.44015235,0.0030443182,0.5670187473297119
5,19,-0.43922737,0.0009249865,-1.1198166608810425
5,20,-0.43911296,0.00011439652,-0.12302640080451965
5,21,-0.4382405,0.0008724663,0.923300564289093
5,22,-0.4383733,-0.00013279404,-0.24803133308887482
5,23,-0.43997392,-0.0016006259,-0.5570546984672546
5,24,-0.4410077,-0.0010337812,0.7916485667228699
5,25,-0.4426352,-0.0016275013,0.012929548509418964
5,26,-0.443475,-0.00083981385,0.9259741306304932
5,27,-0.44485888,-0.0013838755,0.03406438231468201
5,28,-0.44742945,-0.0025705644,-0.4010775685310364
5,29,-0.45049343,-0.0030639784,0.048598263412714005
5,30,-0.45309052,-0.002597098,0.6738571524620056
5,31,-0.45635575,-0.0032652286,-0.09550217539072037
5,32,-0.45945212,-0.0030963593,0.4465189278125763
5,33,-0.46281987,-0.0033677467,0.13783231377601624
5,34,-0.4655139,-0.002694052,0.7513432502746582
5,35,-0.46810722,-0.002593314,0.3561154007911682
5,36,-0.47089317,-0.0027859367,0.14776282012462616
5,37,-0.47376788,-0.0028746878,0.20326387882232666
5,38,-0.47654003,-0.0027721622,0.31657785177230835
5,39,-0.4785744,-0.002034358,0.7263823747634888
5,40,-0.4804128,-0.0018384027,0.35507482290267944
5,41,-0.48170978,-0.001296957,0.5762900114059448
5,42,-0.4834152,-0.0017054224,-0.06341613084077835
5,43,-0.48392126,-0.0005060699,1.044503092765808
5,44,-0.4836666,0.00025465694,0.7050706744194031
5,45,-0.48289236,0.00077424594,0.5455763339996338
5,46,-0.4815036,0.0013887717,0.6127103567123413
5,47,-0.48008636,0.0014172375,0.22889402508735657
5,48,-0.47791845,0.0021679085,0.7173921465873718
5,49,-0.47574466,0.0021737828,0.23160362243652344
5,50,-0.47361755,0.002127099,0.20732703804969788
5,51,-0.47139317,0.0022243857,0.3138285279273987
5,52,-0.46842766,0.0029655057,0.7540421485900879
5,53,-0.46441394,0.004013725,0.9734106063842773
5,54,-0.4601934,0.0042205476,0.43225330114364624
5,55,-0.45678008,0.0034133238,-0.2230307012796402
5,56,-0.4531036,0.0036764848,0.5073012113571167
5,57,-0.4494924,0.0036112124,0.30633923411369324
5,58,-0.44597885,0.0035135555,0.30238261818885803
5,59,-0.4430338,0.002945028,0.005583424586802721
5,60,-0.44176137,0.0012724252,-0.7161542177200317
5,61,-0.4408064,0.00095498643,0.19346284866333008
5,62,-0.44042137,0.00038500797,0.029733087867498398
5,63,-0.44039986,2.1511192e-05,0.16925328969955444
5,64,-0.4408294,-0.00042955513,0.11097783595323563
5,65,-0.4415209,-0.0006915007,0.2349768429994583
5,66,-0.4413218,0.00019911696,1.024620771408081
5,67,-0.44162166,-0.00029986614,0.07456492632627487
5,68,-0.4419115,-0.0002898332,0.41245487332344055
5,69,-0.44222152,-0.00031002593,0.390898734331131
5,70,-0.44270292,-0.00048138388,0.28861790895462036
5,71,-0.4440947,-0.0013917758,-0.20640741288661957
5,72,-0.4458762,-0.0017815321,0.13392455875873566
5,73,-0.44673538,-0.0008591837,1.020240306854248
5,74,-0.44833714,-0.0016017664,-0.11413490772247314
5,75,-0.45099267,-0.0026555357,-0.32939377427101135
5,76,-0.4535188,-0.0025261368,0.44643256068229675
5,77,-0.4551233,-0.0016044832,0.9622599482536316
5,78,-0.45738032,-0.002257021,-0.09505081176757812
5,79,-0.4594343,-0.0020539728,0.46428418159484863
5,80,-0.46107537,-0.0016410662,0.5941158533096313
5,81,-0.46180058,-0.0007251992,0.9213651418685913
5,82,-0.46191567,-0.00011510812,0.7139513492584229
5,83,-0.4617753,0.0001403762,0.4769812226295471
5,84,-0.46260273,-0.0008274226,-0.33785101771354675
5,85,-0.46304297,-0.00044023557,0.5614057183265686
5,86,-0.4631143,-7.1317874e-05,0.5470614433288574
5,87,-0.46241277,0.00070153084,0.8159980773925781
5,88,-0.46220726,0.00020550542,-0.026468690484762192
5,89,-0.46286285,-0.0006556064,-0.26884934306144714
5,90,-0.4629513,-8.844221e-05,0.6801115274429321
5,91,-0.46206844,0.0008828768,0.949113130569458
5,92,-0.46166992,0.00039852608,-0.016992971301078796
5,93,-0.4617367,-6.678231e-05,-0.0023395693860948086
5,94,-0.46114203,0.0005946824,0.7485142946243286
5,95,-0.45964155,0.0015004898,0.9143312573432922
5,96,-0.4571178,0.0025237484,1.3116726875305176
5,97,-0.45358935,0.0035284401,1.0344830751419067
5,98,-0.4503245,0.0032648533,0.17175471782684326
5,99,-0.4461048,0.0042197113,1.1969681978225708
5,100,-0.4419946,0.004110196,0.3109790086746216
5,101,-0.43847862,0.003515976,0.0078106774017214775
5,102,-0.43551832,0.0029602842,0.050529178231954575
5,103,-0.43308815,0.0024301792,0.08189159631729126
5,104,-0.43009463,0.002993537,0.8225844502449036
5,105,-0.42831632,0.0017783073,-0.34873977303504944
5,106,-0.42574295,0.002573381,1.149375081062317
5,107,-0.4225091,0.00323386,0.9226008057594299
5,108,-0.41877374,0.003735349,0.8320620656013489
5,109,-0.41509724,0.0036764913,0.4762905240058899
5,110,-0.41075948,0.0043377522,0.9738189578056335
5,111,-0.4072084,0.003551061,0.029021577909588814
5,112,-0.40301266,0.0041957633,1.0051085948944092
5,113,-0.39957213,0.003440543,0.0863853394985199
5,114,-0.39769113,0.001880993,-0.4337770342826843
5,115,-0.3965231,0.0011680329,0.13936801254749298
5,116,-0.39566717,0.0008559153,0.4120211601257324
5,117,-0.3947562,0.0009109659,0.6607702374458313
5,118,-0.39422226,0.00053394673,0.3769448697566986
5,119,-0.39375913,0.00046312963,0.5835515260696411
5,120,-0.39274535,0.001013771,1.283216118812561
5,121,-0.39118797,0.001557383,1.2221843004226685
5,122,-0.39002198,0.0011659807,0.3838447630405426
5,123,-0.38833123,0.0016907533,1.290198802947998
5,124,-0.38770872,0.0006225075,-0.05423666536808014
5,125,-0.38690168,0.00080705906,0.7838202118873596
5,126,-0.38740554,-0.0005038608,-0.2094581425189972
5,127,-0.38755852,-0.00015298043,0.8960974812507629
5,128,-0.38862374,-0.0010652391,0.0533028282225132
5,129,-0.3898803,-0.0012565614,0.5290349721908569
5,130,-0.392126,-0.0022456797,-0.008608446456491947
5,131,-0.39383236,-0.0017063579,1.2518600225448608
5,132,-0.39577365,-0.001941285,0.47594892978668213
5,133,-0.39939076,-0.0036171116,-0.49364158511161804
5,134,-0.40309104,-0.0037002806,0.5513217449188232
5,135,-0.4067342,-0.0036431414,0.6275917887687683
5,136,-0.4109907,-0.0042564855,0.163529634475708
5,137,-0.41457576,-0.0035850734,1.0599464178085327
5,138,-0.41940603,-0.0048302603,-0.29467663168907166
5,139,-0.42437395,-0.0049679186,0.4207494556903839
5,140,-0.43067694,-0.006302991,-0.40121856331825256
5,141,-0.4377236,-0.007046679,-0.03717692568898201
5,142,-0.44529113,-0.0075675203,0.07741452008485794
5,143,-0.45194057,-0.00664944,1.0077794790267944
5,144,-0.45875224,-0.006811678,0.2473791390657425
5,145,-0.46644858,-0.0076963217,-0.26757100224494934
5,146,-0.47307143,-0.0066228514,1.0291197299957275
5,147,-0.48007783,-0.00700641,-0.004035260993987322
5,148,-0.48741084,-0.007333002,-0.0007411083788610995
5,149,-0.49581423,-0.008403385,-0.5330039262771606
5,150,-0.50459594,-0.008781676,-0.1134321317076683
5,151,-0.5135443,-0.008948402,-0.016187723726034164
5,152,-0.52111006,-0.007565754,0.9720296263694763
5,153,-0.5285525,-0.007442394,0.09468353539705276
5,154,-0.5351573,-0.0066048247,0.5336118936538696
5,155,-0.54169405,-0.0065367185,-0.012376871891319752
5,156,-0.5476041,-0.0059100674,0.3273355960845947
5,157,-0.5540146,-0.0064105187,-0.4535571336746216
5,158,-0.5588614,-0.004846764,0.890635073184967
5,159,-0.5637068,-0.004845442,-0.1751028299331665
5,160,-0.569066,-0.0053591854,-0.5425524711608887
5,161,-0.5729807,-0.0039147106,0.7363513708114624
5,162,-0.5768043,-0.0038235625,-0.18524207174777985
5,163,-0.5787305,-0.0019262135,1.0570305585861206
5,164,-0.58105946,-0.0023289328,-0.5428832173347473
5,165,-0.5832684,-0.0022089633,-0.20590297877788544
5,166,-0.5835322,-0.0002638273,1.0156108140945435
5,167,-0.58351964,1.2554635e-05,-0.11380056291818619
5,168,-0.5820657,0.0014539611,0.6629443168640137
5,169,-0.5792595,0.0028061718,0.6106358170509338
5,170,-0.5749945,0.004265021,0.6955541372299194
5,171,-0.57045776,0.004536772,-0.07479415088891983
5,172,-0.5641651,0.006292659,0.9370672106742859
5,173,-0.5578744,0.0062907264,-0.20361964404582977
5,174,-0.55151904,0.00635535,-0.12799377739429474
5,175,-0.54469985,0.0068191774,0.16978028416633606
5,176,-0.5371415,0.0075583593,0.3873530626296997
5,177,-0.5298146,0.0073269107,-0.22199389338493347
5,178,-0.52275956,0.007055033,-0.21232907474040985
5,179,-0.5156191,0.007140484,0.061163660138845444
5,180,-0.50764793,0.00797114,0.5936647057533264
5,181,-0.49905035,0.008597596,0.49736085534095764
5,182,-0.4891367,0.0099136485,1.048704743385315
5,183,-0.47798106,0.0111556435,1.0314693450927734
5,184,-0.46654585,0.011435216,0.4137592613697052
5,185,-0.45453954,0.012006312,0.6646043062210083
5,186,-0.44163492,0.012904606,0.9416943192481995
5,187,-0.4279253,0.013709631,0.9423854351043701
5,188,-0.4134234,0.014501891,1.0622631311416626
5,189,-0.39999467,0.013428728,-0.1745406836271286
5,190,-0.3870921,0.0129025495,0.2531687021255493
5,191,-0.37570927,0.011382837,-0.34952691197395325
5,192,-0.3654513,0.010257949,-0.03449920192360878
5,193,-0.3552991,0.010152217,0.6909160614013672
5,194,-0.34545755,0.009841529,0.5990726947784424
5,195,-0.3381019,0.0073556565,-0.8083396553993225
5,196,-0.3323468,0.005755102,-0.18668712675571442
5,197,-0.32768774,0.004659068,0.17396143078804016
5,198,-0.32319614,0.004491583,0.8124701380729675
5,199,-0.32046658,0.0027295751,-0.23194020986557007
5,200,-0.31847453,0.0019920585,0.462276816368103
5,201,-0.31819713,0.00027740683,-0.18099622428417206
5,202,-0.31917948,-0.0009823588,0.12339334934949875
5,203,-0.3217905,-0.0026110262,-0.12655360996723175
5,204,-0.3246525,-0.002862004,0.7812005281448364
5,205,-0.3292262,-0.004573712,-0.20442107319831848
5,206,-0.3351325,-0.0059063057,0.02931939624249935
5,207,-0.34160373,-0.0064712097,0.5163183808326721
5,208,-0.34936073,-0.0077570206,0.008226358331739902
5,209,-0.35820258,-0.008841848,0.10883793979883194
5,210,-0.36747956,-0.009276977,0.5033760070800781
5,211,-0.3763851,-0.00890553,1.1937414407730103
5,212,-0.38499567,-0.008610562,0.90901780128479
5,213,-0.39322102,-0.008225338,0.9300341010093689
5,214,-0.40389946,-0.010678428,-1.021730899810791
5,215,-0.41395646,-0.010057003,1.0440394878387451
5,216,-0.4241289,-0.010172413,0.4614397883415222
5,217,-0.43535957,-0.011230667,-0.2155020385980606
5,218,-0.44832006,-0.0129605,-0.7171608805656433
5,219,-0.46072933,-0.012409273,0.7406874895095825
5,220,-0.47252157,-0.011792231,0.7238477468490601
5,221,-0.48478815,-0.0122665875,-0.06184937059879303
5,222,-0.49710628,-0.012318128,0.15925471484661102
5,223,-0.5091071,-0.012000847,0.34384405612945557
5,224,-0.5222791,-0.013171971,-0.7083138823509216
5,225,-0.535196,-0.0129169375,0.17662090063095093
5,226,-0.5482909,-0.013094888,-0.17660801112651825
5,227,-0.56091535,-0.012624416,0.19030049443244934
5,228,-0.5735083,-0.0125929685,-0.1652284562587738
5,229,-0.58526987,-0.011761559,0.3056567311286926
5,230,-0.59509414,-0.009824266,0.9849293828010559
5,231,-0.6034067,-0.008312591,0.6530408263206482
5,232,-0.60976595,-0.00635924,0.9069958925247192
5,233,-0.61445284,-0.004686913,0.6888311505317688
5,234,-0.6186154,-0.0041625774,-0.0991094708442688
5,235,-0.62222457,-0.0036091807,-0.09974426031112671
5,236,-0.62420034,-0.0019757757,0.6029712557792664
5,237,-0.6255042,-0.0013038348,-0.04744577035307884
5,238,-0.6264549,-0.00095066754,-0.2661823034286499
5,239,-0.6253111,0.0011438039,0.8901561498641968
5,240,-0.6224542,0.0028568225,0.6413060426712036
5,241,-0.6178038,0.0046504335,0.7086771130561829
5,242,-0.6123614,0.0054424554,0.06323454529047012
5,243,-0.6057835,0.0065778606,0.31835025548934937
5,244,-0.5983927,0.007390809,0.13519223034381866
5,245,-0.5891838,0.009208941,0.8412484526634216
5,246,-0.5804512,0.008732589,-0.6433812379837036
5,247,-0.5710527,0.009398549,0.16108763217926025
5,248,-0.56137663,0.009676021,-0.05148794874548912
5,249,-0.5507438,0.01063279,0.44936078786849976
5,250,-0.5400039,0.0107399225,-0.06415361911058426
5,251,-0.5288316,0.011172273,0.20624159276485443
5,252,-0.51704884,0.011782788,0.38084685802459717
5,253,-0.50569737,0.011351478,-0.254792183637619
5,254,-0.49460962,0.011087749,-0.08635515719652176
5,255,-0.4844124,0.010197236,-0.44891220331192017
5,256,-0.47328943,0.011122963,0.8126323819160461
5,257,-0.46286917,0.010420271,-0.21786876022815704
5,258,-0.4529279,0.009941284,-0.01735382154583931
5,259,-0.4420157,0.01091219,0.9979843497276306
5,260,-0.43062562,0.011390103,0.7224637866020203
5,261,-0.4184238,0.01220181,1.1109734773635864
5,262,-0.4054978,0.012926022,1.0521963834762573
5,263,-0.39201644,0.013481361,0.9484538435935974
5,264,-0.38068873,0.011327716,-0.7948057055473328
5,265,-0.37026107,0.010427661,0.09282390028238297
5,266,-0.36112854,0.009132527,-0.12349016964435577
5,267,-0.35289198,0.008236553,0.18325018882751465
5,268,-0.34596148,0.006930508,-0.05398514121770859
5,269,-0.3397962,0.0061653084,0.33660614490509033
5,270,-0.33472237,0.005073827,0.14549054205417633
5,271,-0.3295557,0.0051666717,0.9565482139587402
5,272,-0.32435688,0.0051988135,0.9377673268318176
5,273,-0.31976378,0.004593094,0.5341269373893738
5,274,-0.31510594,0.004657843,1.2532905340194702
5,275,-0.31062675,0.0044792085,0.8567189574241638
5,276,-0.30745518,0.0031715492,0.1221032440662384
5,277,-0.3049097,0.00254548,0.5891812443733215
5,278,-0.30341515,0.0014945643,0.3160650432109833
5,279,-0.30287808,0.0005370757,0.38426080346107483
5,280,-0.3024432,0.00043487237,0.9565702080726624
5,281,-0.30228522,0.00015797457,0.8418211936950684
5,282,-0.30309463,-0.00080941076,0.3821183741092682
5,283,-0.30393982,-0.0008451882,1.1998244524002075
5,284,-0.30629614,-0.002356333,0.013083990663290024
5,285,-0.30879757,-0.0025014137,0.9144530892372131
5,286,-0.31130078,-0.0025032181,1.223987340927124
5,287,-0.31405178,-0.0027509965,0.8259831070899963
5,288,-0.3174966,-0.003444834,0.5175185799598694
5,289,-0.32114872,-0.0036521251,0.8278993368148804
5,290,-0.3247276,-0.003578859,1.5309778451919556
5,291,-0.3297083,-0.0049807234,0.0018308826256543398
5,292,-0.3352855,-0.00557721,0.5180442929267883
5,293,-0.34213883,-0.0068533,0.04154794663190842
5,294,-0.34878686,-0.0066480194,1.0158263444900513
5,295,-0.3561305,-0.0073436624,0.3707790970802307
5,296,-0.3637621,-0.007631601,0.6105985641479492
5,297,-0.3717354,-0.007973292,0.5411133766174316
5,298,-0.37977135,-0.008035961,0.6915417313575745
5,299,-0.38874593,-0.008974573,0.07128790766000748
5,300,-0.3999675,-0.01122155,-0.8419638276100159
5,301,-0.41103515,-0.011067653,0.7066791653633118
5,302,-0.4227296,-0.011694473,0.13430194556713104
5,303,-0.43563664,-0.012907032,-0.31168895959854126
5,304,-0.44920686,-0.013570205,-0.007391560822725296
5,305,-0.46203378,-0.0128269335,0.8643938302993774
5,306,-0.47491714,-0.012883371,0.2684531807899475
5,307,-0.48666432,-0.011747186,1.0562565326690674
5,308,-0.49884063,-0.012176315,-0.10179181396961212
5,309,-0.5100155,-0.011174876,0.7913030385971069
5,310,-0.5210029,-0.010987412,0.19287359714508057
5,311,-0.5318966,-0.010893723,0.0754387378692627
5,312,-0.5435627,-0.011666138,-0.5564281344413757
5,313,-0.55411935,-0.010556622,0.6399166584014893
5,314,-0.5646031,-0.010483727,-0.10379249602556229
5,315,-0.5734074,-0.008804318,0.9151013493537903
5,316,-0.5815377,-0.008130319,0.20121458172798157
5,317,-0.5892972,-0.0077594724,-0.041006941348314285
5,318,-0.5960328,-0.006735643,0.35618361830711365
5,319,-0.6018926,-0.0058597927,0.2245735079050064
5,320,-0.60673726,-0.004844683,0.28886017203330994
5,321,-0.61148447,-0.0047471896,-0.34640005230903625
5,322,-0.61708015,-0.005595657,-1.3482238054275513
5,323,-0.6220696,-0.0049894596,-0.05717245116829872
5,324,-0.6268026,-0.004733006,-0.31425508856773376
5,325,-0.6295912,-0.002788575,0.7884730100631714
5,326,-0.6308671,-0.0012759253,0.4873564541339874
5,327,-0.63002884,0.00083829486,0.8823477029800415
5,328,-0.6285465,0.0014823965,-0.09375346451997757
5,329,-0.6247899,0.0037565648,1.0018936395645142
5,330,-0.6217486,0.0030412928,-0.9750680923461914
5,331,-0.6175477,0.0042009307,0.28940343856811523
5,332,-0.61267465,0.004873038,-0.01547875814139843
5,333,-0.60584056,0.0068340944,0.8672735691070557
5,334,-0.59890264,0.006937914,-0.3378366529941559
5,335,-0.59153175,0.0073709153,-0.08465735614299774
5,336,-0.5832035,0.008328276,0.30092209577560425
5,337,-0.57413435,0.009069122,0.1974596083164215
5,338,-0.5645189,0.00961545,0.11250759661197662
5,339,-0.5544256,0.010093338,0.11450477689504623
5,340,-0.54344344,0.0109821325,0.4386153519153595
5,341,-0.532384,0.011059477,-0.047601718455553055
5,342,-0.5207928,0.011591192,0.31055620312690735
5,343,-0.5088769,0.011915876,0.23048508167266846
5,344,-0.4973799,0.011497015,-0.20565466582775116
5,345,-0.48639074,0.010989148,-0.2076188623905182
5,346,-0.4747424,0.011648328,0.6251072883605957
5,347,-0.4634591,0.011283303,5.768516712123528e-05
5,348,-0.45132613,0.01213298,0.8655210137367249
5,349,-0.43823096,0.013095172,1.2795822620391846
5,350,-0.42570674,0.012524211,0.04154740646481514
5,351,-0.41257694,0.013129796,0.8861780762672424
5,352,-0.40011993,0.012457019,0.09638427197933197
5,353,-0.38808596,0.01203396,0.3213317096233368
5,354,-0.37675637,0.011329597,0.18947848677635193
5,355,-0.36635137,0.010404997,0.09429381042718887
5,356,-0.35558248,0.0107689,1.0234155654907227
5,357,-0.34506434,0.010518146,0.6377885937690735
5,358,-0.33465505,0.010409305,0.7780396342277527
5,359,-0.32456017,0.010094873,0.6853141784667969
5,360,-0.31482613,0.009734027,0.6965358853340149
5,361,-0.30654234,0.008283788,0.010116786696016788
5,362,-0.29989734,0.0066450033,-0.0823284164071083
5,363,-0.29493284,0.0049644997,-0.08391698449850082
5,364,-0.29148144,0.003451399,0.047008633613586426
5,365,-0.2881336,0.0033478409,1.124456524848938
5,366,-0.28691494,0.0012186382,-0.3376416862010956
5,367,-0.28593594,0.0009790018,0.9266971349716187
5,368,-0.2864731,-0.00053714524,0.07939738035202026
5,369,-0.2889077,-0.002434607,-0.17684535682201385
5,370,-0.29289487,-0.0039871745,0.0438343845307827
5,371,-0.29724863,-0.004353755,0.8192201256752014
5,372,-0.30305612,-0.0058074994,0.07759439200162888
5,373,-0.3098881,-0.006831971,0.3410223126411438
5,374,-0.3173063,-0.0074182246,0.606002688407898
5,375,-0.32467484,-0.0073685274,1.0430636405944824
5,376,-0.33211637,-0.007441511,0.8879697322845459
5,377,-0.33984697,-0.0077306177,0.7128801345825195
5,378,-0.347387,-0.0075400104,1.1130417585372925
5,379,-0.35575682,-0.008369833,0.2873769998550415
5,380,-0.36448947,-0.008732656,0.562312662601471
5,381,-0.3731162,-0.008626734,0.8362938165664673
5,382,-0.3813643,-0.008248087,0.9795460104942322
5,383,-0.3907608,-0.009396522,-0.07583684474229813
5,384,-0.39962745,-0.008866645,1.1325961351394653
5,385,-0.4087318,-0.009104345,0.4471991956233978
5,386,-0.4171807,-0.008448898,1.0818815231323242
5,387,-0.4274575,-0.010276821,-0.6955181360244751
5,388,-0.43805844,-0.010600921,0.2580026686191559
5,389,-0.44798476,-0.009926312,0.8727625012397766
5,390,-0.45813638,-0.01015162,0.22463016211986542
5,391,-0.4682403,-0.010103906,0.3570217490196228
5,392,-0.47871011,-0.010469839,0.03156641870737076
5,393,-0.4900152,-0.011305083,-0.3330635130405426
5,394,-0.5018863,-0.011871113,-0.20972004532814026
5,395,-0.513395,-0.011508694,0.35009872913360596
5,396,-0.52500767,-0.011612638,-0.01828518882393837
5,397,-0.53656614,-0.011558497,0.029049118980765343
5,398,-0.547599,-0.011032884,0.2855881154537201
5,399,-0.5579731,-0.01037407,0.31931182742118835
5,400,-0.5680154,-0.01004234,0.04958688095211983
5,401,-0.57828325,-0.010267845,-0.3717636168003082
5,402,-0.5878447,-0.009561493,0.19870421290397644
5,403,-0.5970144,-0.009169693,-0.05804438143968582
5,404,-0.60535717,-0.008342756,0.18717366456985474
5,405,-0.6125442,-0.007187006,0.3657943308353424
5,406,-0.6194156,-0.00687139,-0.22905774414539337
5,407,-0.6258464,-0.0064307787,-0.17877274751663208
5,408,-0.6311728,-0.0053263837,0.2330046147108078
5,409,-0.63496876,-0.003795997,0.4916757643222809
5,410,-0.6368974,-0.0019286161,0.6983731389045715
5,411,-0.63724166,-0.00034427512,0.5005791783332825
5,412,-0.63705003,0.00019161188,-0.20001274347305298
5,413,-0.63612306,0.0009269939,-0.06611296534538269
5,414,-0.632885,0.003238082,0.9887287616729736
5,415,-0.63005686,0.0028281473,-0.8099838495254517
5,416,-0.6255624,0.00449441,0.5875544548034668
5,417,-0.6210476,0.0045147897,-0.48831847310066223
5,418,-0.61572444,0.0053232005,0.05860709398984909
5,419,-0.6087226,0.0070017995,0.6642793416976929
5,420,-0.6007646,0.00795803,0.21647877991199493
5,421,-0.59199,0.008774597,0.16198600828647614
5,422,-0.582173,0.009817002,0.3553745448589325
5,423,-0.57190317,0.010269802,0.010500029660761356
5,424,-0.5597724,0.012130818,1.090977668762207
5,425,-0.5458708,0.0139015885,1.0780125856399536
5,426,-0.5313099,0.01456087,0.3282434940338135
5,427,-0.5151912,0.016118698,1.0129777193069458
5,428,-0.4990352,0.016155986,0.06689220666885376
5,429,-0.48315942,0.015875777,-0.06409868597984314
5,430,-0.46639997,0.016759453,0.7908185720443726
5,431,-0.45007187,0.016328093,-0.00298061384819448
5,432,-0.43440562,0.015666237,-0.07657601684331894
5,433,-0.4188074,0.015598231,0.3953254222869873
5,434,-0.4037675,0.015039903,0.1431502401828766
5,435,-0.3903768,0.013390697,-0.513136625289917
5,436,-0.37658367,0.013793148,0.9168187379837036
5,437,-0.362687,0.01389668,0.7804967164993286
5,438,-0.3486664,0.014020591,0.8562800288200378
5,439,-0.3344978,0.014168605,0.9337382912635803
5,440,-0.32211757,0.0123802405,-0.296644002199173
5,441,-0.3105381,0.011579468,0.4133256673812866
5,442,-0.2997571,0.010781008,0.46192529797554016
5,443,-0.29073945,0.009017659,-0.1385979950428009
5,444,-0.2835131,0.0072263563,-0.1223195493221283
5,445,-0.27659756,0.0069155367,0.8920834064483643
5,446,-0.2698696,0.006727965,1.1344728469848633
5,447,-0.2641724,0.0056971847,0.46244925260543823
5,448,-0.25981024,0.004362178,0.2800871431827545
5,449,-0.25572634,0.0040838937,1.2874852418899536
5,450,-0.25261816,0.0031081862,0.5493142604827881
5,451,-0.25163192,0.0009862373,-0.20411182940006256
5,452,-0.2524083,-0.0007763837,0.038824304938316345
5,453,-0.25502637,-0.0026180744,-0.01655207760632038
5,454,-0.25830895,-0.0032825812,0.759208083152771
5,455,-0.26232752,-0.0040185614,0.7001334428787231
5,456,-0.26721,-0.0048824935,0.6006879210472107
5,457,-0.27320218,-0.0059921844,0.41943359375
5,458,-0.2803617,-0.0071595353,0.35928085446357727
5,459,-0.28904235,-0.008680647,0.09701628983020782
5,460,-0.2978846,-0.008842248,0.9706328511238098
5,461,-0.30700177,-0.009117141,0.8610180616378784
5,462,-0.31757012,-0.010568351,0.04089380428195
5,463,-0.32843828,-0.010868149,0.7659282088279724
5,464,-0.33958754,-0.011149267,0.7335895299911499
5,465,-0.3513154,-0.0117278565,0.4883066415786743
5,466,-0.3636738,-0.0123584075,0.40320631861686707
5,467,-0.37765193,-0.013978125,-0.31051236391067505
5,468,-0.3923559,-0.014703973,0.22274178266525269
5,469,-0.4068506,-0.014494727,0.7788877487182617
5,470,-0.4217275,-0.0148769105,0.31709033250808716
5,471,-0.43750647,-0.015778964,-0.09990444779396057
5,472,-0.45476413,-0.017257666,-0.5601097345352173
5,473,-0.47224227,-0.017478136,0.19475214183330536
5,474,-0.49040544,-0.01816318,-0.20092807710170746
5,475,-0.5089277,-0.018522251,-0.07368867099285126
5,476,-0.52718073,-0.018253034,0.2528095841407776
5,477,-0.5449282,-0.017747441,0.31915247440338135
5,478,-0.5617942,-0.016866015,0.4810433089733124
5,479,-0.57764584,-0.015851598,0.4857184588909149
5,480,-0.59231675,-0.014670886,0.5180883407592773
5,481,-0.6058395,-0.013522731,0.4242754280567169
5,482,-0.61725163,-0.011412164,1.3045618534088135
5,483,-0.6270805,-0.009828875,0.5933980941772461
5,484,-0.6350552,-0.007974704,0.7269765734672546
5,485,-0.64103144,-0.005976276,0.7853294610977173
5,486,-0.646124,-0.005092562,0.014050045050680637
5,487,-0.6512597,-0.0051357057,-0.6276859045028687
5,488,-0.6557821,-0.0045223646,-0.2139206975698471
5,489,-0.658624,-0.0028419173,0.4765675961971283
5,490,-0.6597146,-0.0010905792,0.5107449293136597
5,491,-0.658713,0.0010015755,0.732947826385498
5,492,-0.65664506,0.0020679398,0.05368683859705925
5,493,-0.6546729,0.001972146,-0.7115707993507385
5,494,-0.65024287,0.0044300635,1.1570390462875366
5,495,-0.64624417,0.0039986926,-0.9056766629219055
5,496,-0.64170706,0.0045370827,-0.2405574917793274
5,497,-0.6362915,0.0054155784,0.0074018151499331
5,498,-0.62904936,0.0072421315,0.6649110317230225
5,499,-0.6217643,0.007285042,-0.48989519476890564
5,500,-0.6139123,0.007852028,-0.10577289760112762
5,501,-0.6055437,0.008368626,-0.10166405141353607
5,502,-0.59564275,0.009900924,0.6159215569496155
5,503,-0.5853552,0.010287512,-0.09969644993543625
5,504,-0.5735725,0.011782727,0.6897910833358765
5,505,-0.56050164,0.013070899,0.6098472476005554
5,506,-0.54706484,0.013436805,0.05979970097541809
5,507,-0.53327423,0.0137906065,0.11863400787115097
5,508,-0.5205432,0.0127310185,-0.7547627091407776
5,509,-0.50825727,0.012285925,-0.28145119547843933
5,510,-0.4949734,0.013283879,0.741982638835907
5,511,-0.4810002,0.0139731625,0.6024736166000366
5,512,-0.46679384,0.014206372,0.36788681149482727
5,513,-0.45238715,0.014406692,0.41619861125946045
5,514,-0.43701443,0.015372712,0.9973688721656799
5,515,-0.4219188,0.015095615,0.24333828687667847
5,516,-0.40607402,0.015844787,1.104347825050354
5,517,-0.39029786,0.015776172,0.5297815203666687
5,518,-0.3744199,0.015877973,0.716748058795929
5,519,-0.35848764,0.015932254,0.757431149482727
5,520,-0.34354502,0.014942602,0.13244007527828217
5,521,-0.3300358,0.013509224,-0.09846129268407822
5,522,-0.31639808,0.013637724,1.2867727279663086
5,523,-0.30372298,0.012675094,0.3288106620311737
5,524,-0.29245368,0.011269313,0.08418353646993637
5,525,-0.2812823,0.011171356,1.0571208000183105
5,526,-0.27096474,0.01031757,0.5384644269943237
5,527,-0.2621397,0.008825043,0.15064775943756104
5,528,-0.25370598,0.008433731,0.9164330363273621
5,529,-0.24731901,0.0063869697,-0.1577320247888565
5,530,-0.24127491,0.006044101,1.058150053024292
5,531,-0.23588048,0.0053944224,0.8156780004501343
5,532,-0.2308858,0.0049946797,1.1964471340179443
5,533,-0.22715499,0.003730815,0.440009742975235
5,534,-0.22412944,0.0030255395,0.8242343068122864
5,535,-0.22164133,0.0024881053,0.9456045031547546
5,536,-0.22095309,0.0006882354,0.11169286072254181
5,537,-0.22179292,-0.00083983294,0.295014351606369
5,538,-0.22328761,-0.0014946867,0.8745691776275635
5,539,-0.22524206,-0.0019544538,1.1092253923416138
5,540,-0.23064715,-0.005405086,-1.0962252616882324
5,541,-0.2374349,-0.006787747,0.36157381534576416
5,542,-0.24461478,-0.007179891,1.1480103731155396
5,543,-0.25242177,-0.0078069963,0.8196053504943848
5,544,-0.26141,-0.008988234,0.4237033426761627
5,545,-0.2709152,-0.009505199,0.8352440595626831
5,546,-0.28075126,-0.009836035,0.9252884387969971
5,547,-0.2924138,-0.011662531,-0.10802560299634933
5,548,-0.305668,-0.013254191,0.004351403098553419
5,549,-0.3198324,-0.014164413,0.4068535268306732
5,550,-0.3358276,-0.015995182,-0.2639593183994293
5,551,-0.35186633,-0.016038753,0.8609375953674316
5,552,-0.36784968,-0.015983356,0.8581094741821289
5,553,-0.38423306,-0.016383385,0.48403123021125793
5,554,-0.40313148,-0.01889844,-1.0437264442443848
5,555,-0.4221849,-0.01905343,0.48598378896713257
5,556,-0.44048727,-0.018302353,1.1464183330535889
5,557,-0.4581942,-0.017706936,0.8082102537155151
5,558,-0.4759725,-0.017778294,0.2773570418357849
5,559,-0.4933986,-0.017426109,0.47211194038391113
5,560,-0.5108937,-0.01749509,0.10480640083551407
5,561,-0.5298072,-0.018913485,-0.8820868730545044
5,562,-0.5492012,-0.019394007,-0.3513883352279663
5,563,-0.5684703,-0.019269109,-0.044621143490076065
5,564,-0.58766407,-0.019193789,-0.17346708476543427
5,565,-0.6064978,-0.018833786,-0.07835600525140762
5,566,-0.62359893,-0.017101105,0.7448849081993103
5,567,-0.6395783,-0.015979355,0.25529876351356506
5,568,-0.6542146,-0.014636322,0.3270876407623291
5,569,-0.66833526,-0.014120611,-0.29268714785575867
5,570,-0.68277097,-0.014435682,-0.9112032055854797
5,571,-0.6975577,-0.014786745,-1.054299235343933
5,572,-0.7097973,-0.01223961,0.8672436475753784
5,573,-0.7205645,-0.010767157,0.09830864518880844
5,574,-0.7291762,-0.008611755,0.5084242224693298
5,575,-0.73549396,-0.0063177226,0.5654008984565735
5,576,-0.7401317,-0.0046377378,0.1304410994052887
5,577,-0.74177986,-0.0016481596,0.9849406480789185
5,578,-0.7406046,0.0011752927,0.8676398396492004
5,579,-0.737617,0.0029875827,0.1982000470161438
5,580,-0.73277664,0.0048403903,0.23713456094264984
5,581,-0.7249684,0.0078082653,1.0141090154647827
5,582,-0.7146107,0.010357682,0.7528964877128601
5,583,-0.7027894,0.011821291,0.072097547352314
5,584,-0.6893582,0.013431252,0.2198873907327652
5,585,-0.67441374,0.01494444,0.21373350918293
5,586,-0.65852904,0.0158847,-0.10176968574523926
5,587,-0.6418861,0.016642926,-0.15089291334152222
5,588,-0.62393236,0.017953726,0.29476499557495117
5,589,-0.6039171,0.020015264,0.8802316784858704
5,590,-0.58324546,0.020671679,0.039893075823783875
5,591,-0.561718,0.021527497,0.27390173077583313
5,592,-0.53940994,0.022308059,0.3301934003829956
5,593,-0.516743,0.022666909,0.16020748019218445
5,594,-0.4944132,0.022329798,-0.19046352803707123
5,595,-0.4711276,0.023285594,0.7829390168190002
5,596,-0.44706815,0.024059441,0.7771716117858887
5,597,-0.4222227,0.024845444,0.903302013874054
5,598,-0.39739126,0.02483143,0.48975953459739685
5,599,-0.37198395,0.025407327,1.0470784902572632
5,600,-0.34617493,0.025809022,1.0520061254501343
5,601,-0.32013464,0.026040291,1.1886017322540283
5,602,-0.29516718,0.024967453,0.24008910357952118
5,603,-0.27110285,0.024064332,0.45275500416755676
5,604,-0.24807829,0.02302456,0.45198294520378113
5,605,-0.2261132,0.02196509,0.5196968913078308
5,606,-0.20459464,0.02151855,1.064229130744934
5,607,-0.18398243,0.020612212,0.7582311034202576
5,608,-0.16493344,0.019048993,0.37702861428260803
5,609,-0.14678642,0.018147022,0.8654580116271973
5,610,-0.129458,0.017328423,0.9619314074516296
5,611,-0.11294339,0.016514607,1.2056399583816528
5,612,-0.09764594,0.01529745,0.7604694366455078
5,613,-0.083796956,0.013848986,0.6300233006477356
5,614,-0.070869386,0.012927567,1.0886406898498535
5,615,-0.058944043,0.0119253425,0.9609902501106262
5,616,-0.04813999,0.010804052,0.8931495547294617
5,617,-0.03876067,0.00937932,0.6994941830635071
5,618,-0.030364467,0.008396203,1.1208075284957886
5,619,-0.022957899,0.007406568,1.0661147832870483
5,620,-0.016545404,0.0064124954,1.4637433290481567
5,621,-0.01149017,0.005055234,0.759772777557373
5,622,-0.008587445,0.0029027245,0.23067045211791992
5,623,-0.006683891,0.0019035541,1.009614109992981
5,624,-0.0057798345,0.00090405665,1.2231404781341553
5,625,-0.0061408384,-0.00036100377,0.8230425119400024
5,626,-0.008591692,-0.0024508534,0.27315086126327515
5,627,-0.012429001,-0.0038373084,0.7418096661567688
5,628,-0.017613746,-0.005184746,0.7672164440155029
5,629,-0.025404776,-0.007791029,-0.07318172603845596
5,630,-0.03431528,-0.008910505,0.9155111908912659
5,631,-0.044399034,-0.010083755,0.8756768703460693
5,632,-0.055460643,-0.011061611,1.01301109790802
5,633,-0.069284685,-0.013824042,-0.19797027111053467
5,634,-0.08405492,-0.014770232,1.1047383546829224
5,635,-0.099793054,-0.015738139,0.9686869382858276
5,636,-0.11641999,-0.01662694,1.2442876100540161
5,637,-0.1349855,-0.018565517,0.2736588418483734
5,638,-0.15434882,-0.019363316,1.057456374168396
5,639,-0.17627965,-0.021930825,-0.22051340341567993
5,640,-0.2002615,-0.023981852,0.07163774222135544
5,641,-0.22543296,-0.02517146,0.5817481875419617
5,642,-0.25193757,-0.026504606,0.41106078028678894
5,643,-0.27876145,-0.026823891,1.3159356117248535
5,644,-0.30693266,-0.0281712,0.21883539855480194
5,645,-0.33646628,-0.02953362,0.10036194324493408
5,646,-0.36684915,-0.030382881,0.3211092948913574
5,647,-0.39751744,-0.030668287,0.5649099946022034
5,648,-0.42761895,-0.030101497,0.9933419823646545
5,649,-0.45704773,-0.02942879,0.9217673540115356
5,650,-0.48703852,-0.029990798,-0.04412386938929558
5,651,-0.5159765,-0.028937982,0.8843114972114563
5,652,-0.54399365,-0.028017139,0.6520030498504639
5,653,-0.5720561,-0.028062439,-0.13211067020893097
5,654,-0.59979236,-0.027736245,-0.02397223562002182
5,655,-0.62585235,-0.026059965,0.7398605346679688
5,656,-0.65091497,-0.02506264,0.16159673035144806
5,657,-0.6740225,-0.023107551,0.6821762323379517
5,658,-0.6952477,-0.021225238,0.528025209903717
5,659,-0.7138694,-0.01862171,0.9148721694946289
5,660,-0.7314598,-0.01759041,-0.21299274265766144
5,661,-0.74730414,-0.015844334,0.19080376625061035
5,662,-0.761894,-0.014589824,-0.2000941038131714
5,663,-0.774432,-0.012537992,0.27533623576164246
5,664,-0.78424156,-0.009809543,0.6798561215400696
5,665,-0.7922769,-0.00803535,0.008380859158933163
5,666,-0.7983943,-0.006117431,0.07603385299444199
5,667,-0.8023437,-0.003949412,0.22179345786571503
5,668,-0.80367184,-0.0013280894,0.5106739401817322
5,669,-0.8038562,-0.00018433663,-0.4788138270378113
5,670,-0.8028095,0.0010467428,-0.42121097445487976
5,671,-0.7994565,0.0033530183,0.29908281564712524
5,672,-0.7931907,0.00626573,0.7146556973457336
5,673,-0.78387195,0.009318784,0.8296316266059875
5,674,-0.77289015,0.010981827,-0.06440772861242294
5,675,-0.76058674,0.012303409,-0.25241512060165405
5,676,-0.74603075,0.014555964,0.4140956401824951
5,677,-0.7300462,0.01598456,-0.07904362678527832
5,678,-0.71187115,0.01817507,0.49284014105796814
5,679,-0.69192797,0.019943183,0.28663986921310425
5,680,-0.67088145,0.021046503,-0.07078168541193008
5,681,-0.6492565,0.021624943,-0.3270578980445862
5,682,-0.6266056,0.022650965,0.07050073146820068
5,683,-0.60361654,0.022989016,-0.28150781989097595
5,684,-0.5788355,0.024781024,0.7984147071838379
5,685,-0.55413336,0.024702141,-0.327510267496109
5,686,-0.52833855,0.025794795,0.5759761333465576
5,687,-0.50277126,0.025567288,-0.1753697693347931
5,688,-0.47640923,0.026362043,0.633906364440918
5,689,-0.44895667,0.02745257,0.9621778726577759
5,690,-0.4216472,0.027309483,0.2747085392475128
5,691,-0.39464295,0.02700423,0.29834628105163574
5,692,-0.36708194,0.027561007,1.028321385383606
5,693,-0.33994403,0.027137905,0.47207507491111755
5,694,-0.3126149,0.027329132,1.2055517435073853
5,695,-0.2860967,0.026518203,0.445259153842926
5,696,-0.2598906,0.026206108,0.8814905881881714
5,697,-0.23396234,0.025928248,1.0871622562408447
5,698,-0.20872939,0.025232963,0.8091853857040405
5,699,-0.1840221,0.024707295,1.0591639280319214
5,700,-0.16079153,0.023230571,0.43458831310272217
5,701,-0.1382757,0.022515832,1.0886348485946655
5,702,-0.11756642,0.020709274,0.3209388852119446
5,703,-0.097703256,0.019863166,1.5647144317626953
5,704,-0.07873347,0.018969791,1.2127937078475952
5,705,-0.061677236,0.017056232,0.3446841537952423
5,706,-0.04557833,0.016098905,1.4129889011383057
5,707,-0.03060568,0.014972652,0.9002750515937805
5,708,-0.016622497,0.013983183,1.1547058820724487
5,709,-0.004349664,0.012272833,0.5243615508079529
5,710,0.0061487276,0.010498391,0.4835636615753174
5,711,0.015647544,0.009498817,1.1089773178100586
5,712,0.024149114,0.008501571,1.358683705329895
5,713,0.030565416,0.006416302,0.2721157968044281
5,714,0.034502562,0.003937146,0.006894113961607218
5,715,0.03647462,0.0019720555,0.3476860225200653
5,716,0.03691616,0.00044154158,0.636355996131897
5,717,0.036356475,-0.00055968517,0.9889715909957886
5,718,0.03420672,-0.002149758,0.5967145562171936
5,719,0.031070113,-0.003136606,1.1058179140090942
5,720,0.026705427,-0.0043646866,0.8407114744186401
5,721,0.020835005,-0.0058704233,0.6574963331222534
5,722,0.013839909,-0.0069950963,0.9136300683021545
5,723,0.0053983484,-0.008441561,0.7009208798408508
5,724,-0.004042885,-0.009441233,1.4100357294082642
5,725,-0.015432005,-0.0113891205,0.3679528832435608
5,726,-0.027818447,-0.012386442,1.4784321784973145
5,727,-0.04119619,-0.013377741,1.0133036375045776
5,728,-0.0563831,-0.015186909,0.4478425979614258
5,729,-0.07389161,-0.017508512,0.09514463692903519
5,730,-0.09465711,-0.020765496,-0.5454389452934265
5,731,-0.11632248,-0.021665372,1.2790387868881226
5,732,-0.13883717,-0.022514688,1.1277401447296143
5,733,-0.16213812,-0.023300953,1.0498648881912231
5,734,-0.18666796,-0.02452984,0.6540999412536621
5,735,-0.21198794,-0.02531998,0.8853281736373901
5,736,-0.23787509,-0.025887143,0.9627241492271423
5,737,-0.26429337,-0.026418297,0.9058870077133179
5,738,-0.29096615,-0.026672788,1.0237919092178345
5,739,-0.32000488,-0.029038718,-0.50627201795578
5,740,-0.35048896,-0.030484086,-0.0077314218506217
5,741,-0.3807138,-0.030224832,1.262972354888916
5,742,-0.41186902,-0.03115524,0.07247389853000641
5,743,-0.44336578,-0.03149677,0.3205595016479492
5,744,-0.4739585,-0.030592725,1.0729917287826538
5,745,-0.5046561,-0.030697614,0.1773592233657837
5,746,-0.5339957,-0.029339608,1.010513424873352
5,747,-0.56293,-0.028934326,0.21821115911006927
5,748,-0.5909561,-0.028026087,0.40929263830184937
5,749,-0.61969066,-0.028734585,-0.8068315386772156
5,750,-0.647675,-0.027984293,0.02636222541332245
5,751,-0.67360425,-0.025929272,0.7638606429100037
5,752,-0.6979058,-0.024301546,0.36018428206443787
5,753,-0.72157097,-0.02366519,-0.40811774134635925
5,754,-0.7423371,-0.020766161,1.0872645378112793
5,755,-0.76161224,-0.019275103,-0.02283158339560032
5,756,-0.77892596,-0.017313696,0.21611694991588593
5,757,-0.79336905,-0.014443108,0.7583176493644714
5,758,-0.80628705,-0.012917984,-0.18960385024547577
5,759,-0.81583005,-0.009542979,1.0830622911453247
5,760,-0.8239716,-0.008141576,-0.3467782139778137
5,761,-0.8296817,-0.0057100668,0.3143034875392914
5,762,-0.8338558,-0.004174141,-0.30028200149536133
5,763,-0.83536154,-0.0015057223,0.4421447813510895
5,764,-0.8333553,0.0020062034,1.325431227684021
5,765,-0.82942724,0.0039280816,-0.054052963852882385
5,766,-0.8224404,0.006986871,0.7157334685325623
5,767,-0.8135037,0.008936706,-0.0020468670409172773
5,768,-0.80115664,0.012347069,1.272251009941101
5,769,-0.78546023,0.0156964,1.135853886604309
5,770,-0.76691484,0.018545395,0.7205984592437744
5,771,-0.74606335,0.020851517,0.42603036761283875
5,772,-0.7228366,0.023226745,0.5519173741340637
5,773,-0.69815105,0.02468557,0.03462640568614006
5,774,-0.672317,0.025834015,-0.0677872970700264
5,775,-0.6462649,0.026052099,-0.5737766623497009
5,776,-0.618111,0.028153913,0.8016282916069031
5,777,-0.5895051,0.028605942,-0.16490185260772705
5,778,-0.5604034,0.029101698,0.0031152921728789806
5,779,-0.530763,0.029640447,0.17551685869693756
5,780,-0.49996006,0.030802919,0.7391626238822937
5,781,-0.46890488,0.03105519,0.286274790763855
5,782,-0.4372837,0.031621184,0.6495746970176697
5,783,-0.40624347,0.031040229,0.03946450725197792
5,784,-0.37527895,0.03096453,0.5242629647254944
5,785,-0.3442026,0.031076333,0.7919049859046936
5,786,-0.31362373,0.030578876,0.5226641893386841
5,787,-0.28301758,0.030606166,1.0268492698669434
5,788,-0.25305158,0.029966002,0.6743821501731873
5,789,-0.22339912,0.029652458,1.0045758485794067
5,790,-0.19536275,0.028036367,0.2287713885307312
5,791,-0.16790916,0.02745359,1.0872526168823242
5,792,-0.14114505,0.026764117,1.1287028789520264
5,793,-0.11516014,0.02598491,1.5035637617111206
5,794,-0.09115489,0.02400525,0.24841459095478058
5,795,-0.06805674,0.023098147,1.0498684644699097
5,796,-0.045906667,0.022150073,1.348308801651001
5,797,-0.025365362,0.020541305,0.5783731937408447
5,798,-0.0070852637,0.018280098,0.154372438788414
5,799,0.0093838805,0.016469143,0.4589873254299164
5,800,0.024854014,0.015470134,1.0664714574813843
5,801,0.039331093,0.014477081,1.0421768426895142
5,802,0.0520133,0.012682207,0.45849576592445374
5,803,0.06350084,0.011487538,0.8499715328216553
5,804,0.07349148,0.009990639,0.6385824084281921
5,805,0.08254263,0.009051154,1.1640509366989136
5,806,0.09067004,0.008127413,1.1580873727798462
5,807,0.09788937,0.007219331,1.0752203464508057
5,808,0.10421573,0.0063263597,1.1261177062988281
5,809,0.10846372,0.004247983,0.20028677582740784
5,810,0.11147255,0.0030088266,0.7531053423881531
5,811,0.11361987,0.0021473225,1.4441405534744263
5,812,0.11461883,0.0009989586,0.8052034974098206
5,813,0.11446278,-0.00015605582,0.7990930080413818
5,814,0.11345267,-0.0010101041,1.051173448562622
5,815,0.11063212,-0.002820552,0.3640933334827423
5,816,0.106935665,-0.0036964575,0.9917733669281006
5,817,0.10236675,-0.0045689107,1.452336311340332
5,818,0.09678459,-0.0055821626,0.9131888747215271
5,819,0.08993442,-0.006850165,0.7515696883201599
5,820,0.082070455,-0.00786397,0.9305025339126587
5,821,0.072971575,-0.009098878,0.7931323051452637
5,822,0.062932365,-0.010039212,1.8909131288528442
5,823,0.05107755,-0.011854816,0.42664843797683716
5,824,0.037290093,-0.013787455,0.35871246457099915
5,825,0.022518264,-0.0147718275,1.392419695854187
5,826,0.006752139,-0.015766125,1.3823895454406738
5,827,-0.010198442,-0.016950581,0.8766871094703674
5,828,-0.029633498,-0.019435056,0.009570600464940071
5,829,-0.051829565,-0.02219607,-0.18059080839157104
5,830,-0.07522071,-0.02339115,0.8498398065567017
5,831,-0.09994827,-0.024727562,0.7334679961204529
5,832,-0.12805581,-0.028107533,-0.6610097289085388
5,833,-0.15698113,-0.02892531,1.2733155488967896
5,834,-0.18663429,-0.029653162,1.0947664976119995
5,835,-0.21690571,-0.030271428,1.04603111743927
5,836,-0.2478431,-0.030937387,0.8821098208427429
5,837,-0.2804207,-0.032577578,0.13334615528583527
5,838,-0.31316456,-0.032743882,1.1485581398010254
5,839,-0.34781763,-0.034653056,-0.28912249207496643
5,840,-0.38359225,-0.03577463,0.09101644903421402
5,841,-0.41888633,-0.035294075,1.1086132526397705
5,842,-0.45413122,-0.035244867,0.5477977395057678
5,843,-0.48877653,-0.034645334,0.7445183992385864
5,844,-0.5224997,-0.033723146,0.7885878086090088
5,845,-0.55595106,-0.033451382,0.18667149543762207
5,846,-0.5892206,-0.033269495,-0.04025011137127876
5,847,-0.62250763,-0.033287045,-0.33769428730010986
5,848,-0.65502495,-0.03251733,0.02582564204931259
5,849,-0.68720007,-0.032175116,-0.41209521889686584
5,850,-0.718129,-0.030928934,0.04523006081581116
5,851,-0.74699306,-0.028864088,0.45819175243377686
5,852,-0.7731162,-0.02612313,0.7920891046524048
5,853,-0.7967948,-0.023678597,0.49539151787757874
5,854,-0.8185143,-0.021719534,0.08793400228023529
5,855,-0.83958536,-0.021071076,-0.8572860956192017
5,856,-0.859951,-0.020365668,-0.8834401965141296
5,857,-0.8777501,-0.017799057,0.3005252182483673
5,858,-0.89306104,-0.015310967,0.2028055191040039
5,859,-0.9059217,-0.012860631,0.14192445576190948
5,860,-0.91722906,-0.0113073755,-0.4836992621421814
5,861,-0.9264387,-0.009209639,-0.14308400452136993
5,862,-0.933042,-0.006603321,0.17905834317207336
5,863,-0.93692565,-0.0038836894,0.2432057112455368
5,864,-0.9386949,-0.0017692703,-0.1666834056377411
5,865,-0.9374688,0.0012260749,0.41774946451187134
5,866,-0.9332635,0.004205361,0.40901458263397217
5,867,-0.92694515,0.0063183066,-0.1616230309009552
5,868,-0.91712874,0.0098163895,0.7726725339889526
5,869,-0.90475863,0.012370111,0.16109676659107208
5,870,-0.89006823,0.014690404,0.03005996346473694
5,871,-0.87375706,0.016311193,-0.40437203645706177
5,872,-0.8554648,0.01829222,-0.12541410326957703
5,873,-0.8351099,0.020354899,-0.02335549332201481
5,874,-0.8142442,0.020865703,-1.5220048427581787
5,875,-0.7914943,0.0227499,-0.01982834003865719
5,876,-0.767792,0.023702309,-0.5649273991584778
5,877,-0.7439177,0.023874283,-1.1231424808502197
5,878,-0.71700877,0.026908964,1.0460270643234253
5,879,-0.6890426,0.027966145,-0.2089064121246338
5,880,-0.6593491,0.029693548,0.35792991518974304
5,881,-0.628743,0.030606072,-0.05179499089717865
5,882,-0.5973974,0.031345583,-0.024038363248109818
5,883,-0.566036,0.031361382,-0.35545283555984497
5,884,-0.53343284,0.03260316,0.6162375807762146
5,885,-0.49925593,0.034176905,1.1636104583740234
5,886,-0.4652127,0.03404322,0.032481882721185684
5,887,-0.4309968,0.034215905,0.4055646061897278
5,888,-0.3973696,0.033627223,0.06462268531322479
5,889,-0.3648322,0.032537386,-0.11038890480995178
5,890,-0.3319519,0.0328803,0.9927639961242676
5,891,-0.2993769,0.032574974,0.702759325504303
5,892,-0.26763326,0.031743653,0.4842420518398285
5,893,-0.23612617,0.031507093,1.419524073600769
5,894,-0.20501763,0.031108549,1.1931746006011963
5,895,-0.17448671,0.030530918,0.9761507511138916
5,896,-0.14529504,0.029191673,0.5506606101989746
5,897,-0.117062725,0.028232314,0.871255099773407
5,898,-0.09063233,0.026430395,0.3636621832847595
5,899,-0.06552249,0.025109833,0.7250643372535706
5,900,-0.0426685,0.022853995,0.1306789368391037
5,901,-0.02079405,0.021874448,1.0547409057617188
5,902,8.5260355e-05,0.020879311,1.2208436727523804
5,903,0.019964572,0.019879311,1.1067942380905151
5,904,0.038848367,0.018883795,1.0344246625900269
5,905,0.056568373,0.017720006,0.8795021176338196
5,906,0.073061764,0.016493395,0.8249832391738892
5,907,0.08729626,0.014234498,0.12086039036512375
5,908,0.10031758,0.013021318,0.8010512590408325
5,909,0.110560164,0.010242579,-0.260735422372818
5,910,0.11918566,0.008625493,0.49777039885520935
5,911,0.12696926,0.0077836066,1.0431407690048218
5,912,0.13334994,0.0063806754,0.6119248867034912
5,913,0.13892801,0.0055780713,1.2756532430648804
5,914,0.14293215,0.0040041343,0.4747014045715332
5,915,0.14591707,0.0029849291,0.8363078832626343
5,916,0.14781573,0.0018986675,0.7853376269340515
5,917,0.14895621,0.0011404726,1.0469931364059448
5,918,0.14875521,-0.0002010023,0.6086912751197815
5,919,0.14779904,-0.00095616514,1.7049640417099
5,920,0.14608464,-0.0017144139,1.3947255611419678
5,921,0.14307605,-0.0030085864,0.6463750600814819
5,922,0.13833454,-0.0047415113,0.3601953089237213
5,923,0.13186896,-0.0064655794,0.37581273913383484
5,924,0.12459647,-0.0072724866,1.4339990615844727
5,925,0.11649661,-0.008099862,1.182562232017517
5,926,0.10754788,-0.008948731,1.0511651039123535
5,927,0.09769512,-0.009852762,0.977979838848114
5,928,0.08689618,-0.010798939,0.9648110866546631
5,929,0.073954575,-0.012941607,0.18190886080265045
5,930,0.060051028,-0.013903547,0.9845215678215027
5,931,0.04518794,-0.014863088,1.0995515584945679
5,932,0.029181663,-0.016006276,0.8892505168914795
5,933,0.012184961,-0.016996702,1.0274419784545898
5,934,-0.0058100712,-0.017995032,1.2849997282028198
5,935,-0.026057007,-0.020246936,0.1651439666748047
5,936,-0.047307517,-0.02125051,0.9925277829170227
5,937,-0.07004566,-0.022738142,0.6581551432609558
5,938,-0.09399733,-0.023951674,0.8209830522537231
5,939,-0.11890519,-0.02490786,0.9633809924125671
5,940,-0.14465567,-0.025750482,1.1725473403930664
5,941,-0.1714756,-0.026819928,0.7992108464241028
5,942,-0.20044822,-0.028972616,0.01583179272711277
5,943,-0.23023576,-0.029787537,0.8310126066207886
5,944,-0.26111588,-0.030880127,0.5562655925750732
5,945,-0.29372033,-0.032604463,0.03136754035949707
5,946,-0.3275695,-0.033849183,0.23061366379261017
5,947,-0.36239278,-0.034823257,0.2752346694469452
5,948,-0.3968785,-0.03448572,1.0729824304580688
5,949,-0.43164796,-0.03476943,0.42930859327316284
5,950,-0.46559832,-0.033950347,1.2107783555984497
5,951,-0.50053966,-0.03494136,-0.3721330463886261
5,952,-0.536221,-0.035681393,-0.37815114855766296
5,953,-0.57122356,-0.03500255,0.3894668519496918
5,954,-0.60574925,-0.034525707,0.08057985454797745
5,955,-0.6389098,-0.033160537,0.503506064414978
5,956,-0.67013806,-0.031228244,0.7230710983276367
5,957,-0.6988023,-0.02866426,1.2383017539978027
5,958,-0.72517705,-0.02637477,0.6900908946990967
5,959,-0.7516305,-0.026453411,-1.4378982782363892
5,960,-0.77572864,-0.024098152,0.5168855786323547
5,961,-0.79669595,-0.020967286,0.9434105157852173
5,962,-0.8148873,-0.018191343,0.632857620716095
5,963,-0.83122516,-0.01633787,-0.04237770289182663
5,964,-0.84524447,-0.014019295,0.2168121635913849
5,965,-0.8573677,-0.012123221,-0.10597226768732071
5,966,-0.8666722,-0.00930455,0.4754865765571594
5,967,-0.8752372,-0.008564998,-0.9351282119750977
5,968,-0.8817152,-0.006477937,-0.05838995799422264
5,969,-0.88457584,-0.0028606642,0.9460480213165283
5,970,-0.88469243,-0.00011660953,0.3571437895298004
5,971,-0.881282,0.003410452,0.8788753151893616
5,972,-0.8755757,0.0057062553,0.06610125303268433
5,973,-0.86793166,0.007644046,-0.1587378978729248
5,974,-0.857942,0.009989685,0.13236157596111298
5,975,-0.84586596,0.012076041,-0.014269785024225712
5,976,-0.8314428,0.014423172,0.19296525418758392
5,977,-0.8145741,0.016868673,0.3007737994194031
5,978,-0.7957374,0.018836731,0.03501737117767334
5,979,-0.7738809,0.021856505,0.7986893653869629
5,980,-0.7489081,0.024972811,0.9404405951499939
5,981,-0.72249305,0.026415057,-0.08120537549257278
5,982,-0.6941256,0.028367467,0.36510443687438965
5,983,-0.66397357,0.030152014,0.3737707734107971
5,984,-0.6315264,0.03244716,0.8487861752510071
5,985,-0.5981784,0.033348005,0.07030420750379562
5,986,-0.5643293,0.033849042,-0.03577005863189697
5,987,-0.53040445,0.033924874,-0.15259169042110443
5,988,-0.49492854,0.035475913,1.0672106742858887
5,989,-0.45953372,0.035394825,0.08911601454019547
5,990,-0.42360857,0.03592514,0.6718994379043579
5,991,-0.38710764,0.036500942,0.8763546943664551
5,992,-0.35089597,0.036211662,0.470691055059433
5,993,-0.31465447,0.036241513,0.845296323299408
5,994,-0.2797096,0.03494485,0.11319703608751297
5,995,-0.24493504,0.03477457,1.0908938646316528
5,996,-0.21132804,0.03360699,0.45821455121040344
5,997,-0.17887038,0.032457665,0.5765731930732727
5,998,-0.14706133,0.03180905,1.0318547487258911
5,999,-0.1160129,0.031048434,1.4763840436935425
