episode,step,position,velocity,action
1,1,-0.49573988,0.0007352046,0.6256052255630493
1,2,-0.49490592,0.00083394424,0.20495881140232086
1,3,-0.4957869,-0.0008809865,-1.0117368698120117
1,4,-0.4956118,0.00017512892,0.8429750204086304
1,5,-0.4971431,-0.0015312982,-0.9978474974632263
1,6,-0.5003641,-0.0032210303,-0.9943484663963318
1,7,-0.5023329,-0.0019687999,0.9508994817733765
1,8,-0.5059611,-0.0036281855,-1.056233525276184
1,9,-0.5111126,-0.005151432,-0.9273504018783569
1,10,-0.5178576,-0.0067450567,-1.1554609537124634
1,11,-0.5261457,-0.008288113,-1.0878459215164185
1,12,-0.5359147,-0.009769011,-1.079545497894287
1,13,-0.54709136,-0.0111766625,-1.004568099975586
1,14,-0.5594802,-0.01238882,-0.9254703521728516
1,15,-0.5701004,-0.010620229,1.0555355548858643
1,16,-0.58019966,-0.010099204,0.11559519171714783
1,17,-0.5913179,-0.011118255,-0.9610136151313782
1,18,-0.60327095,-0.011953077,-0.8928198218345642
1,19,-0.6157592,-0.012488239,-0.7513535618782043
1,20,-0.626065,-0.010305809,1.423844575881958
1,21,-0.6370422,-0.010977222,-0.9519088864326477
1,22,-0.6486144,-0.011572169,-0.9529627561569214
1,23,-0.66045076,-0.011836363,-0.7866560220718384
1,24,-0.67273515,-0.012284416,-0.9639004468917847
1,25,-0.682438,-0.009702838,1.413507103919983
1,26,-0.69217914,-0.009741127,-0.7900053262710571
1,27,-0.69920915,-0.007029987,1.3701473474502563
1,28,-0.70561385,-0.006404681,-0.4211239516735077
1,29,-0.71222025,-0.006606402,-1.010972499847412
1,30,-0.71889395,-0.0066736666,-0.9384193420410156
1,31,-0.7256724,-0.0067784917,-0.9914456605911255
1,32,-0.7325265,-0.006854077,-1.016672968864441
1,33,-0.7394142,-0.006887721,-1.205957293510437
1,34,-0.7448594,-0.005445189,-0.04356447979807854
1,35,-0.75005573,-0.005196325,-0.860924243927002
1,36,-0.75381917,-0.0037634103,-0.09189628064632416
1,37,-0.7545993,-0.0007801033,0.9271263480186462
1,38,-0.7551915,-0.00059220445,-0.9394827485084534
1,39,-0.75281996,0.0023715715,0.9088254570960999
1,40,-0.75009704,0.0027229306,-0.8236496448516846
1,41,-0.7472657,0.0028313573,-0.9750490784645081
1,42,-0.74144477,0.0058209514,0.9567791223526001
1,43,-0.73517096,0.006273797,-0.7114349007606506
1,44,-0.72735626,0.007814704,0.03902270272374153
1,45,-0.71709836,0.010257874,0.6722630262374878
1,46,-0.70427376,0.012824612,0.7970900535583496
1,47,-0.69165945,0.012614291,-1.0876173973083496
1,48,-0.67666656,0.01499292,0.7806001901626587
1,49,-0.66206557,0.014601005,-1.0605720281600952
1,50,-0.64795566,0.014109896,-1.0707976818084717
1,51,-0.6338058,0.014149873,-0.5808095335960388
1,52,-0.6173444,0.016461449,1.3026258945465088
1,53,-0.6016891,0.015655309,-1.237593412399292
1,54,-0.58695346,0.014735644,-1.0063990354537964
1,55,-0.5720645,0.014888927,-0.2126808613538742
1,56,-0.55577415,0.016290357,0.6928107738494873
1,57,-0.54006076,0.015713368,-0.5452866554260254
1,58,-0.525724,0.0143367825,-1.1396052837371826
1,59,-0.5098776,0.015846398,0.995784342288971
1,60,-0.49443394,0.01544369,-0.19988535344600677
1,61,-0.48070872,0.013725233,-1.0199452638626099
1,62,-0.46873906,0.011969668,-0.95651775598526
1,63,-0.455679,0.013060075,1.3259004354476929
1,64,-0.4446248,0.0110541945,-1.074980616569519
1,65,-0.43509874,0.009526086,-0.6275528073310852
1,66,-0.42772862,0.0073701064,-1.0511252880096436
1,67,-0.42221645,0.0055121654,-0.7658580541610718
1,68,-0.41595298,0.006263467,1.0306100845336914
1,69,-0.41108865,0.004864333,-0.4038333594799042
1,70,-0.4085522,0.0025364386,-1.2114284038543701
1,71,-0.40694317,0.0016090304,-0.05439184978604317
1,72,-0.4059573,0.0009858714,0.15600503981113434
1,73,-0.40722337,-0.0012660548,-0.9252117872238159
1,74,-0.40827036,-0.0010469834,0.7161757349967957
1,75,-0.41166514,-0.0033947928,-1.2075117826461792
1,76,-0.41738376,-0.0057186065,-1.0925737619400024
1,77,-0.42538556,-0.008001807,-1.2026852369308472
1,78,-0.43433183,-0.008946262,-0.14564529061317444
1,79,-0.44519803,-0.010866194,-0.838935375213623
1,80,-0.4579807,-0.012782654,-0.8892406225204468
1,81,-0.47273496,-0.014754262,-0.9884297251701355
1,82,-0.4893692,-0.016634261,-1.1017401218414307
1,83,-0.5057642,-0.016394954,0.3303855359554291
1,84,-0.5224044,-0.016640192,-0.07436130195856094
1,85,-0.5393742,-0.01696982,-0.2137804478406906
1,86,-0.5577257,-0.01835155,-1.05509352684021
1,87,-0.5772907,-0.019564992,-0.9792982339859009
1,88,-0.59495765,-0.017666906,0.9980897307395935
1,89,-0.61359346,-0.018635793,-1.1903297901153564
1,90,-0.63006246,-0.016469002,1.0971291065216064
1,91,-0.6471433,-0.01708082,-0.9311921000480652
1,92,-0.6648186,-0.017675305,-1.2578718662261963
1,93,-0.68294024,-0.018121663,-0.9827376008033752
1,94,-0.7013246,-0.018384324,-0.9418174028396606
1,95,-0.7199382,-0.018613644,-1.0537935495376587
1,96,-0.7363532,-0.016415007,0.5398496389389038
1,97,-0.7527787,-0.016425503,-1.0679291486740112
1,98,-0.7691084,-0.016329708,-0.9938662052154541
1,99,-0.7822588,-0.013150406,1.424533486366272
1,100,-0.7948188,-0.012559984,-0.7737453579902649
1,101,-0.8041688,-0.009349978,0.9286609292030334
1,102,-0.8131152,-0.008946341,-0.9738814830780029
1,103,-0.82165307,-0.00853786,-1.068240761756897
1,104,-0.8297417,-0.008088646,-1.11308753490448
1,105,-0.83734375,-0.0076020244,-1.1321654319763184
1,106,-0.84147364,-0.004129902,0.9676051735877991
1,107,-0.84225905,-0.0007854108,0.8704632520675659
1,108,-0.8424614,-0.00020234614,-0.9727566838264465
1,109,-0.8402375,0.0022239168,0.255458801984787
1,110,-0.83705467,0.0031828184,-0.7163435220718384
1,111,-0.83283114,0.004223511,-0.652496337890625
1,112,-0.82510704,0.0077241138,1.1279655694961548
1,113,-0.8169176,0.008189443,-1.1616300344467163
1,114,-0.80826014,0.008657433,-0.9725248217582703
1,115,-0.79742515,0.010834963,0.19517990946769714
1,116,-0.78625983,0.011165349,-1.0932964086532593
1,117,-0.77421796,0.0120418575,-0.5972146987915039
1,118,-0.76067436,0.013543622,-0.13715152442455292
1,119,-0.74686277,0.013811577,-0.909302294254303
1,120,-0.73299915,0.013863634,-1.1149992942810059
1,121,-0.7190174,0.013981739,-0.9007471203804016
1,122,-0.7051525,0.013864854,-1.1932393312454224
1,123,-0.6914086,0.013743912,-0.9441753625869751
1,124,-0.6779586,0.013449993,-1.1872963905334473
1,125,-0.6622259,0.015732715,0.7773056030273438
1,126,-0.64454246,0.01768347,0.6271764636039734
1,127,-0.6270067,0.017535757,-0.690012514591217
1,128,-0.6102078,0.016798936,-1.0580148696899414
1,129,-0.5942666,0.01594122,-1.8450267314910889
1,130,-0.5786269,0.015639707,-0.5517057776451111
1,131,-0.5640763,0.014550546,-1.0349370241165161
1,132,-0.5507229,0.013353382,-1.1913094520568848
1,133,-0.5386663,0.012056589,-1.1102566719055176
1,134,-0.5251028,0.013563529,0.9293146133422852
1,135,-0.51212966,0.012973127,-0.4011213183403015
1,136,-0.50074255,0.011387126,-1.2309447526931763
1,137,-0.49102673,0.009715838,-1.218050241470337
1,138,-0.4800636,0.010963142,0.9941369891166687
1,139,-0.46792603,0.0121375555,1.182121753692627
1,140,-0.45470408,0.013221948,1.0368515253067017
1,141,-0.44349515,0.01120891,-1.1523765325546265
1,142,-0.43438125,0.0091138985,-1.1513700485229492
1,143,-0.42712122,0.0072600134,-0.7951428890228271
1,144,-0.419113,0.008008205,0.9744757413864136
1,145,-0.41337568,0.005737332,-1.022038221359253
1,146,-0.40989763,0.0034780428,-0.9650660157203674
1,147,-0.40812108,0.0017765464,-0.576785683631897
1,148,-0.4086934,-0.00057231606,-1.1086302995681763
1,149,-0.41140473,-0.0027113277,-0.8627920150756836
1,150,-0.4164417,-0.005036985,-1.0795186758041382
1,151,-0.4237686,-0.0073268916,-1.14241361618042
1,152,-0.43288165,-0.009113047,-0.6990482211112976
1,153,-0.44416672,-0.011285058,-1.1743130683898926
1,154,-0.45714948,-0.012982751,-0.738383412361145
1,155,-0.47196394,-0.014814465,-0.8910924792289734
1,156,-0.48866412,-0.01670018,-1.166028618812561
1,157,-0.50705117,-0.01838702,-0.9502065181732178
1,158,-0.5266403,-0.01958914,-0.7187091708183289
1,159,-0.5475993,-0.02095904,-0.9284748435020447
1,160,-0.5677821,-0.020182785,0.39760422706604004
1,161,-0.5889913,-0.021209173,-0.9045286178588867
1,162,-0.61121315,-0.022221869,-1.0500699281692505
1,163,-0.63428545,-0.0230723,-1.023888111114502
1,164,-0.6580428,-0.023757322,-1.1934877634048462
1,165,-0.6823189,-0.02427611,-1.2119170427322388
1,166,-0.7067315,-0.024412585,-0.8549346923828125
1,167,-0.7307272,-0.023995722,-0.5923811197280884
1,168,-0.7524493,-0.021722093,0.5454824566841125
1,169,-0.77401453,-0.021565238,-0.9518861770629883
1,170,-0.7950618,-0.02104727,-0.7922724485397339
1,171,-0.81579006,-0.020728214,-0.9994736909866333
1,172,-0.8360969,-0.020306835,-1.2024657726287842
1,173,-0.8528885,-0.01679164,1.1602702140808105
1,174,-0.869093,-0.016204502,-1.1395461559295654
1,175,-0.88464594,-0.015552957,-1.2041294574737549
1,176,-0.89728886,-0.012642949,0.46761465072631836
1,177,-0.9091804,-0.011891534,-1.2241469621658325
1,178,-0.9175547,-0.0083742915,0.8189973831176758
1,179,-0.9251157,-0.007561002,-1.3959468603134155
1,180,-0.9318425,-0.006726806,-1.0389991998672485
1,181,-0.9377175,-0.0058750194,-1.0482356548309326
1,182,-0.94272614,-0.005008653,-1.119409203529358
1,183,-0.9466482,-0.003922061,-0.8610828518867493
1,184,-0.9466831,-3.494071e-05,1.0961079597473145
1,185,-0.9435377,0.0031454244,0.5287780165672302
1,186,-0.9395122,0.00402551,-1.1980913877487183
1,187,-0.934399,0.0051132008,-0.8553224205970764
1,188,-0.92594993,0.008449056,0.6517562866210938
1,189,-0.9166045,0.009345391,-0.9600632786750793
1,190,-0.90644854,0.010155969,-1.1563621759414673
1,191,-0.89551216,0.010936395,-1.2140086889266968
1,192,-0.8838302,0.011681986,-1.171139121055603
1,193,-0.8684425,0.015387698,1.1235302686691284
1,194,-0.8524057,0.016036754,-1.0988448858261108
1,195,-0.83578384,0.016621897,-1.083153247833252
1,196,-0.81864816,0.0171357,-1.307855248451233
1,197,-0.79807746,0.020570721,1.1072440147399902
1,198,-0.7769758,0.02110168,-0.8685042262077332
1,199,-0.7556516,0.021324221,-1.0238162279129028
1,200,-0.7312242,0.024427408,1.1384366750717163
1,201,-0.70680696,0.024417223,-0.97907954454422
1,202,-0.6825838,0.024223141,-1.050297737121582
1,203,-0.6571909,0.025392897,0.01470991037786007
1,204,-0.6294916,0.027699262,0.8873545527458191
1,205,-0.60251147,0.026980167,-1.2525557279586792
1,206,-0.576445,0.026066499,-1.0552432537078857
1,207,-0.5514838,0.024961187,-1.0088306665420532
1,208,-0.5271199,0.024363916,-0.5374430418014526
1,209,-0.5012295,0.025890324,1.2033882141113281
1,210,-0.4768968,0.024332747,-0.9266230463981628
1,211,-0.45221412,0.024682667,0.4660264849662781
1,212,-0.4285234,0.023690742,-0.3070824444293976
1,213,-0.40566403,0.022859365,-0.08529316633939743
1,214,-0.38517085,0.020493193,-1.0334222316741943
1,215,-0.36718628,0.01798457,-1.1493897438049316
1,216,-0.35123992,0.015946368,-0.6051231026649475
1,217,-0.33781505,0.01342487,-0.8570968508720398
1,218,-0.32422128,0.013593754,0.994156539440155
1,219,-0.31353527,0.010686004,-1.1150213479995728
1,220,-0.30291668,0.010618584,0.9372181296348572
1,221,-0.29400235,0.008914334,-0.11161313951015472
1,222,-0.28630704,0.0076953215,0.24666333198547363
1,223,-0.27874485,0.0075621847,1.3042048215866089
1,224,-0.27416354,0.004581291,-0.8701590299606323
1,225,-0.27035826,0.0038052686,0.6166483163833618
1,226,-0.2667748,0.0035834697,1.0452938079833984
1,227,-0.2636934,0.0030814009,0.826077401638031
1,228,-0.26190656,0.0017868342,0.30875152349472046
1,229,-0.26329508,-0.0013885285,-0.9387761354446411
1,230,-0.26704097,-0.003745883,-0.3983582854270935
1,231,-0.27400962,-0.006968656,-0.9886807203292847
1,232,-0.2812484,-0.0072387857,0.954474151134491
1,233,-0.29158214,-0.010333754,-0.9555298089981079
1,234,-0.30235627,-0.010774135,0.775065541267395
1,235,-0.31562597,-0.013269683,-0.6369368433952332
1,236,-0.33177623,-0.016150251,-0.946678876876831
1,237,-0.34901822,-0.017241994,0.17921699583530426
1,238,-0.36639118,-0.01737295,0.7462344169616699
1,239,-0.38374364,-0.017352458,0.770882785320282
1,240,-0.40361452,-0.019870868,-1.2873066663742065
1,241,-0.42584357,-0.022229046,-0.9850683808326721
1,242,-0.4502953,-0.024451746,-1.4061108827590942
1,243,-0.4737924,-0.0234971,1.0621367692947388
1,244,-0.49916166,-0.02536926,-1.0173527002334595
1,245,-0.52621406,-0.027052375,-1.0336761474609375
1,246,-0.5547468,-0.02853276,-1.1407173871994019
1,247,-0.5818194,-0.027072595,0.8179290294647217
1,248,-0.6088141,-0.026994692,-0.23768965899944305
1,249,-0.63558656,-0.026772412,-0.2732638418674469
1,250,-0.6600348,-0.024448214,1.2700167894363403
1,251,-0.6849881,-0.024953278,-1.1754179000854492
1,252,-0.7100196,-0.025031496,-0.8279327750205994
1,253,-0.73522466,-0.025205093,-1.0934394598007202
1,254,-0.7575885,-0.022363843,0.9057013988494873
1,255,-0.77958953,-0.022001019,-0.8343216776847839
1,256,-0.80070907,-0.021119537,-0.5701425075531006
1,257,-0.8214815,-0.020772465,-1.0968339443206787
1,258,-0.8418056,-0.020324057,-1.1648744344711304
1,259,-0.86112607,-0.019320516,-0.6911303400993347
1,260,-0.87982607,-0.018700011,-1.2048959732055664
1,261,-0.89783466,-0.018008593,-1.0789101123809814
1,262,-0.9148857,-0.017051041,-0.8637603521347046
1,263,-0.93112177,-0.016236091,-0.9937828779220581
1,264,-0.94650793,-0.015386144,-1.0946645736694336
1,265,-0.9608022,-0.014294264,-0.8632853627204895
1,266,-0.97418,-0.013377767,-1.2132576704025269
1,267,-0.98583406,-0.011654088,-0.4777205288410187
1,268,-0.9957491,-0.009915081,-0.47916680574417114
1,269,-1.004157,-0.008407814,-0.642009973526001
1,270,-1.0115856,-0.007428626,-1.4754223823547363
1,271,-1.0154,-0.0038144977,0.7522547245025635
1,272,-1.0160854,-0.0006853087,0.42703670263290405
1,273,-1.0157815,0.00030380956,-1.1818281412124634
1,274,-1.0144888,0.0012927144,-1.084235668182373
1,275,-1.0122081,0.0022806881,-1.0258983373641968
1,276,-1.0089412,0.0032669278,-1.170255184173584
1,277,-1.0019153,0.0070257816,0.850200355052948
1,278,-0.9939126,0.008002749,-1.0459861755371094
1,279,-0.98200834,0.011904266,0.9555942416191101
1,280,-0.96754175,0.014466585,0.07331670820713043
1,281,-0.94935757,0.018184178,0.85909104347229
1,282,-0.9302803,0.019077256,-1.15608811378479
1,283,-0.9098662,0.020414095,-0.6739650368690491
1,284,-0.8886613,0.021204906,-1.4987093210220337
1,285,-0.86387044,0.024790896,0.9089706540107727
1,286,-0.8384482,0.025422232,-1.131663203239441
1,287,-0.8115627,0.026885496,-0.3748777210712433
1,288,-0.7813,0.030262697,0.9841744899749756
1,289,-0.7505015,0.0307985,-0.8067309856414795
1,290,-0.71962965,0.030871859,-1.0650317668914795
1,291,-0.6876438,0.03198583,-0.18197622895240784
1,292,-0.6556105,0.03203334,-0.7558428645133972
1,293,-0.6240921,0.03151842,-0.986220121383667
1,294,-0.59333134,0.030760752,-1.0124372243881226
1,295,-0.5605721,0.03275927,0.9862201809883118
1,296,-0.5281873,0.032384813,-0.4341270625591278
1,297,-0.49726805,0.030919226,-1.0371193885803223
1,298,-0.46621782,0.031050235,0.2188555747270584
1,299,-0.43703124,0.029186588,-0.9569416046142578
1,300,-0.40998664,0.027044605,-1.0266669988632202
1,301,-0.38527772,0.024708917,-1.3857210874557495
1,302,-0.3600767,0.025201026,1.4907275438308716
1,303,-0.33732578,0.022750918,-0.8481965065002441
1,304,-0.31697708,0.020348694,-0.7178398966789246
1,305,-0.2965807,0.020396382,1.1724615097045898
1,306,-0.27625835,0.02032235,1.4111790657043457
1,307,-0.25736126,0.018897096,0.17612913250923157
1,308,-0.24110276,0.016258506,-0.564961850643158
1,309,-0.2282183,0.012884456,-1.0926461219787598
1,310,-0.21673268,0.011485618,0.35850346088409424
1,311,-0.20849197,0.008240714,-0.8366625308990479
1,312,-0.20376493,0.0047270325,-0.9913131594657898
1,313,-0.19986765,0.0038972734,0.8116698861122131
1,314,-0.19902305,0.0008445909,-0.6591888070106506
1,315,-0.20170501,-0.002681961,-0.972723126411438
1,316,-0.20772626,-0.00602124,-0.8554580211639404
1,317,-0.21427757,-0.006551308,1.1275527477264404
1,318,-0.22416395,-0.009886379,-0.8893793821334839
1,319,-0.237506,-0.013342059,-1.1225742101669312
1,320,-0.25184387,-0.014337858,0.5973306894302368
1,321,-0.2665015,-0.014657626,1.0831944942474365
1,322,-0.28311667,-0.016615175,-0.14326176047325134
1,323,-0.30271286,-0.019596202,-0.886566698551178
1,324,-0.32497483,-0.022261977,-0.7518261671066284
1,325,-0.34741923,-0.022444388,0.8137772679328918
1,326,-0.37178275,-0.02436352,-0.43896791338920593
1,327,-0.39574593,-0.023963181,1.1462297439575195
1,328,-0.41922995,-0.02348401,0.9431523680686951
1,329,-0.444984,-0.02575405,-1.093448519706726
1,330,-0.4698222,-0.02483821,1.034407138824463
1,331,-0.49656197,-0.026739785,-1.1827507019042969
1,332,-0.5250043,-0.02844234,-1.0612467527389526
1,333,-0.5549361,-0.029931799,-1.0992588996887207
1,334,-0.58572876,-0.030792627,-0.7303417325019836
1,335,-0.61609095,-0.030362166,-0.021880274638533592
1,336,-0.64722884,-0.031137897,-0.973702609539032
1,337,-0.6789606,-0.031731784,-1.1558839082717896
1,338,-0.7110689,-0.032108303,-1.156149983406067
1,339,-0.7433442,-0.032275237,-1.0641322135925293
1,340,-0.77421397,-0.030869776,-0.08388169854879379
1,341,-0.8048642,-0.030650232,-0.9919508099555969
1,342,-0.8321888,-0.027324546,0.9718382358551025
1,343,-0.85901564,-0.026826836,-1.0365058183670044
1,344,-0.8822304,-0.023214757,1.2328908443450928
1,345,-0.90174514,-0.019514719,1.4177956581115723
1,346,-0.9202416,-0.018496424,-0.8316320776939392
1,347,-0.9379172,-0.017675567,-1.0650551319122314
1,348,-0.9519203,-0.014003081,0.8704248070716858
1,349,-0.96502477,-0.013104512,-1.0477911233901978
1,350,-0.97420484,-0.009180092,1.1367393732070923
1,351,-0.98244464,-0.008239793,-1.0630097389221191
1,352,-0.98927134,-0.006826703,-0.69325852394104
1,353,-0.9948182,-0.0055468967,-0.7883598804473877
1,354,-0.9993959,-0.0045776987,-1.1220227479934692
1,355,-1.0029993,-0.0036033608,-1.103954792022705
1,356,-1.0055808,-0.0025815254,-0.9708132743835449
1,357,-1.0071818,-0.0016009846,-1.3841747045516968
1,358,-1.0076916,-0.0005099032,-0.9272840023040771
1,359,-1.0065393,0.0011523158,-0.5468289852142334
1,360,-1.0044056,0.0021337415,-1.0083483457565308
1,361,-0.9986536,0.0057520242,0.7592366933822632
1,362,-0.9892772,0.009376397,0.767224907875061
1,363,-0.97893846,0.010338751,-1.1224826574325562
1,364,-0.96765196,0.011286517,-1.0664676427841187
1,365,-0.9554363,0.012215669,-1.0541801452636719
1,366,-0.9393147,0.01612154,1.0636643171310425
1,367,-0.922323,0.016991744,-1.200946569442749
1,368,-0.9044365,0.017886452,-0.954603374004364
1,369,-0.88577586,0.018660653,-1.0396593809127808
1,370,-0.86630356,0.01947231,-0.9339240193367004
1,371,-0.84568775,0.020615809,-0.6648790836334229
1,372,-0.823455,0.02223276,-0.29331550002098083
1,373,-0.80076456,0.022690406,-1.0658421516418457
1,374,-0.7775809,0.023183633,-0.9027508497238159
1,375,-0.7529675,0.024613442,-0.19734522700309753
1,376,-0.7281672,0.024800295,-0.9338905811309814
1,377,-0.70059884,0.027568312,0.8855106830596924
1,378,-0.67321604,0.02738278,-0.9676821827888489
1,379,-0.64624846,0.026967607,-1.0974762439727783
1,380,-0.6198816,0.026366863,-1.032941460609436
1,381,-0.5943026,0.025578985,-1.177947759628296
1,382,-0.5696973,0.024605297,-1.0373026132583618
1,383,-0.54624736,0.023449935,-1.0068520307540894
1,384,-0.5227029,0.0235445,-0.05011254921555519
1,385,-0.5003414,0.022361442,-0.7842254638671875
1,386,-0.47665426,0.023687154,1.2476451396942139
1,387,-0.45383832,0.022815956,-0.34685173630714417
1,388,-0.43291503,0.0209233,-0.9155092239379883
1,389,-0.41120374,0.02171129,0.9731736183166504
1,390,-0.39163312,0.019570613,-0.8757315874099731
1,391,-0.37264308,0.01899004,0.2556776702404022
1,392,-0.35411957,0.018523525,0.41823244094848633
1,393,-0.3354553,0.018664276,0.9051893353462219
1,394,-0.31758225,0.017873034,0.3640632629394531
1,395,-0.30265784,0.014924417,-1.4809224605560303
1,396,-0.29077178,0.0118860565,-1.199826717376709
1,397,-0.28137144,0.009400338,-0.585387110710144
1,398,-0.2751321,0.006239354,-1.113711953163147
1,399,-0.27191865,0.0032134447,-0.8868298530578613
1,400,-0.2719185,1.4956552e-07,-1.070896863937378
1,401,-0.27499864,-0.0030801333,-0.9113246202468872
1,402,-0.27827516,-0.0032765332,1.0767215490341187
1,403,-0.28458703,-0.006311872,-0.904714047908783
1,404,-0.2910812,-0.0064941696,0.9737231135368347
1,405,-0.29870802,-0.007626846,0.31545567512512207
1,406,-0.30910575,-0.010397736,-0.8061909675598145
1,407,-0.31950346,-0.010397692,1.1396708488464355
1,408,-0.3300111,-0.010507629,0.8846082091331482
1,409,-0.3404956,-0.010484488,0.9298641681671143
1,410,-0.35078532,-0.010289734,1.1543347835540771
1,411,-0.36116588,-0.010380572,0.7653186917304993
1,412,-0.37126628,-0.010100384,0.967192530632019
1,413,-0.38380644,-0.012540164,-0.8910942077636719
1,414,-0.39861175,-0.014805321,-0.831451416015625
1,415,-0.41583267,-0.01722091,-1.1136200428009033
1,416,-0.4323478,-0.01651515,1.0613168478012085
1,417,-0.45012438,-0.017776584,-0.39037856459617615
1,418,-0.46994758,-0.01982319,-1.055518627166748
1,419,-0.4916714,-0.021723839,-1.3347039222717285
1,420,-0.51476973,-0.02309829,-0.7569085359573364
1,421,-0.53943425,-0.0246645,-1.1000967025756836
1,422,-0.56548005,-0.026045779,-1.1834604740142822
1,423,-0.59001684,-0.024536805,0.7971268892288208
1,424,-0.6125588,-0.022541959,1.6415244340896606
1,425,-0.6358985,-0.023339681,-0.971354067325592
1,426,-0.65970045,-0.02380199,-0.8591430187225342
1,427,-0.68222564,-0.022525193,0.18944042921066284
1,428,-0.70510554,-0.02287989,-1.0902693271636963
1,429,-0.72522455,-0.020119017,0.9772350192070007
1,430,-0.7426186,-0.017394058,0.8688709735870361
1,431,-0.7573552,-0.014736587,0.7536618113517761
1,432,-0.7718588,-0.014503585,-0.9199788570404053
1,433,-0.78616786,-0.01430906,-1.1387983560562134
1,434,-0.79996014,-0.0137922885,-0.8367151618003845
1,435,-0.8131038,-0.013143671,-0.7964431643486023
1,436,-0.82583904,-0.012735244,-1.323320984840393
1,437,-0.8351813,-0.009342238,0.9495252370834351
1,438,-0.84249216,-0.0073108743,0.013493980281054974
1,439,-0.84925985,-0.0067676664,-1.0756028890609741
1,440,-0.8550344,-0.005774531,-0.7192649245262146
1,441,-0.860213,-0.0051785777,-1.0330291986465454
1,442,-0.8647747,-0.0045617074,-1.0205018520355225
1,443,-0.8687015,-0.0039268346,-1.1727193593978882
1,444,-0.87155885,-0.0028573219,-0.7203576564788818
1,445,-0.8737553,-0.002196417,-1.0749523639678955
1,446,-0.87486756,-0.0011122884,-0.72334223985672
1,447,-0.8723066,0.0025609888,1.0487617254257202
1,448,-0.86908185,0.0032247084,-1.2211120128631592
1,449,-0.86520565,0.0038762116,-1.0719475746154785
1,450,-0.85882956,0.006376112,0.24223171174526215
1,451,-0.8512426,0.0075869597,-0.600322961807251
1,452,-0.8430313,0.008211299,-0.9706518054008484
1,453,-0.8341756,0.00885571,-0.9340824484825134
1,454,-0.8246042,0.009571378,-0.8606433868408203
1,455,-0.81456983,0.010034374,-1.1002111434936523
1,456,-0.80411994,0.010449884,-1.0761607885360718
1,457,-0.7933059,0.010814099,-1.0628690719604492
1,458,-0.7791874,0.014118486,0.9967899918556213
1,459,-0.7626012,0.016586183,0.4887814223766327
1,460,-0.7454521,0.01714908,-0.7199552655220032
1,461,-0.72825927,0.01719283,-1.1694227457046509
1,462,-0.7081261,0.020133145,1.0722334384918213
1,463,-0.68527794,0.022848215,0.9338175654411316
1,464,-0.6605458,0.024732111,0.47886180877685547
1,465,-0.6363153,0.024230562,-1.1436902284622192
1,466,-0.61275536,0.023559917,-1.0893230438232422
1,467,-0.5870347,0.025720647,1.2096842527389526
1,468,-0.5622638,0.024770942,-0.9484053254127502
1,469,-0.53673905,0.025524743,0.3096427917480469
1,470,-0.5126158,0.02412327,-1.0064648389816284
1,471,-0.48729214,0.02532366,0.8551638722419739
1,472,-0.46374023,0.023551898,-1.2297768592834473
1,473,-0.4420809,0.021659333,-0.9640225172042847
1,474,-0.42252687,0.019554025,-1.0556318759918213
1,475,-0.40268543,0.019841447,0.6892660856246948
1,476,-0.38437012,0.018315304,-0.4260333180427551
1,477,-0.3661176,0.018252531,0.6342286467552185
1,478,-0.35050273,0.015614872,-1.014316201210022
1,479,-0.3376285,0.012874216,-1.0154513120651245
1,480,-0.32704276,0.010585751,-0.643284797668457
1,481,-0.3163472,0.0106955385,1.061995029449463
1,482,-0.30860782,0.0077393823,-1.194401741027832
1,483,-0.303645,0.0049627875,-0.8491020798683167
1,484,-0.29871476,0.0049302694,1.0300848484039307
1,485,-0.29684606,0.0018687054,-1.0497257709503174
1,486,-0.2974132,-0.0005671374,-0.5755723118782043
1,487,-0.3009762,-0.003562998,-0.9511235952377319
1,488,-0.30718243,-0.006206234,-0.7299684882164001
1,489,-0.3163241,-0.009141672,-0.9493113160133362
1,490,-0.32785627,-0.011532156,-0.6227913498878479
1,491,-0.34204015,-0.014183881,-0.8443917036056519
1,492,-0.35873085,-0.016690703,-0.8076471090316772
1,493,-0.37761226,-0.018881401,-0.6693272590637207
1,494,-0.3990539,-0.021441633,-1.1326781511306763
1,495,-0.4228027,-0.023748795,-0.9297718405723572
1,496,-0.44747663,-0.024673933,-0.12042390555143356
1,497,-0.47397867,-0.026502058,-0.8414381742477417
1,498,-0.499726,-0.025747318,0.7503454089164734
1,499,-0.5271522,-0.027426211,-1.0607830286026
1,500,-0.55605173,-0.028899562,-1.1380337476730347
1,501,-0.5862083,-0.030156549,-1.283790111541748
1,502,-0.617398,-0.031189734,-1.3755637407302856
1,503,-0.649185,-0.031786967,-0.8609874248504639
1,504,-0.6789982,-0.02981315,0.7026978731155396
1,505,-0.70918757,-0.030189415,-1.0278053283691406
1,506,-0.7395559,-0.030368306,-1.1018908023834229
1,507,-0.76963854,-0.030082617,-0.8153584599494934
1,508,-0.7993015,-0.029662997,-0.8417493104934692
1,509,-0.82861006,-0.029308576,-0.9903470873832703
1,510,-0.8574372,-0.028827118,-1.1398358345031738
1,511,-0.8856376,-0.028200384,-0.9859921336174011
1,512,-0.9102595,-0.024621908,0.9109436869621277
1,513,-0.9339998,-0.023740305,-0.9402579069137573
1,514,-0.9538829,-0.01988308,1.627253770828247
1,515,-0.9728343,-0.018951435,-0.9806888103485107
1,516,-0.98991257,-0.017078266,-0.37658512592315674
1,517,-1.0060277,-0.016115092,-1.124739170074463
1,518,-1.0210472,-0.015019564,-0.923618495464325
1,519,-1.0350745,-0.014027253,-1.2769380807876587
1,520,-1.0481033,-0.013028906,-1.0611202716827393
1,521,-1.0596557,-0.011552382,-0.6823115348815918
1,522,-1.0698762,-0.010220515,-0.7775911092758179
1,523,-1.0791025,-0.009226299,-1.1828358173370361
1,524,-1.084607,-0.005504448,0.8221959471702576
1,525,-1.0891272,-0.0045201755,-1.157285451889038
1,526,-1.0918069,-0.0026797364,-0.42653897404670715
1,527,-1.093509,-0.0017020904,-1.2217345237731934
1,528,-1.0942352,-0.00072618,-1.0353697538375854
1,529,-1.0939862,0.00024897023,-1.131577968597412
1,530,-1.0904965,0.00348959,0.5101383924484253
1,531,-1.086028,0.004468528,-1.0784515142440796
1,532,-1.0805764,0.0054515847,-1.0128587484359741
1,533,-1.0741373,0.006439061,-1.1136349439620972
1,534,-1.0667064,0.007430901,-1.3917818069458008
1,535,-1.0555085,0.011197939,0.8475457429885864
1,536,-1.040595,0.014913413,0.8108342289924622
1,537,-1.0246822,0.015912922,-1.1855477094650269
1,538,-1.007775,0.01690722,-1.116970181465149
1,539,-0.9898852,0.017889757,-1.2468750476837158
1,540,-0.9710323,0.018852895,-1.2701802253723145
1,541,-0.9512214,0.01981091,-0.9846709966659546
1,542,-0.9304168,0.020804556,-0.9356259107589722
1,543,-0.90696204,0.023454782,0.20139119029045105
1,544,-0.8826471,0.024314918,-0.947910487651825
1,545,-0.8547662,0.027880907,0.9096453785896301
1,546,-0.8262904,0.028475763,-1.2231495380401611
1,547,-0.79707843,0.029212011,-0.8230365514755249
1,548,-0.76753783,0.029540624,-1.0884000062942505
1,549,-0.7377767,0.029761111,-0.9667128324508667
1,550,-0.70793074,0.029845962,-0.9421426653862
1,551,-0.67573845,0.032192316,0.6888381242752075
1,552,-0.6439443,0.031794157,-1.00709068775177
1,553,-0.6097671,0.034177266,1.0961718559265137
1,554,-0.5763716,0.033395447,-0.9472719430923462
1,555,-0.54408205,0.03228959,-1.02934730052948
1,556,-0.51053476,0.033547286,0.7361121773719788
1,557,-0.47854725,0.03198751,-0.9745460152626038
1,558,-0.4453966,0.03315065,1.3154833316802979
1,559,-0.4126147,0.0327819,0.14159901440143585
1,560,-0.37959898,0.033015743,0.7006195187568665
1,561,-0.34912995,0.030469025,-1.1174427270889282
1,562,-0.3188419,0.03028804,0.7124003171920776
1,563,-0.29128924,0.027552655,-0.8629864454269409
1,564,-0.2667895,0.024499752,-0.9654929041862488
1,565,-0.24256612,0.024223378,0.9764876961708069
1,566,-0.22170952,0.02085661,-1.1285158395767212
1,567,-0.20132,0.020389516,1.2006125450134277
1,568,-0.18148823,0.019831782,1.0398715734481812
1,569,-0.16529496,0.01619327,-1.2078304290771484
1,570,-0.15280056,0.012494401,-1.0606719255447388
1,571,-0.14393653,0.008864024,-0.9256501197814941
1,572,-0.13884303,0.005093499,-1.1434760093688965
1,573,-0.13722341,0.0016196267,-0.7917503714561462
1,574,-0.13662332,0.00060008175,0.8477263450622559
1,575,-0.13978809,-0.0031647654,-0.9812770485877991
1,576,-0.14373623,-0.0039481353,1.0633007287979126
1,577,-0.14887105,-0.0051348214,0.7229780554771423
1,578,-0.15534255,-0.0064715017,0.6120715737342834
1,579,-0.16423379,-0.008891245,-0.12422867864370346
1,580,-0.17400128,-0.009767495,0.8842641711235046
1,581,-0.18443583,-0.010434549,1.0461896657943726
1,582,-0.19826594,-0.013830107,-0.8457198739051819
1,583,-0.2153745,-0.017108567,-0.8052036166191101
1,584,-0.23516808,-0.019793581,-0.45930320024490356
1,585,-0.25536487,-0.020196794,1.1150130033493042
1,586,-0.27886322,-0.023498353,-1.0889034271240234
1,587,-0.30553657,-0.026673349,-1.2784091234207153
1,588,-0.3328822,-0.027345637,0.5659973621368408
1,589,-0.36277264,-0.029890444,-0.7941372394561768
1,590,-0.39415547,-0.03138283,-0.2216288149356842
1,591,-0.42759612,-0.033440664,-0.7408174276351929
1,592,-0.4626111,-0.035014983,-0.5761415958404541
1,593,-0.4986001,-0.035988983,-0.34609299898147583
1,594,-0.5362764,-0.037676297,-1.0310479402542114
1,595,-0.5724898,-0.03621342,0.9118773937225342
1,596,-0.60683787,-0.034348052,1.0814130306243896
1,597,-0.64137584,-0.034537956,-0.5384864807128906
1,598,-0.6765246,-0.03514875,-0.9839043021202087
1,599,-0.71155936,-0.035034794,-0.662115216255188
1,600,-0.746758,-0.035198618,-1.1561110019683838
1,601,-0.7792476,-0.032489598,0.7717181444168091
1,602,-0.81150234,-0.032254748,-1.0742969512939453
1,603,-0.84335643,-0.0318541,-1.1452261209487915
1,604,-0.8746636,-0.031307165,-1.1640113592147827
1,605,-0.90529823,-0.030634644,-1.0764660835266113
1,606,-0.935156,-0.029857766,-1.125001072883606
1,607,-0.96415365,-0.028997665,-1.1174988746643066
1,608,-0.9892285,-0.025074849,1.4942902326583862
1,609,-1.0105069,-0.021278357,0.8894679546356201
1,610,-1.0308003,-0.020293487,-1.0335298776626587
1,611,-1.0500969,-0.019296512,-1.015114188194275
1,612,-1.0670878,-0.016990876,-0.12951341271400452
1,613,-1.0830832,-0.015995326,-1.1411422491073608
1,614,-1.0980142,-0.014931133,-0.9475560784339905
1,615,-1.1119744,-0.013960128,-1.1782912015914917
1,616,-1.1249815,-0.0130071845,-1.0685560703277588
1,617,-1.1370565,-0.012074943,-1.1697334051132202
1,618,-1.1453987,-0.008342286,0.8819654583930969
1,619,-1.1525064,-0.0071076,-0.7717385292053223
1,620,-1.1582059,-0.005699528,-0.6454669237136841
1,621,-1.1620287,-0.0038227765,-0.32392874360084534
1,622,-1.1619983,3.0340203e-05,1.0525338649749756
1,623,-1.1611147,0.00088353385,-1.0613224506378174
1,624,-1.1593758,0.0017389567,-1.2080930471420288
1,625,-1.156777,0.0025987183,-1.1107028722763062
1,626,-1.1533122,0.0034648443,-1.1378443241119385
1,627,-1.1459929,0.0073192897,0.9867051839828491
1,628,-1.137594,0.008398871,-0.8742765188217163
1,629,-1.1282511,0.009342939,-0.9763765931129456
1,630,-1.1179817,0.010269393,-1.1040666103363037
1,631,-1.1067685,0.011213237,-1.067720890045166
1,632,-1.0941693,0.0125992885,-0.7160881757736206
1,633,-1.0805948,0.013574508,-1.1012375354766846
1,634,-1.0659885,0.014606261,-0.9704731702804565
1,635,-1.0473863,0.01860229,1.3456887006759644
1,636,-1.027784,0.01960229,-1.199039340019226
1,637,-1.0070633,0.020720683,-0.9182453751564026
1,638,-0.9853607,0.021702584,-1.0160975456237793
1,639,-0.96270096,0.02265969,-1.0625814199447632
1,640,-0.93612117,0.026579797,1.03791081905365
1,641,-0.905774,0.030347195,0.9366132020950317
1,642,-0.87393385,0.031840164,-0.5235851407051086
1,643,-0.8384239,0.03550997,1.4174445867538452
1,644,-0.8023885,0.036035445,-1.2675782442092896
1,645,-0.7659975,0.036390983,-1.249913215637207
1,646,-0.7294349,0.0365626,-0.9935527443885803
1,647,-0.6929248,0.036510114,-1.11721670627594
1,648,-0.65669864,0.036226142,-1.6398510932922363
1,649,-0.6209418,0.035756808,-0.9608438014984131
1,650,-0.582991,0.037950803,0.9828376770019531
1,651,-0.5460971,0.03689389,-1.3204931020736694
1,652,-0.5075346,0.0385625,1.1583330631256104
1,653,-0.47046643,0.0370682,-0.9159098863601685
1,654,-0.43445387,0.03601257,-0.43921414017677307
1,655,-0.40060195,0.033851925,-1.1689437627792358
1,656,-0.36615172,0.03445024,1.0267281532287598
1,657,-0.3313389,0.034812808,1.2255593538284302
1,658,-0.29938942,0.03194949,-1.0573961734771729
1,659,-0.27046937,0.028920041,-0.9812262654304504
1,660,-0.24477053,0.025698846,-1.0870417356491089
1,661,-0.2194274,0.025343116,1.1246004104614258
1,662,-0.19491673,0.02451068,0.76344895362854
1,663,-0.17390712,0.021009613,-0.9442951083183289
1,664,-0.15587607,0.018031053,-0.5407689809799194
1,665,-0.14152576,0.0143503165,-0.9660913348197937
1,666,-0.12817466,0.013351092,0.8525384068489075
1,667,-0.11791787,0.010256787,-0.5179082155227661
1,668,-0.10862323,0.009294644,0.9220364689826965
1,669,-0.100636676,0.00798655,0.7068921327590942
1,670,-0.0961517,0.0044849743,-0.7431002259254456
1,671,-0.0955404,0.0006113063,-0.9846378564834595
1,672,-0.09727243,-0.0017320351,0.0364467017352581
1,673,-0.09999721,-0.0027247753,0.9343775510787964
1,674,-0.103871286,-0.0038740782,0.8260297179222107
1,675,-0.108624965,-0.004753678,1.086522102355957
1,676,-0.11724707,-0.008622105,-1.1936302185058594
1,677,-0.12824324,-0.010996172,-0.01808728091418743
1,678,-0.14277713,-0.014533899,-0.8136513829231262
1,679,-0.16108517,-0.018308049,-1.1656965017318726
1,680,-0.18042333,-0.019338155,0.7890739440917969
1,681,-0.20340413,-0.022980792,-1.073108196258545
1,682,-0.22959593,-0.026191799,-0.7747941613197327
1,683,-0.25876275,-0.029166814,-0.6966480016708374
1,684,-0.29077417,-0.03201141,-0.7071976065635681
1,685,-0.3256512,-0.034877025,-0.8386602997779846
1,686,-0.3629032,-0.037252005,-0.6507360935211182
1,687,-0.39981428,-0.036911078,1.0757964849472046
1,688,-0.43913254,-0.03931827,-1.0988407135009766
1,689,-0.48057756,-0.04144501,-1.0234616994857788
1,690,-0.52384436,-0.043266773,-1.0698257684707642
1,691,-0.56839144,-0.044547066,-0.8547565340995789
1,692,-0.6114281,-0.04303662,0.783672571182251
1,693,-0.65531355,-0.043885496,-1.1189525127410889
1,694,-0.69816285,-0.04284929,0.04923466593027115
1,695,-0.74126196,-0.04309909,-1.1618303060531616
1,696,-0.78434217,-0.04308018,-1.0457820892333984
1,697,-0.8271602,-0.042818025,-1.0151234865188599
1,698,-0.8695034,-0.042343218,-1.1403025388717651
1,699,-0.9084172,-0.038913853,0.850834310054779
1,700,-0.94654465,-0.038127415,-1.1495720148086548
1,701,-0.98361766,-0.03707301,-0.8883219957351685
1,702,-1.019736,-0.036118347,-1.125970482826233
1,703,-1.0539311,-0.034195077,-0.3788328468799591
1,704,-1.0871267,-0.033195585,-1.1047568321228027
1,705,-1.1184849,-0.03135817,-0.42978185415267944
1,706,-1.1467896,-0.028304664,0.40697360038757324
1,707,-1.1740599,-0.027270308,-0.9032583236694336
1,708,-1.1988238,-0.02476393,0.12350673228502274
1,709,-1.2,0.0,-1.1161363124847412
1,710,-1.199201,0.00079905597,-0.9618932604789734
1,711,-1.1972659,0.0019350783,-0.7390127182006836
1,712,-1.1945798,0.0026859732,-1.0233385562896729
1,713,-1.1881919,0.006387915,0.9615691900253296
1,714,-1.1809207,0.0072711552,-0.9309540390968323
1,715,-1.1698481,0.011072667,1.0656851530075073
1,716,-1.1579428,0.011905333,-1.069585919380188
1,717,-1.1451741,0.012768622,-1.5517877340316772
1,718,-1.1314099,0.013764233,-0.9314466714859009
1,719,-1.1139135,0.017496405,0.8743540644645691
1,720,-1.0954671,0.018446498,-1.0511093139648438
1,721,-1.0730468,0.022420332,1.7023334503173828
1,722,-1.049634,0.023412818,-1.0902421474456787
1,723,-1.0252212,0.024412751,-1.0457209348678589
1,724,-0.9997505,0.02547075,-0.9577135443687439
1,725,-0.97330505,0.026445467,-1.0363473892211914
1,726,-0.9456903,0.027614797,-0.8463308215141296
1,727,-0.9171651,0.028525168,-0.9830694794654846
1,728,-0.8873516,0.02981351,-0.6825593113899231
1,729,-0.85682005,0.03053153,-1.0267454385757446
1,730,-0.8229993,0.033820752,0.7906675338745117
1,731,-0.78872305,0.034276273,-1.0511829853057861
1,732,-0.75116146,0.037561584,1.238014817237854
1,733,-0.71333325,0.037828207,-0.8737196326255798
1,734,-0.67265767,0.04067561,1.2883061170578003
1,735,-0.63196963,0.04068803,-0.7124218344688416
1,736,-0.58898306,0.042986568,1.4030035734176636
1,737,-0.5469309,0.042052142,-0.9477806687355042
1,738,-0.50614953,0.04078136,-0.9637531638145447
1,739,-0.4645497,0.041599855,0.6328684091567993
1,740,-0.42189038,0.042659298,1.0791200399398804
1,741,-0.3799799,0.04191048,0.001477267942391336
1,742,-0.34061354,0.039366357,-1.1982876062393188
1,743,-0.30216032,0.038453232,0.26091161370277405
1,744,-0.26624668,0.035913654,-0.6655179262161255
1,745,-0.23277922,0.033467453,-0.46811607480049133
1,746,-0.19988468,0.03289454,0.8945790529251099
1,747,-0.16755398,0.032330714,1.2068779468536377
1,748,-0.13591401,0.031639956,1.2526624202728271
1,749,-0.1050691,0.03084491,1.088545799255371
1,750,-0.07733524,0.027733866,-0.4894758462905884
1,751,-0.050654154,0.026681086,0.9201585650444031
1,752,-0.024944259,0.025709895,1.1343673467636108
1,753,-0.0027511236,0.022193136,-0.6825045943260193
1,754,0.015442098,0.01819322,-1.216195821762085
1,755,0.030037835,0.014595738,-0.733443558216095
1,756,0.04083646,0.010798626,-0.8715035319328308
1,757,0.050439928,0.009603466,0.857401967048645
1,758,0.056352023,0.0059120944,-0.8132928013801575
1,759,0.059583023,0.0032309992,-0.1444901078939438
1,760,0.059078336,-0.00050468836,-0.8503469228744507
1,761,0.056010783,-0.0030675514,-0.06801719963550568
1,762,0.04897844,-0.007032341,-1.230724811553955
1,763,0.03853577,-0.010442671,-0.624846339225769
1,764,0.024183244,-0.014352527,-0.9510291218757629
1,765,0.0062555997,-0.017927645,-0.7211286425590515
1,766,-0.014591137,-0.020846736,-0.27968788146972656
1,767,-0.039418332,-0.024827197,-0.9885706901550293
1,768,-0.06522807,-0.025809737,1.1146950721740723
1,769,-0.094796315,-0.02956825,-0.8708164095878601
1,770,-0.12526415,-0.030467832,1.0978671312332153
1,771,-0.15655753,-0.031293374,1.2416247129440308
1,772,-0.1888116,-0.032254074,0.8457272052764893
1,773,-0.2239145,-0.0351029,-0.49285241961479187
1,774,-0.2600172,-0.03610269,0.6380377411842346
1,775,-0.29939708,-0.039379884,-1.1337381601333618
1,776,-0.3390955,-0.039698426,0.8260136842727661
1,777,-0.37976897,-0.04067347,0.22609886527061462
1,778,-0.42265716,-0.042888194,-0.7794432640075684
1,779,-0.4647909,-0.042133737,1.2898414134979248
1,780,-0.50613487,-0.04134394,0.8190488815307617
1,781,-0.54610974,-0.039974857,1.0634517669677734
1,782,-0.58485353,-0.03874378,0.7082498073577881
1,783,-0.6228542,-0.038000617,0.1908891350030899
1,784,-0.66162133,-0.038767155,-1.0011035203933716
1,785,-0.70063925,-0.039017912,-0.8377312421798706
1,786,-0.73989093,-0.03925166,-1.038831114768982
1,787,-0.77644944,-0.0365585,0.7882856726646423
1,788,-0.81278825,-0.036338825,-1.2099661827087402
1,789,-0.84672934,-0.03394112,0.32720643281936646
1,790,-0.87966555,-0.032936234,-0.7043126821517944
1,791,-0.91191095,-0.032245398,-1.1715887784957886
1,792,-0.94335836,-0.031447403,-0.999274730682373
1,793,-0.97099674,-0.027638389,0.9528936743736267
1,794,-0.99770015,-0.026703428,-1.2982821464538574
1,795,-1.0229896,-0.025289455,-0.7056770920753479
1,796,-1.0442857,-0.021296045,1.060929775238037
1,797,-1.0624853,-0.018199652,0.3976590931415558
1,798,-1.0796876,-0.01720228,-1.0070370435714722
1,799,-1.0941918,-0.014504237,0.13993941247463226
1,800,-1.1074529,-0.01326113,-0.8213927745819092
1,801,-1.1167548,-0.009301865,1.376301646232605
1,802,-1.1251109,-0.008356097,-1.0490843057632446
1,803,-1.1322562,-0.0071453075,-0.8141517043113708
1,804,-1.1384615,-0.0062052626,-0.98600172996521
1,805,-1.1429625,-0.004501043,-0.4684411883354187
1,806,-1.1464325,-0.003470005,-0.9109979867935181
1,807,-1.1489456,-0.002513023,-0.9553658366203308
1,808,-1.1498508,-0.0009052938,-0.5178031921386719
1,809,-1.1498033,4.751675e-05,-0.9530495405197144
1,810,-1.1488733,0.0009300097,-1.209357500076294
1,811,-1.1440587,0.0048146066,1.0602028369903564
1,812,-1.1355147,0.008543928,0.8894194960594177
1,813,-1.1260581,0.009456691,-1.170470118522644
1,814,-1.115671,0.010387054,-1.0451964139938354
1,815,-1.1043365,0.011334492,-1.0801985263824463
1,816,-1.0912873,0.013049202,-0.49909988045692444
1,817,-1.0770506,0.014236722,-0.8604288697242737
1,818,-1.0618238,0.015226703,-1.2016923427581787
1,819,-1.0455996,0.016224297,-1.1044528484344482
1,820,-1.0254003,0.020199267,0.9833328127861023
1,821,-1.002781,0.022619238,-0.049790870398283005
1,822,-0.979184,0.023597077,-1.0156781673431396
1,823,-0.95452154,0.024662446,-0.9218464493751526
1,824,-0.9289551,0.025566442,-1.1052201986312866
1,825,-0.9024973,0.026457759,-0.9686912298202515
1,826,-0.87527144,0.02722588,-1.1136482954025269
1,827,-0.84470284,0.030568616,0.7786430716514587
1,828,-0.8129712,0.03173169,-0.5930958390235901
1,829,-0.7792898,0.033681422,0.02796468511223793
1,830,-0.7423733,0.036916498,1.3645998239517212
1,831,-0.70243126,0.03994202,1.066263198852539
1,832,-0.6626708,0.039760444,-0.9729309678077698
1,833,-0.6233973,0.039273486,-1.1680001020431519
1,834,-0.58488643,0.038510844,-1.2156895399093628
1,835,-0.54741853,0.037467916,-1.056970477104187
1,836,-0.5111589,0.03625965,-0.9245065450668335
1,837,-0.4734925,0.037666373,1.2362353801727295
1,838,-0.43768203,0.03581047,-0.987679123878479
1,839,-0.40400884,0.033673204,-1.434731364250183
1,840,-0.37256494,0.031443894,-0.901002824306488
1,841,-0.34333804,0.029226888,-0.7484102249145508
1,842,-0.31389818,0.02943987,1.250495433807373
1,843,-0.2847911,0.029107068,0.7588298320770264
1,844,-0.25605553,0.028735591,0.8468339443206787
1,845,-0.23061791,0.025437627,-1.0463417768478394
1,846,-0.2085579,0.022060005,-0.9683064222335815
1,847,-0.19002432,0.018533584,-1.1202423572540283
1,848,-0.17505156,0.014972763,-0.970777690410614
1,849,-0.1637419,0.011309647,-1.120271921157837
1,850,-0.15601017,0.007731738,-0.9156802892684937
1,851,-0.14900957,0.0070005916,1.0929629802703857
1,852,-0.14539023,0.0036193468,-0.7512707114219666
1,853,-0.14549461,-0.00010438119,-0.9718585014343262
1,854,-0.1463646,-0.00086999056,1.0826060771942139
1,855,-0.15070312,-0.0043385196,-0.8037906885147095
1,856,-0.15603375,-0.0053306418,0.8377978205680847
1,857,-0.16216505,-0.006131288,0.9536135196685791
1,858,-0.17200628,-0.009841231,-1.052463412284851
1,859,-0.18536143,-0.013355151,-0.8929626941680908
1,860,-0.2023399,-0.016978472,-1.1020318269729614
1,861,-0.21987176,-0.017531851,1.1466871500015259
1,862,-0.24087918,-0.021007422,-1.0123275518417358
1,863,-0.26521906,-0.024339886,-0.9715365171432495
1,864,-0.29280847,-0.027589425,-1.0228075981140137
1,865,-0.3234938,-0.030685335,-1.0467863082885742
1,866,-0.35533738,-0.03184358,0.16933974623680115
1,867,-0.38976848,-0.03443111,-0.9189899563789368
1,868,-0.42667657,-0.03690809,-1.0456489324569702
1,869,-0.46292338,-0.036246818,0.918660581111908
1,870,-0.50107867,-0.0381553,-0.9706151485443115
1,871,-0.54090273,-0.039824072,-1.0200109481811523
1,872,-0.5820971,-0.04119435,-1.0542829036712646
1,873,-0.62435496,-0.04225786,-1.0757535696029663
1,874,-0.6671038,-0.042748842,-0.8234660029411316
1,875,-0.7103093,-0.043205496,-1.0329270362854004
1,876,-0.7536866,-0.04337725,-1.0062975883483887
1,877,-0.796972,-0.0432854,-1.0141345262527466
1,878,-0.83793724,-0.040965233,0.328064501285553
1,879,-0.8782593,-0.040322095,-0.9201284050941467
1,880,-0.9167046,-0.038445316,-0.20597128570079803
1,881,-0.9516793,-0.034974694,0.7731713056564331
1,882,-0.98515844,-0.03347918,-0.6016967296600342
1,883,-1.0176808,-0.032522354,-1.0497183799743652
1,884,-1.0492129,-0.03153215,-1.3694987297058105
1,885,-1.0767905,-0.027577573,0.9697478413581848
1,886,-1.1032617,-0.026471205,-0.9225239157676697
1,887,-1.1285634,-0.025301745,-0.8635079860687256
1,888,-1.1506432,-0.022079838,0.530678391456604
1,889,-1.1717426,-0.021099383,-0.9334139823913574
1,890,-1.1890144,-0.017271867,1.104481816291809
1,891,-1.2,0.0,-0.8537793755531311
1,892,-1.1992582,0.00074189587,-1.3289822340011597
1,893,-1.1977719,0.0014862483,-1.0950946807861328
1,894,-1.1954122,0.0023597383,-0.9171671867370605
1,895,-1.19218,0.0032321652,-0.9229886531829834
1,896,-1.1881807,0.0039993958,-1.3174289464950562
1,897,-1.1833012,0.004879498,-0.9330691695213318
1,898,-1.1776272,0.00567398,-1.4525370597839355
1,899,-1.1711422,0.0064850254,-1.0586920976638794
1,900,-1.163828,0.007314182,-1.1896088123321533
1,901,-1.1555214,0.008306659,-0.9040319919586182
1,902,-1.1443727,0.011148678,0.3152464032173157
1,903,-1.1323295,0.012043195,-1.02956223487854
1,904,-1.1179401,0.014389441,-0.04844113811850548
1,905,-1.0996157,0.018324375,0.9940162301063538
1,906,-1.0777357,0.021880075,0.724365234375
1,907,-1.0519602,0.025775436,0.9372304677963257
1,908,-1.0251851,0.026775181,-1.0373440980911255
1,909,-0.997395,0.027790153,-0.986386239528656
1,910,-0.9686327,0.028762301,-1.1362873315811157
1,911,-0.93879795,0.029834758,-0.9056164622306824
1,912,-0.9050942,0.033703726,1.136702299118042
1,913,-0.87061423,0.034479972,-1.0309820175170898
1,914,-0.83306766,0.037546583,0.6061843037605286
1,915,-0.7950194,0.03804825,-1.1021616458892822
1,916,-0.7566327,0.038386688,-0.986405074596405
1,917,-0.71771413,0.038918536,-0.7179849147796631
1,918,-0.678888,0.038826082,-0.9782783389091492
1,919,-0.640439,0.03844908,-1.2986887693405151
1,920,-0.60263145,0.037807547,-1.1120527982711792
1,921,-0.5634887,0.039142724,0.49864670634269714
1,922,-0.52554756,0.037941184,-1.1418389081954956
1,923,-0.48909175,0.0364558,-1.015001893043518
1,924,-0.45205382,0.037037935,0.5603179335594177
1,925,-0.41412342,0.037930407,0.94996577501297
1,926,-0.3784994,0.035624024,-1.0540173053741455
1,927,-0.34317866,0.03532074,0.5006124973297119
1,928,-0.31029266,0.032886,-0.7644656896591187
1,929,-0.27739948,0.032893173,1.017059087753296
1,930,-0.24671848,0.030680995,-0.3526989221572876
1,931,-0.21938339,0.027335087,-1.0681216716766357
1,932,-0.19297658,0.026406813,0.6996927261352539
1,933,-0.16946505,0.023511535,-0.5351051092147827
1,934,-0.14963733,0.019827718,-1.0506492853164673
1,935,-0.13328177,0.016355554,-0.8132432699203491
1,936,-0.117729016,0.015552751,1.0095877647399902
1,937,-0.106021956,0.011707063,-1.036255955696106
1,938,-0.097582504,0.008439453,-0.5953361988067627
1,939,-0.09032771,0.0072547975,0.8059870004653931
1,940,-0.0863334,0.0039943093,-0.567811906337738
1,941,-0.08592107,0.00041233338,-0.776906430721283
1,942,-0.08642615,-0.0005050731,1.0686335563659668
1,943,-0.09082739,-0.0044012438,-0.986488401889801
1,944,-0.0961364,-0.0053090085,1.1437890529632568
1,945,-0.10234215,-0.0062057525,1.1773732900619507
1,946,-0.11237554,-0.010033395,-0.9630340337753296
1,947,-0.12326821,-0.010892668,1.183347225189209
1,948,-0.13499187,-0.011723663,1.4769370555877686
1,949,-0.14758503,-0.012593172,0.9521806240081787
1,950,-0.16179068,-0.014205655,0.43096885085105896
1,951,-0.17952934,-0.017738651,-0.8811624050140381
1,952,-0.20077929,-0.021249946,-0.9101399183273315
1,953,-0.22515707,-0.024377784,-0.7118692994117737
1,954,-0.24998589,-0.024828814,1.302955985069275
1,955,-0.27801386,-0.028027967,-0.913239061832428
1,956,-0.30922154,-0.031207686,-1.083724856376648
1,957,-0.34071243,-0.031490903,0.810696005821228
1,958,-0.37491173,-0.034199305,-0.9363628625869751
1,959,-0.40878302,-0.033871297,0.9376974105834961
1,960,-0.4449985,-0.036215488,-1.1646937131881714
1,961,-0.48223007,-0.037231576,-0.2880222201347351
1,962,-0.52110386,-0.03887379,-0.8884980082511902
1,963,-0.561343,-0.040239155,-0.8977674245834351
1,964,-0.6027997,-0.041456677,-1.017843246459961
1,965,-0.64516795,-0.042368244,-1.1985981464385986
1,966,-0.68530697,-0.040138997,0.8917042016983032
1,967,-0.7257802,-0.0404732,-1.0063923597335815
1,968,-0.7633295,-0.037549336,0.999189555644989
1,969,-0.7978424,-0.03451286,0.9263561367988586
1,970,-0.8294695,-0.03162715,0.7021311521530151
1,971,-0.85894513,-0.02947565,0.11074505746364594
1,972,-0.887809,-0.028863853,-1.0019720792770386
1,973,-0.9151601,-0.027351135,-0.4712558090686798
1,974,-0.94163054,-0.026470406,-0.950459897518158
1,975,-0.9671458,-0.025515249,-0.9470087289810181
1,976,-0.9887328,-0.021586996,1.0174880027770996
1,977,-1.0088825,-0.02014972,-0.6829128265380859
1,978,-1.0280488,-0.019166218,-1.0340769290924072
1,979,-1.0462191,-0.018170342,-1.2009789943695068
1,980,-1.0633894,-0.017170353,-1.0594165325164795
1,981,-1.0785849,-0.015195543,-0.34816092252731323
1,982,-1.0927916,-0.014206618,-1.0557520389556885
1,983,-1.1058323,-0.013040783,-0.8738762140274048
1,984,-1.117811,-0.011978618,-0.9328374862670898
1,985,-1.1288455,-0.011034504,-1.010252594947815
1,986,-1.1387225,-0.009877041,-0.8452766537666321
1,987,-1.1476933,-0.00897069,-1.1234420537948608
1,988,-1.1528894,-0.00519613,0.9248800873756409
1,989,-1.1572101,-0.0043207514,-1.2784355878829956
1,990,-1.1606658,-0.0034556761,-1.1304903030395508
1,991,-1.1630688,-0.0024029934,-0.8692442178726196
1,992,-1.1616213,0.0014474774,1.2667620182037354
1,993,-1.1583604,0.003260963,-0.36044076085090637
1,994,-1.1542372,0.004123228,-1.2547656297683716
1,995,-1.1492417,0.0049954355,-1.273767352104187
1,996,-1.1406173,0.008624388,0.8301244974136353
1,997,-1.1299101,0.010707178,-0.21311268210411072
1,998,-1.1182795,0.011630607,-1.03594970703125
1,999,-1.1043096,0.0139698405,-0.0694260224699974
2,1,-0.44611332,8.4290186e-05,0.4397309124469757
2,2,-0.44765204,-0.0015387184,-0.6980581283569336
2,3,-0.44970095,-0.002048924,0.03631962090730667
2,4,-0.45379958,-0.004098629,-1.1333577632904053
2,5,-0.45955613,-0.0057565696,-0.7588423490524292
2,6,-0.46729007,-0.0077339397,-1.0343550443649292
2,7,-0.47437698,-0.0070868973,0.7115678787231445
2,8,-0.48331878,-0.008941795,-0.9913829565048218
2,9,-0.49404505,-0.010726288,-0.9887516498565674
2,10,-0.5064927,-0.012447651,-1.141662836074829
2,11,-0.5194093,-0.012916624,-0.22715580463409424
2,12,-0.53385735,-0.014448044,-1.022712230682373
2,13,-0.5497183,-0.015860975,-0.9932389855384827
2,14,-0.5657369,-0.016018573,-0.2355293333530426
2,15,-0.57994026,-0.014203378,1.1205193996429443
2,16,-0.5951625,-0.015222274,-0.9596316814422607
2,17,-0.61135215,-0.016189659,-1.00619637966156
2,18,-0.62539124,-0.014039084,1.093076467514038
2,19,-0.64004886,-0.014657608,-0.9134376049041748
2,20,-0.6552797,-0.015230814,-0.9526160955429077
2,21,-0.6680887,-0.012808974,0.9731470942497253
2,22,-0.6813476,-0.013258918,-1.2072081565856934
2,23,-0.69196707,-0.010619473,1.0622273683547974
2,24,-0.69990945,-0.007942401,0.9782159328460693
2,25,-0.7080903,-0.008180872,-1.0674852132797241
2,26,-0.71645707,-0.008366756,-1.3274773359298706
2,27,-0.72493905,-0.008481999,-0.9882140159606934
2,28,-0.73350114,-0.008562108,-1.030121922492981
2,29,-0.742091,-0.008589838,-1.14892578125
2,30,-0.7477636,-0.0056725885,0.9289374351501465
2,31,-0.7533263,-0.0055627436,-0.9650020599365234
2,32,-0.75873834,-0.005412015,-0.9593586325645447
2,33,-0.76367515,-0.004936837,-0.7638024091720581
2,34,-0.7684631,-0.0047879447,-1.1071535348892212
2,35,-0.773036,-0.004572927,-0.9737966060638428
2,36,-0.77740794,-0.004371921,-1.1186360120773315
2,37,-0.778555,-0.0011470325,1.060240626335144
2,38,-0.7794709,-0.000915927,-1.4458633661270142
2,39,-0.7801095,-0.00063858106,-0.9724728465080261
2,40,-0.7805086,-0.00039908267,-1.0763493776321411
2,41,-0.780666,-0.0001574359,-1.078996181488037
2,42,-0.78058094,8.505763e-05,-1.2480177879333496
2,43,-0.7800334,0.0005475406,-0.8530353903770447
2,44,-0.7762468,0.0037866288,1.0193376541137695
2,45,-0.76970994,0.006536817,0.6877425312995911
2,46,-0.7629905,0.006719458,-1.1151360273361206
2,47,-0.7551571,0.007833349,-0.35409247875213623
2,48,-0.7461993,0.008957777,-0.3172740936279297
2,49,-0.7341934,0.012005931,1.0964518785476685
2,50,-0.7217965,0.012396892,-0.7236681580543518
2,51,-0.70924944,0.012547059,-0.8335079550743103
2,52,-0.6968809,0.012368563,-1.0354031324386597
2,53,-0.68477046,0.01211043,-1.0417811870574951
2,54,-0.6729978,0.011772665,-1.054521083831787
2,55,-0.65864176,0.014356018,1.1608521938323975
2,56,-0.64289796,0.0157438,0.2682926654815674
2,57,-0.6277784,0.015119564,-1.0601143836975098
2,58,-0.6105305,0.017247906,0.9064351916313171
2,59,-0.59413797,0.016392529,-1.0310410261154175
2,60,-0.57872033,0.015417634,-1.053767442703247
2,61,-0.5643912,0.014329163,-1.1134716272354126
2,62,-0.5507267,0.013664454,-0.6465926170349121
2,63,-0.5382892,0.012437513,-0.9534505605697632
2,64,-0.5242906,0.0139985755,0.9672797322273254
2,65,-0.5117869,0.012503765,-1.062484622001648
2,66,-0.50087166,0.010915194,-1.1059209108352661
2,67,-0.4916268,0.009244872,-1.2394789457321167
2,68,-0.48412135,0.00750545,-1.070975661277771
2,69,-0.47812825,0.0059930966,-0.8113093972206116
2,70,-0.47296184,0.0051664105,-0.3244759440422058
2,71,-0.46903914,0.003922709,-0.5769224762916565
2,72,-0.46702382,0.0020153362,-1.1445053815841675
2,73,-0.46665716,0.00036666653,-0.8175944685935974
2,74,-0.46668005,-2.2887565e-05,0.023622674867510796
2,75,-0.46862775,-0.0019477066,-1.0811028480529785
2,76,-0.47248587,-0.003858123,-1.642297625541687
2,77,-0.4781297,-0.005643842,-0.9359151124954224
2,78,-0.4826135,-0.004483803,1.1107103824615479
2,79,-0.4861366,-0.003523093,0.8448838591575623
2,80,-0.49084553,-0.004708956,-0.6036583781242371
2,81,-0.49646598,-0.005620462,-0.44416770339012146
2,82,-0.50116,-0.00469404,0.7531289458274841
2,83,-0.50741786,-0.006257858,-0.9304364323616028
2,84,-0.5152548,-0.0078369165,-0.9718326330184937
2,85,-0.5242778,-0.009023024,-0.7490227222442627
2,86,-0.53184277,-0.00756494,0.9686607122421265
2,87,-0.5408459,-0.009003117,-1.0848371982574463
2,88,-0.551146,-0.010300108,-0.9508582949638367
2,89,-0.56273973,-0.0115937395,-1.2559064626693726
2,90,-0.57551944,-0.012779685,-0.9858853220939636
2,91,-0.58930236,-0.013782931,-0.9273855686187744
2,92,-0.604069,-0.014766647,-0.9822055101394653
2,93,-0.6168521,-0.012783091,0.9239164590835571
2,94,-0.6304449,-0.013592778,-1.0022661685943604
2,95,-0.64474994,-0.014305084,-1.0451306104660034
2,96,-0.6590122,-0.014262234,-0.5639402270317078
2,97,-0.6737865,-0.014774338,-1.053716778755188
2,98,-0.6888694,-0.015082905,-0.9314990639686584
2,99,-0.7031977,-0.014328325,-0.2898567020893097
2,100,-0.7177433,-0.014545566,-1.239145040512085
2,101,-0.7324137,-0.014670421,-1.137965202331543
2,102,-0.7471185,-0.014704751,-1.0449495315551758
2,103,-0.7612998,-0.01418129,-0.686733067035675
2,104,-0.7753456,-0.01404583,-1.1720575094223022
2,105,-0.78908575,-0.013740099,-0.9386191964149475
2,106,-0.80253863,-0.013452885,-1.246410846710205
2,107,-0.81562227,-0.013083609,-0.99134361743927
2,108,-0.8255974,-0.009975144,0.7919280529022217
2,109,-0.83510494,-0.009507544,-1.0197407007217407
2,110,-0.8441017,-0.008996761,-1.3014061450958252
2,111,-0.8519293,-0.007827564,-0.587295413017273
2,112,-0.8591737,-0.0072443956,-1.0635956525802612
2,113,-0.8658054,-0.006631682,-1.0155954360961914
2,114,-0.87179816,-0.005992797,-1.2709424495697021
2,115,-0.8771201,-0.0053218994,-0.9939394593238831
2,116,-0.8795675,-0.0024474338,0.46192535758018494
2,117,-0.88132447,-0.0017569505,-1.0499385595321655
2,118,-0.8794902,0.0018342516,0.9295989274978638
2,119,-0.87696576,0.0025244553,-1.0179425477981567
2,120,-0.87173873,0.005227019,0.34770116209983826
2,121,-0.86388874,0.007849976,0.3075827658176422
2,122,-0.8553963,0.00849244,-0.9926291108131409
2,123,-0.8453374,0.010058897,-0.3539833724498749
2,124,-0.83472306,0.010614326,-1.042784571647644
2,125,-0.82351446,0.011208596,-0.9432066679000854
2,126,-0.8118479,0.01166652,-1.2341570854187012
2,127,-0.79949063,0.012357266,-0.8077213168144226
2,128,-0.78679246,0.012698167,-1.026527762413025
2,129,-0.77122647,0.015566,0.7284579277038574
2,130,-0.75546944,0.015757035,-1.0033996105194092
2,131,-0.73961025,0.015859174,-1.0001730918884277
2,132,-0.72074205,0.018868225,1.0669465065002441
2,133,-0.70197994,0.018762097,-1.027472972869873
2,134,-0.68344295,0.018537007,-1.0892122983932495
2,135,-0.66515094,0.018292036,-0.9322551488876343
2,136,-0.6473289,0.017822055,-1.1852933168411255
2,137,-0.6300584,0.017270522,-0.9722303748130798
2,138,-0.6134579,0.01660051,-0.9699698686599731
2,139,-0.5976916,0.01576632,-1.2412534952163696
2,140,-0.5801371,0.017554533,0.824720025062561
2,141,-0.5607917,0.019345429,0.912592887878418
2,142,-0.54138,0.01941167,-0.14141845703125
2,143,-0.52333504,0.018044965,-1.2197823524475098
2,144,-0.5066983,0.016636753,-0.9374889135360718
2,145,-0.49168825,0.015010054,-1.1274235248565674
2,146,-0.47836134,0.013326898,-0.9627949595451355
2,147,-0.4668727,0.011488658,-1.018302083015442
2,148,-0.4568178,0.0100548845,-0.6735858917236328
2,149,-0.44820997,0.008607823,-0.6330315470695496
2,150,-0.44166276,0.0065472154,-1.0112090110778809
2,151,-0.4342239,0.007438865,1.0879027843475342
2,152,-0.42894733,0.005276556,-1.211604356765747
2,153,-0.42587116,0.0030761715,-1.2742174863815308
2,154,-0.42201748,0.0038536699,1.0548200607299805
2,155,-0.42033103,0.0016864635,-0.9447228312492371
2,156,-0.4201039,0.00022712127,-0.46477606892585754
2,157,-0.419379,0.00072491803,0.8410646915435791
2,158,-0.42071158,-0.0013325763,-0.8590126633644104
2,159,-0.4213036,-0.00059203565,1.521133303642273
2,160,-0.42415085,-0.0028472636,-1.0894068479537964
2,161,-0.42923295,-0.0050821076,-1.0684250593185425
2,162,-0.4365134,-0.0072804354,-1.1060495376586914
2,163,-0.44566974,-0.009156331,-0.8201069831848145
2,164,-0.4568527,-0.011182952,-0.964974582195282
2,165,-0.46775767,-0.010904972,0.5168241858482361
2,166,-0.4805795,-0.012821824,-1.2008417844772339
2,167,-0.4951645,-0.014585013,-0.9609593152999878
2,168,-0.511442,-0.016277488,-0.9863178133964539
2,169,-0.5263668,-0.014924747,0.9625977873802185
2,170,-0.5426592,-0.016292447,-0.9256399273872375
2,171,-0.5602495,-0.017590286,-0.9604768753051758
2,172,-0.57845885,-0.018209357,-0.5955989360809326
2,173,-0.5977586,-0.01929976,-1.090024709701538
2,174,-0.61706275,-0.019304158,-0.3706800043582916
2,175,-0.63444954,-0.017386818,0.8170056343078613
2,176,-0.65252024,-0.018070677,-1.2423839569091797
2,177,-0.6681479,-0.015627693,1.2135697603225708
2,178,-0.6841625,-0.016014565,-0.9582194089889526
2,179,-0.7003403,-0.016177755,-0.8809247016906738
2,180,-0.715241,-0.014900751,0.008456969633698463
2,181,-0.72753155,-0.012290531,0.8338580131530762
2,182,-0.7398862,-0.012354679,-1.2783349752426147
2,183,-0.7522302,-0.0123439785,-1.6206320524215698
2,184,-0.7642275,-0.011997304,-0.8244924545288086
2,185,-0.7760728,-0.0118453,-1.1621125936508179
2,186,-0.7871148,-0.011042011,-0.6095582842826843
2,187,-0.79784775,-0.010732977,-0.9785417914390564
2,188,-0.80824816,-0.010400434,-1.0693936347961426
2,189,-0.81526387,-0.0070157335,1.1456413269042969
2,190,-0.82186073,-0.0065968824,-1.4590845108032227
2,191,-0.8280074,-0.0061466945,-1.0281225442886353
2,192,-0.8314387,-0.003431308,0.49112510681152344
2,193,-0.8343757,-0.0029369853,-1.2252203226089478
2,194,-0.83380514,0.0005705425,1.286327838897705
2,195,-0.83272964,0.0010755173,-1.632010579109192
2,196,-0.83048683,0.0022427996,-0.5552424788475037
2,197,-0.82755816,0.0029286656,-0.8694290518760681
2,198,-0.8241528,0.0034053032,-1.1144083738327026
2,199,-0.8187153,0.00543753,0.047552816569805145
2,200,-0.81113315,0.0075821145,0.13949568569660187
2,201,-0.80302185,0.008111313,-0.9130980372428894
2,202,-0.7945518,0.00847003,-1.081575632095337
2,203,-0.7857661,0.008785669,-1.1706846952438354
2,204,-0.77671075,0.009055386,-1.0640536546707153
2,205,-0.7646835,0.012027258,0.8338477611541748
2,206,-0.7511189,0.013564596,-0.07815422862768173
2,207,-0.73738736,0.013731546,-0.9400030970573425
2,208,-0.7206601,0.016727272,1.0210825204849243
2,209,-0.70403945,0.016620634,-1.2294111251831055
2,210,-0.6847308,0.019308655,0.9332315921783447
2,211,-0.6657602,0.018970627,-1.0440353155136108
2,212,-0.6472554,0.01850481,-1.5049070119857788
2,213,-0.6291949,0.018060517,-0.9003944993019104
2,214,-0.6118556,0.017339308,-1.1229013204574585
2,215,-0.5923621,0.019493528,1.0412973165512085
2,216,-0.5731586,0.019203458,-0.5347635746002197
2,217,-0.5550848,0.01807379,-1.1283128261566162
2,218,-0.53827524,0.016809585,-1.1028579473495483
2,219,-0.52274436,0.015530902,-0.9258135557174683
2,220,-0.50868696,0.014057379,-0.9780764579772949
2,221,-0.49324137,0.015445578,1.1104364395141602
2,222,-0.47933286,0.013908519,-0.8731285929679871
2,223,-0.46425536,0.0150775,1.0829030275344849
2,224,-0.44815573,0.016099637,0.9765775203704834
2,225,-0.43339792,0.0147578,-0.5205551385879517
2,226,-0.4208084,0.01258952,-1.1840898990631104
2,227,-0.40993014,0.010878268,-0.634989857673645
2,228,-0.40071657,0.009213566,-0.5524092316627502
2,229,-0.3909039,0.009812683,1.0218535661697388
2,230,-0.38329315,0.007610736,-0.8218753337860107
2,231,-0.377387,0.00590615,-0.4553947150707245
2,232,-0.37376478,0.0036222076,-0.814787745475769
2,233,-0.37224168,0.00152311,-0.6752033233642578
2,234,-0.3704538,0.0017878723,0.9075547456741333
2,235,-0.36880782,0.0016459941,0.6444840431213379
2,236,-0.3690794,-0.00027160038,-0.5319594144821167
2,237,-0.37170148,-0.0026220535,-0.8217462301254272
2,238,-0.37440476,-0.0027032732,0.6793263554573059
2,239,-0.37915415,-0.004749394,-0.642768919467926
2,240,-0.3864533,-0.007299141,-1.1210983991622925
2,241,-0.39587575,-0.009422449,-0.7489951848983765
2,242,-0.40773284,-0.011857104,-1.028593897819519
2,243,-0.41934168,-0.011608843,0.733241081237793
2,244,-0.43021977,-0.010878084,1.3401060104370117
2,245,-0.44028908,-0.010069302,1.1996937990188599
2,246,-0.44951683,-0.009227752,0.9732590913772583
2,247,-0.46071357,-0.011196739,-0.945290207862854
2,248,-0.47183815,-0.011124575,0.360674113035202
2,249,-0.48400027,-0.012162116,-0.4339298903942108
2,250,-0.4977569,-0.013756632,-0.8654833436012268
2,251,-0.51320714,-0.015450252,-1.178377628326416
2,252,-0.5301901,-0.016982965,-0.9698594212532043
2,253,-0.5486236,-0.018433534,-1.2699793577194214
2,254,-0.5683696,-0.019746024,-1.2043424844741821
2,255,-0.58918583,-0.020816213,-0.9366406798362732
2,256,-0.6110133,-0.021827478,-1.1431491374969482
2,257,-0.63069266,-0.019679358,1.1042985916137695
2,258,-0.6510826,-0.020389901,-1.2422033548355103
2,259,-0.6720395,-0.020956911,-1.045731544494629
2,260,-0.6934196,-0.021380039,-1.1711578369140625
2,261,-0.7150803,-0.02166077,-1.2250006198883057
2,262,-0.73679125,-0.021710915,-0.9390453696250916
2,263,-0.7579686,-0.021177357,-0.6390548348426819
2,264,-0.7790295,-0.021060875,-1.18651282787323
2,265,-0.79985666,-0.020827204,-1.104170560836792
2,266,-0.8203411,-0.020484446,-1.0252915620803833
2,267,-0.8403825,-0.02004141,-1.366866946220398
2,268,-0.85988986,-0.01950736,-1.0897504091262817
2,269,-0.8759616,-0.016071752,0.8800180554389954
2,270,-0.8886734,-0.012711797,0.7884225845336914
2,271,-0.90066266,-0.01198922,-1.0783292055130005
2,272,-0.91188955,-0.01122692,-1.1526353359222412
2,273,-0.92231965,-0.010430075,-1.0005332231521606
2,274,-0.93192315,-0.009603471,-1.3162468671798706
2,275,-0.9406746,-0.008751479,-1.1162104606628418
2,276,-0.94813615,-0.007461577,-0.7223503589630127
2,277,-0.9547073,-0.0065711653,-1.337203025817871
2,278,-0.96025914,-0.0055518113,-0.9233496189117432
2,279,-0.9632591,-0.0029999728,0.09092561900615692
2,280,-0.96398443,-0.0007253505,-0.0976879820227623
2,281,-0.96378726,0.00019715344,-1.2274302244186401
2,282,-0.9626284,0.0011588115,-0.9736534357070923
2,283,-0.9603051,0.0023233097,-0.8369820713996887
2,284,-0.95592856,0.004376533,-0.2415437400341034
2,285,-0.949095,0.0068335277,0.03341555595397949
2,286,-0.941369,0.0077260355,-1.0347037315368652
2,287,-0.9327679,0.008601094,-1.1227566003799438
2,288,-0.9203127,0.012455226,1.3766497373580933
2,289,-0.9070364,0.01327628,-1.227392554283142
2,290,-0.8929779,0.014058509,-1.0516706705093384
2,291,-0.87818223,0.014795681,-1.3689711093902588
2,292,-0.8626545,0.015527726,-0.9689416289329529
2,293,-0.8465002,0.016154282,-1.071671962738037
2,294,-0.8297855,0.016714662,-1.1537163257598877
2,295,-0.8124645,0.017321054,-0.9202864766120911
2,296,-0.7917381,0.020726379,1.0906896591186523
2,297,-0.77058065,0.021157447,-0.9133324027061462
2,298,-0.7490386,0.021542052,-0.8685740232467651
2,299,-0.72722083,0.021817751,-0.859411358833313
2,300,-0.70546913,0.021751694,-1.0702717304229736
2,301,-0.6839201,0.021549046,-1.0633063316345215
2,302,-0.6621903,0.02172975,-0.6505866050720215
2,303,-0.6405856,0.02160472,-0.7565174102783203
2,304,-0.6196214,0.02096422,-1.0639915466308594
2,305,-0.59644693,0.02317447,1.0118016004562378
2,306,-0.57423043,0.022216493,-1.1276320219039917
2,307,-0.550209,0.024021462,0.951126754283905
2,308,-0.52656215,0.023646861,-0.3826434314250946
2,309,-0.50195295,0.024609206,0.626746654510498
2,310,-0.47853193,0.023421008,-0.6839792728424072
2,311,-0.45655006,0.021981878,-0.7347710132598877
2,312,-0.43656766,0.019982398,-1.0493382215499878
2,313,-0.41831765,0.01825003,-0.7246837615966797
2,314,-0.39939976,0.018917898,0.9629426002502441
2,315,-0.3826685,0.016731258,-0.8510341048240662
2,316,-0.36814713,0.014521361,-0.789419412612915
2,317,-0.35384813,0.014298995,0.6011449694633484
2,318,-0.34226793,0.011580184,-1.1164287328720093
2,319,-0.33259273,0.009675208,-0.40739068388938904
2,320,-0.32277295,0.009819781,1.0007367134094238
2,321,-0.3134167,0.009356271,0.6354686617851257
2,322,-0.30693212,0.0064845686,-0.9318245649337769
2,323,-0.3034605,0.0034716027,-1.0486887693405151
2,324,-0.30263156,0.00082893873,-0.7393684983253479
2,325,-0.30462444,-0.0019928697,-0.855527937412262
2,326,-0.30958778,-0.004963335,-0.9625049829483032
2,327,-0.31478804,-0.005200269,0.8400852680206299
2,328,-0.3207737,-0.0059856614,0.4535020589828491
2,329,-0.3266884,-0.005914704,1.2439571619033813
2,330,-0.33305955,-0.0063711256,0.6239994168281555
2,331,-0.33931154,-0.006251999,0.9810730814933777
2,332,-0.34561244,-0.006300888,0.8426153659820557
2,333,-0.3546857,-0.009073251,-1.0207998752593994
2,334,-0.36347225,-0.008786573,1.2732212543487549
2,335,-0.37191412,-0.008441863,1.1284202337265015
2,336,-0.38279507,-0.010880944,-0.8935361504554749
2,337,-0.39580426,-0.013009181,-0.7355565428733826
2,338,-0.40890092,-0.01309665,0.5651218295097351
2,339,-0.4221936,-0.01329266,0.4315662086009979
2,340,-0.43476617,-0.012572577,0.9792963862419128
2,341,-0.44719544,-0.012429275,0.5344594717025757
2,342,-0.46168065,-0.01448521,-0.9919431805610657
2,343,-0.47556788,-0.013887233,0.7064647674560547
2,344,-0.48861274,-0.013044856,0.8009094595909119
2,345,-0.50306296,-0.014450214,-0.762296199798584
2,346,-0.5191671,-0.016104136,-1.0092370510101318
2,347,-0.53601897,-0.016851813,-0.4762941598892212
2,348,-0.55427766,-0.018258683,-1.2101387977600098
2,349,-0.5733888,-0.019111149,-0.7214887142181396
2,350,-0.5936044,-0.020215563,-0.984301745891571
2,351,-0.61179876,-0.018194372,1.3726873397827148
2,352,-0.6278393,-0.016040564,1.1533350944519043
2,353,-0.6444905,-0.016651178,-0.9198250770568848
2,354,-0.66173315,-0.017242694,-0.9856386184692383
2,355,-0.6794692,-0.017736085,-1.0955981016159058
2,356,-0.6974783,-0.01800907,-0.9332494735717773
2,357,-0.7157305,-0.018252207,-0.9925940632820129
2,358,-0.7341202,-0.018389694,-1.099502444267273
2,359,-0.75253385,-0.018413674,-1.0733238458633423
2,360,-0.77076447,-0.018230636,-0.9347581267356873
2,361,-0.78586006,-0.015095597,0.9643711447715759
2,362,-0.80068547,-0.014825382,-1.0058083534240723
2,363,-0.8124168,-0.011731337,0.8313947916030884
2,364,-0.82121307,-0.00879628,0.6866419315338135
2,365,-0.82954514,-0.008332053,-0.9886117577552795
2,366,-0.8373915,-0.007846327,-1.6081756353378296
2,367,-0.84424216,-0.0068506505,-0.6834995746612549
2,368,-0.8504969,-0.0062547578,-0.9698998928070068
2,369,-0.8561744,-0.005677548,-1.1643786430358887
2,370,-0.8611581,-0.004983643,-0.9377980828285217
2,371,-0.8644247,-0.003266646,-0.2690905034542084
2,372,-0.86705786,-0.0026331407,-1.0387638807296753
2,373,-0.8688756,-0.0018177788,-0.8855806589126587
2,374,-0.86704266,0.0018329364,1.1041754484176636
2,375,-0.8641841,0.0028585757,-0.7453566193580627
2,376,-0.86062944,0.0035546345,-0.9576702117919922
2,377,-0.85632473,0.00430472,-0.9122965931892395
2,378,-0.8514188,0.0049059326,-1.1939936876296997
2,379,-0.8459318,0.005486982,-1.1258291006088257
2,380,-0.83981967,0.0061121476,-0.9551988840103149
2,381,-0.83317596,0.00664374,-1.0863879919052124
2,382,-0.8243726,0.008803393,0.10500038415193558
2,383,-0.8150708,0.009301753,-0.9757062196731567
2,384,-0.8048648,0.010205988,-0.6757915019989014
2,385,-0.7936012,0.01126358,-0.5402266383171082
2,386,-0.78049296,0.013108265,0.022635743021965027
2,387,-0.76714313,0.013349827,-1.137534260749817
2,388,-0.753625,0.013518181,-1.1745660305023193
2,389,-0.738226,0.015398972,0.19286465644836426
2,390,-0.72282624,0.015399733,-1.1019103527069092
2,391,-0.7075197,0.015306553,-1.1169066429138184
2,392,-0.69237506,0.015144633,-0.9815954566001892
2,393,-0.67520106,0.017174,0.5446280837059021
2,394,-0.65842885,0.016772222,-1.0936591625213623
2,395,-0.64217275,0.016256098,-1.0203536748886108
2,396,-0.6262019,0.015970822,-0.7706288695335388
2,397,-0.6079737,0.018228251,1.3892115354537964
2,398,-0.5877702,0.020203486,0.8994390368461609
2,399,-0.56854546,0.019224776,-0.9713519811630249
2,400,-0.5501335,0.018411927,-0.7659527659416199
2,401,-0.5329683,0.017165264,-0.9636421203613281
2,402,-0.5172328,0.015735526,-1.1192455291748047
2,403,-0.500045,0.017187783,1.1836555004119873
2,404,-0.48453373,0.015511277,-1.0394172668457031
2,405,-0.47081476,0.01371896,-1.1417025327682495
2,406,-0.45643812,0.014376632,0.7012662291526794
2,407,-0.44268253,0.0137556,-0.08048555999994278
2,408,-0.43100017,0.0116823595,-0.9815406799316406
2,409,-0.42112285,0.009877321,-0.7462978363037109
2,410,-0.41350204,0.007620801,-1.0547958612442017
2,411,-0.40519202,0.008310007,1.3398607969284058
2,412,-0.3965433,0.008648736,0.8054808378219604
2,413,-0.38892007,0.0076232124,-0.06367699801921844
2,414,-0.3836865,0.0052335574,-0.9378820657730103
2,415,-0.38097176,0.002714757,-1.188773512840271
2,416,-0.3807053,0.00026645022,-0.9406315684318542
2,417,-0.38297802,-0.0022727272,-1.1151230335235596
2,418,-0.384994,-0.0020159641,0.8536089062690735
2,419,-0.3865198,-0.0015258016,1.0342934131622314
2,420,-0.39054495,-0.0040251603,-1.1243380308151245
2,421,-0.39704174,-0.006496775,-1.0336960554122925
2,422,-0.40596506,-0.008923313,-1.100304365158081
2,423,-0.41716003,-0.011194974,-0.9384052753448486
2,424,-0.42938703,-0.012226991,-0.16481584310531616
2,425,-0.44381124,-0.0144242095,-1.0828163623809814
2,426,-0.46012405,-0.016312793,-0.8639170527458191
2,427,-0.47808185,-0.017957805,-0.7812150120735168
2,428,-0.49746266,-0.0193808,-0.7217855453491211
2,429,-0.5185393,-0.02107662,-1.1525533199310303
2,430,-0.5393716,-0.020832306,0.18817175924777985
2,431,-0.56152487,-0.022153236,-0.9594552516937256
2,432,-0.5848943,-0.023369404,-1.0383543968200684
2,433,-0.6093066,-0.024412274,-1.0227456092834473
2,434,-0.63456637,-0.0252598,-0.9888502955436707
2,435,-0.66050917,-0.02594283,-1.0718607902526855
2,436,-0.6869538,-0.02644463,-1.2557414770126343
2,437,-0.7137217,-0.026767923,-1.0971202850341797
2,438,-0.7376398,-0.023918066,1.0249916315078735
2,439,-0.7615606,-0.023920823,-1.136252522468567
2,440,-0.7836819,-0.022121284,0.10840050131082535
2,441,-0.80510503,-0.021423096,-0.7069688439369202
2,442,-0.826159,-0.021053966,-1.3748388290405273
2,443,-0.84674275,-0.020583771,-1.4587308168411255
2,444,-0.8667651,-0.02002236,-1.0522735118865967
2,445,-0.8861448,-0.01937976,-1.20442533493042
2,446,-0.9048107,-0.018665928,-1.1396219730377197
2,447,-0.9227013,-0.017890563,-1.5207611322402954
2,448,-0.9397642,-0.017062914,-1.6984961032867432
2,449,-0.95595586,-0.01619164,-1.2480666637420654
2,450,-0.9709622,-0.015006345,-0.8144201636314392
2,451,-0.9850337,-0.014071443,-1.0300648212432861
2,452,-0.99541503,-0.010381321,0.8223129510879517
2,453,-1.0031626,-0.0077475705,0.10923749953508377
2,454,-1.0098972,-0.0067346655,-0.976874589920044
2,455,-1.0156475,-0.0057503013,-1.093299150466919
2,456,-1.020409,-0.0047614914,-1.016420602798462
2,457,-1.0228839,-0.002474885,-0.13688306510448456
2,458,-1.0243654,-0.0014815325,-1.1429333686828613
2,459,-1.0248529,-0.00048739486,-1.1401783227920532
2,460,-1.0224086,0.0024443031,0.29154184460639954
2,461,-1.0180897,0.004319004,-0.412259578704834
2,462,-1.0127337,0.005355997,-0.968987226486206
2,463,-1.0062169,0.0065167663,-0.8839201331138611
2,464,-0.995719,0.010497897,1.2697373628616333
2,465,-0.98416936,0.011549644,-0.9456660747528076
2,466,-0.9710829,0.013086442,-0.6124296188354492
2,467,-0.95706135,0.014021548,-1.2110146284103394
2,468,-0.9420281,0.015033218,-0.9316568970680237
2,469,-0.9261183,0.015909815,-1.302599310874939
2,470,-0.9093194,0.016798925,-0.9651787877082825
2,471,-0.88892335,0.02039608,0.871992826461792
2,472,-0.86584646,0.023076894,0.30491945147514343
2,473,-0.84213054,0.023715938,-1.2155065536499023
2,474,-0.81786984,0.024260702,-0.9979199171066284
2,475,-0.79317784,0.024692023,-1.165386438369751
2,476,-0.76807266,0.025105186,-0.9302520155906677
2,477,-0.7427939,0.025278725,-1.1059246063232422
2,478,-0.71748716,0.025306745,-1.1613681316375732
2,479,-0.6922172,0.025270002,-0.9401885271072388
2,480,-0.66713005,0.025087094,-0.9295313358306885
2,481,-0.64249945,0.024630621,-1.108705759048462
2,482,-0.6178857,0.024613723,-0.5932415723800659
2,483,-0.5910742,0.026811482,1.2059175968170166
2,484,-0.5652601,0.0258141,-1.3691178560256958
2,485,-0.54042554,0.02483458,-0.8607769012451172
2,486,-0.5169648,0.023460727,-1.2211850881576538
2,487,-0.49461344,0.022351352,-0.7064154744148254
2,488,-0.4739792,0.020634236,-1.6476184129714966
2,489,-0.45224637,0.021732824,0.9795752763748169
2,490,-0.4295446,0.022701759,1.0237805843353271
2,491,-0.40901643,0.020528171,-0.9850029945373535
2,492,-0.3888203,0.020196144,0.3403439521789551
2,493,-0.37110767,0.017712625,-1.0409858226776123
2,494,-0.3559847,0.015122966,-0.9903013706207275
2,495,-0.34096393,0.015020761,0.7350595593452454
2,496,-0.32874542,0.012218512,-1.1068891286849976
2,497,-0.31916976,0.009575678,-0.8421679139137268
2,498,-0.30953297,0.009636781,1.0678935050964355
2,499,-0.3024336,0.0070993532,-0.6933575868606567
2,500,-0.29828376,0.004149862,-0.9398699402809143
2,501,-0.29419798,0.004085775,1.0903140306472778
2,502,-0.29320008,0.0009979006,-1.1421432495117188
2,503,-0.29293483,0.00026524212,0.5739930272102356
2,504,-0.29276478,0.00017006186,1.471408724784851
2,505,-0.29269087,7.389979e-05,1.208499550819397
2,506,-0.29571357,-0.003022689,-1.0290133953094482
2,507,-0.29881534,-0.0031017673,1.1257226467132568
2,508,-0.30497807,-0.006162742,-1.0362789630889893
2,509,-0.3119116,-0.0069335527,0.5025309324264526
2,510,-0.32182825,-0.00991662,-1.1664584875106812
2,511,-0.33464837,-0.012820117,-0.9873005747795105
2,512,-0.3498333,-0.015184935,-0.6815812587738037
2,513,-0.36476326,-0.014929947,1.117684245109558
2,514,-0.3793399,-0.014576642,1.1155129671096802
2,515,-0.39646503,-0.017125124,-1.0165613889694214
2,516,-0.4144047,-0.017939651,0.07735118269920349
2,517,-0.4344756,-0.020070923,-0.8845906257629395
2,518,-0.453707,-0.019231413,1.3744380474090576
2,519,-0.47495878,-0.021251768,-1.0818395614624023
2,520,-0.49769065,-0.022731867,-0.7443953156471252
2,521,-0.5219151,-0.024224417,-0.8656232357025146
2,522,-0.54754263,-0.025627578,-0.9270215630531311
2,523,-0.57149076,-0.023948153,1.2813961505889893
2,524,-0.596581,-0.025090199,-1.1172767877578735
2,525,-0.62262815,-0.026047194,-1.1645598411560059
2,526,-0.64940304,-0.026774898,-0.9730315208435059
2,527,-0.6742907,-0.024887709,0.6439314484596252
2,528,-0.69958633,-0.025295625,-1.0745830535888672
2,529,-0.7251225,-0.025536189,-1.0867539644241333
2,530,-0.75059325,-0.025470713,-0.9036979079246521
2,531,-0.7757963,-0.025203025,-0.87080317735672
2,532,-0.79789877,-0.022102473,0.9229553937911987
2,533,-0.8180957,-0.020196902,0.04851304367184639
2,534,-0.83786017,-0.019764505,-1.0200819969177246
2,535,-0.85417175,-0.016311562,0.9533002376556396
2,536,-0.86989087,-0.015719142,-1.0112807750701904
2,537,-0.8849554,-0.015064554,-1.1530526876449585
2,538,-0.89879775,-0.013842369,-0.6583244204521179
2,539,-0.9117389,-0.012941141,-0.9033889174461365
2,540,-0.9238836,-0.0121447425,-1.3036762475967407
2,541,-0.9321975,-0.008313872,1.1247375011444092
2,542,-0.9396587,-0.0074611832,-1.1408063173294067
2,543,-0.9452653,-0.005606586,-0.344283789396286
2,544,-0.9472227,-0.0019574258,0.8434278964996338
2,545,-0.9482917,-0.0010690289,-1.0291380882263184
2,546,-0.94570464,0.0025870812,0.8435710072517395
2,547,-0.94223255,0.0034720895,-1.0536894798278809
2,548,-0.9378834,0.004349162,-1.2425435781478882
2,549,-0.93266743,0.0052159294,-1.0749287605285645
2,550,-0.92659765,0.0060698073,-1.0113894939422607
2,551,-0.91959536,0.00700228,-0.937120258808136
2,552,-0.91177404,0.00782133,-1.0588337182998657
2,553,-0.90299886,0.008775184,-0.8950989246368408
2,554,-0.8926563,0.0103425635,-0.46821457147598267
2,555,-0.8815777,0.0110786585,-1.2748539447784424
2,556,-0.86975783,0.011819867,-0.9710003137588501
2,557,-0.85712296,0.012634854,-0.8927294611930847
2,558,-0.84188884,0.015234102,0.3298645317554474
2,559,-0.8261141,0.015774699,-1.4349524974822998
2,560,-0.8097588,0.016355325,-0.9262418746948242
2,561,-0.7930113,0.01674745,-1.0371425151824951
2,562,-0.77595615,0.017055128,-1.101720929145813
2,563,-0.75868404,0.017272118,-1.2186285257339478
2,564,-0.7412283,0.01745573,-0.9579729437828064
2,565,-0.72337943,0.017848842,-0.7503976821899414
2,566,-0.70347375,0.019905716,0.4310837686061859
2,567,-0.68370223,0.019771527,-0.9458156824111938
2,568,-0.6642756,0.019426664,-1.3121559619903564
2,569,-0.6431196,0.021155987,0.4701927602291107
2,570,-0.6225476,0.020571968,-0.974227249622345
2,571,-0.60223323,0.020314425,-0.6592056155204773
2,572,-0.58265805,0.019575171,-0.8823721408843994
2,573,-0.5641422,0.018515801,-1.1972897052764893
2,574,-0.54399335,0.020148845,0.8864781260490417
2,575,-0.5250398,0.018953554,-0.8987705707550049
2,576,-0.50457543,0.020464363,1.0213251113891602
2,577,-0.48557058,0.019004863,-0.8779343366622925
2,578,-0.4681784,0.017392179,-0.885394275188446
2,579,-0.45269996,0.015478439,-1.0653823614120483
2,580,-0.43909797,0.013601993,-0.8991365432739258
2,581,-0.42759746,0.011500494,-0.9830062389373779
2,582,-0.41816485,0.009432623,-0.9051819443702698
2,583,-0.41100985,0.007154988,-1.0809910297393799
2,584,-0.40594974,0.005060118,-0.8442785739898682
2,585,-0.4032538,0.0026959563,-1.0073919296264648
2,586,-0.4028397,0.00041409483,-0.9325032234191895
2,587,-0.40481162,-0.0019719168,-1.2395070791244507
2,588,-0.4091557,-0.0043440834,-1.2027548551559448
2,589,-0.41584134,-0.006685643,-1.0038491487503052
2,590,-0.42461944,-0.008778098,-0.8655181527137756
2,591,-0.43262902,-0.008009582,1.0547581911087036
2,592,-0.44281244,-0.010183417,-1.0913474559783936
2,593,-0.45509586,-0.012283401,-1.0567344427108765
2,594,-0.46926415,-0.014168284,-0.9164798259735107
2,595,-0.4825547,-0.013290562,0.8556196689605713
2,596,-0.49682036,-0.014265663,-0.4453656077384949
2,597,-0.50978667,-0.012966285,1.1366355419158936
2,598,-0.5232194,-0.013432725,-0.24191883206367493
2,599,-0.5354553,-0.01223588,0.7997939586639404
2,600,-0.54910225,-0.013646975,-1.3061738014221191
2,601,-0.5640581,-0.014955886,-1.3356317281723022
2,602,-0.5790604,-0.015002243,-0.23270541429519653
2,603,-0.59514856,-0.016088197,-1.022708773612976
2,604,-0.61210346,-0.0169549,-0.9328110814094543
2,605,-0.62748325,-0.015379803,0.6127225160598755
2,606,-0.6435965,-0.016113222,-1.0399856567382812
2,607,-0.66032904,-0.016732553,-1.0004335641860962
2,608,-0.6774083,-0.017079221,-0.895752489566803
2,609,-0.6948744,-0.017466152,-1.0015802383422852
2,610,-0.7126087,-0.017734306,-0.9979588389396667
2,611,-0.7276321,-0.015023413,0.9120467305183411
2,612,-0.74271905,-0.015086944,-1.0127421617507935
2,613,-0.7577784,-0.01505937,-1.6504836082458496
2,614,-0.7725682,-0.014789811,-0.8972234129905701
2,615,-0.7871596,-0.014591378,-1.0589044094085693
2,616,-0.7984739,-0.011314294,1.0951098203659058
2,617,-0.8094525,-0.010978561,-1.1961244344711304
2,618,-0.81998104,-0.0105285505,-0.9604082703590393
2,619,-0.83006823,-0.010087214,-1.152809977531433
2,620,-0.8396673,-0.009599106,-1.2031941413879395
2,621,-0.84823513,-0.008567839,-0.6664391160011292
2,622,-0.85332286,-0.005087751,0.9415766000747681
2,623,-0.8576548,-0.00433197,-0.8887654542922974
2,624,-0.86138016,-0.003725369,-1.1925545930862427
2,625,-0.864484,-0.0031038546,-1.1865257024765015
2,626,-0.86674994,-0.0022659018,-0.8638563752174377
2,627,-0.8655439,0.0012060116,0.886246383190155
2,628,-0.863447,0.0020969207,-0.8313064575195312
2,629,-0.8607204,0.002726595,-1.0402189493179321
2,630,-0.8562673,0.0044531184,-0.2615791857242584
2,631,-0.85121316,0.0050540976,-1.1293374300003052
2,632,-0.8425789,0.008634292,1.0059964656829834
2,633,-0.8329544,0.009624479,-0.702263355255127
2,634,-0.81982875,0.013125637,1.127645492553711
2,635,-0.8032625,0.016566252,1.1283588409423828
2,636,-0.7863363,0.016926175,-1.1418362855911255
2,637,-0.7677774,0.018558918,-0.093328557908535
2,638,-0.74904656,0.01873081,-1.0974498987197876
2,639,-0.7302509,0.018795673,-1.1776734590530396
2,640,-0.7085206,0.021730311,0.9880925416946411
2,641,-0.68397343,0.02454717,1.344968318939209
2,642,-0.65904915,0.024924265,-0.5198966860771179
2,643,-0.63411826,0.02493088,-0.6543575525283813
2,644,-0.6097566,0.024361676,-0.9219976663589478
2,645,-0.5862559,0.023500688,-1.3833231925964355
2,646,-0.56378806,0.022467854,-1.4222915172576904
2,647,-0.5425195,0.021268543,-1.0432825088500977
2,648,-0.5226091,0.019910373,-1.1077182292938232
2,649,-0.5042062,0.01840295,-1.1978105306625366
2,650,-0.4869221,0.017284082,-0.6490042805671692
2,651,-0.4714125,0.015509562,-1.1520226001739502
2,652,-0.45779276,0.013619762,-1.065578818321228
2,653,-0.4440949,0.013697877,0.3789733052253723
2,654,-0.43173197,0.012362929,-0.4962039887905121
2,655,-0.42121938,0.0105126,-0.7800113558769226
2,656,-0.41284758,0.008371798,-0.923314094543457
2,657,-0.40490994,0.007937648,0.2541903853416443
2,658,-0.39634377,0.008566173,1.0807710886001587
2,659,-0.387209,0.009134775,1.035797119140625
2,660,-0.38056883,0.0066401567,-1.0455801486968994
2,661,-0.37599683,0.004572,-0.6853655576705933
2,662,-0.37399602,0.002000809,-1.0562288761138916
2,663,-0.37457994,-0.0005839214,-1.1462631225585938
2,664,-0.37495264,-0.00037270802,0.8613309264183044
2,665,-0.37613446,-0.0011818192,0.1794336438179016
2,666,-0.37964928,-0.0035148195,-0.8418280482292175
2,667,-0.3852482,-0.0055989246,-0.6918196678161621
2,668,-0.3933252,-0.008076992,-0.979982852935791
2,669,-0.40385458,-0.010529361,-1.0317641496658325
2,670,-0.41437623,-0.0105216475,0.5910683870315552
2,671,-0.42420247,-0.009826236,1.190719485282898
2,672,-0.43596125,-0.011758762,-0.7987011671066284
2,673,-0.44969222,-0.013730984,-0.8816573023796082
2,674,-0.46547297,-0.015780753,-1.1217527389526367
2,675,-0.4806944,-0.015221437,0.6620351672172546
2,676,-0.4976615,-0.016967094,-0.9498412609100342
2,677,-0.5163229,-0.018661426,-1.1305207014083862
2,678,-0.533613,-0.017290123,0.9505788087844849
2,679,-0.5514837,-0.01787064,-0.4370759427547455
2,680,-0.5684007,-0.016916964,0.49652206897735596
2,681,-0.58648264,-0.018081961,-1.059628963470459
2,682,-0.60554636,-0.019063715,-0.9670597314834595
2,683,-0.62550163,-0.019955281,-1.29398512840271
2,684,-0.64547825,-0.01997662,-0.5158400535583496
2,685,-0.666061,-0.020582756,-1.1555373668670654
2,686,-0.68411535,-0.018054368,0.9947684407234192
2,687,-0.69957024,-0.015454887,0.9610652327537537
2,688,-0.7152093,-0.015639037,-0.9623212814331055
2,689,-0.72798914,-0.012779803,1.2770617008209229
2,690,-0.7408303,-0.012841144,-1.0223616361618042
2,691,-0.7535555,-0.012725202,-0.9335964918136597
2,692,-0.76555765,-0.012002156,-0.5786974430084229
2,693,-0.7769921,-0.011434456,-0.7278524041175842
2,694,-0.7880282,-0.011036084,-0.8828380107879639
2,695,-0.7987826,-0.010754424,-1.1339337825775146
2,696,-0.8089753,-0.01019267,-0.8503671884536743
2,697,-0.8186306,-0.009655278,-0.9005914926528931
2,698,-0.82501596,-0.006385375,0.8899765610694885
2,699,-0.83093643,-0.0059204684,-1.1416910886764526
2,700,-0.83636487,-0.0054284194,-1.1132258176803589
2,701,-0.84103924,-0.0046743597,-0.8415490388870239
2,702,-0.84482896,-0.0037897176,-0.7681779265403748
2,703,-0.84803057,-0.0032016095,-0.9767655730247498
2,704,-0.85063756,-0.0026070147,-0.9815102815628052
2,705,-0.8526204,-0.0019828961,-0.9691187739372253
2,706,-0.8510173,0.0016031337,1.0249263048171997
2,707,-0.8487041,0.002313201,-0.9128744602203369
2,708,-0.8437735,0.004930599,0.36513352394104004
2,709,-0.835618,0.008155443,0.7840757369995117
2,710,-0.82656145,0.009056586,-0.7412823438644409
2,711,-0.8170328,0.009528638,-1.1048047542572021
2,712,-0.8070769,0.009955966,-1.1067883968353271
2,713,-0.79674196,0.010334883,-1.1059411764144897
2,714,-0.7860364,0.01070561,-0.9707764387130737
2,715,-0.7720596,0.013976758,1.0953315496444702
2,716,-0.7548872,0.01717239,1.1369065046310425
2,717,-0.7373161,0.017571129,-0.8000305891036987
2,718,-0.71674967,0.020566426,1.1253770589828491
2,719,-0.69631433,0.02043534,-1.0522006750106812
2,720,-0.67562944,0.020684898,-0.6590800881385803
2,721,-0.65484464,0.02078482,-0.6674566268920898
2,722,-0.6346007,0.020243926,-1.1361911296844482
2,723,-0.61209077,0.022509908,0.9658457636833191
2,724,-0.59036595,0.021724798,-0.9606879353523254
2,725,-0.569599,0.020766966,-0.9701629877090454
2,726,-0.5475855,0.022013457,0.6017230153083801
2,727,-0.5243597,0.02322577,0.6883779764175415
2,728,-0.5026282,0.021731477,-1.1825790405273438
2,729,-0.4825539,0.020074302,-1.201956868171692
2,730,-0.46408316,0.01847072,-0.8643488883972168
2,731,-0.44755644,0.01652672,-1.1412959098815918
2,732,-0.43117747,0.016378967,0.2784211337566376
2,733,-0.4169583,0.014219164,-0.983660101890564
2,734,-0.40502536,0.011932934,-1.3702934980392456
2,735,-0.3924631,0.012562269,1.2328193187713623
2,736,-0.38106757,0.011395527,-0.1389322578907013
2,737,-0.37091914,0.010148439,-0.14025495946407318
2,738,-0.36069503,0.010224099,0.787423849105835
2,739,-0.35148537,0.009209655,0.10618485510349274
2,740,-0.34410948,0.0073758857,-0.39967823028564453
2,741,-0.33651564,0.0075938324,1.162697672843933
2,742,-0.32961857,0.0068970593,0.4225584864616394
2,743,-0.32531545,0.0043031187,-0.8132168054580688
2,744,-0.32381606,0.0014993883,-0.9351794123649597
2,745,-0.32522693,-0.0014108727,-1.169182538986206
2,746,-0.32953933,-0.004312384,-1.2412524223327637
2,747,-0.33519885,-0.0056595197,0.01831737533211708
2,748,-0.34369734,-0.0084984815,-1.1224169731140137
2,749,-0.35492587,-0.011228546,-0.9635724425315857
2,750,-0.36886618,-0.013940292,-1.0167443752288818
2,751,-0.38535893,-0.016492764,-0.9554715156555176
2,752,-0.40141717,-0.016058238,0.9612385630607605
2,753,-0.4196084,-0.018191243,-0.8246829509735107
2,754,-0.4400367,-0.02042831,-0.9798195362091064
2,755,-0.459674,-0.019637292,0.9407931566238403
2,756,-0.47854197,-0.018867979,0.8305437564849854
2,757,-0.49917495,-0.02063298,-0.9520686268806458
2,758,-0.51874536,-0.019570384,0.8304076194763184
2,759,-0.5368521,-0.018106783,1.0067237615585327
2,760,-0.55632395,-0.019471845,-0.9762905836105347
2,761,-0.576845,-0.020521045,-0.8628301024436951
2,762,-0.59846836,-0.021623394,-1.038198709487915
2,763,-0.6210349,-0.022566581,-1.11732816696167
2,764,-0.6413811,-0.020346172,1.1609374284744263
2,765,-0.65953785,-0.01815679,0.8828558325767517
2,766,-0.6782031,-0.018665273,-1.0695141553878784
2,767,-0.69430524,-0.016102144,0.9631495475769043
2,768,-0.71068233,-0.01637708,-1.0992043018341064
2,769,-0.72624785,-0.015565536,-0.34604617953300476
2,770,-0.7414602,-0.015212348,-0.7165138721466064
2,771,-0.75365245,-0.012192258,1.0338317155838013
2,772,-0.7655987,-0.011946236,-0.8970876932144165
2,773,-0.77738523,-0.011786527,-1.233451008796692
2,774,-0.7888992,-0.011513933,-0.9681136608123779
2,775,-0.7971269,-0.008227697,1.3443177938461304
2,776,-0.80295473,-0.0058278656,0.3806467354297638
2,777,-0.8083399,-0.0053851833,-0.9437987208366394
2,778,-0.8103399,-0.0020000306,1.0250742435455322
2,779,-0.81194496,-0.0016050597,-1.0832524299621582
2,780,-0.81314725,-0.001202259,-1.04286527633667
2,781,-0.8139409,-0.00079362205,-1.0991259813308716
2,782,-0.81432205,-0.0003811462,-1.0976450443267822
2,783,-0.8142889,3.3169552e-05,-1.1761759519577026
2,784,-0.81343234,0.0008565677,-0.7271718382835388
2,785,-0.81216574,0.0012665848,-1.1535720825195312
2,786,-0.81044585,0.0017198956,-0.9670423269271851
2,787,-0.80533046,0.0051153847,1.0045264959335327
2,788,-0.79684484,0.008485636,1.2938088178634644
2,789,-0.78803176,0.008813053,-1.2626146078109741
2,790,-0.77890784,0.009123904,-0.9805517196655273
2,791,-0.7665509,0.012356917,1.238196849822998
2,792,-0.7540289,0.01252196,-1.018875241279602
2,793,-0.7409131,0.013115852,-0.6666247844696045
2,794,-0.7277804,0.013132682,-1.5963528156280518
2,795,-0.71471035,0.013070061,-1.2598662376403809
2,796,-0.7017842,0.012926152,-1.2026677131652832
2,797,-0.68895274,0.012831466,-0.912222683429718
2,798,-0.67643136,0.012521381,-1.6446858644485474
2,799,-0.6643035,0.012127885,-1.1502825021743774
2,800,-0.65265137,0.011652109,-1.265136480331421
2,801,-0.64144915,0.011202194,-0.9292070865631104
2,802,-0.628456,0.012993146,0.6169152855873108
2,803,-0.6161893,0.0122666685,-1.2148314714431763
2,804,-0.6045525,0.0116368,-0.8769344687461853
2,805,-0.5938145,0.010738002,-1.0995140075683594
2,806,-0.58131886,0.012495658,0.8232828378677368
2,807,-0.5669169,0.014401994,0.9837299585342407
2,808,-0.5536624,0.013254441,-0.9810165762901306
2,809,-0.5408634,0.012799019,-0.4537290930747986
2,810,-0.5294349,0.011428446,-1.308275818824768
2,811,-0.5194627,0.009972215,-1.0136343240737915
2,812,-0.5107621,0.008700621,-0.8270492553710938
2,813,-0.5009517,0.009810397,0.8040184378623962
2,814,-0.49262598,0.008325731,-0.8766289353370667
2,815,-0.48578325,0.006842721,-0.8340326547622681
2,816,-0.47795212,0.007831132,0.8476128578186035
2,817,-0.47196227,0.005989851,-1.312286615371704
2,818,-0.46485814,0.0071041244,1.0801602602005005
2,819,-0.45918244,0.0056757065,-0.6600933074951172
2,820,-0.45548686,0.0036955855,-1.066120982170105
2,821,-0.4536582,0.0018286709,-0.9064152240753174
2,822,-0.45385024,-0.00019204305,-1.1118431091308594
2,823,-0.4560405,-0.002190263,-0.9859433174133301
2,824,-0.45745003,-0.0014095239,0.8559762835502625
2,825,-0.45791018,-0.0004601476,0.9614946842193604
2,826,-0.45735982,0.0005503705,1.074440360069275
2,827,-0.45580298,0.0015568414,1.1275293827056885
2,828,-0.45347327,0.0023297197,0.8518989682197571
2,829,-0.45016563,0.0033076494,1.182813048362732
2,830,-0.44890428,0.0012613448,-1.4433602094650269
2,831,-0.44807395,0.00083031144,0.08299922943115234
2,832,-0.4482953,-0.00022134882,-0.3267053961753845
2,833,-0.45044494,-0.0021496427,-0.9122062921524048
2,834,-0.45356983,-0.0031248902,-0.28732478618621826
2,835,-0.4566449,-0.0030750735,0.38078582286834717
2,836,-0.45871875,-0.0020738577,1.0142120122909546
2,837,-0.46194738,-0.0032286446,-0.4475022852420807
2,838,-0.46701884,-0.0050714635,-0.9220434427261353
2,839,-0.4740126,-0.006993778,-1.3354456424713135
2,840,-0.48287693,-0.008864304,-1.014585018157959
2,841,-0.4935056,-0.010628674,-0.9731432795524597
2,842,-0.5031503,-0.009644679,0.8062585592269897
2,843,-0.5144482,-0.011297946,-1.035001277923584
2,844,-0.5273148,-0.012866566,-1.0347304344177246
2,845,-0.5393396,-0.012024845,0.5425679683685303
2,846,-0.54974645,-0.010406832,1.2350901365280151
2,847,-0.5594258,-0.0096793305,0.3543965518474579
2,848,-0.57033694,-0.010911145,-1.306213140487671
2,849,-0.58224064,-0.011903707,-0.8946335911750793
2,850,-0.5922068,-0.009966158,1.612953782081604
2,851,-0.60076493,-0.008558167,0.5980375409126282
2,852,-0.6102495,-0.009484576,-1.6423836946487427
2,853,-0.6199998,-0.009750334,-0.6055622696876526
2,854,-0.6281353,-0.008135508,0.6012364029884338
2,855,-0.6367342,-0.008598844,-0.8230478167533875
2,856,-0.64325225,-0.0065180464,0.8323193192481995
2,857,-0.64739203,-0.0041397936,1.1164534091949463
2,858,-0.6508078,-0.0034157916,-0.12216778099536896
2,859,-0.6547538,-0.003946012,-0.9741984009742737
2,860,-0.65624136,-0.0014875344,1.0285884141921997
2,861,-0.6564717,-0.0002303784,0.1922559291124344
2,862,-0.65456694,0.0019048061,0.7765465974807739
2,863,-0.65036595,0.0042009945,0.892670214176178
2,864,-0.64458007,0.005785908,0.43794167041778564
2,865,-0.63940656,0.005173478,-1.0036414861679077
2,866,-0.6346947,0.004711853,-0.8752104043960571
2,867,-0.627665,0.0070297318,1.151589035987854
2,868,-0.62124366,0.0064213085,-0.9175349473953247
2,869,-0.61560047,0.0056432164,-1.0567978620529175
2,870,-0.61076874,0.004831705,-0.9951980113983154
2,871,-0.60679066,0.003978053,-1.5903191566467285
2,872,-0.60260653,0.004184154,-0.27425429224967957
2,873,-0.59931445,0.0032920707,-0.9860724210739136
2,874,-0.59679884,0.002515632,-0.8929570913314819
2,875,-0.5952386,0.0015602305,-1.0303364992141724
2,876,-0.5940811,0.0011575473,-0.6239034533500671
2,877,-0.5938989,0.00018223454,-1.0759341716766357
2,878,-0.5946933,-0.0007944145,-1.1874475479125977
2,879,-0.59645784,-0.001764546,-0.9995380640029907
2,880,-0.59827334,-0.0018154838,-0.39535999298095703
2,881,-0.5980334,0.00023990258,1.0275288820266724
2,882,-0.5987399,-0.00070646557,-1.0225456953048706
2,883,-0.600321,-0.0015810453,-0.9555850028991699
2,884,-0.6008152,-0.0004941549,0.3443606197834015
2,885,-0.60201555,-0.0012003676,-0.8534467220306396
2,886,-0.6040163,-0.002000741,-0.9220597147941589
2,887,-0.60691977,-0.002903443,-1.088025689125061
2,888,-0.6107048,-0.0037850228,-1.105960726737976
2,889,-0.61530083,-0.00459608,-0.9712949991226196
2,890,-0.620692,-0.0053911787,-0.9828143119812012
2,891,-0.62686527,-0.006173233,-1.0717601776123047
2,892,-0.6337763,-0.006911064,-1.0031558275222778
2,893,-0.6413328,-0.007556522,-0.97121661901474
2,894,-0.64952457,-0.008191762,-1.0199328660964966
2,895,-0.6554965,-0.0059718867,0.8651575446128845
2,896,-0.65915036,-0.0036538648,0.9029348492622375
2,897,-0.66331536,-0.004165017,-1.0237045288085938
2,898,-0.6679624,-0.0046470403,-0.999655544757843
2,899,-0.67306024,-0.0050978446,-1.0875242948532104
2,900,-0.6785743,-0.005514069,-1.0842578411102295
2,901,-0.6814675,-0.002893176,1.1527352333068848
2,902,-0.6847204,-0.00325293,-1.1643916368484497
2,903,-0.6876819,-0.0029615199,-0.5803285837173462
2,904,-0.68796194,-0.0002799963,1.0066500902175903
2,905,-0.6855791,0.0023828298,0.9863013625144958
2,906,-0.6832578,0.0023212752,-0.819437563419342
2,907,-0.67909473,0.0041630846,0.4597534239292145
2,908,-0.6753073,0.003787465,-1.0690338611602783
2,909,-0.6719108,0.0033964314,-0.9933140277862549
2,910,-0.6683956,0.003515251,-0.6381206512451172
2,911,-0.6653282,0.0030673947,-1.0006332397460938
2,912,-0.6606125,0.0047156643,0.41135919094085693
2,913,-0.656237,0.0043755053,-0.8927127718925476
2,914,-0.6493928,0.006844247,1.2055422067642212
2,915,-0.6431273,0.006265467,-1.0889935493469238
2,916,-0.6374845,0.0056428425,-1.033103346824646
2,917,-0.63250405,0.004980465,-1.2578973770141602
2,918,-0.62522125,0.0072828005,1.2880157232284546
2,919,-0.617495,0.0077262684,-0.20463266968727112
2,920,-0.61057377,0.0069212136,-1.2369760274887085
2,921,-0.60374784,0.0068259323,-0.493478000164032
2,922,-0.5948266,0.008921275,1.0335856676101685
2,923,-0.58634835,0.008478204,-0.6488158106803894
2,924,-0.5789023,0.007446051,-1.0150569677352905
2,925,-0.5724684,0.006433882,-0.9500303864479065
2,926,-0.5671693,0.0052990923,-1.0203593969345093
2,927,-0.56013614,0.0070331944,0.9388353228569031
2,928,-0.55427754,0.005858611,-0.9653769731521606
2,929,-0.5496713,0.004606226,-0.9881004691123962
2,930,-0.5461089,0.003562377,-0.8261289596557617
2,931,-0.5408778,0.0052310745,1.145070195198059
2,932,-0.5369201,0.003957726,-0.9352554082870483
2,933,-0.53436244,0.0025576092,-1.089796781539917
2,934,-0.5332241,0.0011383226,-1.1590921878814697
2,935,-0.5314171,0.0018070044,0.39766791462898254
2,936,-0.52805144,0.0033656363,1.209914207458496
2,937,-0.5231524,0.00489903,1.0486247539520264
2,938,-0.51975673,0.0033956824,-1.2394208908081055
2,939,-0.51788986,0.0018668678,-1.1684942245483398
2,940,-0.51737136,0.0005185,-0.8703686594963074
2,941,-0.51839954,-0.0010282029,-1.3124347925186157
2,942,-0.5208678,-0.0024682805,-0.9340566396713257
2,943,-0.5238755,-0.003007668,-0.34593719244003296
2,944,-0.52838105,-0.004505593,-1.4818115234375
2,945,-0.5336509,-0.005269848,-0.5334137678146362
2,946,-0.5403454,-0.0066944687,-1.3375519514083862
2,947,-0.54833716,-0.007991766,-0.9485625624656677
2,948,-0.5576411,-0.009303935,-0.9983580112457275
2,949,-0.56819016,-0.010549061,-1.2509835958480835
2,950,-0.5769473,-0.008757091,0.9723537564277649
2,951,-0.5867288,-0.009781531,-0.9485653042793274
2,952,-0.59753966,-0.010810881,-1.0615495443344116
2,953,-0.60930055,-0.011760861,-1.0368298292160034
2,954,-0.6219257,-0.012625155,-1.0577880144119263
2,955,-0.63510835,-0.013182618,-0.8561775088310242
2,956,-0.64597017,-0.0108618075,1.249352216720581
2,957,-0.6547585,-0.00878835,0.7840993404388428
2,958,-0.6621475,-0.0073889904,0.2938997447490692
2,959,-0.6673874,-0.0052398983,0.7597594261169434
2,960,-0.673074,-0.0056865793,-0.9946407675743103
2,961,-0.6791767,-0.006102711,-1.1928335428237915
2,962,-0.6854709,-0.006294201,-0.8776131272315979
2,963,-0.6890982,-0.0036273173,1.0375494956970215
2,964,-0.69303465,-0.0039364435,-1.0268179178237915
2,965,-0.69473654,-0.0017018775,0.678544819355011
2,966,-0.69381654,0.00092000276,0.9293312430381775
2,967,-0.69261813,0.0011984054,-0.6289770603179932
2,968,-0.6917057,0.00091242435,-1.0568569898605347
2,969,-0.6910852,0.0006204566,-1.0456610918045044
2,970,-0.68776083,0.0033244125,1.213921308517456
2,971,-0.6847544,0.0030064576,-1.1814072132110596
2,972,-0.68200725,0.0027471292,-0.9476379156112671
2,973,-0.67938787,0.0026193985,-0.8477185964584351
2,974,-0.67692673,0.0024611212,-0.8564139604568481
2,975,-0.67202,0.0049066986,0.8904955387115479
2,976,-0.6645366,0.0074834386,1.039276123046875
2,977,-0.6575273,0.007009258,-1.0856571197509766
2,978,-0.65104043,0.006486914,-1.024682641029358
2,979,-0.64212084,0.008919611,1.0519369840621948
2,980,-0.6338309,0.008289914,-1.1896084547042847
2,981,-0.6262292,0.007601668,-1.1537773609161377
2,982,-0.61926764,0.0069615855,-0.931804895401001
2,983,-0.61009836,0.009169292,1.0245068073272705
2,984,-0.6016246,0.008473725,-0.8913710117340088
2,985,-0.59407103,0.0075535895,-1.0617583990097046
2,986,-0.5874928,0.006578203,-1.0575026273727417
2,987,-0.5819383,0.005554479,-1.1752063035964966
2,988,-0.57681537,0.0051229605,-0.5778898596763611
2,989,-0.572795,0.0040203915,-1.0158377885818481
2,990,-0.56990695,0.002888025,-1.0638841390609741
2,991,-0.5678292,0.0020777448,-0.7709835767745972
2,992,-0.56532025,0.0025089283,0.06695202738046646
2,993,-0.5609992,0.004321023,1.0014492273330688
2,994,-0.5578983,0.003100938,-1.0885124206542969
2,995,-0.5560405,0.0018577306,-1.1270302534103394
2,996,-0.55501616,0.0010243391,-0.7175470590591431
2,997,-0.55414915,0.0008670225,-0.26173219084739685
2,998,-0.5542943,-0.00014512554,-0.8273034691810608
2,999,-0.5554225,-0.0011282071,-0.8086484670639038
3,1,-0.5373362,-0.0013984784,-0.9939994215965271
3,2,-0.5372093,0.00012691139,0.9482589960098267
3,3,-0.5382778,-0.0010685334,-0.8649967312812805
3,4,-0.54073626,-0.0024584762,-1.0645854473114014
3,5,-0.54157484,-0.0008385886,0.9942754507064819
3,6,-0.54377866,-0.0022038335,-1.1737602949142456
3,7,-0.5473312,-0.0035525768,-1.0392156839370728
3,8,-0.5522059,-0.0048747337,-1.0273711681365967
3,9,-0.55670464,-0.004498731,0.10780823975801468
3,10,-0.5623681,-0.005663478,-0.9417552351951599
3,11,-0.56924146,-0.006873363,-1.1821198463439941
3,12,-0.57727355,-0.008032111,-1.0520516633987427
3,13,-0.58543617,-0.008162632,-0.354229211807251
3,14,-0.59363294,-0.008196757,-0.33016717433929443
3,15,-0.6000614,-0.0064284587,0.8312653303146362
3,16,-0.6074214,-0.007360005,-1.0872389078140259
3,17,-0.6152955,-0.007874129,-0.7574594020843506
3,18,-0.6231292,-0.0078336485,-0.4257355034351349
3,19,-0.63132536,-0.008196155,-0.7319607734680176
3,20,-0.64022756,-0.008902197,-1.0674153566360474
3,21,-0.64977276,-0.009545219,-1.0611140727996826
3,22,-0.65988344,-0.010110659,-0.9928718209266663
3,23,-0.6701499,-0.010266497,-0.7664886713027954
3,24,-0.6807213,-0.010571361,-0.9126189947128296
3,25,-0.69165736,-0.010936098,-1.0698864459991455
3,26,-0.70288575,-0.0112283835,-1.1753290891647339
3,27,-0.71433336,-0.011447634,-1.1840131282806396
3,28,-0.72546744,-0.011134077,-0.6934390664100647
3,29,-0.73367834,-0.008210925,1.10871422290802
3,30,-0.74191594,-0.008237582,-1.4016741514205933
3,31,-0.7501307,-0.00821478,-1.280960202217102
3,32,-0.75810057,-0.007969835,-0.8841675519943237
3,33,-0.7656018,-0.007501251,-0.7657687067985535
3,34,-0.76994336,-0.004341525,1.3239394426345825
3,35,-0.77410096,-0.0041575897,-1.3045713901519775
3,36,-0.7780517,-0.003950739,-1.0473648309707642
3,37,-0.78167355,-0.0036218686,-0.9330066442489624
3,38,-0.7822325,-0.00055899145,0.8766485452651978
3,39,-0.7824956,-0.0002630834,-0.969994068145752
3,40,-0.7795064,0.0029892237,1.3211854696273804
3,41,-0.773399,0.0061073946,0.9212827682495117
3,42,-0.7670886,0.006310395,-1.0017191171646118
3,43,-0.75789994,0.009188648,0.8068031072616577
3,44,-0.7485952,0.009304738,-1.058292031288147
3,45,-0.7392282,0.00936696,-1.15251624584198
3,46,-0.7294758,0.009752392,-0.7475561499595642
3,47,-0.7197523,0.0097235,-0.9844368100166321
3,48,-0.7094586,0.010293726,-0.5449852347373962
3,49,-0.69891155,0.010547045,-0.7130103707313538
3,50,-0.6884176,0.01049393,-0.8721176981925964
3,51,-0.6782373,0.010180314,-1.1108866930007935
3,52,-0.6684384,0.009798948,-1.0209823846817017
3,53,-0.659087,0.009351383,-1.055981159210205
3,54,-0.6476142,0.011472808,0.7553429007530212
3,55,-0.63662744,0.010986726,-0.9299253821372986
3,56,-0.6252961,0.011331294,-0.3246634304523468
3,57,-0.6145437,0.0107524125,-0.8865556120872498
3,58,-0.60161763,0.012926068,1.022338628768921
3,59,-0.58961177,0.012005881,-1.0915981531143188
3,60,-0.57561404,0.0139977485,1.075819969177246
3,61,-0.5623299,0.013284157,-0.7347495555877686
3,62,-0.548852,0.013477856,-0.06408707797527313
3,63,-0.53488994,0.013962067,0.19666175544261932
3,64,-0.5223432,0.012546734,-1.148409366607666
3,65,-0.5113059,0.011037317,-1.1096930503845215
3,66,-0.5018608,0.009445142,-1.3100296258926392
3,67,-0.49407858,0.0077822227,-1.1464598178863525
3,68,-0.48579222,0.008286365,0.48350346088409424
3,69,-0.47912708,0.006665144,-0.8921864628791809
3,70,-0.47372425,0.005402825,-0.619846761226654
3,71,-0.47019407,0.00353016,-1.1263331174850464
3,72,-0.46856272,0.001631336,-1.0620578527450562
3,73,-0.4688423,-0.0002795615,-1.3426241874694824
3,74,-0.4709841,-0.0021418012,-0.9689404368400574
3,75,-0.47386765,-0.0028835542,-0.23251968622207642
3,76,-0.47862282,-0.0047551556,-1.0642547607421875
3,77,-0.48221427,-0.0035914527,1.241581678390503
3,78,-0.48461533,-0.0024010397,1.0767587423324585
3,79,-0.48739958,-0.0027842384,-0.06099255755543709
3,80,-0.4893683,-0.001968725,0.7243161201477051
3,81,-0.49030364,-0.0009353508,0.8597678542137146
3,82,-0.49247062,-0.0021669818,-0.6548882722854614
3,83,-0.49632916,-0.0038585474,-0.9722957611083984
3,84,-0.50172824,-0.0053990977,-0.8908376097679138
3,85,-0.506529,-0.00480074,0.5081791877746582
3,86,-0.5129577,-0.006428708,-1.2206532955169678
3,87,-0.5209662,-0.008008502,-1.073691725730896
3,88,-0.5304944,-0.009528247,-1.2411589622497559
3,89,-0.5389629,-0.008468522,0.6720079779624939
3,90,-0.5458436,-0.0068807085,0.9817488193511963
3,91,-0.55201375,-0.006170163,0.36255550384521484
3,92,-0.55945957,-0.007445792,-0.9923225045204163
3,93,-0.5658023,-0.0063427323,0.5564149618148804
3,94,-0.5728624,-0.0070600817,-0.6886870861053467
3,95,-0.5781733,-0.00531088,0.9207120537757874
3,96,-0.58423966,-0.006066365,-0.7753117084503174
3,97,-0.5913537,-0.007114063,-1.3085495233535767
3,98,-0.5994631,-0.008109393,-1.109690546989441
3,99,-0.6085084,-0.009045309,-1.1184395551681519
3,100,-0.61842376,-0.009915352,-1.201397180557251
3,101,-0.62913746,-0.010713718,-1.1504743099212646
3,102,-0.64043885,-0.0113014085,-0.910714864730835
3,103,-0.65237087,-0.011932043,-0.9927341938018799
3,104,-0.66486096,-0.0124900965,-1.22842538356781
3,105,-0.6774718,-0.012610826,-0.7658447623252869
3,106,-0.69046915,-0.01299733,-1.2705795764923096
3,107,-0.70076656,-0.010297426,1.2019381523132324
3,108,-0.7112969,-0.010530352,-1.0759737491607666
3,109,-0.7212995,-0.010002621,-0.5378557443618774
3,110,-0.7314048,-0.010105281,-1.3874729871749878
3,111,-0.7415505,-0.010145747,-1.066871166229248
3,112,-0.75158334,-0.010032835,-0.9384768605232239
3,113,-0.76153654,-0.009953179,-1.333192229270935
3,114,-0.7683529,-0.0068163774,1.0476505756378174
3,115,-0.77199423,-0.0036412778,1.062490701675415
3,116,-0.7752311,-0.003236886,-0.8605868220329285
3,117,-0.7781392,-0.0029080608,-0.9228059649467468
3,118,-0.7778184,0.00032079345,1.1689146757125854
3,119,-0.7769819,0.00083646335,-0.8076304197311401
3,120,-0.7749615,0.0020203935,-0.3590959906578064
3,121,-0.7726658,0.0022956799,-0.9575161933898926
3,122,-0.77017117,0.0024946502,-1.1070358753204346
3,123,-0.76749134,0.0026798476,-1.0312461853027344
3,124,-0.7646412,0.0028501449,-1.0596717596054077
3,125,-0.7600019,0.0046393415,0.0899100974202156
3,126,-0.7550391,0.0049628103,-0.8697439432144165
3,127,-0.7499113,0.0051277773,-0.9564614295959473
3,128,-0.7447136,0.0051976936,-1.2960106134414673
3,129,-0.7394765,0.0052370825,-1.3393129110336304
3,130,-0.7342312,0.005245334,-1.0815236568450928
3,131,-0.72900915,0.005222026,-1.116921067237854
3,132,-0.72084224,0.008166935,1.05717933177948
3,133,-0.711128,0.009714241,0.1018737182021141
3,134,-0.6998966,0.011231426,0.12249531596899033
3,135,-0.68861663,0.011279911,-0.8086404204368591
3,136,-0.677649,0.010967608,-1.18839430809021
3,137,-0.66691077,0.01073825,-0.8960291743278503
3,138,-0.6558239,0.011086889,-0.4622621536254883
3,139,-0.6452711,0.010552773,-1.1069117784500122
3,140,-0.6353259,0.009945186,-1.1747829914093018
3,141,-0.6260584,0.009267537,-1.1811662912368774
3,142,-0.6173657,0.00869267,-0.887514054775238
3,143,-0.609479,0.007886684,-1.0034443140029907
3,144,-0.6024553,0.0070236833,-1.1276997327804565
3,145,-0.5933457,0.009109606,1.121246099472046
3,146,-0.5852168,0.008128899,-1.0706075429916382
3,147,-0.57512844,0.010088407,1.1332850456237793
3,148,-0.5661551,0.008973342,-1.0196034908294678
3,149,-0.5582847,0.007870379,-0.9475129842758179
3,150,-0.55165464,0.006630054,-1.0493223667144775
3,151,-0.5433144,0.008340225,1.0322301387786865
3,152,-0.5362053,0.0071090953,-0.9192734956741333
3,153,-0.53050166,0.0057036215,-1.3907206058502197
3,154,-0.5236549,0.006846761,0.7275808453559875
3,155,-0.5156354,0.008019498,0.7815437316894531
3,156,-0.5091756,0.0064597777,-1.0937460660934448
3,157,-0.5043015,0.0048740976,-0.9850267171859741
3,158,-0.50107205,0.0032294488,-1.314089298248291
3,159,-0.49651143,0.004560627,1.0994889736175537
3,160,-0.49365374,0.0028576956,-1.304758071899414
3,161,-0.49048492,0.003168821,0.3569408655166626
3,162,-0.48606405,0.0044208756,1.0934829711914062
3,163,-0.48042408,0.0056399596,1.294884443283081
3,164,-0.47660702,0.003817054,-1.0375373363494873
3,165,-0.47164124,0.004965782,1.0547794103622437
3,166,-0.468512,0.0031292366,-0.9656267762184143
3,167,-0.4672125,0.0012995022,-0.9456411004066467
3,168,-0.46783388,-0.0006213809,-1.3136909008026123
3,169,-0.47037154,-0.0025376694,-1.3206815719604492
3,170,-0.47466347,-0.004291911,-0.9044879674911499
3,171,-0.48082107,-0.006157609,-1.2777040004730225
3,172,-0.48579863,-0.004977562,1.2506150007247925
3,173,-0.49255908,-0.0067604557,-1.1150977611541748
3,174,-0.5009065,-0.0083474405,-0.9030157923698425
3,175,-0.51067066,-0.009764138,-0.8310909867286682
3,176,-0.52188903,-0.011218354,-0.9048529863357544
3,177,-0.5346202,-0.012731177,-1.149449348449707
3,178,-0.54876876,-0.014148531,-1.3691799640655518
3,179,-0.5642287,-0.015459935,-1.052188754081726
3,180,-0.5778923,-0.013663592,0.9949153065681458
3,181,-0.5912915,-0.013399175,-0.09399139136075974
3,182,-0.6053707,-0.014079231,-0.7895121574401855
3,183,-0.6202462,-0.014875482,-0.9356052875518799
3,184,-0.63590693,-0.01566074,-1.1083214282989502
3,185,-0.6493135,-0.013406585,0.951793372631073
3,186,-0.66329944,-0.013985918,-1.1369870901107788
3,187,-0.6748845,-0.01158508,0.9223244190216064
3,188,-0.6866047,-0.011720183,-0.8207943439483643
3,189,-0.69724274,-0.010638071,-0.06152354180812836
3,190,-0.707824,-0.010581273,-0.7916154265403748
3,191,-0.71835184,-0.010527843,-0.8393242955207825
3,192,-0.72900075,-0.010648889,-1.0754672288894653
3,193,-0.7397048,-0.010704031,-1.0222265720367432
3,194,-0.75039923,-0.010694414,-1.0399396419525146
3,195,-0.7610209,-0.010621652,-1.1159616708755493
3,196,-0.7714272,-0.01040632,-0.9456965327262878
3,197,-0.78164136,-0.010214176,-1.1135450601577759
3,198,-0.7916078,-0.009966444,-1.350279688835144
3,199,-0.8012738,-0.0096660545,-1.1708228588104248
3,200,-0.80758995,-0.0063161305,1.2062196731567383
3,201,-0.8135119,-0.005921931,-0.9915027022361755
3,202,-0.81902343,-0.005511529,-1.256063461303711
3,203,-0.8240607,-0.00503723,-0.975002646446228
3,204,-0.8258282,-0.0017675186,0.8728283643722534
3,205,-0.82456934,0.0012588766,0.7051520347595215
3,206,-0.8209034,0.003665902,0.29612767696380615
3,207,-0.81666976,0.004233653,-0.9186239838600159
3,208,-0.81187445,0.004795334,-0.9092747569084167
3,209,-0.8063996,0.0054748524,-0.8152928352355957
3,210,-0.80054915,0.005850415,-1.1689084768295288
3,211,-0.79135245,0.009196679,1.0518221855163574
3,212,-0.7818567,0.00949574,-1.0968164205551147
3,213,-0.7721121,0.009744626,-1.2463558912277222
3,214,-0.7605607,0.011551387,0.07389302551746368
3,215,-0.74854,0.012020721,-0.7746190428733826
3,216,-0.7334574,0.01508262,1.1807239055633545
3,217,-0.71840274,0.015054625,-1.239619255065918
3,218,-0.70346886,0.014933898,-1.0328195095062256
3,219,-0.68861246,0.014856413,-0.9079926013946533
3,220,-0.6740684,0.014544083,-1.0429179668426514
3,221,-0.65990037,0.014168049,-0.9777454137802124
3,222,-0.6462383,0.013662061,-1.118889570236206
3,223,-0.6301771,0.016061246,1.1375322341918945
3,224,-0.6148301,0.015347034,-1.0722789764404297
3,225,-0.6002757,0.014554353,-0.9789364337921143
3,226,-0.5866513,0.013624372,-1.0774219036102295
3,227,-0.5710569,0.015594451,1.1130452156066895
3,228,-0.554143,0.016913898,0.6431424617767334
3,229,-0.53850037,0.01564266,-1.0048860311508179
3,230,-0.523571,0.014929384,-0.5500004887580872
3,231,-0.51014185,0.013429176,-1.0924508571624756
3,232,-0.49531358,0.014828277,1.0304068326950073
3,233,-0.48186532,0.013448278,-0.7787423729896545
3,234,-0.4694619,0.012403417,-0.4884512722492218
3,235,-0.4564321,0.01302979,0.6870772838592529
3,236,-0.4453947,0.011037399,-0.994694709777832
3,237,-0.43583304,0.009561673,-0.5963746905326843
3,238,-0.42842203,0.007411009,-1.1162035465240479
3,239,-0.42321172,0.005210313,-0.9976871013641357
3,240,-0.41939366,0.0038180568,-0.43378862738609314
3,241,-0.4151458,0.0042478438,0.799105167388916
3,242,-0.41019708,0.0049487217,1.1267277002334595
3,243,-0.40758255,0.0026145207,-1.0416336059570312
3,244,-0.40732068,0.0002618604,-1.0492764711380005
3,245,-0.40903342,-0.0017127399,-0.74672931432724
3,246,-0.41008857,-0.0010551632,1.147897720336914
3,247,-0.41048303,-0.00039446508,0.997110903263092
3,248,-0.4129094,-0.0024263584,-0.799809455871582
3,249,-0.41465074,-0.0017413556,1.1613032817840576
3,250,-0.41828588,-0.003635131,-0.7274238467216492
3,251,-0.42358354,-0.005297655,-0.5905011892318726
3,252,-0.4294203,-0.0058367583,0.13320408761501312
3,253,-0.43668965,-0.007269348,-0.49040743708610535
3,254,-0.44498265,-0.00829299,-0.25278884172439575
3,255,-0.4549648,-0.009982127,-0.7366448044776917
3,256,-0.46395802,-0.008993252,1.1805553436279297
3,257,-0.4742797,-0.010321665,-0.5889927744865417
3,258,-0.48628515,-0.012005459,-0.8768327236175537
3,259,-0.50006986,-0.013784727,-1.0949058532714844
3,260,-0.5150307,-0.014960846,-0.6665320992469788
3,261,-0.52906656,-0.014035855,0.6594963073730469
3,262,-0.5445614,-0.015494849,-1.2092194557189941
3,263,-0.560985,-0.016423652,-0.7239459156990051
3,264,-0.5786289,-0.017643843,-1.102576732635498
3,265,-0.5965396,-0.017910719,-0.45181944966316223
3,266,-0.61540765,-0.018868018,-1.1149365901947021
3,267,-0.6350958,-0.019688124,-1.2199245691299438
3,268,-0.65546316,-0.020367403,-1.498332142829895
3,269,-0.67636716,-0.020904014,-1.1200807094573975
3,270,-0.6958629,-0.019495701,0.20149369537830353
3,271,-0.71262336,-0.016760467,1.0248887538909912
3,272,-0.72677916,-0.014155782,0.841179609298706
3,273,-0.7406665,-0.013887339,-0.7751906514167786
3,274,-0.7545385,-0.01387198,-1.5825873613357544
3,275,-0.7683137,-0.013775208,-1.1661251783370972
3,276,-0.77891403,-0.010600327,1.3238303661346436
3,277,-0.7892813,-0.010367279,-1.1252992153167725
3,278,-0.79936033,-0.010079039,-1.135921597480774
3,279,-0.80810887,-0.008748524,-0.33981695771217346
3,280,-0.8163066,-0.00819772,-0.8888067603111267
3,281,-0.82401145,-0.007704869,-0.9540022611618042
3,282,-0.8311577,-0.0071462393,-0.9344066977500916
3,283,-0.83481085,-0.0036531882,1.0694254636764526
3,284,-0.83792806,-0.0031172154,-0.9823322296142578
3,285,-0.8400651,-0.0021370384,-0.695409893989563
3,286,-0.8415733,-0.001508187,-0.935875415802002
3,287,-0.84254223,-0.00096895825,-1.0602009296417236
3,288,-0.84296775,-0.00042553424,-1.0021435022354126
3,289,-0.842848,0.00011972672,-1.073050618171692
3,290,-0.84218353,0.00066447107,-1.0335484743118286
3,291,-0.8407883,0.0013952303,-0.8740757703781128
3,292,-0.83885723,0.0019310476,-1.027101993560791
3,293,-0.8349087,0.003948481,-0.006629378534853458
3,294,-0.82858324,0.0063254745,0.24472400546073914
3,295,-0.821625,0.006958248,-0.8990411162376404
3,296,-0.8140542,0.007570774,-0.8910367488861084
3,297,-0.8060704,0.007983797,-1.0767604112625122
3,298,-0.7977127,0.008357727,-1.3051409721374512
3,299,-0.7884184,0.009294256,-0.5968831181526184
3,300,-0.7788404,0.009577967,-1.006449580192566
3,301,-0.7690298,0.009810616,-1.0238016843795776
3,302,-0.7561167,0.012913101,0.9490803480148315
3,303,-0.7430977,0.013018963,-1.1898882389068604
3,304,-0.7293114,0.013786304,-0.5083204507827759
3,305,-0.7149064,0.014405016,-0.5520308613777161
3,306,-0.6986577,0.016248683,0.3242267370223999
3,307,-0.6826126,0.016045107,-0.971327006816864
3,308,-0.6669196,0.015692988,-1.020817756652832
3,309,-0.6496013,0.017318297,0.388811856508255
3,310,-0.63271976,0.016881539,-0.9062879681587219
3,311,-0.61556983,0.017149953,-0.35696905851364136
3,312,-0.5992388,0.016331017,-1.1404011249542236
3,313,-0.58293015,0.016308658,-0.3898693025112152
3,314,-0.5676083,0.015321875,-0.9529483318328857
3,315,-0.5512431,0.016365165,0.4761182963848114
3,316,-0.53617084,0.01507226,-1.0308595895767212
3,317,-0.5221622,0.014008641,-0.7719246745109558
3,318,-0.5069423,0.015219956,0.814725935459137
3,319,-0.49034718,0.016595084,1.056386947631836
3,320,-0.47255382,0.017793372,0.9648407697677612
3,321,-0.45504597,0.017507855,0.06388305127620697
3,322,-0.43774295,0.017303005,0.20378679037094116
3,323,-0.42257676,0.015166182,-1.0919318199157715
3,324,-0.4096567,0.012920062,-1.0872617959976196
3,325,-0.39608213,0.013574584,0.995028555393219
3,326,-0.38477296,0.011309187,-0.8881196975708008
3,327,-0.3729751,0.011797833,1.076768398284912
3,328,-0.3617457,0.011229436,0.3488176763057709
3,329,-0.350183,0.011562678,1.038144826889038
3,330,-0.34133846,0.00884456,-0.9835874438285828
3,331,-0.33529374,0.0060447096,-1.0752328634262085
3,332,-0.3320699,0.003223835,-0.988342821598053
3,333,-0.32904536,0.0030245364,0.7729472517967224
3,334,-0.32614335,0.0029020098,0.8367853760719299
3,335,-0.3261358,7.537266e-06,-0.9991055130958557
3,336,-0.32899442,-0.002858621,-0.9801982045173645
3,337,-0.33429027,-0.0052958513,-0.7061378359794617
3,338,-0.33945253,-0.005162281,0.9855207800865173
3,339,-0.3470698,-0.0076172734,-0.7620537877082825
3,340,-0.35649714,-0.009427344,-0.3647524118423462
3,341,-0.3686259,-0.01212877,-1.0383679866790771
3,342,-0.38326845,-0.014642544,-0.9285991191864014
3,343,-0.39743266,-0.014164207,1.2722845077514648
3,344,-0.41359732,-0.016164647,-0.7177512049674988
3,345,-0.43207207,-0.018474765,-1.0336941480636597
3,346,-0.4527247,-0.020652622,-1.0320839881896973
3,347,-0.475313,-0.022588314,-0.9387553930282593
3,348,-0.4967622,-0.021449193,1.2226591110229492
3,349,-0.5198259,-0.02306372,-0.9423121213912964
3,350,-0.5441442,-0.024318317,-0.8175346255302429
3,351,-0.56980854,-0.025664324,-1.1169333457946777
3,352,-0.5936274,-0.02381886,1.1559942960739136
3,353,-0.6184249,-0.024797501,-1.0151818990707397
3,354,-0.6410208,-0.022595858,1.0484647750854492
3,355,-0.66425407,-0.023233294,-1.112744688987732
3,356,-0.6877324,-0.023478337,-0.8459529280662537
3,357,-0.7085289,-0.02079648,1.0966213941574097
3,358,-0.72914135,-0.020612495,-0.7552855610847473
3,359,-0.74980813,-0.020666776,-1.0415940284729004
3,360,-0.77006125,-0.020253133,-0.7704479098320007
3,361,-0.7901298,-0.020068545,-1.040330171585083
3,362,-0.80990565,-0.019775864,-1.1448259353637695
3,363,-0.8291371,-0.019231431,-0.8989413976669312
3,364,-0.84788465,-0.018747566,-1.0572278499603271
3,365,-0.865723,-0.01783835,-0.7713512778282166
3,366,-0.8829228,-0.017199785,-1.1772218942642212
3,367,-0.8993047,-0.016381865,-0.9230546951293945
3,368,-0.9120689,-0.012764199,0.9064801931381226
3,369,-0.9210357,-0.008966823,1.0171570777893066
3,370,-0.92909116,-0.0080554215,-0.9411076307296753
3,371,-0.9362838,-0.007192647,-0.9879552125930786
3,372,-0.9426136,-0.0063297707,-1.2428802251815796
3,373,-0.94805557,-0.005441954,-0.9934259057044983
3,374,-0.9525611,-0.0045055035,-0.9691897630691528
3,375,-0.95373595,-0.0011748845,0.6204664707183838
3,376,-0.9539929,-0.00025696363,-0.9896344542503357
3,377,-0.95334697,0.00064594153,-1.001123070716858
3,378,-0.95179945,0.0015475051,-1.2075341939926147
3,379,-0.94890827,0.002891161,-0.7031047344207764
3,380,-0.942125,0.0067832624,1.2242507934570312
3,381,-0.93446493,0.007660085,-1.001598834991455
3,382,-0.925831,0.008633889,-0.9230539202690125
3,383,-0.91636103,0.009470001,-1.0010263919830322
3,384,-0.9059826,0.0103784185,-0.9343083500862122
3,385,-0.89389426,0.012088375,-0.37935689091682434
3,386,-0.88106567,0.012828606,-1.1837600469589233
3,387,-0.8670842,0.013981457,-0.6953507661819458
3,388,-0.85213894,0.014945242,-0.7867001295089722
3,389,-0.83446735,0.017671563,0.42818883061408997
3,390,-0.81625843,0.018208897,-0.980402410030365
3,391,-0.7976259,0.01863252,-1.007792592048645
3,392,-0.77866197,0.018963931,-1.4646027088165283
3,393,-0.75946635,0.019195616,-1.0609859228134155
3,394,-0.7401457,0.019320652,-1.1534281969070435
3,395,-0.7191126,0.021033099,0.1334640234708786
3,396,-0.6953229,0.023789704,0.9152630567550659
3,397,-0.6717222,0.023600722,-0.9471296668052673
3,398,-0.64554673,0.026175445,1.0120924711227417
3,399,-0.6197412,0.025805522,-0.8428439497947693
3,400,-0.59189487,0.027846351,0.8864784836769104
3,401,-0.5650399,0.026854996,-1.0325756072998047
3,402,-0.53895634,0.026083542,-0.7209745645523071
3,403,-0.51404923,0.024907121,-0.8610409498214722
3,404,-0.49070588,0.023343343,-0.994777262210846
3,405,-0.46904716,0.02165872,-0.9588840007781982
3,406,-0.44929576,0.019751407,-1.038033366203308
3,407,-0.42859703,0.020698737,1.0215436220169067
3,408,-0.40862888,0.019968139,-0.018461214378476143
3,409,-0.39055708,0.018071814,-0.7006971836090088
3,410,-0.37476555,0.015791534,-0.8724991679191589
3,411,-0.35855353,0.016212005,1.234459638595581
3,412,-0.34500077,0.013552758,-0.9809129238128662
3,413,-0.33122432,0.013776448,1.0119074583053589
3,414,-0.31971177,0.011512557,-0.5999014377593994
3,415,-0.3111348,0.008576986,-1.1034252643585205
3,416,-0.30554554,0.005589233,-1.2278167009353638
3,417,-0.30297753,0.0025680012,-1.1572954654693604
3,418,-0.303446,-0.00046846914,-1.1022266149520874
3,419,-0.30694816,-0.0035021664,-1.178489089012146
3,420,-0.31084016,-0.0038920061,0.7486869692802429
3,421,-0.3147217,-0.0038815353,1.2415441274642944
3,422,-0.3215693,-0.0068475837,-1.00648033618927
3,423,-0.33003688,-0.008467575,-0.130565345287323
3,424,-0.33889487,-0.008858006,0.6540412306785583
3,425,-0.34756836,-0.008673477,1.0546185970306396
3,426,-0.35824466,-0.010676282,-0.4953945279121399
3,427,-0.37112984,-0.012885198,-0.6793330907821655
3,428,-0.3864003,-0.015270465,-0.8541395664215088
3,429,-0.40350753,-0.017107217,-0.5577142238616943
3,430,-0.42291787,-0.01941033,-0.9478588700294495
3,431,-0.44425395,-0.021336094,-0.7880564332008362
3,432,-0.46767953,-0.023425575,-1.142591953277588
3,433,-0.49302253,-0.025343005,-1.035975456237793
3,434,-0.51709455,-0.024072004,1.0738037824630737
3,435,-0.54098487,-0.02389029,0.15366224944591522
3,436,-0.56624484,-0.025259953,-1.0712441205978394
3,437,-0.5926858,-0.02644098,-1.2904272079467773
3,438,-0.61979127,-0.027105454,-0.7859506011009216
3,439,-0.6475231,-0.027731812,-0.8918858170509338
3,440,-0.6755628,-0.028039722,-0.8107203245162964
3,441,-0.7010019,-0.025439063,1.2113646268844604
3,442,-0.72378975,-0.022787841,0.9217513799667358
3,443,-0.7466431,-0.022853345,-0.985528290271759
3,444,-0.76882744,-0.022184301,-0.5878152251243591
3,445,-0.790834,-0.022006562,-1.0424134731292725
3,446,-0.8125442,-0.021710204,-1.105461597442627
3,447,-0.8337109,-0.02116671,-0.9081458449363708
3,448,-0.85437304,-0.020662157,-1.0659058094024658
3,449,-0.8739148,-0.019541757,-0.6485633254051208
3,450,-0.8927868,-0.01887202,-1.09024977684021
3,451,-0.9109223,-0.018135488,-1.0693976879119873
3,452,-0.9282638,-0.017341517,-1.0482512712478638
3,453,-0.94476277,-0.01649897,-1.1428771018981934
3,454,-0.9603788,-0.015616089,-1.2240784168243408
3,455,-0.9747752,-0.014396396,-0.7973257303237915
3,456,-0.98823035,-0.013455171,-1.4269263744354248
3,457,-1.000623,-0.012392642,-0.9323030710220337
3,458,-1.01204,-0.011417006,-1.2291650772094727
3,459,-1.022471,-0.0104308985,-1.0337039232254028
3,460,-1.0319088,-0.009437773,-1.1007659435272217
3,461,-1.0401721,-0.008263296,-0.8819293975830078
3,462,-1.0473231,-0.0071510663,-0.9248096942901611
3,463,-1.0534205,-0.006097416,-0.964232861995697
3,464,-1.0585184,-0.0050978516,-1.106554627418518
3,465,-1.0626177,-0.004099293,-1.0256680250167847
3,466,-1.0657196,-0.0031019677,-1.0809630155563354
3,467,-1.0678254,-0.0021058263,-1.1400957107543945
3,468,-1.068936,-0.0011106117,-1.208503007888794
3,469,-1.0688434,9.2652546e-05,-0.8609475493431091
3,470,-1.0676633,0.0011801056,-0.9381851553916931
3,471,-1.0654879,0.0021753951,-1.191643476486206
3,472,-1.0619527,0.0035351743,-0.7576388716697693
3,473,-1.0544537,0.0074990317,0.9775375723838806
3,474,-1.045308,0.009145709,-0.5684871673583984
3,475,-1.0350846,0.010223366,-0.9482012391090393
3,476,-1.0230591,0.012025445,-0.46418043971061707
3,477,-1.0100403,0.013018893,-1.3872028589248657
3,478,-0.9960369,0.0140033765,-1.1783326864242554
3,479,-0.9802541,0.015782747,-0.4608267843723297
3,480,-0.96160525,0.018648889,0.27759262919425964
3,481,-0.94203836,0.019566923,-1.5353940725326538
3,482,-0.9208101,0.021228235,-0.4768729507923126
3,483,-0.89606863,0.024741495,0.7938820719718933
3,484,-0.8705797,0.025488917,-1.147355556488037
3,485,-0.8427441,0.027835615,0.12633080780506134
3,486,-0.81370175,0.02904237,-0.5583599805831909
3,487,-0.78424805,0.029453691,-1.0529998540878296
3,488,-0.7545327,0.029715348,-1.1081938743591309
3,489,-0.72207355,0.032459114,0.7646848559379578
3,490,-0.6897123,0.032361265,-1.1703282594680786
3,491,-0.6576561,0.032056186,-1.0285497903823853
3,492,-0.62612134,0.03153473,-1.0460588932037354
3,493,-0.59530616,0.030815188,-0.9842641353607178
3,494,-0.56270844,0.0325977,0.8325611352920532
3,495,-0.53111154,0.03159692,-0.8622843027114868
3,496,-0.50095826,0.030153261,-1.1560670137405396
3,497,-0.4723121,0.028646162,-0.8916171193122864
3,498,-0.4425664,0.029745704,0.9884511828422546
3,499,-0.41492248,0.027643928,-1.3629070520401
3,500,-0.38682017,0.028102316,0.8393979668617249
3,501,-0.36113733,0.025682831,-0.948127806186676
3,502,-0.3381253,0.02301204,-1.1713947057724
3,503,-0.31793362,0.020191666,-1.0383386611938477
3,504,-0.30068842,0.017245198,-1.3538703918457031
3,505,-0.2864479,0.014240501,-0.9698123931884766
3,506,-0.2726322,0.013815706,0.8050274848937988
3,507,-0.26167578,0.010956425,-0.7665913105010986
3,508,-0.2511326,0.010543178,0.9034499526023865
3,509,-0.24150953,0.009623081,0.6022167801856995
3,510,-0.23461214,0.0068973857,-0.5691104531288147
3,511,-0.22918306,0.0054290732,0.2917335033416748
3,512,-0.22715971,0.0020233553,-0.9824724197387695
3,513,-0.22557795,0.0015817508,1.1165663003921509
3,514,-0.22570245,-0.00012450159,0.1618689000606537
3,515,-0.22925766,-0.0035552038,-0.9881542921066284
3,516,-0.23324452,-0.003986858,1.3572968244552612
3,517,-0.23924752,-0.0060029873,-0.06906324625015259
3,518,-0.24760842,-0.008360905,-0.3164573907852173
3,519,-0.2584536,-0.010845189,-0.4285886883735657
3,520,-0.27257997,-0.014126362,-0.9971678853034973
3,521,-0.28750867,-0.014928691,0.6049007177352905
3,522,-0.3054634,-0.01795475,-0.9331709146499634
3,523,-0.32343987,-0.01797647,1.0559288263320923
3,524,-0.34432894,-0.02088906,-1.150393009185791
3,525,-0.3650028,-0.020673884,0.9972113370895386
3,526,-0.3868265,-0.021823684,-0.003135033417493105
3,527,-0.41086656,-0.024040077,-0.8127618432044983
3,528,-0.43640316,-0.0255366,-0.4447045922279358
3,529,-0.4640863,-0.027683135,-1.0433942079544067
3,530,-0.49331838,-0.02923208,-0.7366447448730469
3,531,-0.524251,-0.030932602,-0.982487142086029
3,532,-0.5565952,-0.032344237,-0.9443522095680237
3,533,-0.58997893,-0.033383723,-0.8577036261558533
3,534,-0.62415963,-0.034180712,-0.8610370755195618
3,535,-0.65909755,-0.034937892,-1.1684091091156006
3,536,-0.69454694,-0.035449408,-1.0806117057800293
3,537,-0.73026973,-0.035722762,-1.3111562728881836
3,538,-0.7660399,-0.035770148,-1.2889727354049683
3,539,-0.8016479,-0.035607968,-1.191212773323059
3,540,-0.8367628,-0.03511488,-0.9058165550231934
3,541,-0.8712614,-0.034498636,-0.9346004128456116
3,542,-0.9051003,-0.033838853,-1.3373613357543945
3,543,-0.93816286,-0.03306259,-1.399857521057129
3,544,-0.96999556,-0.031832676,-0.758352518081665
3,545,-1.000895,-0.03089943,-1.3028883934020996
3,546,-1.0308112,-0.02991619,-0.9951194524765015
3,547,-1.0567304,-0.02591921,1.2143152952194214
3,548,-1.0816506,-0.024920233,-1.2190020084381104
3,549,-1.1054177,-0.02376706,-0.8889903426170349
3,550,-1.1282228,-0.022805097,-1.1236274242401123
3,551,-1.1501014,-0.02187859,-1.1464834213256836
3,552,-1.1681336,-0.018032208,0.9763793349266052
3,553,-1.1823286,-0.014194949,1.1063947677612305
3,554,-1.1956686,-0.013339972,-0.9615945219993591
3,555,-1.2,0.0,0.7334814071655273
3,556,-1.1992582,0.00074189587,-1.0228521823883057
3,557,-1.1977719,0.0014862483,-1.2360985279083252
3,558,-1.1955364,0.002235489,-1.0351669788360596
3,559,-1.1925443,0.0029919979,-1.0790053606033325
3,560,-1.1858064,0.0067379605,0.9865900278091431
3,561,-1.1782814,0.0075249174,-1.1762945652008057
3,562,-1.1699474,0.008334087,-1.2012702226638794
3,563,-1.1607809,0.009166485,-1.1369874477386475
3,564,-1.1507581,0.0100227455,-1.3236169815063477
3,565,-1.1398551,0.010903059,-1.1785860061645508
3,566,-1.1280481,0.011807092,-1.0613093376159668
3,567,-1.1153141,0.012733913,-1.0442698001861572
3,568,-1.1016322,0.013681896,-1.110687494277954
3,569,-1.0869836,0.014648635,-1.0403436422348022
3,570,-1.0713527,0.015630849,-1.0118873119354248
3,571,-1.0547284,0.016624287,-1.198239803314209
3,572,-1.0371047,0.017623648,-1.066258430480957
3,573,-1.0183674,0.018737312,-0.9234599471092224
3,574,-0.99863946,0.019727968,-1.4358408451080322
3,575,-0.977938,0.020701488,-1.0187008380889893
3,576,-0.9532903,0.024647718,1.1408485174179077
3,577,-0.927457,0.025833283,-0.8105871677398682
3,578,-0.9007428,0.026714165,-0.9730291962623596
3,579,-0.8732438,0.027499015,-0.9851375818252563
3,580,-0.84207755,0.031166246,1.3068225383758545
3,581,-0.8103699,0.03170766,-1.0125741958618164
3,582,-0.7776194,0.03275049,-0.5681897401809692
3,583,-0.7446429,0.032976527,-1.0742390155792236
3,584,-0.7098807,0.0347622,0.1644688844680786
3,585,-0.67244387,0.03743685,0.8994200229644775
3,586,-0.63445055,0.0379933,-0.3487720489501953
3,587,-0.5941411,0.040309448,1.1759703159332275
3,588,-0.55480653,0.039334577,-1.0391440391540527
3,589,-0.51673824,0.038068295,-1.3762658834457397
3,590,-0.4802214,0.036516845,-1.0858473777770996
3,591,-0.44448367,0.03573771,-0.3031485080718994
3,592,-0.41083378,0.0336499,-1.0188976526260376
3,593,-0.37658638,0.034247395,0.9514630436897278
3,594,-0.3448597,0.03172668,-0.9690133929252625
3,595,-0.31438676,0.030472934,0.015648379921913147
3,596,-0.2853351,0.029051665,0.031209565699100494
3,597,-0.2571959,0.028139204,0.4841250479221344
3,598,-0.2322476,0.024948282,-0.9326069355010986
3,599,-0.21030459,0.021943016,-0.7252829074859619
3,600,-0.19185376,0.018450834,-0.9823068380355835
3,601,-0.17699634,0.014857426,-0.9974603652954102
3,602,-0.16566685,0.011329491,-0.9147791862487793
3,603,-0.1576893,0.007977549,-0.769599974155426
3,604,-0.15166551,0.0060237884,0.18111740052700043
3,605,-0.14638738,0.005278132,1.0132373571395874
3,606,-0.14388297,0.002504404,-0.34063833951950073
3,607,-0.1443755,-0.00049253047,-0.48416104912757874
3,608,-0.14563718,-0.0012616754,1.1119447946548462
3,609,-0.14766401,-0.0020268324,1.1104573011398315
3,610,-0.15344952,-0.0057855155,-1.0456238985061646
3,611,-0.16234209,-0.008892572,-0.5782078504562378
3,612,-0.17194398,-0.009601893,1.065441608428955
3,613,-0.1850316,-0.013087618,-0.874012291431427
3,614,-0.20174384,-0.016712245,-1.148544192314148
3,615,-0.219012,-0.01726817,1.1761746406555176
3,616,-0.23974258,-0.020730572,-0.9885919690132141
3,617,-0.26385394,-0.024111358,-1.0864200592041016
3,618,-0.28925756,-0.025403608,0.309725284576416
3,619,-0.3147775,-0.025519926,1.1602907180786133
3,620,-0.3431664,-0.028388927,-0.935527503490448
3,621,-0.3743083,-0.031141872,-0.9765498638153076
3,622,-0.40803277,-0.03372449,-1.015700101852417
3,623,-0.44161305,-0.033580266,0.6624724268913269
3,624,-0.477302,-0.035688978,-1.1655195951461792
3,625,-0.5148371,-0.037535086,-1.0031101703643799
3,626,-0.5537321,-0.038895037,-0.8628296256065369
3,627,-0.59194356,-0.03821146,0.3052552342414856
3,628,-0.631146,-0.03920246,-1.239619255065918
3,629,-0.6710558,-0.039909776,-1.0300151109695435
3,630,-0.7113954,-0.040339567,-1.0344136953353882
3,631,-0.7493573,-0.037961904,0.6950154900550842
3,632,-0.7872525,-0.037895225,-1.312340259552002
3,633,-0.8248701,-0.03761765,-1.0060014724731445
3,634,-0.86147827,-0.036608133,-0.6364759206771851
3,635,-0.8974645,-0.03598623,-1.3531697988510132
3,636,-0.9326987,-0.035234243,-1.0234500169754028
3,637,-0.9670571,-0.034358386,-0.9853999614715576
3,638,-1.0004874,-0.033430293,-1.0790232419967651
3,639,-1.0329423,-0.0324548,-1.3111017942428589
3,640,-1.0643994,-0.031457085,-1.1105893850326538
3,641,-1.0945215,-0.03012214,-0.7744846940040588
3,642,-1.1236688,-0.029147293,-1.1671377420425415
3,643,-1.1518816,-0.028212793,-1.077855110168457
3,644,-1.1790341,-0.027152577,-0.8783383369445801
3,645,-1.2,0.0,1.1455059051513672
3,646,-1.1986549,0.0013451664,-0.5978196859359741
3,647,-1.1965184,0.0021364228,-0.9700570702552795
3,648,-1.1935997,0.0029186695,-0.9807211756706238
3,649,-1.1899183,0.0036813929,-1.0601246356964111
3,650,-1.1854626,0.0044557187,-1.287835955619812
3,651,-1.1798344,0.005628201,-0.7436766028404236
3,652,-1.1713269,0.008507495,0.38307446241378784
3,653,-1.1619908,0.009336147,-1.122424602508545
3,654,-1.1518013,0.01018936,-1.0691908597946167
3,655,-1.140509,0.011292314,-0.8499704599380493
3,656,-1.1276535,0.012855529,-0.5596463680267334
3,657,-1.111091,0.016562464,0.8529362082481384
3,658,-1.0927444,0.018346664,-0.44667622447013855
3,659,-1.0733742,0.019370163,-0.9687989354133606
3,660,-1.0500618,0.023312345,0.966591477394104
3,661,-1.0257496,0.024312252,-1.0730704069137573
3,662,-0.9975645,0.028185068,0.9186587929725647
3,663,-0.9664464,0.03111809,0.3071231544017792
3,664,-0.93440133,0.03204509,-1.1712557077407837
3,665,-0.901498,0.032903317,-1.08006751537323
3,666,-0.86782974,0.033668276,-1.1862494945526123
3,667,-0.83349997,0.034329776,-0.9901384115219116
3,668,-0.7986666,0.034833383,-1.3241002559661865
3,669,-0.7634965,0.035170097,-1.226309895515442
3,670,-0.7281189,0.035377607,-0.9602510929107666
3,671,-0.69280183,0.035317063,-1.0636789798736572
3,672,-0.65776956,0.035032287,-1.129316806793213
3,673,-0.6232095,0.034560088,-0.9676842093467712
3,674,-0.5864134,0.0367961,1.32521653175354
3,675,-0.5505705,0.035842888,-0.9476931691169739
3,676,-0.5157099,0.034860607,-0.7895641922950745
3,677,-0.48240843,0.033301447,-1.049831509590149
3,678,-0.45088536,0.031523068,-0.9801589250564575
3,679,-0.41840333,0.03248203,1.0117794275283813
3,680,-0.38819724,0.030206097,-1.0906399488449097
3,681,-0.35941416,0.028783094,-0.2901258170604706
3,682,-0.33331326,0.0261009,-1.1581494808197021
3,683,-0.31001458,0.023298679,-0.9675586819648743
3,684,-0.28693163,0.02308295,0.8525115251541138
3,685,-0.2648291,0.022102548,0.4327901303768158
3,686,-0.24519031,0.019638792,-0.47475242614746094
3,687,-0.22881357,0.01637673,-0.9389619827270508
3,688,-0.21287061,0.015942963,1.1723788976669312
3,689,-0.20040718,0.012463443,-0.9814733266830444
3,690,-0.19150534,0.00890183,-1.1495792865753174
3,691,-0.18320215,0.0083031915,1.0485563278198242
3,692,-0.17853078,0.004671366,-1.0132691860198975
3,693,-0.17475623,0.0037745507,0.8354007005691528
3,694,-0.1746459,0.000110325105,-1.0521929264068604
3,695,-0.17700723,-0.002361332,-0.20467834174633026
3,696,-0.18002428,-0.0030170574,1.3368269205093384
3,697,-0.1836936,-0.0036693176,0.994611918926239
3,698,-0.18799281,-0.0042992155,1.2021100521087646
3,699,-0.19590487,-0.007912054,-1.0212647914886475
3,700,-0.20694537,-0.01104051,-0.698620617389679
3,701,-0.22151937,-0.01457399,-1.0090677738189697
3,702,-0.23656133,-0.015041964,1.2369760274887085
3,703,-0.25252074,-0.015959412,0.6526480913162231
3,704,-0.27179644,-0.019275695,-1.0095607042312622
3,705,-0.29234368,-0.020547232,0.2949506342411041
3,706,-0.3159895,-0.023645824,-1.0812360048294067
3,707,-0.34259364,-0.026604159,-1.1180425882339478
3,708,-0.3719896,-0.029395958,-1.0583101511001587
3,709,-0.40398383,-0.031994227,-1.0401664972305298
3,710,-0.4381639,-0.03418007,-0.8719066381454468
3,711,-0.47447774,-0.03631384,-1.0016839504241943
3,712,-0.51265866,-0.038180914,-1.1508090496063232
3,713,-0.5524216,-0.03976295,-1.019213080406189
3,714,-0.59331924,-0.040897634,-0.9003885388374329
3,715,-0.6350998,-0.041780617,-0.9347224235534668
3,716,-0.6775597,-0.042459868,-1.0518263578414917
3,717,-0.7190029,-0.0414432,-0.06494513154029846
3,718,-0.75756305,-0.038560174,1.0797370672225952
3,719,-0.79600906,-0.038446013,-1.1365675926208496
3,720,-0.83413196,-0.038122877,-1.1264623403549194
3,721,-0.8715186,-0.037386656,-0.8468106389045715
3,722,-0.9082445,-0.0367259,-1.1729127168655396
3,723,-0.9441845,-0.035939988,-1.057038426399231
3,724,-0.9792429,-0.035058424,-1.1438881158828735
3,725,-1.0128665,-0.033623576,-0.6755868792533875
3,726,-1.0440682,-0.031201763,-0.04329296573996544
3,727,-1.0713547,-0.027286528,0.9435641169548035
3,728,-1.0976478,-0.02629309,-1.0813697576522827
3,729,-1.1229695,-0.025321668,-1.1246172189712524
3,730,-1.1452061,-0.022236606,0.4329170882701874
3,731,-1.1636069,-0.018400786,0.9620715379714966
3,732,-1.1811585,-0.017551694,-1.1480774879455566
3,733,-1.1979095,-0.01675088,-1.099957823753357
3,734,-1.2,0.0,-0.5474480986595154
3,735,-1.1992147,0.00078529544,-0.971066951751709
3,736,-1.1948969,0.0043177814,0.8586598038673401
3,737,-1.1898205,0.0050763506,-1.024271845817566
3,738,-1.1839125,0.0059079765,-0.9620027542114258
3,739,-1.1772119,0.006700634,-1.161589503288269
3,740,-1.1696991,0.0075128656,-1.2799454927444458
3,741,-1.1613531,0.008345933,-1.2165945768356323
3,742,-1.1521523,0.0092007555,-1.08042311668396
3,743,-1.1420745,0.010077852,-1.2617168426513672
3,744,-1.1310972,0.010977265,-1.3861758708953857
3,745,-1.1190176,0.012079625,-0.8792445063591003
3,746,-1.1059958,0.01302182,-1.086063027381897
3,747,-1.0910813,0.014914563,-0.378976434469223
3,748,-1.0751883,0.015892928,-1.336181879043579
3,749,-1.0583042,0.01688412,-1.0043476819992065
3,750,-1.0374215,0.020882733,1.0688505172729492
3,751,-1.0155398,0.021881659,-1.0189294815063477
3,752,-0.9918563,0.023683503,-0.4579254686832428
3,753,-0.96706134,0.024794918,-0.90280681848526
3,754,-0.94133586,0.025725458,-0.9983746409416199
3,755,-0.9142674,0.027068442,-0.687998354434967
3,756,-0.88591915,0.028348261,-0.6826722621917725
3,757,-0.8545121,0.031407043,0.563826322555542
3,758,-0.82143474,0.033077374,-0.28232327103614807
3,759,-0.7849092,0.036525562,1.1556975841522217
3,760,-0.74787176,0.037037402,-0.8355541229248047
3,761,-0.7078485,0.040023245,0.9519057273864746
3,762,-0.6680127,0.039835818,-1.002108097076416
3,763,-0.6286273,0.039385356,-1.1355124711990356
3,764,-0.5899672,0.0386601,-1.1762244701385498
3,765,-0.552092,0.037875153,-0.8529525995254517
3,766,-0.5155034,0.03658859,-1.1456845998764038
3,767,-0.48031244,0.03519098,-0.8912671804428101
3,768,-0.4469112,0.033401262,-0.9773227572441101
3,769,-0.41263652,0.034274664,0.9623326063156128
3,770,-0.37767878,0.034957733,1.2946619987487793
3,771,-0.3452003,0.032478485,-0.9463133811950684
3,772,-0.31494915,0.030251153,-0.6348733305931091
3,773,-0.2873881,0.027561076,-0.8169400691986084
3,774,-0.262954,0.024434086,-1.0647587776184082
3,775,-0.23878154,0.024172453,1.0798834562301636
3,776,-0.21799462,0.020786926,-1.0375523567199707
3,777,-0.20069185,0.017302759,-1.1192095279693604
3,778,-0.1869325,0.013759349,-0.9886704683303833
3,779,-0.17659071,0.010341798,-0.8669819235801697
3,780,-0.16716737,0.00942335,0.8259047865867615
3,781,-0.16095227,0.0062150927,-0.6774023175239563
3,782,-0.15545136,0.0055009127,1.0244312286376953
3,783,-0.15101925,0.004432114,0.7761566042900085
3,784,-0.14942096,0.0015982768,-0.3907032310962677
3,785,-0.1513553,-0.0019343328,-0.8530707955360413
3,786,-0.1558902,-0.004534895,-0.23592306673526764
3,787,-0.16115664,-0.005266447,1.0454837083816528
3,788,-0.16998015,-0.008823519,-0.895735502243042
3,789,-0.17995681,-0.009976654,0.6858654022216797
3,790,-0.1905779,-0.010621092,1.3122769594192505
3,791,-0.20228474,-0.01170684,0.6777747869491577
3,792,-0.21752472,-0.01523998,-0.9863498210906982
3,793,-0.23336197,-0.015837245,0.9260289072990417
3,794,-0.2516745,-0.01831254,-0.3755524754524231
3,795,-0.27317658,-0.021502092,-0.9126088619232178
3,796,-0.2968462,-0.023669625,-0.30741259455680847
3,797,-0.32097188,-0.024125654,0.7443026304244995
3,798,-0.34504336,-0.0240715,0.9879851341247559
3,799,-0.37143618,-0.026392806,-0.6968479156494141
3,800,-0.398393,-0.026956823,0.35865306854248047
3,801,-0.42722446,-0.028831445,-0.6383370757102966
3,802,-0.45826867,-0.031044224,-1.0188465118408203
3,803,-0.4912921,-0.033023406,-0.9948906898498535
3,804,-0.5230574,-0.031765327,1.4681259393692017
3,805,-0.553342,-0.030284604,0.9898552298545837
3,806,-0.58489096,-0.03154898,-0.9914355278015137
3,807,-0.61748284,-0.032591876,-1.463137149810791
3,808,-0.650685,-0.033202153,-0.8700911402702332
3,809,-0.6842875,-0.0336025,-0.8870455026626587
3,810,-0.7180971,-0.033809606,-0.9107555150985718
3,811,-0.7519596,-0.03386252,-0.9535170793533325
3,812,-0.7857403,-0.03378068,-1.109438419342041
3,813,-0.8192446,-0.033504326,-0.9954840540885925
3,814,-0.8523111,-0.033066474,-1.0691066980361938
3,815,-0.8847928,-0.032481723,-1.8558319807052612
3,816,-0.9156051,-0.030812351,-0.3598195016384125
3,817,-0.94560975,-0.030004645,-1.2876542806625366
3,818,-0.9744178,-0.028808061,-0.7921403646469116
3,819,-1.0022852,-0.027867414,-1.5932008028030396
3,820,-1.0291753,-0.026890073,-1.0006673336029053
3,821,-1.055069,-0.025893725,-1.082014560699463
3,822,-1.079606,-0.024537124,-0.7618008852005005
3,823,-1.103155,-0.02354893,-1.244206190109253
3,824,-1.1257391,-0.022584075,-1.0891050100326538
3,825,-1.1443923,-0.018653153,1.0533956289291382
3,826,-1.162151,-0.017758679,-1.0913180112838745
3,827,-1.1790569,-0.016905872,-1.0959964990615845
3,828,-1.1951559,-0.016098937,-1.0915532112121582
3,829,-1.2,0.0,-1.1217663288116455
3,830,-1.1992582,0.00074189587,-1.2601711750030518
3,831,-1.1971096,0.002148685,-0.5583754777908325
3,832,-1.1940124,0.0030972227,-0.8685780763626099
3,833,-1.1871538,0.0068586282,1.207789421081543
3,834,-1.1792204,0.007933392,-0.8053949475288391
3,835,-1.1704186,0.008801829,-0.9586834907531738
3,836,-1.1607857,0.009632952,-1.1528559923171997
3,837,-1.1502131,0.010572561,-0.9444261193275452
3,838,-1.1383563,0.011856774,-0.7315645217895508
3,839,-1.1255925,0.012763868,-1.179431676864624
3,840,-1.1118975,0.013695046,-1.4018713235855103
3,841,-1.0942494,0.0176481,1.2195029258728027
3,842,-1.0756261,0.018623237,-1.1489323377609253
3,843,-1.056012,0.01961415,-1.28511643409729
3,844,-1.0353987,0.020613277,-1.0683692693710327
3,845,-1.0136,0.02179876,-0.8753008246421814
3,846,-0.98819864,0.02540134,0.7435128688812256
3,847,-0.9616556,0.026543047,-0.8794901371002197
3,848,-0.93400884,0.027646806,-0.8762478232383728
3,849,-0.90449935,0.029509472,-0.3297213315963745
3,850,-0.8742155,0.030283868,-1.0776289701461792
3,851,-0.84326077,0.030954724,-1.6278879642486572
3,852,-0.81170833,0.031552434,-0.965875506401062
3,853,-0.7797542,0.031954084,-1.1322598457336426
3,854,-0.7468272,0.03292704,-0.5097525715827942
3,855,-0.7138483,0.03297889,-1.3353962898254395
3,856,-0.6781328,0.035715513,0.9239795207977295
3,857,-0.63979936,0.038333446,1.0325928926467896
3,858,-0.599112,0.040687405,1.0107386112213135
3,859,-0.55636305,0.04274892,1.1223936080932617
3,860,-0.5131939,0.04316913,0.11658168584108353
3,861,-0.4716028,0.041591104,-1.0252118110656738
3,862,-0.43190008,0.039702713,-1.1719539165496826
3,863,-0.39437646,0.037523616,-1.17867910861969
3,864,-0.35928208,0.03509439,-0.9894335865974426
3,865,-0.32649532,0.03278677,-0.7497023344039917
3,866,-0.29396698,0.032528345,0.7567972540855408
3,867,-0.26167962,0.032287367,0.8988226056098938
3,868,-0.23244081,0.029238809,-0.8534367680549622
3,869,-0.20605928,0.026381532,-0.6272442936897278
3,870,-0.18321508,0.022844192,-1.0935395956039429
3,871,-0.16100267,0.022212418,1.1178251504898071
3,872,-0.14250313,0.018499536,-0.9992514252662659
3,873,-0.12650463,0.015998494,-0.15069356560707092
3,874,-0.11432825,0.012176381,-1.068999171257019
3,875,-0.10300626,0.011321994,1.1053942441940308
3,876,-0.09277165,0.010234607,0.8627966046333313
3,877,-0.08344084,0.009330808,1.5298409461975098
3,878,-0.07735525,0.006085588,-0.5487592220306396
3,879,-0.072202645,0.0051526045,1.2863491773605347
3,880,-0.06914556,0.0030570822,0.23070530593395233
3,881,-0.069341324,-0.0001957644,-0.537627637386322
3,882,-0.072562195,-0.0032208741,-0.3860049545764923
3,883,-0.07762334,-0.005061141,0.4004879593849182
3,884,-0.08630972,-0.008686385,-0.7951489686965942
3,885,-0.09875592,-0.012446191,-0.8954296112060547
3,886,-0.11209319,-0.013337273,1.720737338066101
3,887,-0.12870218,-0.016608989,-0.6078287363052368
3,888,-0.14791879,-0.019216618,-0.19444844126701355
3,889,-0.17089327,-0.02297448,-1.0436747074127197
3,890,-0.19754633,-0.026653063,-1.0694007873535156
3,891,-0.22657956,-0.029033236,-0.20433270931243896
3,892,-0.25905713,-0.03247758,-1.0048881769180298
3,893,-0.29481697,-0.03575983,-1.0364665985107422
3,894,-0.33112106,-0.036304094,0.6933475732803345
3,895,-0.36911228,-0.037991215,-0.21495473384857178
3,896,-0.40727258,-0.038160287,0.6323609948158264
3,897,-0.4477477,-0.04047512,-0.9733242392539978
3,898,-0.49026862,-0.04252091,-0.987869918346405
3,899,-0.5315391,-0.041270472,1.0967960357666016
3,900,-0.57425,-0.042710926,-1.0026211738586426
3,901,-0.61808246,-0.043832503,-1.0367118120193481
3,902,-0.66265994,-0.044577483,-0.9627702832221985
3,903,-0.70692194,-0.044261992,-0.4649856686592102
3,904,-0.7513773,-0.04445534,-1.0507317781448364
3,905,-0.7957542,-0.04437688,-1.0634841918945312
3,906,-0.8388048,-0.043050565,-0.33034104108810425
3,907,-0.88102734,-0.042222556,-0.7994239926338196
3,908,-0.9195542,-0.03852682,1.0304944515228271
3,909,-0.9570415,-0.037487354,-0.8529802560806274
3,910,-0.99361974,-0.036578238,-1.0917291641235352
3,911,-1.0289541,-0.035334434,-0.8159803152084351
3,912,-1.0605874,-0.03163331,0.8032460808753967
3,913,-1.0912036,-0.030616147,-0.9872139096260071
3,914,-1.1206323,-0.0294287,-0.8605316281318665
3,915,-1.1462772,-0.025644934,0.8961257934570312
3,916,-1.1710317,-0.024754561,-1.155034065246582
3,917,-1.1949568,-0.023925103,-1.0016134977340698
3,918,-1.2,0.0,-1.0401111841201782
3,919,-1.1992582,0.00074189587,-1.02902090549469
3,920,-1.1951959,0.0040623457,0.7173982858657837
3,921,-1.1903759,0.004819953,-1.316447377204895
3,922,-1.1845369,0.0058390354,-0.8358772993087769
3,923,-1.1764624,0.0080744745,-0.03689794987440109
3,924,-1.1675736,0.008888838,-1.0597587823867798
3,925,-1.157846,0.009727585,-1.1108940839767456
3,926,-1.1442549,0.013591111,1.1542494297027588
3,927,-1.1293434,0.014911551,-0.7162199020385742
3,928,-1.1124468,0.016896635,-0.29292306303977966
3,929,-1.0940338,0.0184129,-0.6239942908287048
3,930,-1.0746455,0.019388262,-1.279218316078186
3,931,-1.0542657,0.020379791,-1.03803288936615
3,932,-1.0328865,0.021379229,-1.0715254545211792
3,933,-1.0077776,0.025108935,0.8213406801223755
3,934,-0.98158634,0.026191207,-0.9335113763809204
3,935,-0.95401037,0.027575994,-0.7112930417060852
3,936,-0.92553145,0.028478935,-1.2159552574157715
3,937,-0.89532095,0.030210517,-0.40248608589172363
3,938,-0.86436546,0.030955477,-1.0816982984542847
3,939,-0.8326534,0.03171203,-0.9178152084350586
3,940,-0.80037004,0.032283388,-0.9522967338562012
3,941,-0.76759773,0.032772303,-0.904295027256012
3,942,-0.7316575,0.035940226,0.9980212450027466
3,943,-0.6957562,0.035901297,-1.3438005447387695
3,944,-0.66012037,0.035635836,-1.0384290218353271
3,945,-0.624648,0.035472378,-0.7726549506187439
3,946,-0.5899293,0.034718692,-1.0135003328323364
3,947,-0.55621636,0.033712894,-1.05159330368042
3,948,-0.52313256,0.03308377,-0.5822432041168213
3,949,-0.49154794,0.031584606,-0.9971114993095398
3,950,-0.46148357,0.030064382,-0.8534753918647766
3,951,-0.43038237,0.031101208,1.0198595523834229
3,952,-0.4014425,0.02893988,-0.9808548092842102
3,953,-0.37489843,0.026544077,-1.0242048501968384
3,954,-0.347933,0.026965449,1.217746376991272
3,955,-0.32181367,0.02611932,0.27414825558662415
3,956,-0.29861668,0.023196997,-0.9997915029525757
3,957,-0.27807394,0.020542756,-0.7280687093734741
3,958,-0.26071057,0.01736337,-1.1206529140472412
3,959,-0.24490151,0.015809065,0.14615142345428467
3,960,-0.23244752,0.012453993,-1.2443925142288208
3,961,-0.2204099,0.012037614,1.0866880416870117
3,962,-0.20889957,0.011510321,0.9638674855232239
3,963,-0.19791417,0.0109854005,1.121055006980896
3,964,-0.1905009,0.007413269,-1.1338844299316406
3,965,-0.18669036,0.0038105461,-1.3427889347076416
3,966,-0.18479896,0.001891402,0.13259947299957275
3,967,-0.18425645,0.0005425132,0.5177710056304932
3,968,-0.18732755,-0.0030711053,-0.9906228184700012
3,969,-0.19349003,-0.0061624753,-0.650579571723938
3,970,-0.20270449,-0.009214465,-0.6409848928451538
3,971,-0.21532913,-0.012624636,-0.9055691361427307
3,972,-0.23133233,-0.016003203,-0.921534538269043
3,973,-0.25014767,-0.018815348,-0.5936042070388794
3,974,-0.27229148,-0.022143815,-1.1373332738876343
3,975,-0.29763064,-0.025339147,-0.9893827438354492
3,976,-0.3260377,-0.028407052,-1.033660888671875
3,977,-0.35680562,-0.03076791,-0.642924427986145
3,978,-0.39026427,-0.03345866,-0.9942363500595093
3,979,-0.4233264,-0.033062123,0.9133958220481873
3,980,-0.45855343,-0.03522703,-0.9494363069534302
3,981,-0.4956353,-0.037081864,-0.9133889079093933
3,982,-0.5344266,-0.038791344,-1.015613079071045
3,983,-0.57182056,-0.03739393,0.8774785995483398
3,984,-0.60859406,-0.036773495,0.1733553111553192
3,985,-0.6460848,-0.03749072,-0.898536205291748
3,986,-0.6840565,-0.037971724,-0.9194088578224182
3,987,-0.72057635,-0.036519807,0.19628295302391052
3,988,-0.75428975,-0.03371339,0.9423860907554626
3,989,-0.7849078,-0.030618053,1.0214568376541138
3,990,-0.8152607,-0.030352889,-1.2336366176605225
3,991,-0.84519476,-0.029934052,-1.0073899030685425
3,992,-0.8739866,-0.028791867,-0.6084228754043579
3,993,-0.9021085,-0.028121863,-1.2094539403915405
3,994,-0.929079,-0.026970517,-0.7436980605125427
3,995,-0.9542063,-0.025127279,-0.33429154753685
3,996,-0.9784302,-0.024223933,-1.084224820137024
3,997,-1.0015442,-0.023114,-0.8913691639900208
3,998,-1.0236816,-0.022137411,-1.0980535745620728
3,999,-1.0418253,-0.01814363,1.3169223070144653
4,1,-0.4740839,-0.0018839655,-1.0425152778625488
4,2,-0.4777026,-0.0036186953,-0.9098216891288757
4,3,-0.48063198,-0.0029294025,0.6882849931716919
4,4,-0.48531646,-0.0046844766,-0.9558097124099731
4,5,-0.4917874,-0.0064709634,-1.0230289697647095
4,6,-0.499106,-0.0073185833,-0.40626445412635803
4,7,-0.50779927,-0.008693251,-0.7940913438796997
4,8,-0.51511097,-0.0073117027,1.0014710426330566
4,9,-0.5228422,-0.0077312607,-0.2372710406780243
4,10,-0.5320263,-0.009184047,-0.9647409915924072
4,11,-0.5417675,-0.009741182,-0.4135567247867584
4,12,-0.5528725,-0.011104984,-1.1250046491622925
4,13,-0.5622582,-0.009385713,1.0027469396591187
4,14,-0.5698546,-0.0075964173,1.1334959268569946
4,15,-0.5785305,-0.008675883,-0.950181245803833
4,16,-0.58829623,-0.009765757,-1.099366307258606
4,17,-0.5984388,-0.010142537,-0.5726466774940491
4,18,-0.60652477,-0.008085941,1.1619181632995605
4,19,-0.61539286,-0.00886807,-0.9317858219146729
4,20,-0.6250811,-0.009688283,-1.0673136711120605
4,21,-0.63252,-0.007438869,1.2268110513687134
4,22,-0.64011097,-0.007590935,-0.6363434195518494
4,23,-0.64834577,-0.008234779,-1.1616824865341187
4,24,-0.6545654,-0.006219638,0.7341506481170654
4,25,-0.66132784,-0.006762466,-1.1360975503921509
4,26,-0.66844416,-0.0071162996,-0.9051063656806946
4,27,-0.676008,-0.007563825,-1.0740357637405396
4,28,-0.68128866,-0.0052806768,0.7863286733627319
4,29,-0.6869303,-0.0056416243,-1.027235507965088
4,30,-0.6899275,-0.0029972293,0.9785614609718323
4,31,-0.693097,-0.0031694488,-0.9123724102973938
4,32,-0.6963856,-0.0032886132,-0.8908811211585999
4,33,-0.6999356,-0.0035499714,-1.0621994733810425
4,34,-0.7036018,-0.0036661567,-0.9185890555381775
4,35,-0.70453036,-0.0009285951,0.968134880065918
4,36,-0.7045452,-1.4811952e-05,-0.2516963481903076
4,37,-0.70220554,0.0023396888,0.708718478679657
4,38,-0.70008945,0.0021160552,-1.1199860572814941
4,39,-0.6981943,0.0018951552,-0.9890629053115845
4,40,-0.69654876,0.0016455619,-1.1161423921585083
4,41,-0.6923211,0.0042276327,0.894910991191864
4,42,-0.68838143,0.003939704,-1.0775353908538818
4,43,-0.68475556,0.0036258486,-1.3533579111099243
4,44,-0.68127763,0.0034779564,-0.8733524084091187
4,45,-0.6751607,0.006116935,1.0747032165527344
4,46,-0.6667493,0.008411397,0.7976745963096619
4,47,-0.65879697,0.007952328,-1.0313445329666138
4,48,-0.65135825,0.0074387407,-1.0113515853881836
4,49,-0.6444442,0.006914022,-0.9730842113494873
4,50,-0.6380933,0.006350924,-0.9664767384529114
4,51,-0.63213307,0.0059602284,-0.8217456340789795
4,52,-0.62687314,0.0052599283,-1.0018329620361328
4,53,-0.6220997,0.0047734464,-0.832471489906311
4,54,-0.6153171,0.0067825676,0.854046106338501
4,55,-0.606399,0.008918119,0.9708738327026367
4,56,-0.59836626,0.008032754,-1.226509690284729
4,57,-0.59092647,0.007439804,-0.7660108804702759
4,58,-0.5844851,0.006441335,-1.070522665977478
4,59,-0.5760897,0.008395447,1.2147281169891357
4,60,-0.56580216,0.010287504,1.4609439373016357
4,61,-0.5565687,0.009233465,-0.9131455421447754
4,62,-0.5471583,0.00941036,-0.04665136709809303
4,63,-0.5389664,0.008191877,-0.9300217032432556
4,64,-0.53206354,0.0069028963,-0.9361315369606018
4,65,-0.5237302,0.008333343,0.9113118648529053
4,66,-0.5168959,0.006834329,-1.0392037630081177
4,67,-0.5103545,0.0065413695,-0.16179415583610535
4,68,-0.50241244,0.007942064,1.2127346992492676
4,69,-0.49612916,0.006283273,-1.2118827104568481
4,70,-0.49155167,0.004577484,-1.061091661453247
4,71,-0.48871416,0.0028375008,-1.0977908372879028
4,72,-0.48763782,0.0010763435,-1.0772064924240112
4,73,-0.48833066,-0.00069284084,-1.2240787744522095
4,74,-0.4907875,-0.0024568585,-1.3259812593460083
4,75,-0.49199006,-0.0012025458,1.1346685886383057
4,76,-0.4949293,-0.0029392561,-1.1361839771270752
4,77,-0.4995503,-0.0046210084,-0.9779975414276123
4,78,-0.5029696,-0.0034193087,0.9212712049484253
4,79,-0.5080435,-0.0050739287,-1.0206568241119385
4,80,-0.51173407,-0.0036905508,1.1400885581970215
4,81,-0.5170136,-0.0052795173,-1.1752961874008179
4,82,-0.5231711,-0.0061574923,-0.5523929595947266
4,83,-0.5305239,-0.007352792,-0.7947282791137695
4,84,-0.5390378,-0.008513932,-0.8087161779403687
4,85,-0.548936,-0.009898181,-1.061841368675232
4,86,-0.5573974,-0.008461445,0.8312603235244751
4,87,-0.5641058,-0.0067083887,1.2005906105041504
4,88,-0.56914264,-0.005036853,0.9123203158378601
4,89,-0.57533896,-0.0061963354,-1.0013291835784912
4,90,-0.5820453,-0.0067063617,-0.597680926322937
4,91,-0.58981556,-0.007770255,-1.2228829860687256
4,92,-0.59859246,-0.008776889,-1.0551809072494507
4,93,-0.60831165,-0.00971917,-1.1143585443496704
4,94,-0.61890227,-0.01059064,-1.3206374645233154
4,95,-0.62998855,-0.011086259,-0.8004645705223083
4,96,-0.63989574,-0.009907159,0.2631032466888428
4,97,-0.6500959,-0.010200171,-0.7651005387306213
4,98,-0.65786994,-0.007774051,1.3394945859909058
4,99,-0.666164,-0.00829403,-1.1813044548034668
4,100,-0.67374784,-0.007583866,-0.21784915030002594
4,101,-0.6805043,-0.0067564817,-0.1740240752696991
4,102,-0.684627,-0.004122669,1.1115955114364624
4,103,-0.68905276,-0.0044257473,-0.976240873336792
4,104,-0.69370705,-0.0046543167,-0.9460955858230591
4,105,-0.6956402,-0.0019331649,1.0283253192901611
4,106,-0.6948396,0.0008006176,1.1350655555725098
4,107,-0.694242,0.0005976014,-0.9543818235397339
4,108,-0.69211674,0.0021252783,0.20201720297336578
4,109,-0.69028074,0.0018360086,-1.1434271335601807
4,110,-0.6886115,0.001669239,-0.9102894067764282
4,111,-0.6872546,0.0013569022,-1.0812275409698486
4,112,-0.68621904,0.0010356004,-1.0595848560333252
4,113,-0.6855116,0.0007074437,-1.02199387550354
4,114,-0.685137,0.00037459747,-1.1096998453140259
4,115,-0.6850977,3.9265884e-05,-1.2450083494186401
4,116,-0.68539405,-0.00029632638,-1.090221643447876
4,117,-0.68599296,-0.0005988918,-0.9792930483818054
4,118,-0.6869215,-0.0009285466,-1.2297176122665405
4,119,-0.6878417,-0.0009202517,-0.7787996530532837
4,120,-0.68635565,0.0014860663,0.8158255815505981
4,121,-0.68485147,0.0015041544,-0.7697733640670776
4,122,-0.6836845,0.0011669276,-1.0248289108276367
4,123,-0.68200636,0.0016781866,-0.42917296290397644
4,124,-0.680445,0.0015613677,-0.8404401540756226
4,125,-0.67925024,0.001194784,-1.159614086151123
4,126,-0.67543006,0.003820206,1.0729020833969116
4,127,-0.67201006,0.0034199706,-1.1819932460784912
4,128,-0.66869485,0.003315191,-0.7876346707344055
4,129,-0.6629788,0.005716051,0.8977870941162109
4,130,-0.65766853,0.0053103,-0.9472701549530029
4,131,-0.6528796,0.0047889305,-1.0011824369430542
4,132,-0.6456452,0.0072344104,1.0234993696212769
4,133,-0.63635945,0.009285728,0.7708565592765808
4,134,-0.62534046,0.011018985,0.6023927330970764
4,135,-0.6150043,0.010336179,-0.9560502767562866
4,136,-0.6052095,0.009794759,-0.8122685551643372
4,137,-0.5934102,0.011799319,0.9323841333389282
4,138,-0.5795911,0.013819085,1.1377484798431396
4,139,-0.56685406,0.012737055,-1.2191733121871948
4,140,-0.55492425,0.0119298175,-0.753828763961792
4,141,-0.54425985,0.010664413,-1.0409139394760132
4,142,-0.53437626,0.009883571,-0.6238001585006714
4,143,-0.5259047,0.008471574,-0.995209813117981
4,144,-0.51891583,0.006988868,-1.1845453977584839
4,145,-0.51346207,0.005453747,-1.030944585800171
4,146,-0.50658435,0.006877734,1.0191540718078613
4,147,-0.49833417,0.008250181,1.017617106437683
4,148,-0.49096897,0.0073651904,-0.4637913405895233
4,149,-0.4853481,0.0056208577,-1.1094356775283813
4,150,-0.4815135,0.0038346068,-1.0765159130096436
4,151,-0.47815204,0.0033614645,-0.10556051880121231
4,152,-0.47398663,0.0041654245,0.7625035643577576
4,153,-0.4689284,0.005058217,0.8423409461975098
4,154,-0.46559787,0.0033305194,-0.8796703219413757
4,155,-0.46396315,0.0016347318,-0.8419817686080933
4,156,-0.4642312,-0.00026805175,-0.9719323515892029
4,157,-0.4662742,-0.002043005,-0.8880311846733093
4,158,-0.47024503,-0.0039708233,-1.0580377578735352
4,159,-0.47609088,-0.0058458373,-0.9843781590461731
4,160,-0.48091963,-0.0048287604,0.9147872924804688
4,161,-0.48737422,-0.0064545893,-0.8710728883743286
4,162,-0.49559996,-0.008225739,-1.1619127988815308
4,163,-0.50311,-0.007510023,0.616973340511322
4,164,-0.5109259,-0.007815926,-0.10155615210533142
4,165,-0.5175029,-0.0065770135,0.8892910480499268
4,166,-0.5249084,-0.0074055195,-0.5218595266342163
4,167,-0.53331274,-0.008404289,-0.6723950505256653
4,168,-0.541172,-0.00785926,0.3147898316383362
4,169,-0.5502575,-0.009085495,-0.9053155183792114
4,170,-0.5591243,-0.008866775,0.012661612592637539
4,171,-0.5690921,-0.009967793,-0.9113035202026367
4,172,-0.57741773,-0.0083256345,0.8680109977722168
4,173,-0.58684146,-0.009423744,-1.0419021844863892
4,174,-0.59729373,-0.010452264,-1.2513740062713623
4,175,-0.6084176,-0.011123865,-0.8132143020629883
4,176,-0.61778116,-0.009363565,0.7540013790130615
4,177,-0.62776846,-0.009987274,-0.8804773688316345
4,178,-0.6384871,-0.010718657,-1.1496165990829468
4,179,-0.64972913,-0.011242013,-0.9120403528213501
4,180,-0.65923065,-0.009501518,0.5446206331253052
4,181,-0.66675955,-0.0075289174,0.6554663181304932
4,182,-0.67174745,-0.004987917,1.248242735862732
4,183,-0.67663914,-0.004891695,-0.6524484157562256
4,184,-0.6819229,-0.005283794,-1.1562550067901611
4,185,-0.6845634,-0.002640509,1.002388596534729
4,186,-0.68754303,-0.0029796488,-1.1231266260147095
4,187,-0.6907687,-0.003225666,-0.9510818719863892
4,188,-0.69420356,-0.003434831,-0.9406933784484863
4,189,-0.6957106,-0.0015070691,0.4689081013202667
4,190,-0.69482267,0.00088793196,0.7738395929336548
4,191,-0.6942063,0.0006163779,-1.1330918073654175
4,192,-0.6938655,0.00034079558,-1.1562954187393188
4,193,-0.6908845,0.0029810145,0.945353627204895
4,194,-0.68788797,0.0029965257,-0.7914167046546936
4,195,-0.6828887,0.0049992646,0.5465690493583679
4,196,-0.67715114,0.0057375473,-0.27429258823394775
4,197,-0.6718023,0.005348889,-1.0713756084442139
4,198,-0.6668781,0.004924155,-1.240797519683838
4,199,-0.6616465,0.0052316478,-0.4895437955856323
4,200,-0.6569088,0.0047376617,-1.2175716161727905
4,201,-0.6522734,0.004635368,-0.717119038105011
4,202,-0.6480414,0.0042319736,-0.8964428901672363
4,203,-0.6443977,0.003643764,-1.0554721355438232
4,204,-0.6413676,0.0030300547,-1.0004204511642456
4,205,-0.63855034,0.002817254,-0.7185370326042175
4,206,-0.63628244,0.0022679036,-0.9296668171882629
4,207,-0.63458514,0.0016973171,-0.9331393837928772
4,208,-0.63357073,0.0010144197,-1.0452356338500977
4,209,-0.6305797,0.0029909944,0.777777373790741
4,210,-0.62814,0.0024397238,-0.8932826519012451
4,211,-0.62600654,0.0021334281,-0.7183763384819031
4,212,-0.62411577,0.0018907866,-0.6657829284667969
4,213,-0.6229825,0.0011332905,-1.0216093063354492
4,214,-0.6226148,0.0003676741,-1.1829859018325806
4,215,-0.6229917,-0.00037690526,-0.984217643737793
4,216,-0.6241341,-0.0011424558,-1.0995521545410156
4,217,-0.6258972,-0.0017631231,-0.9088683724403381
4,218,-0.6284051,-0.0025078717,-1.0128284692764282
4,219,-0.6316398,-0.0032347117,-1.2643553018569946
4,220,-0.6352728,-0.003633036,-0.796345591545105
4,221,-0.63927495,-0.0040021315,-0.794046938419342
4,222,-0.64092684,-0.001651869,1.1113402843475342
4,223,-0.64154816,-0.00062133087,0.11242375522851944
4,224,-0.6427973,-0.0012491283,-0.9960484504699707
4,225,-0.6426407,0.00015655826,0.35375285148620605
4,226,-0.6428503,-0.00020956359,-0.8267192840576172
4,227,-0.6436844,-0.00083413406,-1.100648045539856
4,228,-0.6451329,-0.0014485221,-0.9971163272857666
4,229,-0.64718133,-0.002048433,-0.9942370653152466
4,230,-0.64982396,-0.002642652,-1.0654127597808838
4,231,-0.6500424,-0.00021842655,1.15903639793396
4,232,-0.6506043,-0.0005618842,-0.8461368083953857
4,233,-0.65173656,-0.0011322233,-1.1792008876800537
4,234,-0.65101737,0.00071920344,0.6092588901519775
4,235,-0.6508656,0.0001517394,-1.0774623155593872
4,236,-0.65128237,-0.00041678073,-1.2067934274673462
4,237,-0.64964163,0.0016407534,0.7487695813179016
4,238,-0.6485779,0.0010637081,-1.0369154214859009
4,239,-0.6480987,0.00047924393,-1.4020981788635254
4,240,-0.6481639,-6.5223576e-05,-0.9711052775382996
4,241,-0.64881647,-0.00065257784,-1.0388262271881104
4,242,-0.650039,-0.0012225367,-0.9914394617080688
4,243,-0.64883584,0.0012031873,1.2770675420761108
4,244,-0.64521533,0.0036205228,1.0068939924240112
4,245,-0.6414999,0.003715451,-0.5313958525657654
4,246,-0.63740474,0.0040951176,-0.32417944073677063
4,247,-0.6339726,0.0034321763,-1.0206122398376465
4,248,-0.630957,0.0030156022,-0.8195555806159973
4,249,-0.62865007,0.0023069403,-1.1490789651870728
4,250,-0.6241734,0.004476694,0.9298979640007019
4,251,-0.6174538,0.0067196107,1.2345552444458008
4,252,-0.61153954,0.0059142592,-1.0854089260101318
4,253,-0.60629475,0.0052447934,-0.880931556224823
4,254,-0.6017124,0.004582338,-0.8508884310722351
4,255,-0.5980496,0.0036628428,-1.1062798500061035
4,256,-0.59513426,0.002915323,-0.8675131797790527
4,257,-0.59318656,0.0019477303,-1.0835189819335938
4,258,-0.5917901,0.0013964584,-0.7129316926002502
4,259,-0.5913857,0.00040433332,-1.0341616868972778
4,260,-0.59197646,-0.00059076154,-1.0125324726104736
4,261,-0.59355795,-0.001581518,-1.067518711090088
4,262,-0.59592694,-0.0023689922,-0.8722162842750549
4,263,-0.5969161,-0.0009891223,0.5611035823822021
4,264,-0.5985045,-0.0015884255,-0.7631732821464539
4,265,-0.5980358,0.00046865104,1.3938614130020142
4,266,-0.5985135,-0.00047769965,-1.1140806674957275
4,267,-0.5996001,-0.0010865639,-0.7773377299308777
4,268,-0.60162157,-0.0020214801,-1.2507656812667847
4,269,-0.6045598,-0.0029382133,-0.9977168440818787
4,270,-0.6081932,-0.0036334174,-0.8643060326576233
4,271,-0.60969895,-0.0015057477,1.2944291830062866
4,272,-0.60917187,0.0005270965,0.9294997453689575
4,273,-0.60951,-0.0003381317,-1.0943512916564941
4,274,-0.60971254,-0.00020256365,-0.3344375491142273
4,275,-0.6077764,0.0019361294,1.1580026149749756
4,276,-0.6066756,0.0011007886,-0.9733226895332336
4,277,-0.60637975,0.00029586907,-0.9477102756500244
4,278,-0.60696936,-0.0005896358,-1.1968659162521362
4,279,-0.605671,0.0012983426,0.8461319208145142
4,280,-0.60491735,0.00075362594,-0.7693718671798706
4,281,-0.60505986,-0.00014251634,-1.0415802001953125
4,282,-0.6053305,-0.0002706807,-0.48870617151260376
4,283,-0.60638005,-0.0010495378,-0.9238142967224121
4,284,-0.6053151,0.0010649594,1.1978840827941895
4,285,-0.6048058,0.0005092555,-0.7749706506729126
4,286,-0.60519356,-0.00038769844,-1.233060598373413
4,287,-0.606362,-0.0011684158,-0.9243900775909424
4,288,-0.6055767,0.00078526855,0.8928788900375366
4,289,-0.60564667,-6.995411e-05,-0.9759185910224915
4,290,-0.6048663,0.00078032893,0.16074587404727936
4,291,-0.60479337,7.298572e-05,-0.8738864064216614
4,292,-0.60436255,0.00043085008,-0.1633940190076828
4,293,-0.60183185,0.002530669,1.1044273376464844
4,294,-0.6002198,0.0016120453,-1.3006327152252197
4,295,-0.59668905,0.0035307624,0.8994044661521912
4,296,-0.5933715,0.0033175494,-0.5046718716621399
4,297,-0.58812845,0.0052430644,0.937355101108551
4,298,-0.5837992,0.004329291,-0.9298190474510193
4,299,-0.5777686,0.0060305353,0.834794282913208
4,300,-0.5728336,0.0049350234,-1.0771677494049072
4,301,-0.5660307,0.0068029435,1.0253102779388428
4,302,-0.5604104,0.005620324,-1.0114026069641113
4,303,-0.55601454,0.0043958505,-1.0737916231155396
4,304,-0.55015033,0.005864181,0.817063570022583
4,305,-0.5425872,0.007563107,1.1294679641723633
4,306,-0.5363818,0.0062054433,-1.0423955917358398
4,307,-0.5289761,0.0074056974,0.7362700700759888
4,308,-0.52303004,0.0059460253,-1.3576152324676514
4,309,-0.5155883,0.0074417596,1.0838392972946167
4,310,-0.5094358,0.0061525404,-0.8194308876991272
4,311,-0.5018894,0.00754635,1.0951951742172241
4,312,-0.49594173,0.005947686,-0.9573060870170593
4,313,-0.49168953,0.004252195,-0.9922007322311401
4,314,-0.4891501,0.0025394333,-0.9825384616851807
4,315,-0.48836857,0.00078152795,-1.3340754508972168
4,316,-0.48935077,-0.0009822069,-1.425001621246338
4,317,-0.49200755,-0.002656789,-0.9454492330551147
4,318,-0.49640092,-0.0043933685,-1.0855469703674316
4,319,-0.50249803,-0.0060971263,-1.1768003702163696
4,320,-0.5082935,-0.005795494,0.3065214455127716
4,321,-0.51448214,-0.0061886446,-0.18560077250003815
4,322,-0.5212017,-0.006719617,-0.30840420722961426
4,323,-0.5264393,-0.0052375947,1.1228570938110352
4,324,-0.5331556,-0.006716291,-1.1737245321273804
4,325,-0.5383249,-0.0051692775,0.9835646152496338
4,326,-0.5448838,-0.0065588676,-1.3998053073883057
4,327,-0.55266833,-0.007784535,-0.9234645366668701
4,328,-0.5607371,-0.008068729,-0.3346260190010071
4,329,-0.5700278,-0.009290768,-1.006708025932312
4,330,-0.57791764,-0.007889795,0.7025861740112305
4,331,-0.5867901,-0.008872463,-0.9255058169364929
4,332,-0.5966914,-0.0099013625,-1.1289047002792358
4,333,-0.60754895,-0.01085755,-1.363387107849121
4,334,-0.6192074,-0.011658444,-0.949256420135498
4,335,-0.63165855,-0.012451171,-1.0782078504562378
4,336,-0.6448097,-0.013151165,-0.9975475072860718
4,337,-0.6585717,-0.013761985,-1.4061782360076904
4,338,-0.6720546,-0.013482898,-0.47051531076431274
4,339,-0.68530905,-0.013254453,-0.5656864047050476
4,340,-0.6988977,-0.013588644,-1.1644448041915894
4,341,-0.7122343,-0.013336618,-0.6686312556266785
4,342,-0.7257305,-0.013496165,-1.39731764793396
4,343,-0.73930186,-0.013571393,-1.3037400245666504
4,344,-0.75282186,-0.013520015,-0.970552921295166
4,345,-0.76325506,-0.010433171,1.0463712215423584
4,346,-0.7735264,-0.010271315,-0.9897782206535339
4,347,-0.783594,-0.010067616,-1.0563161373138428
4,348,-0.7933829,-0.009788894,-0.9863013625144958
4,349,-0.80286217,-0.009479293,-1.2017840147018433
4,350,-0.8119835,-0.009121377,-1.105722188949585
4,351,-0.81998926,-0.008005763,-0.524916410446167
4,352,-0.82755363,-0.007564388,-1.358864665031433
4,353,-0.8343974,-0.0068437383,-0.837311327457428
4,354,-0.8399819,-0.005584518,-0.4989364445209503
4,355,-0.8449641,-0.0049821464,-0.9532862901687622
4,356,-0.84928066,-0.0043165646,-0.9255017638206482
4,357,-0.85293275,-0.0036521023,-0.9384385943412781
4,358,-0.85599756,-0.0030647824,-1.2173309326171875
4,359,-0.8554625,0.0005350998,1.0734232664108276
4,360,-0.8543297,0.0011328015,-1.1205024719238281
4,361,-0.85260385,0.0017258694,-1.0405114889144897
4,362,-0.850292,0.0023118306,-1.0094876289367676
4,363,-0.84486043,0.0054315752,0.6955933570861816
4,364,-0.8388755,0.005984966,-1.1420001983642578
4,365,-0.83236307,0.0065124235,-1.1857128143310547
4,366,-0.8252756,0.0070874696,-0.9489661455154419
4,367,-0.8152143,0.0100613125,0.6718221306800842
4,368,-0.80473435,0.010479925,-1.1076898574829102
4,369,-0.79388714,0.010847207,-1.1372053623199463
4,370,-0.7803425,0.013544591,0.5901172757148743
4,371,-0.76655716,0.013785345,-1.5440737009048462
4,372,-0.75260675,0.013950422,-1.1693201065063477
4,373,-0.73681235,0.015794395,0.17224901914596558
4,374,-0.7185596,0.018252743,0.6440540552139282
4,375,-0.6976386,0.020921025,0.8586861491203308
4,376,-0.6769182,0.020720378,-0.9649617671966553
4,377,-0.65358806,0.023330154,1.2902354001998901
4,378,-0.6307565,0.022831583,-0.9659779667854309
4,379,-0.608635,0.022121495,-1.2945195436477661
4,380,-0.58438265,0.024252372,1.0395982265472412
4,381,-0.56108564,0.023297008,-0.9391475915908813
4,382,-0.53849065,0.022595005,-0.655041515827179
4,383,-0.514284,0.024206657,1.1426061391830444
4,384,-0.4908868,0.023397217,-0.49305886030197144
4,385,-0.46710986,0.023776948,0.4164517819881439
4,386,-0.444169,0.022940848,-0.2763054370880127
4,387,-0.42331827,0.020850746,-1.0273699760437012
4,388,-0.4046078,0.018710459,-0.9329847097396851
4,389,-0.3877938,0.016813986,-0.6819159984588623
4,390,-0.37346542,0.014328376,-0.9966777563095093
4,391,-0.36172536,0.011740062,-1.022966742515564
4,392,-0.3496522,0.012073169,1.2252297401428223
4,393,-0.3375454,0.012106799,0.8532122373580933
4,394,-0.32790834,0.009637066,-0.7637773156166077
4,395,-0.3210975,0.0068108453,-0.9609386324882507
4,396,-0.31721368,0.003883796,-1.1999651193618774
4,397,-0.3141346,0.0030790956,0.43077874183654785
4,398,-0.3110251,0.0031094828,1.1921178102493286
4,399,-0.30820337,0.002821745,0.8004512786865234
4,400,-0.3060777,0.0021256679,0.5395252704620361
4,401,-0.3069701,-0.0008923946,-1.205453634262085
4,402,-0.31087524,-0.0039051338,-1.0608545541763306
4,403,-0.31776968,-0.0068944516,-1.106338381767273
4,404,-0.3273487,-0.009579021,-0.8247321844100952
4,405,-0.33961275,-0.012264034,-0.8644717931747437
4,406,-0.3529604,-0.013347657,0.15151037275791168
4,407,-0.36903268,-0.016072277,-1.186663269996643
4,408,-0.3847231,-0.015690424,1.1053650379180908
4,409,-0.40253103,-0.017807925,-0.7372040748596191
4,410,-0.42262465,-0.020093622,-0.9316809177398682
4,411,-0.44427225,-0.021647608,-0.5388060808181763
4,412,-0.4680092,-0.023736957,-1.034698486328125
4,413,-0.49112183,-0.023112625,0.6928836107254028
4,414,-0.5159776,-0.024855817,-1.109492301940918
4,415,-0.5407903,-0.024812689,0.06685420870780945
4,416,-0.5669741,-0.02618381,-1.2140306234359741
4,417,-0.5943335,-0.027359413,-1.056528091430664
4,418,-0.62219787,-0.027864343,-0.6876455545425415
4,419,-0.6508334,-0.028635586,-1.4007288217544556
4,420,-0.67735523,-0.026521798,0.7883543372154236
4,421,-0.703128,-0.025772758,-0.24244838953018188
4,422,-0.7291184,-0.025990447,-1.0876871347427368
4,423,-0.75251675,-0.023398317,0.7643678784370422
4,424,-0.77583,-0.023313241,-1.2592936754226685
4,425,-0.7961716,-0.020341665,0.8368498086929321
4,426,-0.8161893,-0.020017697,-1.1904373168945312
4,427,-0.8331861,-0.016996775,0.731752872467041
4,428,-0.84968066,-0.016494578,-1.2703303098678589
4,429,-0.8653049,-0.015624198,-0.8022782802581787
4,430,-0.8802921,-0.014987259,-1.0170823335647583
4,431,-0.8915863,-0.011294162,1.1499122381210327
4,432,-0.9019497,-0.010363408,-0.8678271770477295
4,433,-0.9115467,-0.009597017,-1.1321083307266235
4,434,-0.91950685,-0.007960157,-0.4393118619918823
4,435,-0.9246205,-0.005113636,0.3518122136592865
4,436,-0.9259028,-0.0012822524,0.9990135431289673
4,437,-0.9263213,-0.00041853206,-0.9817221760749817
4,438,-0.92438716,0.0019341416,0.01016979105770588
4,439,-0.92134047,0.0030467047,-0.8131138682365417
4,440,-0.91719466,0.0041458085,-0.8165352940559387
4,441,-0.9093372,0.007857467,0.9329290986061096
4,442,-0.90065104,0.00868621,-0.9736506342887878
4,443,-0.8910586,0.0095924195,-0.9040356874465942
4,444,-0.87807804,0.012980596,0.7716441750526428
4,445,-0.8642823,0.013795736,-0.913291335105896
4,446,-0.8491609,0.015121412,-0.5381819009780884
4,447,-0.83340126,0.015759645,-0.9555904865264893
4,448,-0.81713843,0.016262809,-1.0498607158660889
4,449,-0.8004478,0.016690642,-1.0201765298843384
4,450,-0.78341144,0.017036393,-1.0453391075134277
4,451,-0.76323557,0.020175884,0.9215277433395386
4,452,-0.7428026,0.020432938,-0.9262385368347168
4,453,-0.7222915,0.020511085,-0.9666160941123962
4,454,-0.7018252,0.020466307,-0.9655210375785828
4,455,-0.6808995,0.020925725,-0.5429967641830444
4,456,-0.6598542,0.021045344,-0.6778895854949951
4,457,-0.6393151,0.020539038,-1.0563122034072876
4,458,-0.61938983,0.019925307,-0.9761837124824524
4,459,-0.5986591,0.020730719,0.06455135345458984
4,460,-0.57587016,0.022788925,1.0652508735656738
4,461,-0.5541908,0.021679355,-1.001404047012329
4,462,-0.53206706,0.022123726,0.14350134134292603
4,463,-0.51137984,0.020687232,-1.0297412872314453
4,464,-0.48935753,0.022022316,0.9511368274688721
4,465,-0.46909156,0.02026596,-1.0488665103912354
4,466,-0.4504863,0.018605255,-0.835813581943512
4,467,-0.433925,0.016561298,-1.2198392152786255
4,468,-0.41929096,0.014634031,-0.8418646454811096
4,469,-0.4069238,0.0123671675,-0.9981729984283447
4,470,-0.3954681,0.011455706,-0.036105673760175705
4,471,-0.38344988,0.012018217,1.2549455165863037
4,472,-0.37383863,0.009611245,-0.9243670701980591
4,473,-0.3664188,0.0074198307,-0.7370805740356445
4,474,-0.35863462,0.007784184,1.120222806930542
4,475,-0.35321528,0.005419345,-0.7849977612495422
4,476,-0.35051888,0.0026963926,-1.073836088180542
4,477,-0.35056305,-4.415784e-05,-1.2871078252792358
4,478,-0.3530725,-0.0025094363,-0.8166770339012146
4,479,-0.3583058,-0.0052333227,-1.1788594722747803
4,480,-0.36340287,-0.00509706,0.8838500380516052
4,481,-0.3702517,-0.0068488177,-0.39733779430389404
4,482,-0.37907645,-0.008824769,-0.5773257613182068
4,483,-0.3880996,-0.009023159,0.5679242014884949
4,484,-0.3995704,-0.011470796,-0.9727664589881897
4,485,-0.41308916,-0.013518749,-0.759371280670166
4,486,-0.4288512,-0.015762035,-0.9530417323112488
4,487,-0.4467687,-0.017917508,-0.9695975184440613
4,488,-0.463911,-0.017142285,0.8975735306739807
4,489,-0.4828105,-0.018899506,-0.8746348023414612
4,490,-0.50051516,-0.017704654,1.0366541147232056
4,491,-0.5198928,-0.019377643,-1.0636175870895386
4,492,-0.5379043,-0.018011525,0.9292742013931274
4,493,-0.5543086,-0.016404267,1.5586943626403809
4,494,-0.5690069,-0.014698343,0.9839504361152649
4,495,-0.58486575,-0.015858835,-1.142281413078308
4,496,-0.60176766,-0.016901916,-1.2190061807632446
4,497,-0.6195887,-0.017821008,-1.0925180912017822
4,498,-0.6381997,-0.018610993,-1.0764352083206177
4,499,-0.65737545,-0.019175788,-0.9383132457733154
4,500,-0.6770746,-0.01969918,-1.074528455734253
4,501,-0.6962283,-0.019153742,-0.3769266903400421
4,502,-0.7156445,-0.019416125,-1.0587823390960693
4,503,-0.7350439,-0.019399416,-0.8968416452407837
4,504,-0.75156564,-0.016521739,0.9307141304016113
4,505,-0.7680078,-0.016442185,-1.0998682975769043
4,506,-0.78134674,-0.013338922,0.9533911347389221
4,507,-0.79143953,-0.010092771,1.0565418004989624
4,508,-0.79842955,-0.0069900122,0.8688294291496277
4,509,-0.802084,-0.0036545042,1.0602446794509888
4,510,-0.8052652,-0.0031811632,-0.9204432368278503
4,511,-0.80807644,-0.0028112368,-1.1758886575698853
4,512,-0.81050384,-0.0024273826,-1.028071641921997
4,513,-0.811969,-0.0014651222,-0.6223413944244385
4,514,-0.812967,-0.0009980426,-0.9572253227233887
4,515,-0.8130957,-0.00012867567,-0.6922643780708313
4,516,-0.81281596,0.00027971147,-1.1729058027267456
4,517,-0.81201506,0.0008009242,-0.9238790273666382
4,518,-0.810811,0.0012040659,-1.0364290475845337
4,519,-0.80920964,0.0016013392,-1.0423675775527954
4,520,-0.80721885,0.0019907698,-1.1891058683395386
4,521,-0.80484843,0.0023703894,-1.6465644836425781
4,522,-0.8021102,0.00273824,-1.248907446861267
4,523,-0.7983225,0.0037876978,-0.536453127861023
4,524,-0.7941998,0.0041226605,-1.0386801958084106
4,525,-0.7896787,0.004521159,-0.9435498118400574
4,526,-0.7848142,0.004864495,-0.9646571278572083
4,527,-0.7796301,0.0051840823,-0.9633863568305969
4,528,-0.77242696,0.007203175,0.18811917304992676
4,529,-0.76502615,0.007400831,-1.1225996017456055
4,530,-0.7563766,0.0086495085,-0.2718786299228668
4,531,-0.74761975,0.008756864,-1.2179683446884155
4,532,-0.73794836,0.00967139,-0.42798522114753723
4,533,-0.72542614,0.012522222,0.9011578559875488
4,534,-0.710877,0.014549156,0.40269172191619873
4,535,-0.693496,0.017381005,1.1110032796859741
4,536,-0.6740665,0.01942953,0.5525023341178894
4,537,-0.6550464,0.019020101,-1.084429383277893
4,538,-0.6365658,0.018480605,-1.2440601587295532
4,539,-0.61789364,0.018672157,-0.42638349533081055
4,540,-0.5971033,0.02079036,0.9469251036643982
4,541,-0.57426614,0.022837188,1.0988770723342896
4,542,-0.5525504,0.021715732,-1.1822099685668945
4,543,-0.5321178,0.020432597,-1.0128223896026611
4,544,-0.511783,0.020334758,-0.1078169196844101
4,545,-0.49303684,0.018746158,-1.0423158407211304
4,546,-0.4758442,0.017192619,-0.8830974102020264
4,547,-0.45750853,0.018335683,1.1000747680664062
4,548,-0.4411653,0.016343247,-1.1752629280090332
4,549,-0.42469215,0.016473144,0.494577020406723
4,550,-0.41037247,0.014319687,-0.9483299851417542
4,551,-0.39838573,0.011986726,-1.2600641250610352
4,552,-0.38881618,0.009569558,-1.0344250202178955
4,553,-0.38173017,0.00708601,-1.0789306163787842
4,554,-0.3771473,0.0045828903,-0.9806254506111145
4,555,-0.37477553,0.0023717524,-0.7651664614677429
4,556,-0.37498325,-0.00020770765,-1.183374047279358
4,557,-0.37654355,-0.0015603104,-0.18303203582763672
4,558,-0.38067135,-0.004127795,-1.0566500425338745
4,559,-0.38733855,-0.0066672037,-1.1310409307479858
4,560,-0.39589,-0.00855145,-0.5936797261238098
4,561,-0.40563253,-0.009742513,-0.1710054576396942
4,562,-0.41474143,-0.009108908,1.2724590301513672
4,563,-0.42324433,-0.008502906,0.9386646151542664
4,564,-0.4311915,-0.00794719,0.8647040128707886
4,565,-0.4397856,-0.0085940985,0.024868326261639595
4,566,-0.4504417,-0.01065608,-0.9599906206130981
4,567,-0.4614605,-0.01101882,0.12102960050106049
4,568,-0.4719845,-0.010523999,0.6387755870819092
4,569,-0.48432156,-0.012337051,-0.9516604542732239
4,570,-0.4984383,-0.014116721,-0.9905143976211548
4,571,-0.5141602,-0.015721934,-0.9444587230682373
4,572,-0.53145295,-0.017292714,-1.0171374082565308
4,573,-0.5475246,-0.016071593,0.7748130559921265
4,574,-0.5619169,-0.014392304,1.114563226699829
4,575,-0.57642543,-0.014508541,-0.2686598002910614
4,576,-0.5920394,-0.015613997,-1.1456775665283203
4,577,-0.6086437,-0.016604291,-1.0091543197631836
4,578,-0.62611705,-0.017473351,-1.1813806295394897
4,579,-0.6441999,-0.018082865,-0.9108909368515015
4,580,-0.66214305,-0.017943166,-0.4968031048774719
4,581,-0.6805768,-0.018433744,-1.1815252304077148
4,582,-0.6993762,-0.018799447,-1.0035654306411743
4,583,-0.7182587,-0.018882457,-0.894057035446167
4,584,-0.7357323,-0.017473657,0.020286696031689644
4,585,-0.7531639,-0.01743158,-0.962455689907074
4,586,-0.7705066,-0.017342754,-1.0933479070663452
4,587,-0.7876623,-0.0171557,-1.0753111839294434
4,588,-0.8045383,-0.016875966,-1.2074589729309082
4,589,-0.8190622,-0.014523872,0.32385972142219543
4,590,-0.83078176,-0.011719595,0.5781942009925842
4,591,-0.8394226,-0.0086408015,0.7249636054039001
4,592,-0.8475335,-0.008110946,-1.122714877128601
4,593,-0.8550797,-0.007546185,-1.1396437883377075
4,594,-0.86202973,-0.0069500464,-1.1252431869506836
4,595,-0.8683557,-0.0063259588,-1.0195965766906738
4,596,-0.8740329,-0.0056772344,-1.0641282796859741
4,597,-0.87903994,-0.005007058,-1.2965201139450073
4,598,-0.8833584,-0.0043184846,-1.1481528282165527
4,599,-0.88697284,-0.0036144403,-1.0093708038330078
4,600,-0.8898706,-0.0028977317,-1.1599574089050293
4,601,-0.88935274,0.0005178428,0.792600691318512
4,602,-0.88750833,0.0018444072,-0.5988938212394714
4,603,-0.8849173,0.0025910328,-0.9812914133071899
4,604,-0.87886244,0.0060549043,0.8362221717834473
4,605,-0.87205034,0.006812115,-0.9538127183914185
4,606,-0.86432815,0.0077222,-0.8351143598556519
4,607,-0.8559728,0.008355328,-1.2468847036361694
4,608,-0.84681624,0.009156557,-0.8657019138336182
4,609,-0.8369158,0.00990048,-0.8785332441329956
4,610,-0.82633376,0.010582052,-0.8915001153945923
4,611,-0.815269,0.011064786,-0.9921785593032837
4,612,-0.8007853,0.014483662,1.0044389963150024
4,613,-0.7832843,0.017501017,0.7799310684204102
4,614,-0.7655268,0.017757539,-1.288762092590332
4,615,-0.7476099,0.017916843,-1.0400161743164062
4,616,-0.7296366,0.017973289,-1.2209408283233643
4,617,-0.71167666,0.017959932,-0.9747359156608582
4,618,-0.6908798,0.020796852,1.1817128658294678
4,619,-0.6701859,0.020693889,-0.8703790903091431
4,620,-0.64987046,0.020315444,-0.9618353247642517
4,621,-0.6301095,0.01976094,-0.9860349297523499
4,622,-0.61071104,0.01939847,-0.7651848196983337
4,623,-0.59216666,0.0185444,-1.3210015296936035
4,624,-0.5739335,0.018233195,-0.547896683216095
4,625,-0.55677724,0.017156271,-0.9686667919158936
4,626,-0.5408725,0.015904699,-1.1358702182769775
4,627,-0.5262291,0.0146434195,-0.9271829724311829
4,628,-0.5129454,0.013283679,-0.9196447730064392
4,629,-0.5012416,0.011703793,-1.0325376987457275
4,630,-0.4912054,0.01003624,-1.1109408140182495
4,631,-0.48221728,0.008988104,-0.5370453000068665
4,632,-0.47481012,0.007407155,-0.8475895524024963
4,633,-0.46887153,0.0059386007,-0.7359627485275269
4,634,-0.46257728,0.006294238,0.5095000863075256
4,635,-0.45809916,0.00447813,-0.9073325395584106
4,636,-0.4535305,0.0045686737,0.3857570290565491
4,637,-0.44809464,0.005435862,0.92589271068573
4,638,-0.44472024,0.003374411,-1.029600739479065
4,639,-0.4434319,0.0012883277,-1.0136555433273315
4,640,-0.44123906,0.0021928556,1.0244024991989136
4,641,-0.43853799,0.0027010683,0.7464298605918884
4,642,-0.43496796,0.0035700137,1.17900550365448
4,643,-0.4312604,0.0037075633,0.5296503901481628
4,644,-0.42858496,0.0026754416,-0.2322714626789093
4,645,-0.42511252,0.0034724486,1.145172119140625
4,646,-0.423868,0.0012445016,-1.0560168027877808
4,647,-0.42486036,-0.0009923697,-1.0346158742904663
4,648,-0.42806947,-0.0032091225,-0.9913312196731567
4,649,-0.43332443,-0.0052549457,-0.8927472829818726
4,650,-0.44074818,-0.007423757,-1.0339670181274414
4,651,-0.44992292,-0.009174736,-0.7573185563087463
4,652,-0.46070564,-0.010782711,-0.7065962553024292
4,653,-0.47345725,-0.012751616,-1.1455142498016357
4,654,-0.4880835,-0.014626261,-1.0033015012741089
4,655,-0.50421786,-0.01613434,-0.8281461000442505
4,656,-0.51958287,-0.015364998,0.6097450256347656
4,657,-0.536478,-0.016895117,-1.0359193086624146
4,658,-0.55471784,-0.018239874,-0.9608853459358215
4,659,-0.57422465,-0.01950682,-1.0265908241271973
4,660,-0.5946094,-0.020384708,-0.8374162316322327
4,661,-0.61596555,-0.021356149,-1.1463874578475952
4,662,-0.6375422,-0.021576623,-0.6029283404350281
4,663,-0.659521,-0.021978794,-0.8268003463745117
4,664,-0.6805715,-0.021050505,-0.042074836790561676
4,665,-0.70173997,-0.021168472,-0.8348193168640137
4,666,-0.7229398,-0.021199845,-0.8698230981826782
4,667,-0.7442321,-0.021292321,-1.0127437114715576
4,668,-0.7625664,-0.018334255,0.9476837515830994
4,669,-0.777758,-0.015191622,1.559436559677124
4,670,-0.79267925,-0.014921224,-0.9709267616271973
4,671,-0.80729455,-0.0146152675,-1.2408620119094849
4,672,-0.8215298,-0.014235274,-1.0023112297058105
4,673,-0.8352575,-0.013727691,-0.9607003927230835
4,674,-0.84813803,-0.012880559,-0.7762202620506287
4,675,-0.8604513,-0.012313246,-1.0909862518310547
4,676,-0.8721467,-0.011695425,-1.1663774251937866
4,677,-0.883179,-0.011032307,-1.0535743236541748
4,678,-0.8930912,-0.009912181,-0.7221888899803162
4,679,-0.90168977,-0.008598572,-0.6159612536430359
4,680,-0.9091509,-0.007461117,-0.7520754933357239
4,681,-0.91571015,-0.0065592574,-0.9245312809944153
4,682,-0.9214614,-0.005751249,-1.0971392393112183
4,683,-0.9263884,-0.004927008,-1.316024661064148
4,684,-0.9274778,-0.0010894106,1.3250494003295898
4,685,-0.925608,0.0018697891,0.4124787449836731
4,686,-0.9229027,0.0027053049,-1.1772267818450928
4,687,-0.9193692,0.0035335058,-1.0487443208694458
4,688,-0.9144134,0.004955843,-0.597385585308075
4,689,-0.9058608,0.008552634,0.8616918921470642
4,690,-0.89652956,0.00933125,-1.048325538635254
4,691,-0.8864494,0.010080184,-1.0700470209121704
4,692,-0.87565434,0.0107950745,-1.2108707427978516
4,693,-0.86418307,0.011471262,-1.1596792936325073
4,694,-0.850547,0.013636076,0.021502278745174408
4,695,-0.8362836,0.014263398,-0.966731071472168
4,696,-0.8214026,0.014880986,-0.9322901964187622
4,697,-0.8030736,0.018329022,1.1158732175827026
4,698,-0.7838146,0.019258967,-0.6193544864654541
4,699,-0.7642963,0.019518316,-1.013559103012085
4,700,-0.7418192,0.022477064,0.8709050416946411
4,701,-0.7192926,0.022526607,-0.9817889928817749
4,702,-0.6968218,0.02247075,-0.960460901260376
4,703,-0.6745613,0.022260483,-0.9678325653076172
4,704,-0.6527069,0.021854393,-1.0368587970733643
4,705,-0.62849027,0.024216648,0.9453160762786865
4,706,-0.60499984,0.023490416,-1.049277663230896
4,707,-0.5817029,0.023296922,-0.5319671034812927
4,708,-0.55647236,0.025230499,1.153088092803955
4,709,-0.5294957,0.02697665,1.004305362701416
4,710,-0.50266665,0.02682907,-0.1278705894947052
4,711,-0.47749448,0.025172181,-1.1772973537445068
4,712,-0.45146802,0.026026467,0.7993111610412598
4,713,-0.42447832,0.026989698,1.0255682468414307
4,714,-0.39932483,0.025153501,-0.7358013391494751
4,715,-0.37358195,0.025742888,1.2825977802276611
4,716,-0.3474266,0.02615536,1.0216691493988037
4,717,-0.32167608,0.025750505,0.5705177783966064
4,718,-0.29884905,0.02282702,-1.0048882961273193
4,719,-0.2789574,0.01989164,-0.9164012670516968
4,720,-0.26224023,0.01671717,-1.0803228616714478
4,721,-0.24878849,0.013451742,-1.0557769536972046
4,722,-0.23740679,0.011381708,-0.15642040967941284
4,723,-0.2265561,0.010850682,0.9075039029121399
4,724,-0.21840394,0.008152174,-0.5027033686637878
4,725,-0.21093762,0.0074663116,0.8642901182174683
4,726,-0.20666625,0.0042713736,-0.7860135436058044
4,727,-0.2054676,0.001198645,-0.6920204758644104
4,728,-0.20492482,0.0005427727,0.9226906299591064
4,729,-0.20786378,-0.00293895,-0.9596425294876099
4,730,-0.21134175,-0.0034779706,0.9936304092407227
4,731,-0.21833386,-0.006992094,-1.1591665744781494
4,732,-0.22580856,-0.0074747116,1.25264573097229
4,733,-0.23373124,-0.007922684,1.1634604930877686
4,734,-0.24474256,-0.011011311,-0.7856305241584778
4,735,-0.25685287,-0.012110321,0.5045740008354187
4,736,-0.27213466,-0.015281787,-0.9184412956237793
4,737,-0.29062855,-0.018493902,-1.0507293939590454
4,738,-0.3119199,-0.021291351,-0.7926590442657471
4,739,-0.3361393,-0.024219403,-0.9633562564849854
4,740,-0.3601917,-0.024052402,1.1675504446029663
4,741,-0.38692117,-0.026729455,-1.0067901611328125
4,742,-0.41378355,-0.026862374,0.575787365436554
4,743,-0.44197547,-0.028191928,-0.34717145562171936
4,744,-0.47223645,-0.03026098,-0.9753186106681824
4,745,-0.5043081,-0.032071635,-0.9513072371482849
4,746,-0.53802437,-0.033716235,-1.1792714595794678
4,747,-0.57304806,-0.035023708,-0.9437541365623474
4,748,-0.60920227,-0.036154196,-1.1652518510818481
4,749,-0.64622146,-0.037019204,-1.061763882637024
4,750,-0.6838416,-0.03762014,-1.0256427526474
4,751,-0.72180563,-0.037964076,-1.0259218215942383
4,752,-0.7598692,-0.03806359,-1.1506614685058594
4,753,-0.7978055,-0.03793626,-1.0089106559753418
4,754,-0.8354094,-0.037603933,-1.1690231561660767
4,755,-0.8725012,-0.037091795,-1.1239585876464844
4,756,-0.9073109,-0.034809697,0.07843238860368729
4,757,-0.9413375,-0.03402663,-1.3617898225784302
4,758,-0.97206944,-0.030731924,0.6131483316421509
4,759,-1.0015239,-0.029454427,-0.772849440574646
4,760,-1.0294977,-0.02797388,-0.6640132665634155
4,761,-1.0555742,-0.026076378,-0.3993169963359833
4,762,-1.0806514,-0.025077168,-1.016900658607483
4,763,-1.1047411,-0.024089748,-1.0817726850509644
4,764,-1.1274719,-0.022730786,-0.7359192371368408
4,765,-1.1462748,-0.018802932,1.1233807802200317
4,766,-1.1641873,-0.017912554,-1.3330715894699097
4,767,-1.1803458,-0.016158504,-0.39570072293281555
4,768,-1.1933012,-0.012955482,0.5998861789703369
4,769,-1.2,0.0,-0.02391742914915085
4,770,-1.1991891,0.0008109336,-0.9539748430252075
4,771,-1.1973245,0.0018645494,-0.7939766645431519
4,772,-1.1947093,0.0026152527,-1.131005048751831
4,773,-1.1913348,0.003374425,-1.2146154642105103
4,774,-1.1868666,0.0044682,-0.7840796709060669
4,775,-1.1816148,0.005251933,-1.2190231084823608
4,776,-1.1726425,0.0089723095,0.9472681283950806
4,777,-1.1628451,0.009797354,-1.062497615814209
4,778,-1.1521968,0.010648396,-1.3579210042953491
4,779,-1.1406714,0.011525389,-1.1218739748001099
4,780,-1.1282437,0.012427736,-1.5207606554031372
4,781,-1.1147188,0.013524846,-0.8862384557723999
4,782,-1.1002451,0.014473732,-1.064568042755127
4,783,-1.081803,0.01844214,1.0198174715042114
4,784,-1.0623742,0.019428682,-1.237382173538208
4,785,-1.0419482,0.02042609,-1.011742115020752
4,786,-1.0181485,0.023799691,0.5826064348220825
4,787,-0.9933583,0.024790203,-1.0604177713394165
4,788,-0.96760064,0.025757665,-1.0225788354873657
4,789,-0.9409139,0.026686726,-1.0525975227355957
4,790,-0.9133532,0.027560716,-1.089013934135437
4,791,-0.88499135,0.028361874,-1.1370419263839722
4,792,-0.85312706,0.031864274,0.8617355227470398
4,793,-0.82067466,0.032452397,-1.1074893474578857
4,794,-0.78477764,0.035897005,1.1018719673156738
4,795,-0.74859196,0.03618568,-0.9838650226593018
4,796,-0.71224743,0.036344517,-0.9355789422988892
4,797,-0.6760624,0.036185052,-1.189206600189209
4,798,-0.6401867,0.03587569,-0.9422568082809448
4,799,-0.604364,0.035822723,-0.6064367294311523
4,800,-0.56933635,0.03502765,-0.9299359917640686
4,801,-0.53542536,0.033911016,-0.9723938703536987
4,802,-0.5029257,0.032499697,-1.3817299604415894
4,803,-0.46908095,0.033844747,1.069050908088684
4,804,-0.43690002,0.032180928,-0.8378365635871887
4,805,-0.40544787,0.031452145,-0.05723170191049576
4,806,-0.3733634,0.032084454,1.2960072755813599
4,807,-0.34386796,0.029495452,-1.2423443794250488
4,808,-0.31694874,0.02691923,-0.8617420196533203
4,809,-0.29275414,0.024194589,-0.8481040000915527
4,810,-0.27157027,0.021183873,-0.9429956674575806
4,811,-0.25360158,0.017968675,-1.1464036703109741
4,812,-0.23594362,0.017657971,1.282414436340332
4,813,-0.22168508,0.014258536,-1.0177595615386963
4,814,-0.20791404,0.013771043,0.9864761829376221
4,815,-0.19767225,0.010241797,-1.052412509918213
4,816,-0.19056198,0.0071102614,-0.7055931687355042
4,817,-0.18705419,0.0035077864,-1.004007339477539
4,818,-0.18416299,0.0028911938,1.1222152709960938
4,819,-0.18189985,0.0022631416,1.3663324117660522
4,820,-0.1822174,-0.0003175637,-0.2958627939224243
4,821,-0.18582575,-0.0036083506,-0.7700753808021545
4,822,-0.19005558,-0.004229832,1.0462547540664673
4,823,-0.19772375,-0.0076681636,-0.8892026543617249
4,824,-0.20618615,-0.008462405,0.852459728717804
4,825,-0.2177229,-0.011536741,-0.6916987299919128
4,826,-0.23217791,-0.014455025,-0.6219191551208496
4,827,-0.24705061,-0.014872702,1.3101780414581299
4,828,-0.26226753,-0.015216931,1.4728704690933228
4,829,-0.2805971,-0.018329546,-0.8982223272323608
4,830,-0.29976273,-0.019165646,0.5528133511543274
4,831,-0.3191209,-0.019358182,0.9085888266563416
4,832,-0.3384183,-0.019297378,1.0558828115463257
4,833,-0.36013803,-0.02171971,-0.7358824014663696
4,834,-0.38172773,-0.021589695,0.8716155290603638
4,835,-0.40567023,-0.023942508,-0.8804106116294861
4,836,-0.43187037,-0.026200138,-0.9276679754257202
4,837,-0.4583413,-0.026470926,0.2723506987094879
4,838,-0.48679852,-0.028457236,-1.081889033317566
4,839,-0.5170312,-0.030232677,-1.0106114149093628
4,840,-0.54859906,-0.03156784,-0.8572741150856018
4,841,-0.58116496,-0.032565888,-0.7902483344078064
4,842,-0.6147495,-0.03358451,-0.9654827117919922
4,843,-0.64915884,-0.034409367,-1.0189614295959473
4,844,-0.6816364,-0.032477554,0.6748161911964417
4,845,-0.7144726,-0.03283618,-1.0122483968734741
4,846,-0.74745417,-0.032981586,-1.0044649839401245
4,847,-0.7773802,-0.029926054,1.089864730834961
4,848,-0.80553216,-0.02815192,0.03293121978640556
4,849,-0.8333128,-0.027780665,-1.4540091753005981
4,850,-0.8605907,-0.027277898,-1.119009256362915
4,851,-0.88718444,-0.026593735,-0.9561417698860168
4,852,-0.91012746,-0.022943018,0.9555174112319946
4,853,-0.93039405,-0.020266602,0.2565482258796692
4,854,-0.9498126,-0.019418523,-1.3807148933410645
4,855,-0.966031,-0.016218401,0.5373719930648804
4,856,-0.9813232,-0.015292151,-1.065848469734192
4,857,-0.99549854,-0.014175352,-0.8896937966346741
4,858,-1.0086356,-0.013137082,-0.9544810652732849
4,859,-1.0177895,-0.009153792,1.279320478439331
4,860,-1.0254577,-0.007668207,-0.6697948575019836
4,861,-1.0291313,-0.003673522,1.0388106107711792
4,862,-1.0292305,-9.919667e-05,0.7186642289161682
4,863,-1.0283333,0.00089717255,-1.2363529205322266
4,864,-1.0264401,0.0018931702,-1.1812580823898315
4,865,-1.0235343,0.0029058806,-0.9882959127426147
4,866,-1.0166347,0.0068995836,1.0314745903015137
4,867,-1.0057456,0.010889082,1.416633129119873
4,868,-0.9934883,0.012257336,-0.7416274547576904
4,869,-0.9801393,0.0133489985,-0.9173033237457275
4,870,-0.9656263,0.014513019,-0.8570406436920166
4,871,-0.9499798,0.015646541,-0.8613294363021851
4,872,-0.9304388,0.019540966,1.2287817001342773
4,873,-0.9100497,0.02038916,-1.0671120882034302
4,874,-0.88886917,0.021180522,-1.0860662460327148
4,875,-0.8669654,0.02190377,-1.0804927349090576
4,876,-0.8444183,0.022547146,-1.0174380540847778
4,877,-0.82126254,0.023155728,-0.9619433879852295
4,878,-0.79765946,0.023603106,-1.361750602722168
4,879,-0.77072954,0.026929922,0.9968226552009583
4,880,-0.74361134,0.027118212,-1.0534287691116333
4,881,-0.7135902,0.03002112,0.9133608341217041
4,882,-0.68372005,0.029870145,-1.4734269380569458
4,883,-0.65419465,0.0295254,-1.2139523029327393
4,884,-0.62521464,0.028980002,-1.195766806602478
4,885,-0.59698427,0.028230371,-1.1634001731872559
4,886,-0.56694525,0.030039003,0.8417847156524658
4,887,-0.53732926,0.029616002,-0.4981229305267334
4,888,-0.50711644,0.030212818,0.3292442560195923
4,889,-0.47839442,0.028722005,-0.9114972949028015
4,890,-0.4515104,0.02688401,-1.1055021286010742
4,891,-0.4252417,0.026268689,-0.052575305104255676
4,892,-0.40120003,0.02404167,-1.0564181804656982
4,893,-0.37955585,0.02164417,-1.1088277101516724
4,894,-0.36011186,0.019443989,-0.7687788605690002
4,895,-0.34323987,0.01687199,-0.9296111464500427
4,896,-0.32915553,0.014084343,-1.0003480911254883
4,897,-0.31497744,0.014178091,0.9805088043212891
4,898,-0.30244982,0.012527601,-0.12399725615978241
4,899,-0.2900636,0.012386237,0.932151198387146
4,900,-0.27778906,0.012274535,1.1625524759292603
4,901,-0.26587033,0.011918715,0.8834319710731506
4,902,-0.25419766,0.011672669,1.0535837411880493
4,903,-0.24580091,0.008396738,-0.9788755178451538
4,904,-0.23779911,0.00800181,0.9704099893569946
4,905,-0.2302381,0.007561015,0.9663750529289246
4,906,-0.22547846,0.004759642,-0.5829301476478577
4,907,-0.22391489,0.0015635579,-0.8310406804084778
4,908,-0.22280818,0.0011067153,1.0444120168685913
4,909,-0.22516346,-0.0023552822,-1.2022212743759155
4,910,-0.22797471,-0.002811259,0.9966829419136047
4,911,-0.23402986,-0.0060551423,-0.8707568645477295
4,912,-0.24049374,-0.0064638783,1.126967430114746
4,913,-0.24957125,-0.009077512,-0.4910418391227722
4,914,-0.26126793,-0.011696672,-0.5251649618148804
4,915,-0.2762352,-0.014967255,-1.1011760234832764
4,916,-0.29439202,-0.018156832,-1.125844120979309
4,917,-0.3156356,-0.021243582,-1.1578372716903687
4,918,-0.3396917,-0.02405612,-0.9013649225234985
4,919,-0.36435774,-0.024666052,0.4669676721096039
4,920,-0.38986447,-0.025506731,0.20581136643886566
4,921,-0.4150196,-0.025155136,0.8852728605270386
4,922,-0.44247475,-0.027455155,-1.0821940898895264
4,923,-0.47149998,-0.02902524,-0.6450960040092468
4,924,-0.5020022,-0.030502193,-0.7252002954483032
4,925,-0.53413665,-0.03213449,-0.9802898168563843
4,926,-0.5672313,-0.03309463,-0.6927747130393982
4,927,-0.6013677,-0.03413644,-0.9120799899101257
4,928,-0.6335185,-0.03215083,0.9384125471115112
4,929,-0.66624826,-0.032729767,-0.9256498217582703
4,930,-0.69944054,-0.033192255,-1.1256953477859497
4,931,-0.7328743,-0.03343376,-1.1008561849594116
4,932,-0.76633954,-0.033465292,-1.09846031665802
4,933,-0.79964095,-0.03330143,-1.1816043853759766
4,934,-0.8326007,-0.032959767,-1.060901165008545
4,935,-0.8635333,-0.030932631,0.01837986893951893
4,936,-0.89383596,-0.030302618,-1.1019766330718994
4,937,-0.9233651,-0.029529177,-0.9777308106422424
4,938,-0.9520648,-0.028699715,-1.0810998678207397
4,939,-0.9798657,-0.027800841,-1.0246763229370117
4,940,-1.0041425,-0.024276897,0.7165161967277527
4,941,-1.0274402,-0.023297723,-1.1335666179656982
4,942,-1.0497423,-0.022302113,-1.0927668809890747
4,943,-1.0683637,-0.01862137,0.7872107625007629
4,944,-1.0858871,-0.017523352,-0.9312962293624878
4,945,-1.1023656,-0.016478503,-0.9588866233825684
4,946,-1.117821,-0.015455402,-0.9618251323699951
4,947,-1.1323323,-0.014511304,-1.0000290870666504
4,948,-1.1459247,-0.013592401,-1.1279447078704834
4,949,-1.158626,-0.012701255,-1.1560755968093872
4,950,-1.1702268,-0.011600828,-0.8407899737358093
4,951,-1.180996,-0.010769186,-1.2218211889266968
4,952,-1.1906971,-0.009701105,-0.8221405148506165
4,953,-1.1996263,-0.008929211,-1.1478837728500366
4,954,-1.2,0.0,-1.0039026737213135
4,955,-1.1991599,0.0008401643,-0.9344877004623413
4,956,-1.197575,0.0015848415,-1.17698073387146
4,957,-1.1952403,0.0023347265,-1.281870722770691
4,958,-1.1910492,0.0041910573,-0.2674221694469452
4,959,-1.1860874,0.0049618483,-1.0215052366256714
4,960,-1.1803395,0.005747953,-1.1870883703231812
4,961,-1.1726507,0.007688712,-0.24163487553596497
4,962,-1.164137,0.008513734,-1.0345284938812256
4,963,-1.1547755,0.009361464,-1.0216190814971924
4,964,-1.1444815,0.0102939615,-0.958954393863678
4,965,-1.1331536,0.011327971,-0.9068484902381897
4,966,-1.1198703,0.01328322,-0.30806002020835876
4,967,-1.1056463,0.01422404,-1.5283751487731934
4,968,-1.0875415,0.018104794,0.9460585713386536
4,969,-1.068455,0.019086504,-1.3280577659606934
4,970,-1.0453736,0.023081422,1.0963201522827148
4,971,-1.0193893,0.025984315,0.26862064003944397
4,972,-0.992375,0.027014237,-0.9742563366889954
4,973,-0.9619019,0.030473115,0.661742091178894
4,974,-0.9301072,0.03179471,-0.7313363552093506
4,975,-0.8974651,0.032642048,-1.0102590322494507
4,976,-0.8640711,0.03339404,-1.2188427448272705
4,977,-0.82944053,0.034630522,-0.5970932841300964
4,978,-0.79432476,0.03511577,-1.1075475215911865
4,979,-0.7585455,0.035779264,-0.7673168182373047
4,980,-0.7226465,0.035899043,-1.1961835622787476
4,981,-0.68680924,0.035837226,-0.9783490300178528
4,982,-0.64868546,0.0381238,0.740549623966217
4,983,-0.6111454,0.03754009,-1.1631468534469604
4,984,-0.5744562,0.036689166,-1.1824705600738525
4,985,-0.5388871,0.03556912,-1.0192432403564453
4,986,-0.5017033,0.037183743,1.2662670612335205
4,987,-0.46618366,0.035519645,-1.0057642459869385
4,988,-0.4325925,0.03359116,-1.0663779973983765
4,989,-0.39826345,0.034329068,0.9413388967514038
4,990,-0.36367458,0.03458886,0.7852082252502441
4,991,-0.32899842,0.03467617,0.8275036811828613
4,992,-0.29462847,0.034369934,0.7145068049430847
4,993,-0.2603439,0.034284554,1.0723999738693237
4,994,-0.22719343,0.033150483,0.4275985360145569
4,995,-0.1944844,0.032709036,1.0024689435958862
4,996,-0.16384718,0.03063722,0.009730586782097816
4,997,-0.13691397,0.026933204,-1.0501190423965454
4,998,-0.110772826,0.026141142,1.0832939147949219
4,999,-0.08835934,0.022413485,-0.9096243381500244
5,1,-0.40527806,-0.0023856417,-1.1737250089645386
5,2,-0.40728855,-0.0020105052,0.8293491005897522
5,3,-0.4114752,-0.004186652,-0.8809427618980408
5,4,-0.41775367,-0.00627847,-0.8444397449493408
5,5,-0.42607805,-0.008324389,-0.8435696363449097
5,6,-0.43658742,-0.010509367,-0.9759746193885803
5,7,-0.449242,-0.012654566,-1.0273804664611816
5,8,-0.46383473,-0.014592722,-0.9233959913253784
5,9,-0.48022908,-0.016394336,-0.9038537740707397
5,10,-0.49844778,-0.018218692,-1.0631686449050903
5,11,-0.5183549,-0.019907147,-1.0656325817108154
5,12,-0.53980136,-0.021446474,-1.0973703861236572
5,13,-0.5619516,-0.022150237,-0.5501559376716614
5,14,-0.5823148,-0.020363225,1.113523244857788
5,15,-0.6007399,-0.018425127,1.0267068147659302
5,16,-0.6173429,-0.016602999,0.8324808478355408
5,17,-0.63475204,-0.01740915,-1.1684597730636597
5,18,-0.6525531,-0.017801074,-0.8068073987960815
5,19,-0.67091095,-0.018357862,-1.1584757566452026
5,20,-0.6896996,-0.018788636,-1.1162738800048828
5,21,-0.7086098,-0.01891021,-0.8776088356971741
5,22,-0.72763175,-0.019021958,-0.9527838826179504
5,23,-0.74661094,-0.018979164,-0.929115355014801
5,24,-0.7655395,-0.018928587,-1.2010732889175415
5,25,-0.78430873,-0.01876921,-1.209604263305664
5,26,-0.8027861,-0.018477352,-0.9800815582275391
5,27,-0.82060605,-0.01781995,-0.8000885248184204
5,28,-0.8350398,-0.014433744,0.9612797498703003
5,29,-0.848963,-0.013923252,-1.0895540714263916
5,30,-0.8623155,-0.013352466,-1.26369309425354
5,31,-0.87504274,-0.0127272485,-1.0315492153167725
5,32,-0.8841789,-0.0091361515,0.9447804689407349
5,33,-0.8926081,-0.00842921,-1.0077488422393799
5,34,-0.9003014,-0.0076932767,-1.110103726387024
5,35,-0.9054996,-0.0051981923,0.15595942735671997
5,36,-0.9091256,-0.003626048,-0.47023719549179077
5,37,-0.9094488,-0.0003231564,0.676207423210144
5,38,-0.9071103,0.0023385417,0.2480952888727188
5,39,-0.90395856,0.0031517253,-0.979514479637146
5,40,-0.89993894,0.0040196166,-0.936545193195343
5,41,-0.89515936,0.0047796015,-1.0855813026428223
5,42,-0.88937104,0.0057883174,-0.8238071799278259
5,43,-0.8798578,0.009513285,1.747056007385254
5,44,-0.86665297,0.013204817,1.2837871313095093
5,45,-0.852806,0.013846986,-1.2717115879058838
5,46,-0.83832794,0.014478001,-0.9705208539962769
5,47,-0.82136,0.016967976,0.30994924902915955
5,48,-0.8009442,0.020415813,1.1412184238433838
5,49,-0.78018016,0.020764073,-1.0242544412612915
5,50,-0.7591762,0.021003952,-1.1374778747558594
5,51,-0.73804885,0.021127332,-1.1310347318649292
5,52,-0.7169218,0.02112703,-1.0198346376419067
5,53,-0.6929248,0.023997026,1.3196099996566772
5,54,-0.66730016,0.025624618,0.27437523007392883
5,55,-0.6391309,0.028169304,1.060200810432434
5,56,-0.6092933,0.029837629,0.5460516810417175
5,57,-0.58032,0.028973281,-1.000414252281189
5,58,-0.5523569,0.027963106,-0.9556905627250671
5,59,-0.52563584,0.026721068,-0.9716373085975647
5,60,-0.49739948,0.028236346,1.181151032447815
5,61,-0.46951994,0.027879534,-0.107012540102005
5,62,-0.4435442,0.02597572,-1.137587070465088
5,63,-0.419598,0.023946185,-0.9565864205360413
5,64,-0.39791924,0.021678772,-1.1208617687225342
5,65,-0.37586516,0.022054076,0.8638179898262024
5,66,-0.35338315,0.022481993,1.553088903427124
5,67,-0.33353123,0.01985193,-0.9388050436973572
5,68,-0.3165288,0.017002424,-1.1028530597686768
5,69,-0.3024814,0.014047376,-1.0387521982192993
5,70,-0.29142243,0.011058982,-0.9659929275512695
5,71,-0.28310752,0.008314918,-0.7601112723350525
5,72,-0.27681297,0.006294541,-0.24609777331352234
5,73,-0.273704,0.0031089915,-0.9994466304779053
5,74,-0.27099782,0.0027061815,0.8671396374702454
5,75,-0.27004027,0.00095755345,-0.020206673070788383
5,76,-0.27159205,-0.0015517833,-0.523872971534729
5,77,-0.27571607,-0.004124028,-0.571444571018219
5,78,-0.28288817,-0.007172103,-0.9037542939186096
5,79,-0.29321274,-0.010324568,-1.099604845046997
5,80,-0.3063523,-0.013139559,-0.8142778277397156
5,81,-0.3215072,-0.015154885,-0.3326006531715393
5,82,-0.33713603,-0.015628835,0.6337165832519531
5,83,-0.35390148,-0.016765445,0.1267062872648239
5,84,-0.37038538,-0.016483907,1.2893235683441162
5,85,-0.38716143,-0.016776046,0.54461669921875
5,86,-0.40585464,-0.018693212,-0.6148135662078857
5,87,-0.42674765,-0.020893017,-0.8899824619293213
5,88,-0.44872406,-0.021976396,-0.2447827160358429
5,89,-0.4727573,-0.024033247,-1.110023021697998
5,90,-0.4986704,-0.02591308,-1.2104084491729736
5,91,-0.52621734,-0.027546959,-0.9647272229194641
5,92,-0.55224466,-0.02602732,1.006188154220581
5,93,-0.57941484,-0.027170185,-0.9049627184867859
5,94,-0.6062473,-0.026832439,-0.05261354148387909
5,95,-0.63390917,-0.02766183,-0.961949348449707
5,96,-0.6622587,-0.02834952,-1.112472414970398
5,97,-0.691098,-0.028839305,-1.2268779277801514
5,98,-0.72002894,-0.028930942,-0.8637846112251282
5,99,-0.7462948,-0.02626588,0.8504226803779602
5,100,-0.77251196,-0.026217164,-1.0858222246170044
5,101,-0.798531,-0.02601904,-1.014580249786377
5,102,-0.82421404,-0.025683016,-1.2824733257293701
5,103,-0.84943587,-0.025221834,-1.189918875694275
5,104,-0.8740563,-0.024620395,-0.9808886051177979
5,105,-0.89800644,-0.023950132,-1.1526398658752441
5,106,-0.9212027,-0.023196254,-0.9999144673347473
5,107,-0.9430658,-0.02186313,-0.6602683663368225
5,108,-0.9611494,-0.018083585,0.9336971044540405
5,109,-0.97679454,-0.015645131,0.014194252900779247
5,110,-0.99149525,-0.014700686,-1.065825343132019
5,111,-1.0022308,-0.01073551,1.3363109827041626
5,112,-1.011989,-0.009758223,-1.2349114418029785
5,113,-1.0202152,-0.008226111,-0.6359696984291077
5,114,-1.0274217,-0.0072065913,-0.9815296530723572
5,115,-1.0336328,-0.00621099,-1.0292575359344482
5,116,-1.0377524,-0.004119651,-0.2710609436035156
5,117,-1.0390731,-0.0013207248,0.199953094124794
5,118,-1.0393946,-0.00032146738,-1.2978570461273193
5,119,-1.0381525,0.0012421208,-0.6238179802894592
5,120,-1.0359112,0.0022412003,-1.0494718551635742
5,121,-1.029774,0.006137286,0.9316790103912354
5,122,-1.0226401,0.0071338713,-1.00210440158844
5,123,-1.014513,0.00812709,-1.038739562034607
5,124,-1.0052269,0.009286161,-0.8859469890594482
5,125,-0.99493873,0.010288132,-0.9854912161827087
5,126,-0.98368126,0.0112574715,-1.3744240999221802
5,127,-0.97146904,0.012212222,-1.0001163482666016
5,128,-0.958135,0.013334055,-0.87595134973526
5,129,-0.9429247,0.015210347,-0.3566676378250122
5,130,-0.92683566,0.016089022,-1.0489832162857056
5,131,-0.9093599,0.0174758,-0.6346710324287415
5,132,-0.8904671,0.018892795,-0.5815290808677673
5,133,-0.8678456,0.0226215,1.0527276992797852
5,134,-0.84394944,0.02389616,-0.5814036726951599
5,135,-0.8192005,0.024748929,-0.7978107929229736
5,136,-0.7940139,0.02518657,-1.2765498161315918
5,137,-0.76851445,0.025499433,-1.1547884941101074
5,138,-0.74283904,0.025675433,-1.0207232236862183
5,139,-0.7171353,0.025703719,-1.0873123407363892
5,140,-0.69156027,0.025575053,-1.2909454107284546
5,141,-0.666047,0.025513267,-0.8459082841873169
5,142,-0.6409976,0.025049407,-1.1759668588638306
5,143,-0.6165858,0.024411807,-1.2642642259597778
5,144,-0.5906222,0.025963588,0.5755921602249146
5,145,-0.56298393,0.027638279,0.7835975885391235
5,146,-0.53654885,0.026435073,-0.9986054301261902
5,147,-0.5085796,0.027969219,0.9580291509628296
5,148,-0.482223,0.026356613,-1.1076726913452148
5,149,-0.4576759,0.02454709,-1.1025575399398804
5,150,-0.43416244,0.023513477,-0.3616054952144623
5,151,-0.4098117,0.024350723,1.1095153093338013
5,152,-0.3858116,0.024000118,0.324213445186615
5,153,-0.36431572,0.021495892,-1.0424858331680298
5,154,-0.34331805,0.020997679,0.4343085289001465
5,155,-0.32492682,0.018391212,-0.8795478940010071
5,156,-0.30943897,0.015487839,-1.0240850448608398
5,157,-0.2942422,0.01519678,0.8045979738235474
5,158,-0.28213304,0.012109161,-1.0491623878479004
5,159,-0.2731806,0.008952451,-1.0749562978744507
5,160,-0.26471302,0.008467579,0.8143457770347595
5,161,-0.25649768,0.0082153315,1.047392725944519
5,162,-0.24857801,0.007919673,1.0823627710342407
5,163,-0.24099481,0.0075831977,1.173013687133789
5,164,-0.2337862,0.0072086114,1.1020747423171997
5,165,-0.22968985,0.004096344,-0.8015678524971008
5,166,-0.22876899,0.00092085724,-0.8305946588516235
5,167,-0.23112288,-0.0023538866,-0.8938433527946472
5,168,-0.2367997,-0.0056768246,-0.9334630370140076
5,169,-0.24587178,-0.009072078,-1.0087881088256836
5,170,-0.25529405,-0.009422264,1.0439773797988892
5,171,-0.26518273,-0.009888687,0.8903365731239319
5,172,-0.27558503,-0.010402307,0.8240759372711182
5,173,-0.2891805,-0.013595474,-1.1149051189422607
5,174,-0.3058927,-0.016712233,-1.0237255096435547
5,175,-0.32262412,-0.016731398,1.3264293670654297
5,176,-0.34152073,-0.018896615,-0.4983896017074585
5,177,-0.3608173,-0.019296594,0.5991363525390625
5,178,-0.38235843,-0.021541111,-0.7144039273262024
5,179,-0.40611666,-0.023758227,-0.7928184866905212
5,180,-0.43223786,-0.026121214,-1.0792936086654663
5,181,-0.46053573,-0.028297873,-1.063583254814148
5,182,-0.48780376,-0.02726803,1.0157346725463867
5,183,-0.5155756,-0.027771829,-0.1572345495223999
5,184,-0.544459,-0.028883418,-0.7009480595588684
5,185,-0.57468605,-0.030227069,-1.3603326082229614
5,186,-0.6043541,-0.02966805,0.11824139207601547
5,187,-0.6343399,-0.02998586,-0.6117116212844849
5,188,-0.66501045,-0.030670496,-1.0744577646255493
5,189,-0.6961519,-0.031141436,-1.0377715826034546
5,190,-0.7275562,-0.031404316,-1.2447059154510498
5,191,-0.75902456,-0.031468313,-1.0651745796203613
5,192,-0.78819185,-0.029167296,0.4523344933986664
5,193,-0.8170766,-0.028884776,-1.1422958374023438
5,194,-0.84553385,-0.028457237,-1.0176490545272827
5,195,-0.87338656,-0.027852738,-0.9678453803062439
5,196,-0.8998334,-0.026446816,-0.5078959465026855
5,197,-0.92361736,-0.023783958,0.26880741119384766
5,198,-0.9465712,-0.02295381,-1.109011173248291
5,199,-0.96863806,-0.022066861,-1.11539626121521
5,200,-0.98977405,-0.021135971,-1.0481406450271606
5,201,-1.0099471,-0.020172976,-1.0896917581558228
5,202,-1.0288177,-0.018870628,-0.7880385518074036
5,203,-1.0466921,-0.017874427,-1.0330829620361328
5,204,-1.0635666,-0.01687443,-1.1399377584457397
5,205,-1.079062,-0.015495442,-0.7453314661979675
5,206,-1.0934494,-0.014387375,-0.9203461408615112
5,207,-1.106733,-0.013283622,-0.9148131608963013
5,208,-1.1160563,-0.009323392,1.0096678733825684
5,209,-1.1244329,-0.008376545,-1.298606514930725
5,210,-1.1318762,-0.0074433554,-1.028599739074707
5,211,-1.1383364,-0.0064602075,-0.9577447772026062
5,212,-1.1438895,-0.005553073,-1.012609601020813
5,213,-1.148547,-0.0046575177,-1.0494996309280396
5,214,-1.1523192,-0.003772187,-1.1735589504241943
5,215,-1.1526254,-0.00030621156,0.7261782288551331
5,216,-1.1520556,0.00056978315,-1.094286322593689
5,217,-1.150594,0.0014616266,-0.9903180599212646
5,218,-1.1461251,0.004468905,0.41772565245628357
5,219,-1.1407654,0.0053596105,-1.1422041654586792
5,220,-1.1345037,0.006261762,-1.0270761251449585
5,221,-1.1273272,0.0071765,-1.0127159357070923
5,222,-1.1192226,0.008104613,-1.102479338645935
5,223,-1.1101762,0.009046479,-1.4489988088607788
5,224,-1.0973701,0.012806109,0.8694121241569519
5,225,-1.0835923,0.013777843,-1.639716386795044
5,226,-1.0688293,0.014762956,-1.0689153671264648
5,227,-1.0524422,0.016387098,-0.5803970694541931
5,228,-1.0350554,0.017386789,-1.148738145828247
5,229,-1.0151066,0.019948894,0.042509861290454865
5,230,-0.993927,0.021179575,-0.8384952545166016
5,231,-0.971707,0.022220036,-0.9517878293991089
5,232,-0.94855076,0.023156198,-1.1047953367233276
5,233,-0.9244339,0.024116887,-0.9537543654441833
5,234,-0.89948463,0.024949247,-1.0322415828704834
5,235,-0.87203676,0.027447904,0.1600874364376068
5,236,-0.84392506,0.028111678,-0.999287486076355
5,237,-0.812264,0.03166106,1.114116907119751
5,238,-0.78019863,0.03206541,-1.0515332221984863
5,239,-0.7478933,0.03230539,-1.0168602466583252
5,240,-0.7155298,0.032363497,-1.298084020614624
5,241,-0.683305,0.03222475,-1.2910661697387695
5,242,-0.65021855,0.033086464,-0.19385230541229248
5,243,-0.6177051,0.03251344,-1.139714002609253
5,244,-0.5858704,0.031834736,-0.9167754054069519
5,245,-0.55207133,0.033799063,1.2877124547958374
5,246,-0.516559,0.035512347,1.136121392250061
5,247,-0.48082304,0.035735957,0.1842697113752365
5,248,-0.446907,0.03391602,-1.0299623012542725
5,249,-0.4149975,0.031909518,-0.9575817584991455
5,250,-0.3853797,0.029617773,-0.9943793416023254
5,251,-0.35790867,0.027471036,-0.7596977949142456
5,252,-0.33133647,0.026572188,0.19552291929721832
5,253,-0.30508894,0.026247518,0.6924421787261963
5,254,-0.27886537,0.02622357,1.6629329919815063
5,255,-0.2558168,0.023048585,-1.01510751247406
5,256,-0.23306741,0.022749377,1.1554027795791626
5,257,-0.21373142,0.019335987,-1.0506205558776855
5,258,-0.1952042,0.018527228,0.7964643836021423
5,259,-0.1775228,0.017681401,0.8250707387924194
5,260,-0.16055182,0.016970972,0.96222323179245
5,261,-0.14708392,0.01346789,-0.8583388924598694
5,262,-0.13437657,0.012707346,1.1062556505203247
5,263,-0.12546882,0.008907752,-1.2728700637817383
5,264,-0.11738605,0.008082774,1.4461116790771484
5,265,-0.11014985,0.007236197,1.156184196472168
5,266,-0.10607732,0.0040725344,-0.5326142907142639
5,267,-0.10309575,0.0029815757,0.8556776642799377
5,268,-0.10399555,-0.0008998012,-1.1147685050964355
5,269,-0.10854714,-0.004551594,-0.8483192324638367
5,270,-0.11396735,-0.0054202084,2.06205677986145
5,271,-0.12055673,-0.0065893778,0.7907515168190002
5,272,-0.13003886,-0.009482124,-0.3696519732475281
5,273,-0.14033315,-0.010294286,1.1257249116897583
5,274,-0.15407266,-0.013739512,-0.7756831049919128
5,275,-0.17028224,-0.01620959,-0.15494176745414734
5,276,-0.1891246,-0.01884235,-0.3012893795967102
5,277,-0.2090589,-0.0199343,0.6775591373443604
5,278,-0.22951742,-0.02045852,1.0637582540512085
5,279,-0.25045744,-0.020940006,0.9659531116485596
5,280,-0.2717243,-0.021266887,1.2899587154388428
5,281,-0.29620555,-0.024481243,-1.1058080196380615
5,282,-0.3237176,-0.027512046,-0.9697253108024597
5,283,-0.3511405,-0.027422916,1.070070743560791
5,284,-0.3812999,-0.030159418,-1.4508167505264282
5,285,-0.41168165,-0.030381734,0.5418689250946045
5,286,-0.44364473,-0.031963073,-0.5050955414772034
5,287,-0.47670525,-0.033060517,-0.3356821835041046
5,288,-0.5116163,-0.03491106,-1.175133228302002
5,289,-0.5481172,-0.03650091,-1.164790391921997
5,290,-0.5859344,-0.037817188,-1.1655429601669312
5,291,-0.624767,-0.03883261,-0.9868125915527344
5,292,-0.6643258,-0.039558772,-0.9822193384170532
5,293,-0.70234674,-0.03802099,0.3422699570655823
5,294,-0.74059045,-0.038243715,-1.262846827507019
5,295,-0.7779789,-0.037388455,-0.4397633373737335
5,296,-0.81513935,-0.03716047,-1.0212414264678955
5,297,-0.85188156,-0.036742218,-1.3292359113693237
5,298,-0.88804084,-0.036159247,-1.1630973815917969
5,299,-0.9234797,-0.035438847,-1.167043685913086
5,300,-0.9580002,-0.03452053,-0.9409715533256531
5,301,-0.98899746,-0.030997302,0.7414675951004028
5,302,-1.0190327,-0.030035311,-1.0613778829574585
5,303,-1.048077,-0.02904423,-1.130378246307373
5,304,-1.0761212,-0.028044239,-1.0596157312393188
5,305,-1.1031748,-0.027053645,-1.328299880027771
5,306,-1.1290698,-0.025894973,-0.870773434638977
5,307,-1.1523032,-0.023233354,0.15776681900024414
5,308,-1.1746598,-0.022356609,-1.1857187747955322
5,309,-1.1960351,-0.021375291,-0.892082691192627
5,310,-1.2,0.0,0.7962124943733215
5,311,-1.1992582,0.00074189587,-1.0810692310333252
5,312,-1.1976283,0.0016299732,-0.9041834473609924
5,313,-1.1952486,0.002379684,-1.1335443258285522
5,314,-1.1921115,0.0031371212,-1.4319664239883423
5,315,-1.1882069,0.0039045683,-1.1093312501907349
5,316,-1.1835028,0.004704094,-0.9867330193519592
5,317,-1.1780049,0.0054979753,-1.0470314025878906
5,318,-1.1695484,0.008456416,0.43231815099716187
5,319,-1.1602585,0.00928989,-1.1016215085983276
5,320,-1.1500896,0.01016896,-0.9856643080711365
5,321,-1.1368767,0.013212936,0.4414229691028595
5,322,-1.1197537,0.017123004,1.2406750917434692
5,323,-1.0989,0.020853736,0.859815239906311
5,324,-1.0770762,0.021823723,-1.0303980112075806
5,325,-1.0542396,0.022836575,-0.9847407937049866
5,326,-1.0304036,0.023836017,-1.113824725151062
5,327,-1.0055708,0.024832845,-1.0371809005737305
5,328,-0.97698545,0.028585324,0.8479657769203186
5,329,-0.9474554,0.029530069,-1.0673441886901855
5,330,-0.91508144,0.032373987,0.3033384680747986
5,331,-0.8818669,0.033214558,-0.977080225944519
5,332,-0.8449536,0.0369133,1.1082977056503296
5,333,-0.80748653,0.037467092,-1.0011117458343506
5,334,-0.7696385,0.037848037,-2.124056100845337
5,335,-0.7313143,0.038324185,-0.8040650486946106
5,336,-0.69017065,0.041143633,0.9069777727127075
5,337,-0.648667,0.04150368,-0.5585950613021851
5,338,-0.60710037,0.04156658,-0.5688369274139404
5,339,-0.56377256,0.043327793,0.7609878778457642
5,340,-0.5188416,0.04493094,0.8683807849884033
5,341,-0.47244635,0.04639526,1.1701580286026
5,342,-0.42770028,0.044746056,-0.8447099924087524
5,343,-0.3841032,0.043597065,-0.29308781027793884
5,344,-0.34014153,0.043961663,0.9203622937202454
5,345,-0.29880378,0.04133775,-0.8776019811630249
5,346,-0.25976384,0.03903993,-0.49118632078170776
5,347,-0.22127865,0.038485184,0.8158574104309082
5,348,-0.18626255,0.035016097,-1.0636146068572998
5,349,-0.1518662,0.03439635,1.2579423189163208
5,350,-0.12120586,0.030660339,-0.9940109252929688
5,351,-0.094265334,0.026940525,-0.9221819639205933
5,352,-0.07122551,0.023039827,-1.0624924898147583
5,353,-0.049128827,0.022096682,1.0819966793060303
5,354,-0.030771986,0.018356841,-0.8446305394172668
5,355,-0.0164045,0.014367486,-1.0362306833267212
5,356,-0.0051149353,0.011289565,-0.3872990012168884
5,357,0.0051749237,0.010289859,1.0157452821731567
5,358,0.011465084,0.00629016,-1.0276415348052979
5,359,0.016756723,0.005291639,1.8206943273544312
5,360,0.02105152,0.0042947973,1.1515456438064575
5,361,0.021351302,0.00029978127,-1.1110658645629883
5,362,0.02065621,-0.00069509185,1.1991407871246338
5,363,0.017007848,-0.003648362,-0.30537909269332886
5,364,0.009475766,-0.0075320825,-0.9246493577957153
5,365,-0.0006117063,-0.010087472,-0.037599749863147736
5,366,-0.014699174,-0.014087468,-1.141039490699768
5,367,-0.032396104,-0.017696932,-0.7412623167037964
5,368,-0.05124681,-0.018850705,0.8896191716194153
5,369,-0.07393451,-0.022687698,-0.9109869003295898
5,370,-0.098959066,-0.025024554,0.06793321669101715
5,371,-0.124925815,-0.025966749,0.9656277894973755
5,372,-0.15471904,-0.029793222,-1.0232840776443481
5,373,-0.18694189,-0.03222285,-0.12941832840442657
5,374,-0.22199811,-0.035056226,-0.47755786776542664
5,375,-0.2605201,-0.038521983,-1.0028064250946045
5,376,-0.30201298,-0.04149288,-0.7975712418556213
5,377,-0.34354803,-0.04153505,1.0504605770111084
5,378,-0.3873765,-0.04382846,-0.671830415725708
5,379,-0.43369842,-0.04632193,-1.0152583122253418
5,380,-0.47936034,-0.045661915,0.8840816020965576
5,381,-0.5268304,-0.047470015,-0.9848570227622986
5,382,-0.5757494,-0.048919044,-0.9821787476539612
5,383,-0.6256926,-0.049943224,-0.9424765110015869
5,384,-0.6761284,-0.050435755,-0.8308796882629395
5,385,-0.7268883,-0.050759926,-0.9524232745170593
5,386,-0.77760184,-0.050713535,-0.9236726760864258
5,387,-0.8280894,-0.050487593,-1.174271821975708
5,388,-0.8780965,-0.050007094,-0.9990506172180176
5,389,-0.92478186,-0.046685338,0.7577411532402039
5,390,-0.9699481,-0.04516623,-0.5427954196929932
5,391,-1.0141811,-0.044233065,-1.0827651023864746
5,392,-1.0566283,-0.04244716,-0.46789413690567017
5,393,-1.0971786,-0.040550217,-0.40137097239494324
5,394,-1.1367569,-0.039578266,-1.114241123199463
5,395,-1.1754248,-0.03866796,-1.0071090459823608
5,396,-1.2,0.0,-1.5242730379104614
5,397,-1.198162,0.0018380889,-0.26920467615127563
5,398,-1.1951078,0.003054185,-0.6879106760025024
5,399,-1.1912957,0.0038120758,-1.0923693180084229
5,400,-1.1867137,0.004582093,-1.2037869691848755
5,401,-1.1783473,0.008366292,1.0516198873519897
5,402,-1.1662626,0.012084762,0.9396589994430542
5,403,-1.1533357,0.012926965,-1.084550142288208
5,404,-1.1395344,0.013801297,-1.226685643196106
5,405,-1.1244802,0.015054068,-0.7679486870765686
5,406,-1.1081493,0.016330963,-0.7708086967468262
5,407,-1.09086,0.017289285,-1.1589933633804321
5,408,-1.0725921,0.018267868,-1.0733685493469238
5,409,-1.0528864,0.019705826,-0.7031930685043335
5,410,-1.0296737,0.023212718,0.6715032458305359
5,411,-1.004489,0.02518475,-0.34967532753944397
5,412,-0.9783234,0.026165565,-0.9991288781166077
5,413,-0.94831985,0.03000354,0.9274336695671082
5,414,-0.91696435,0.031355508,-0.692564845085144
5,415,-0.8847034,0.032260958,-0.9374381899833679
5,416,-0.8517336,0.032969747,-1.167358160018921
5,417,-0.8181815,0.033552103,-1.0661336183547974
5,418,-0.7841093,0.034072246,-0.941773533821106
5,419,-0.7497761,0.034333166,-1.0524365901947021
5,420,-0.7152101,0.034566063,-0.8908184766769409
5,421,-0.680762,0.034448072,-0.9848185777664185
5,422,-0.6466334,0.0341286,-0.9700049757957458
5,423,-0.61310285,0.03353055,-1.0514519214630127
5,424,-0.57946825,0.0336346,-0.3727943003177643
5,425,-0.5469166,0.03255166,-1.0969922542572021
5,426,-0.5151353,0.031781342,-0.6300394535064697
5,427,-0.48491293,0.030222366,-0.9970043897628784
5,428,-0.45648006,0.028432872,-1.037546992301941
5,429,-0.42998654,0.026493533,-0.9595627784729004
5,430,-0.4029943,0.02699224,0.7944049835205078
5,431,-0.378387,0.024607314,-1.1850454807281494
5,432,-0.35550082,0.022886189,-0.4441056549549103
5,433,-0.33498976,0.02051106,-0.7781047224998474
5,434,-0.3173035,0.01768626,-0.989674985408783
5,435,-0.30003533,0.01726817,0.6881518959999084
5,436,-0.28426152,0.0157738,0.03963141888380051
5,437,-0.27098516,0.013276364,-0.5684762597084045
5,438,-0.25792718,0.013057977,1.1017546653747559
5,439,-0.24815738,0.0097697945,-1.0313808917999268
5,440,-0.24163477,0.006522617,-0.939042329788208
5,441,-0.2371084,0.004526377,-0.08322175592184067
5,442,-0.23597576,0.0011326337,-1.0914133787155151
5,443,-0.2352424,0.00073335535,1.1860120296478271
5,444,-0.23505965,0.00018274084,0.9014905095100403
5,445,-0.23785359,-0.0027939312,-0.7152886986732483
5,446,-0.24397412,-0.0061205258,-0.9576695561408997
5,447,-0.25266758,-0.00869345,-0.47546419501304626
5,448,-0.26467654,-0.012008976,-1.0157127380371094
5,449,-0.27708647,-0.012409918,0.9010006785392761
5,450,-0.29243547,-0.015348994,-0.8361412286758423
5,451,-0.31038916,-0.0179537,-0.6710953116416931
5,452,-0.3283351,-0.017945943,1.0152004957199097
5,453,-0.34894595,-0.020610841,-0.8551676273345947
5,454,-0.37230757,-0.02336162,-1.1385104656219482
5,455,-0.39826065,-0.025953077,-0.9968876838684082
5,456,-0.42363176,-0.025371118,1.209583044052124
5,457,-0.44824144,-0.024609681,1.2036453485488892
5,458,-0.4719115,-0.023670059,1.0331400632858276
5,459,-0.49746764,-0.025556162,-1.0343103408813477
5,460,-0.5247196,-0.027251944,-1.4724454879760742
5,461,-0.55346316,-0.028743537,-1.1130805015563965
5,462,-0.58348304,-0.030019853,-1.0529005527496338
5,463,-0.61161834,-0.028135309,0.958549976348877
5,464,-0.64060116,-0.028982807,-1.1661940813064575
5,465,-0.67022437,-0.029623197,-1.1093709468841553
5,466,-0.700283,-0.030058628,-1.2302132844924927
5,467,-0.7275777,-0.02729468,1.0521883964538574
5,468,-0.75193626,-0.024358546,1.1375447511672974
5,469,-0.7762131,-0.02427684,-1.0712758302688599
5,470,-0.7987726,-0.022559447,-0.0006660182843916118
5,471,-0.8186046,-0.019832024,0.5934460163116455
5,472,-0.8380018,-0.019397208,-1.1893571615219116
5,473,-0.85687536,-0.018873593,-1.0955300331115723
5,474,-0.87232995,-0.015454603,0.8770279884338379
5,475,-0.8871207,-0.014790796,-1.0451380014419556
5,476,-0.9011943,-0.014073575,-1.1476978063583374
5,477,-0.9143827,-0.013188412,-0.9192206263542175
5,478,-0.92676693,-0.012384248,-1.2699944972991943
5,479,-0.9381331,-0.01136621,-0.8803765177726746
5,480,-0.94863135,-0.010498244,-0.9996030926704407
5,481,-0.95806104,-0.009429682,-0.8819563388824463
5,482,-0.96657956,-0.008518536,-1.0453968048095703
5,483,-0.97177964,-0.005200089,0.594138503074646
5,484,-0.97479117,-0.0030115072,-0.16513481736183167
5,485,-0.9767264,-0.0019352649,-0.910006046295166
5,486,-0.9755024,0.0012240337,0.4766402244567871
5,487,-0.9733359,0.002166429,-1.0094212293624878
5,488,-0.97023064,0.003105305,-1.0815608501434326
5,489,-0.9661917,0.0040389565,-1.1625133752822876
5,490,-0.9612262,0.004965497,-1.0586100816726685
5,491,-0.9553434,0.0058828075,-1.0236154794692993
5,492,-0.94828004,0.0070633665,-0.8167479634284973
5,493,-0.9403259,0.007954095,-1.2329362630844116
5,494,-0.9309327,0.009393187,-0.622340977191925
5,495,-0.91769004,0.013242651,1.5151593685150146
5,496,-0.9036337,0.014056325,-1.191659927368164
5,497,-0.8888057,0.014828018,-1.115854024887085
5,498,-0.87325466,0.015551049,-1.34837806224823
5,499,-0.85703635,0.016218321,-1.2441080808639526
5,500,-0.8398186,0.017217748,-0.7364487648010254
5,501,-0.8220693,0.017749336,-1.045861840248108
5,502,-0.80383587,0.018233433,-0.9780457615852356
5,503,-0.7823764,0.021459486,0.9088386297225952
5,504,-0.75964063,0.022735769,-0.316925048828125
5,505,-0.73490846,0.024732199,0.24693459272384644
5,506,-0.707402,0.027506454,0.8623115420341492
5,507,-0.68002,0.027382003,-0.956115186214447
5,508,-0.6530074,0.027012577,-1.1045055389404297
5,509,-0.62654847,0.026458945,-1.058618426322937
5,510,-0.6005022,0.026046252,-0.7817322611808777
5,511,-0.57242054,0.028081646,0.975814163684845
5,512,-0.54540384,0.02701672,-0.9531877040863037
5,513,-0.51694137,0.028462471,0.8548862338066101
5,514,-0.4900236,0.026917769,-0.9965176582336426
5,515,-0.4647891,0.025234519,-0.95457524061203
5,516,-0.44084516,0.023943925,-0.5678706765174866
5,517,-0.41900322,0.021841945,-0.9917889833450317
5,518,-0.39658165,0.022421569,0.9008530378341675
5,519,-0.37658983,0.019991826,-1.108947515487671
5,520,-0.3591652,0.017424656,-1.2829314470291138
5,521,-0.34417757,0.014987612,-0.835469663143158
5,522,-0.33171102,0.01246655,-0.8262982368469238
5,523,-0.31944972,0.0122613,0.7704859375953674
5,524,-0.30714938,0.012300331,0.9841399788856506
5,525,-0.2950569,0.012092458,0.8691968321800232
5,526,-0.28604734,0.009009564,-1.0572783946990967
5,527,-0.28017238,0.005874953,-1.1517459154129028
5,528,-0.27454385,0.0056285406,0.947520911693573
5,529,-0.27211422,0.002429637,-1.021600365638733
5,530,-0.27262014,-0.00050593266,-0.8155618906021118
5,531,-0.27579206,-0.0031719215,-0.6376858949661255
5,532,-0.28210697,-0.0063149,-0.9673028588294983
5,533,-0.28857872,-0.0064717564,1.121755599975586
5,534,-0.29517066,-0.0065919557,1.3531807661056519
5,535,-0.30184487,-0.0066741887,1.0551637411117554
5,536,-0.30856222,-0.0067173513,1.4180177450180054
5,537,-0.3166043,-0.008042065,0.11900075525045395
5,538,-0.32720074,-0.010596457,-0.7332020998001099
5,539,-0.3406864,-0.013485685,-1.0804533958435059
5,540,-0.35695678,-0.016270377,-0.9871107935905457
5,541,-0.3745159,-0.017559124,-0.060230229049921036
5,542,-0.391943,-0.017427117,0.8088160157203674
5,543,-0.41180253,-0.019859532,-0.9803136587142944
5,544,-0.43110555,-0.019303033,0.9195597767829895
5,545,-0.4518342,-0.020728644,-0.4938524067401886
5,546,-0.47370642,-0.021872211,-0.4063204228878021
5,547,-0.49548727,-0.021780863,0.30943018198013306
5,548,-0.51768607,-0.022198785,-0.13822320103645325
5,549,-0.5414292,-0.023743128,-1.0971769094467163
5,550,-0.56591976,-0.024490563,-0.587399959564209
5,551,-0.58896846,-0.023048677,0.7502203583717346
5,552,-0.61303,-0.02406154,-1.2020564079284668
5,553,-0.6353589,-0.02232894,0.7132563591003418
5,554,-0.6583653,-0.023006354,-1.130405068397522
5,555,-0.6788882,-0.020522917,1.0147604942321777
5,556,-0.69959176,-0.020703526,-0.8690710663795471
5,557,-0.7205358,-0.020944055,-1.0444201231002808
5,558,-0.7415873,-0.021051468,-1.267203688621521
5,559,-0.7626179,-0.021030622,-1.1210523843765259
5,560,-0.7833956,-0.0207777,-0.9266689419746399
5,561,-0.80350757,-0.020111997,-0.7276074290275574
5,562,-0.8232367,-0.019729152,-0.9855376482009888
5,563,-0.8425092,-0.019272525,-1.092119812965393
5,564,-0.8612385,-0.018729243,-1.02634859085083
5,565,-0.87655085,-0.0153123615,0.8639534115791321
5,566,-0.8881837,-0.011632872,1.1349223852157593
5,567,-0.8987756,-0.010591868,-0.7865927815437317
5,568,-0.9086112,-0.009835628,-1.09526789188385
5,569,-0.9147853,-0.0061741173,0.9163236618041992
5,570,-0.9201541,-0.0053687836,-1.0639305114746094
5,571,-0.9240483,-0.0038942094,-0.5640251040458679
5,572,-0.9269447,-0.00289635,-0.8889719247817993
5,573,-0.9290019,-0.002057277,-1.1640419960021973
5,574,-0.9302147,-0.0012128019,-1.1569327116012573
5,575,-0.9275799,0.0026348156,1.0431294441223145
5,576,-0.9236661,0.003913778,-0.7078589797019958
5,577,-0.9188825,0.0047836457,-0.9736084938049316
5,578,-0.9131457,0.005736775,-0.9092786908149719
5,579,-0.9063348,0.0068109254,-0.8175988793373108
5,580,-0.8985926,0.007742232,-0.8991797566413879
5,581,-0.88709474,0.011497881,1.0328736305236816
5,582,-0.8748797,0.012215013,-1.0762660503387451
5,583,-0.85959333,0.015286358,0.5986822247505188
5,584,-0.8436926,0.015900752,-1.021543264389038
5,585,-0.82724345,0.016449135,-1.1387299299240112
5,586,-0.80756074,0.019682735,0.83893883228302
5,587,-0.7869055,0.020655239,-0.6058697700500488
5,588,-0.76340765,0.023497853,0.7112482190132141
5,589,-0.7397624,0.023645237,-1.0969769954681396
5,590,-0.7132436,0.026518801,0.9090688824653625
5,591,-0.6868116,0.026431963,-0.9557828903198242
5,592,-0.6607039,0.02610773,-1.2420047521591187
5,593,-0.63486004,0.025843877,-0.8422603011131287
5,594,-0.6079689,0.0268911,0.15211394429206848
5,595,-0.5819518,0.02601714,-1.1166694164276123
5,596,-0.55699927,0.024952557,-1.028059720993042
5,597,-0.53329664,0.023702642,-1.0919075012207031
5,598,-0.5083532,0.02494345,0.7787230014801025
5,599,-0.48502403,0.023329148,-1.0267401933670044
5,600,-0.46348354,0.021540483,-1.138401985168457
5,601,-0.4438915,0.01959206,-1.0549217462539673
5,602,-0.4257682,0.018123299,-0.584424614906311
5,603,-0.40986815,0.015900059,-1.0565475225448608
5,604,-0.39540052,0.014467633,-0.3972659409046173
5,605,-0.38337085,0.012029675,-1.0105096101760864
5,606,-0.37386215,0.009508713,-1.0593485832214355
5,607,-0.36690542,0.006956733,-0.977563738822937
5,608,-0.3625137,0.004391725,-0.9550755620002747
5,609,-0.36078364,0.0017300649,-1.0541460514068604
5,610,-0.36002493,0.0007587117,0.13452064990997314
5,611,-0.36194438,-0.0019194443,-1.2943522930145264
5,612,-0.36621365,-0.0042692847,-0.789600670337677
5,613,-0.37305507,-0.006841408,-0.9567373991012573
5,614,-0.38045043,-0.007395361,0.3580876290798187
5,615,-0.39032346,-0.009873024,-0.9578317999839783
5,616,-0.40011755,-0.009794083,0.7013904452323914
5,617,-0.4093167,-0.009199156,1.2280043363571167
5,618,-0.42010555,-0.010788865,-0.49952414631843567
5,619,-0.4331582,-0.0130526535,-1.1179279088974
5,620,-0.44838086,-0.015222666,-1.1501519680023193
5,621,-0.4656629,-0.017282024,-1.184282660484314
5,622,-0.48487726,-0.019214358,-1.0253431797027588
5,623,-0.50495654,-0.020079287,-0.38344696164131165
5,624,-0.5257056,-0.02074906,-0.3533531427383423
5,625,-0.5451592,-0.019453628,0.8530879616737366
5,626,-0.5657714,-0.020612195,-0.8801056146621704
5,627,-0.5854107,-0.019639319,0.43828272819519043
5,628,-0.6038239,-0.018413158,0.5101490020751953
5,629,-0.62314117,-0.019317262,-1.4437795877456665
5,630,-0.6431913,-0.020050133,-0.9789285063743591
5,631,-0.6638636,-0.020672308,-1.327255129814148
5,632,-0.682629,-0.018765396,0.5904658436775208
5,633,-0.7017464,-0.019117404,-1.051604986190796
5,634,-0.7180904,-0.016344,1.0014660358428955
5,635,-0.7345571,-0.01646668,-1.353845238685608
5,636,-0.74888486,-0.014327773,0.4401628077030182
5,637,-0.7631487,-0.014263855,-1.1003957986831665
5,638,-0.7771413,-0.01399257,-0.9164248108863831
5,639,-0.7909104,-0.01376913,-1.5577375888824463
5,640,-0.80428207,-0.013371672,-0.9328653812408447
5,641,-0.8172887,-0.013006647,-1.1049796342849731
5,642,-0.82706237,-0.009773667,0.8696200847625732
5,643,-0.8363617,-0.009299308,-1.2392009496688843
5,644,-0.8448996,-0.008537893,-0.8366360068321228
5,645,-0.85288393,-0.007984335,-1.1706875562667847
5,646,-0.86028117,-0.0073972163,-1.098352313041687
5,647,-0.86706126,-0.006780074,-1.0216633081436157
5,648,-0.8731976,-0.006136328,-1.0300239324569702
5,649,-0.8786669,-0.0054692687,-1.0732150077819824
5,650,-0.8834151,-0.0047482187,-0.9774465560913086
5,651,-0.8850525,-0.0016373991,0.604383111000061
5,652,-0.8859799,-0.0009273867,-1.0482914447784424
5,653,-0.88590044,7.94367e-05,-0.8042879700660706
5,654,-0.8850378,0.0008626336,-0.9531875252723694
5,655,-0.8834652,0.0015725944,-1.1482855081558228
5,656,-0.8807971,0.0026680955,-0.7392805814743042
5,657,-0.87720066,0.0035964502,-0.8443721532821655
5,658,-0.87292236,0.0042783227,-1.043302059173584
5,659,-0.8650437,0.007878646,0.9561963677406311
5,660,-0.8565291,0.008514568,-1.1631220579147339
5,661,-0.8474125,0.009116611,-1.1039934158325195
5,662,-0.83773166,0.009680861,-1.0898324251174927
5,663,-0.82752836,0.010203287,-1.0940698385238647
5,664,-0.8167789,0.010749472,-0.9535437226295471
5,665,-0.8056033,0.011175587,-1.086753487586975
5,666,-0.7940561,0.011547196,-1.227866768836975
5,667,-0.78219587,0.011860277,-1.0820999145507812
5,668,-0.77008486,0.012110979,-1.15804922580719
5,669,-0.7559248,0.014160039,0.24289342761039734
5,670,-0.7413898,0.014535012,-0.819857120513916
5,671,-0.72554773,0.015842084,-0.14173290133476257
5,672,-0.709782,0.01576573,-1.172984004020691
5,673,-0.6941914,0.015590622,-1.191748857498169
5,674,-0.67887646,0.015314942,-1.052785873413086
5,675,-0.6639386,0.01493786,-1.1747870445251465
5,676,-0.649479,0.014459588,-1.1429492235183716
5,677,-0.6355976,0.013881409,-1.2213910818099976
5,678,-0.6223919,0.013205684,-1.3491573333740234
5,679,-0.60709476,0.015297145,0.9075415134429932
5,680,-0.59193885,0.015155933,-0.507269024848938
5,681,-0.5761103,0.01582853,0.10908568650484085
5,682,-0.5585942,0.017516105,0.8635765910148621
5,683,-0.5393161,0.019278089,1.3220134973526
5,684,-0.5213694,0.017946705,-0.9661463499069214
5,685,-0.5047992,0.016570223,-0.9065081477165222
5,686,-0.4898699,0.014929301,-1.1164323091506958
5,687,-0.47629455,0.013575345,-0.7342804670333862
5,688,-0.46240383,0.013890723,0.4459798336029053
5,689,-0.4478962,0.0145076215,0.715524435043335
5,690,-0.43545148,0.012444721,-1.0513955354690552
5,691,-0.42516017,0.010291294,-1.103722333908081
5,692,-0.41709647,0.008063689,-1.0702091455459595
5,693,-0.4110435,0.006052969,-0.8169823288917542
5,694,-0.40714073,0.0039027706,-0.8813229203224182
5,695,-0.40559372,0.0015469961,-1.0351347923278809
5,696,-0.40612683,-0.00053309667,-0.8089505434036255
5,697,-0.40902284,-0.002896012,-1.0773186683654785
5,698,-0.41134,-0.0023171655,0.9475630521774292
5,699,-0.41298327,-0.0016432811,1.0555263757705688
5,700,-0.41694102,-0.0039577545,-1.0128085613250732
5,701,-0.4228936,-0.0059525934,-0.805657148361206
5,702,-0.42815664,-0.005263043,0.9556010365486145
5,703,-0.4356082,-0.0074515697,-0.9883007407188416
5,704,-0.44520313,-0.009594924,-0.994041383266449
5,705,-0.4538806,-0.008677485,1.011435627937317
5,706,-0.46447885,-0.010598228,-0.9344407320022583
5,707,-0.47701815,-0.012539307,-1.0021116733551025
5,708,-0.49140567,-0.014387526,-1.112537145614624
5,709,-0.50753427,-0.0161286,-1.1714472770690918
5,710,-0.52508014,-0.017545862,-0.8645500540733337
5,711,-0.5441149,-0.019034753,-1.0725045204162598
5,712,-0.56441796,-0.02030306,-0.948053777217865
5,713,-0.5859156,-0.02149768,-1.190972089767456
5,714,-0.6084486,-0.022533022,-1.2335699796676636
5,715,-0.62957394,-0.021125343,0.5187699794769287
5,716,-0.64843994,-0.018865999,0.9852347373962402
5,717,-0.6678914,-0.019451426,-1.2011215686798096
5,718,-0.6866906,-0.018799238,-0.2643497586250305
5,719,-0.7028499,-0.01615928,0.9766618013381958
5,720,-0.71920604,-0.016356107,-0.9848986268043518
5,721,-0.73567784,-0.016471814,-1.0375421047210693
5,722,-0.7504483,-0.014770466,0.14394402503967285
5,723,-0.7633799,-0.012931602,0.1772099733352661
5,724,-0.7759232,-0.012543341,-0.8393107056617737
5,725,-0.78824973,-0.01232653,-1.0900570154190063
5,726,-0.7985757,-0.010325961,0.1451629102230072
5,727,-0.8084748,-0.009899059,-0.9395672082901001
5,728,-0.8152162,-0.006741403,0.847892701625824
5,729,-0.82077277,-0.005556584,-0.48920175433158875
5,730,-0.82300884,-0.002236072,0.9169599413871765
5,731,-0.8247694,-0.0017605609,-0.9867018461227417
5,732,-0.82317907,0.0015902818,0.924720048904419
5,733,-0.8181324,0.005046641,1.0367242097854614
5,734,-0.8126532,0.0054792115,-1.181174635887146
5,735,-0.8067677,0.005885453,-1.0913066864013672
5,736,-0.80050486,0.00626284,-1.1001614332199097
5,737,-0.79387045,0.006634425,-0.9829698204994202
5,738,-0.786283,0.0075874147,-0.5727550387382507
5,739,-0.7782672,0.008015783,-0.8960570693016052
5,740,-0.77002186,0.00824533,-1.026226282119751
5,741,-0.7611166,0.008905229,-0.6829806566238403
5,742,-0.750389,0.010727644,0.1253296434879303
5,743,-0.73658866,0.013800347,1.2670841217041016
5,744,-0.7203068,0.016281834,0.6603772044181824
5,745,-0.7039926,0.01631423,-0.9058428406715393
5,746,-0.687745,0.016247619,-0.9029898047447205
5,747,-0.6718154,0.01592956,-1.0049760341644287
5,748,-0.65381634,0.017999034,0.6627464890480042
5,749,-0.63336533,0.020451015,1.1514493227005005
5,750,-0.61340535,0.01996001,-0.8663038611412048
5,751,-0.5934865,0.01991885,-0.47106117010116577
5,752,-0.57451254,0.018973952,-0.976815938949585
5,753,-0.5566582,0.017854322,-1.1248403787612915
5,754,-0.54005635,0.01660186,-1.3698601722717285
5,755,-0.5248311,0.015225242,-1.0134358406066895
5,756,-0.50809664,0.016734485,1.214874505996704
5,757,-0.49297836,0.015118261,-1.0396623611450195
5,758,-0.47958943,0.013388931,-1.0864436626434326
5,759,-0.46802962,0.011559819,-1.1674128770828247
5,760,-0.45787072,0.010158887,-0.6573938131332397
5,761,-0.449664,0.008206735,-0.9749197363853455
5,762,-0.44350722,0.0061567603,-1.0453169345855713
5,763,-0.43923455,0.0042726826,-0.8594362139701843
5,764,-0.4369023,0.0023322313,-0.8763021230697632
5,765,-0.43649244,0.0004098854,-0.8529523611068726
5,766,-0.43822846,-0.001736002,-1.0337187051773071
5,767,-0.44193712,-0.0037086506,-0.8928984999656677
5,768,-0.44775212,-0.005815005,-1.0220363140106201
5,769,-0.4553404,-0.0075882594,-0.8062002658843994
5,770,-0.46454713,-0.009206756,-0.7400861978530884
5,771,-0.4756329,-0.011085775,-0.9589628577232361
5,772,-0.48818478,-0.012551878,-0.7383992671966553
5,773,-0.5012106,-0.013025799,-0.13921014964580536
5,774,-0.5159041,-0.014693584,-1.2779017686843872
5,775,-0.52928996,-0.013385807,0.9103209972381592
5,776,-0.54115915,-0.011869163,0.9826413989067078
5,777,-0.55423707,-0.0130779445,-0.8936152458190918
5,778,-0.5674723,-0.013235219,-0.25782516598701477
5,779,-0.5791211,-0.011648829,0.8388581871986389
5,780,-0.5915663,-0.012445195,-0.8072404265403748
5,781,-0.60500526,-0.013438963,-1.0489280223846436
5,782,-0.61648923,-0.01148395,0.9003438353538513
5,783,-0.6287855,-0.012296253,-1.1569679975509644
5,784,-0.6418059,-0.01302038,-1.061012625694275
5,785,-0.65545815,-0.013652292,-1.0400755405426025
5,786,-0.6696471,-0.014188938,-1.2597252130508423
5,787,-0.6840922,-0.01444514,-0.8779020309448242
5,788,-0.6977058,-0.013613587,-0.21745111048221588
5,789,-0.7086858,-0.010979988,0.9242448806762695
5,790,-0.7172571,-0.008571262,0.7272089123725891
5,791,-0.7256288,-0.008371696,-0.7816880941390991
5,792,-0.734065,-0.008436195,-0.9924294948577881
5,793,-0.7425255,-0.008460509,-1.0355024337768555
5,794,-0.7509596,-0.008434083,-1.273412823677063
5,795,-0.75834084,-0.007381234,-0.3487851619720459
5,796,-0.7656035,-0.007262623,-1.0502322912216187
5,797,-0.7722605,-0.006657032,-0.7027628421783447
5,798,-0.7786224,-0.006361929,-0.9344241619110107
5,799,-0.7817528,-0.0031304585,1.0188168287277222
5,800,-0.78463495,-0.0028821293,-1.1608890295028687
5,801,-0.7872534,-0.0026184146,-1.0771944522857666
5,802,-0.7865942,0.0006591637,1.0125277042388916
5,803,-0.7856072,0.0009870122,-0.9641667604446411
5,804,-0.78435135,0.0012558874,-1.0476486682891846
5,805,-0.7828333,0.0015180941,-1.0783960819244385
5,806,-0.78074116,0.0020921146,-0.7867279052734375
5,807,-0.77840614,0.0023350124,-1.0343964099884033
5,808,-0.77302045,0.0053857,0.8802583813667297
5,809,-0.76725537,0.0057650614,-0.8810397386550903
5,810,-0.7613213,0.0059340415,-1.156302571296692
5,811,-0.7526269,0.0086944355,0.7498748302459717
5,812,-0.7436998,0.008927118,-0.9020214676856995
5,813,-0.7346026,0.009097209,-0.9088664650917053
5,814,-0.72552645,0.009076147,-1.0574456453323364
5,815,-0.7165268,0.0089996625,-1.2734640836715698
5,816,-0.7076596,0.008867179,-1.1926430463790894
5,817,-0.6962259,0.011433708,0.8367748856544495
5,818,-0.6850546,0.011171308,-1.2674015760421753
5,819,-0.67121917,0.01383543,1.0544084310531616
5,820,-0.6578124,0.013406746,-1.0514607429504395
5,821,-0.64476824,0.013044187,-0.8947885632514954
5,822,-0.6318163,0.012951924,-0.6541008353233337
5,823,-0.619567,0.012249374,-1.0192149877548218
5,824,-0.60810775,0.011459233,-1.330504059791565
5,825,-0.59713465,0.010973101,-0.7421212196350098
5,826,-0.5870516,0.010083077,-0.9580533504486084
5,827,-0.5779216,0.009129932,-0.9507807493209839
5,828,-0.5696118,0.00830984,-0.8171414732933044
5,829,-0.55950403,0.010107758,0.9692767262458801
5,830,-0.5506275,0.008876528,-1.0663368701934814
5,831,-0.54283136,0.00779616,-0.8552407622337341
5,832,-0.53630453,0.006526799,-0.9423503875732422
5,833,-0.5285488,0.007755778,0.7558057904243469
5,834,-0.52187204,0.006676714,-0.7441248893737793
5,835,-0.51670825,0.0051637636,-1.006133794784546
5,836,-0.51309615,0.0036120885,-1.051893949508667
5,837,-0.51054126,0.0025548688,-0.6523087024688721
5,838,-0.5093127,0.001228598,-0.8189097046852112
5,839,-0.5094674,-0.000154723,-0.850805401802063
5,840,-0.5112281,-0.0017606764,-1.0077530145645142
5,841,-0.514381,-0.0031529318,-0.8663310408592224
5,842,-0.5189746,-0.004593629,-0.9143818020820618
5,843,-0.5251029,-0.0061283093,-1.3427106142044067
5,844,-0.53271997,-0.0076170284,-1.070813775062561
5,845,-0.5387686,-0.006048628,1.1313354969024658
5,846,-0.5462035,-0.007434894,-1.4266237020492554
5,847,-0.5548027,-0.008599194,-0.8891369104385376
5,848,-0.5628256,-0.008022879,0.22841776907444
5,849,-0.572055,-0.009229356,-1.3426564931869507
5,850,-0.5824222,-0.010367214,-1.0805656909942627
5,851,-0.5918244,-0.0094022015,0.350748747587204
5,852,-0.6022185,-0.010394074,-1.1217061281204224
5,853,-0.6107464,-0.008527866,0.8546746969223022
5,854,-0.62012804,-0.009381679,-1.107816457748413
5,855,-0.6302958,-0.010167786,-1.1833875179290771
5,856,-0.638177,-0.007881153,1.1763454675674438
5,857,-0.64671564,-0.008538639,-1.0516999959945679
5,858,-0.6558518,-0.009136114,-1.143210530281067
5,859,-0.6635231,-0.0076713213,0.33247679471969604
5,860,-0.6716755,-0.008152438,-1.1438262462615967
5,861,-0.6802535,-0.008578031,-1.048466682434082
5,862,-0.6888083,-0.008554842,-0.7392977476119995
5,863,-0.6946742,-0.0058658803,1.0481137037277222
5,864,-0.7007482,-0.0060739866,-0.9570549130439758
5,865,-0.70405525,-0.0033070305,1.377234697341919
5,866,-0.7050083,-0.0009530885,0.7104445695877075
5,867,-0.70616704,-0.0011586926,-1.0501534938812256
5,868,-0.7075239,-0.0013568698,-1.0192527770996094
5,869,-0.70607024,0.0014536299,1.5299763679504395
5,870,-0.7048154,0.001254833,-1.1886823177337646
5,871,-0.7015761,0.0032392691,0.46085238456726074
5,872,-0.6985645,0.003011574,-1.0909423828125
5,873,-0.6955005,0.003064031,-0.8002355098724365
5,874,-0.6927036,0.002796902,-1.0892395973205566
5,875,-0.6901921,0.0025114813,-1.1840652227401733
5,876,-0.6879289,0.002263183,-0.9642528891563416
5,877,-0.68541354,0.002515399,-0.62062668800354
5,878,-0.683134,0.0022795023,-0.9349332451820374
5,879,-0.6812032,0.0019308574,-1.0440136194229126
5,880,-0.67963386,0.0015693391,-1.0365822315216064
5,881,-0.6784365,0.0011973295,-1.2265174388885498
5,882,-0.67478925,0.0036472892,0.8866604566574097
5,883,-0.6712672,0.003522053,-0.813788652420044
5,884,-0.6681735,0.0030936943,-1.0359301567077637
5,885,-0.66490066,0.0032728163,-0.5810071229934692
5,886,-0.6606792,0.004221419,-0.05313742533326149
5,887,-0.65400285,0.006676385,0.9703983068466187
5,888,-0.6465077,0.007495179,-0.08965320140123367
5,889,-0.6396114,0.006896249,-1.1798819303512573
5,890,-0.6332503,0.006361111,-0.9251821041107178
5,891,-0.62758154,0.005668746,-1.068627953529358
5,892,-0.6226397,0.0049418146,-0.9961433410644531
5,893,-0.61846596,0.0041737403,-1.0228410959243774
5,894,-0.6150903,0.0033756779,-1.003934383392334
5,895,-0.609537,0.005553281,1.325928807258606
5,896,-0.6022298,0.007307239,0.7443585991859436
5,897,-0.5950134,0.007216409,-0.4500722587108612
5,898,-0.58869654,0.0063168686,-0.9540411829948425
5,899,-0.5831299,0.0055666603,-0.8235625624656677
5,900,-0.5785927,0.004537188,-0.9823906421661377
5,901,-0.57514495,0.003447774,-1.0542428493499756
5,902,-0.5710676,0.004077383,0.16303414106369019
5,903,-0.56513536,0.0059321965,1.0634838342666626
5,904,-0.56039244,0.0047429153,-1.1320664882659912
5,905,-0.55687416,0.0035183078,-1.2860174179077148
5,906,-0.5546067,0.002267459,-1.050191879272461
5,907,-0.5535175,0.0010891695,-0.9403423070907593
5,908,-0.5536104,-9.283915e-05,-0.9373987317085266
5,909,-0.5547243,-0.0011138754,-0.8305462002754211
5,910,-0.55471355,1.0723911e-05,0.5943314433097839
5,911,-0.55586493,-0.0011513962,-0.9300947785377502
5,912,-0.5582747,-0.0024097778,-1.0097925662994385
5,913,-0.56173116,-0.0034564855,-0.8708721399307251
5,914,-0.56625706,-0.004525911,-0.9031966328620911
5,915,-0.57148933,-0.0052322913,-0.6836298108100891
5,916,-0.57780963,-0.0063203024,-0.9639706015586853
5,917,-0.5835766,-0.005767003,0.09900511801242828
5,918,-0.58960044,-0.0060238168,-0.4694827198982239
5,919,-0.596632,-0.007031544,-0.9996744990348816
5,920,-0.60462016,-0.007988167,-1.1028168201446533
5,921,-0.61094725,-0.006327067,0.706270158290863
5,922,-0.6181267,-0.007179425,-1.2402430772781372
5,923,-0.6260206,-0.007893904,-0.9426494836807251
5,924,-0.6336679,-0.007647258,-0.33965834975242615
5,925,-0.64169085,-0.008022994,-0.7908887267112732
5,926,-0.6501658,-0.008474972,-0.8795047998428345
5,927,-0.6591157,-0.008949903,-0.9343586564064026
5,928,-0.66857696,-0.009461294,-1.0027742385864258
5,929,-0.67848486,-0.009907916,-1.158569574356079
5,930,-0.6887725,-0.010287623,-1.0433027744293213
5,931,-0.6993714,-0.010598897,-1.3785741329193115
5,932,-0.71021223,-0.010840854,-1.2449923753738403
5,933,-0.721085,-0.010872809,-0.9063887000083923
5,934,-0.73172736,-0.010642353,-0.7770335674285889
5,935,-0.7424082,-0.010680856,-1.0328587293624878
5,936,-0.7502071,-0.007798901,0.904151439666748
5,937,-0.7579344,-0.0077272584,-1.0493628978729248
5,938,-0.76553345,-0.0075990395,-0.9920451045036316
5,939,-0.77042884,-0.004895409,0.6961917877197266
5,940,-0.7732413,-0.0028124175,0.26424479484558105
5,941,-0.77585155,-0.0026102834,-1.1291682720184326
5,942,-0.7782454,-0.0023938632,-1.106505274772644
5,943,-0.7804098,-0.0021644335,-1.4039725065231323
5,944,-0.7820644,-0.0016545558,-0.8208250403404236
5,945,-0.7806984,0.0013659811,0.8470253944396973
5,946,-0.77908975,0.001608649,-1.059949517250061
5,947,-0.77724713,0.001842646,-1.1158151626586914
5,948,-0.7721805,0.0050666616,1.0664284229278564
5,949,-0.7669175,0.00526296,-1.0168720483779907
5,950,-0.76034737,0.0065701455,-0.23993825912475586
5,951,-0.7506472,0.009700196,1.0292644500732422
5,952,-0.7382485,0.012398671,0.74951171875
5,953,-0.72578007,0.0124684535,-0.9540760517120361
5,954,-0.71338654,0.012393531,-1.358595371246338
5,955,-0.6981453,0.015241271,1.184707760810852
5,956,-0.6816658,0.01647947,-0.007925756275653839
5,957,-0.66554475,0.01612104,-1.114052176475525
5,958,-0.6469522,0.018592548,0.959199070930481
5,959,-0.62767094,0.019281285,-0.1436280757188797
5,960,-0.6090214,0.018649505,-0.9331345558166504
5,961,-0.59123826,0.017783185,-1.0964616537094116
5,962,-0.57420653,0.01703172,-0.8368583917617798
5,963,-0.5582967,0.01590982,-1.044819951057434
5,964,-0.5434419,0.0148547925,-0.8765286207199097
5,965,-0.5296369,0.013804979,-0.799032986164093
5,966,-0.517161,0.0124758985,-0.916242778301239
5,967,-0.5032334,0.013927618,1.157867670059204
5,968,-0.49067926,0.012554103,-0.8139135241508484
5,969,-0.47723836,0.013440902,0.7555301785469055
5,970,-0.46555758,0.011680774,-0.9423633813858032
5,971,-0.45580992,0.009747662,-1.0710058212280273
5,972,-0.44534245,0.010467485,0.8164944648742676
5,973,-0.43695652,0.008385939,-1.3367624282836914
5,974,-0.4300672,0.0068893195,-0.5693963766098022
5,975,-0.42537022,0.0046970015,-1.0630733966827393
5,976,-0.41992822,0.005442002,0.9807321429252625
5,977,-0.41549963,0.004428583,-0.16557593643665314
5,978,-0.41325718,0.0022424473,-0.9263523817062378
5,979,-0.41332728,-7.008352e-05,-1.0441842079162598
5,980,-0.4127094,0.0006178828,1.1630395650863647
5,981,-0.4144079,-0.0016985324,-1.1341536045074463
5,982,-0.4160606,-0.0016526763,0.5668135285377502
5,983,-0.4200059,-0.0039452943,-1.006975531578064
5,984,-0.42621568,-0.0062097944,-1.0390032529830933
5,985,-0.43213186,-0.005916176,0.6757640838623047
5,986,-0.43722546,-0.0050936015,1.0293586254119873
5,987,-0.4419076,-0.0046821414,0.7013567090034485
5,988,-0.44869632,-0.0067887106,-1.0392853021621704
5,989,-0.45664224,-0.007945911,-0.40009820461273193
5,990,-0.46658695,-0.009944715,-1.239719271659851
5,991,-0.47804013,-0.011453176,-0.7219697833061218
5,992,-0.49133393,-0.013293803,-1.0363571643829346
5,993,-0.50636935,-0.015035411,-1.0506209135055542
5,994,-0.52303123,-0.016661895,-0.9982139468193054
5,995,-0.53829163,-0.015260373,0.937185525894165
5,996,-0.55494183,-0.016650213,-1.1080011129379272
5,997,-0.57194996,-0.01700813,-0.3950956463813782
5,998,-0.5900967,-0.018146766,-1.2451691627502441
5,999,-0.606248,-0.016151333,1.01575767993927
