episode,step,position,velocity,action
1,1,-0.4037381,-0.0023965088,-1.0251435041427612
1,2,-0.40835696,-0.00461884,-0.8950822949409485
1,3,-0.41496828,-0.0066113053,-0.7635116577148438
1,4,-0.42387998,-0.008911689,-1.0690147876739502
1,5,-0.4349916,-0.011111604,-0.9754197597503662
1,6,-0.44825995,-0.013268359,-1.0266889333724976
1,7,-0.46350494,-0.015244999,-0.9442645311355591
1,8,-0.4806741,-0.017169142,-0.9839175343513489
1,9,-0.49729624,-0.01662216,0.5786852836608887
1,10,-0.5154862,-0.018189946,-0.9138143062591553
1,11,-0.53523695,-0.019750785,-1.021406650543213
1,12,-0.5563537,-0.021116752,-0.9688233137130737
1,13,-0.5787188,-0.022365106,-0.9957467317581177
1,14,-0.6021724,-0.023453588,-1.0168431997299194
1,15,-0.6265421,-0.024369728,-1.0675299167633057
1,16,-0.6515186,-0.024976498,-0.9110870361328125
1,17,-0.67704487,-0.02552627,-0.990530788898468
1,18,-0.7028668,-0.025821917,-0.9375163912773132
1,19,-0.72890806,-0.026041288,-1.0372445583343506
1,20,-0.7549521,-0.026044002,-0.9646700620651245
1,21,-0.780872,-0.025919925,-0.9833872318267822
1,22,-0.8065483,-0.025676325,-1.001104474067688
1,23,-0.83180195,-0.025253655,-0.9690867066383362
1,24,-0.8565396,-0.024737645,-0.9866353273391724
1,25,-0.88067514,-0.02413556,-1.0310359001159668
1,26,-0.9041162,-0.023441086,-1.0405042171478271
1,27,-0.9267841,-0.022667885,-1.0357666015625
1,28,-0.94848025,-0.021696148,-0.9112741947174072
1,29,-0.96928525,-0.020804983,-1.0291662216186523
1,30,-0.989099,-0.0198138,-0.9605582356452942
1,31,-1.0079507,-0.018851677,-1.0139986276626587
1,32,-1.0230498,-0.015099142,0.8465625643730164
1,33,-1.0371555,-0.014105699,-1.0776700973510742
1,34,-1.0502504,-0.013094937,-0.9920695424079895
1,35,-1.0621674,-0.011917023,-0.8813202977180481
1,36,-1.0729793,-0.01081191,-0.9282445311546326
1,37,-1.0827855,-0.009806192,-0.9912049174308777
1,38,-1.0914767,-0.008691236,-0.9138736724853516
1,39,-1.0991899,-0.0077132555,-0.9999961256980896
1,40,-1.1059232,-0.0067332955,-0.9931269288063049
1,41,-1.1115679,-0.005644639,-0.9150974154472351
1,42,-1.1134771,-0.0019092526,0.8545710444450378
1,43,-1.1143868,-0.000909721,-0.9674733281135559
1,44,-1.1115083,0.0028785453,0.8925877213478088
1,45,-1.1076485,0.0038597833,-0.9815851449966431
1,46,-1.099986,0.007662532,0.8958313465118408
1,47,-1.0912551,0.008730889,-0.9335723519325256
1,48,-1.081439,0.009816012,-0.9287145733833313
1,49,-1.0705187,0.010920315,-0.9216787219047546
1,50,-1.0557023,0.014816399,0.9348000288009644
1,51,-1.0382644,0.01743798,0.08159691095352173
1,52,-1.0198274,0.018437082,-1.0128856897354126
1,53,-0.99761194,0.022215435,0.8578514456748962
1,54,-0.9715378,0.02607414,0.9242087006568909
1,55,-0.9445278,0.027010016,-1.0064594745635986
1,56,-0.91401505,0.03051278,0.7469436526298523
1,57,-0.8825478,0.03146727,-0.899067759513855
1,58,-0.8486034,0.03394439,0.18396839499473572
1,59,-0.8111341,0.03746934,0.9704483151435852
1,60,-0.7704011,0.04073298,0.9098600149154663
1,61,-0.72937614,0.041025005,-0.9296309351921082
1,62,-0.6881814,0.04119474,-0.8516117334365845
1,63,-0.64724183,0.04093957,-0.9599963426589966
1,64,-0.60640186,0.04083997,-0.6705358624458313
1,65,-0.56635123,0.04005061,-0.9360092282295227
1,66,-0.52748084,0.038870376,-1.0013703107833862
1,67,-0.49003848,0.037442364,-0.9714175462722778
1,68,-0.45139742,0.038641077,0.9666594862937927
1,69,-0.4118115,0.039585933,0.9880939722061157
1,70,-0.37165177,0.040159717,0.9310420155525208
1,71,-0.33407727,0.037574507,-0.9897769689559937
1,72,-0.29660884,0.037468422,0.8266489505767822
1,73,-0.2592666,0.03734226,0.9651374816894531
1,74,-0.2224054,0.036861178,0.8667086958885193
1,75,-0.18607782,0.03632759,0.9535197019577026
1,76,-0.15045299,0.035624824,0.9451444149017334
1,77,-0.11566367,0.034789313,0.9427511096000671
1,78,-0.08191867,0.033745002,0.8711259365081787
1,79,-0.051945966,0.029972708,-0.8982733488082886
1,80,-0.025566291,0.026379675,-0.748885989189148
1,81,-0.0029356496,0.022630641,-0.8375886082649231
1,82,0.01589381,0.01882946,-0.8675194978713989
1,83,0.03355634,0.01766253,0.8868194818496704
1,84,0.047258183,0.013701847,-0.9822273850440979
1,85,0.057229474,0.009971292,-0.8370922207832336
1,86,0.06605408,0.008824609,0.877707839012146
1,87,0.073797405,0.0077433223,0.9131920337677002
1,88,0.08045373,0.0066563245,0.9013224840164185
1,89,0.08332006,0.0028663306,-0.9083068370819092
1,90,0.08237795,-0.0009421107,-0.9240903854370117
1,91,0.07759845,-0.004779496,-0.9422277808189392
1,92,0.06896584,-0.008632617,-0.9470382928848267
1,93,0.056469105,-0.01249673,-0.9449539184570312
1,94,0.04007169,-0.016397417,-0.9576498866081238
1,95,0.019754961,-0.020316727,-0.9582361578941345
1,96,-0.0017903127,-0.021545274,0.8447096347808838
1,97,-0.02716829,-0.02537798,-0.8884936571121216
1,98,-0.056414474,-0.029246185,-0.9176692366600037
1,99,-0.08953932,-0.033124845,-0.9429193735122681
1,100,-0.12657452,-0.037035193,-1.0042359828948975
1,101,-0.16731367,-0.04073914,-0.9213541150093079
1,102,-0.21165359,-0.04433992,-0.9394370317459106
1,103,-0.2594196,-0.047765985,-0.9422186613082886
1,104,-0.31046593,-0.051046327,-1.0399025678634644
1,105,-0.36450404,-0.054038107,-1.0136981010437012
1,106,-0.42115918,-0.05665513,-0.9790688753128052
1,107,-0.4800668,-0.058907628,-0.9974916577339172
1,108,-0.5380518,-0.05798496,0.8321542143821716
1,109,-0.5974284,-0.059376597,-1.032715082168579
1,110,-0.6577558,-0.060327392,-1.0429757833480835
1,111,-0.71860397,-0.060848158,-1.0404068231582642
1,112,-0.7795695,-0.060965553,-0.9986164569854736
1,113,-0.8402985,-0.060728967,-1.0472705364227295
1,114,-0.90049374,-0.060195286,-1.0475730895996094
1,115,-0.95992726,-0.059433524,-1.028930425643921
1,116,-1.018446,-0.058518715,-1.004470944404602
1,117,-1.075974,-0.057528008,-1.0796008110046387
1,118,-1.1325113,-0.05653732,-1.1243678331375122
1,119,-1.1880057,-0.055494472,-0.917143702507019
1,120,-1.2,0.0,-1.055656909942627
1,121,-1.1991677,0.000832321,-0.9397165775299072
1,122,-1.1975907,0.0015769723,-1.0234752893447876
1,123,-1.1952236,0.002367091,-0.9731432795524597
1,124,-1.192099,0.0031246087,-1.0101513862609863
1,125,-1.1881974,0.00390157,-0.993683397769928
1,126,-1.1806488,0.0075485716,0.9115645885467529
1,127,-1.1694486,0.011200215,0.8995569944381714
1,128,-1.1574147,0.012033956,-1.0169175863265991
1,129,-1.1416397,0.015774999,0.9176433086395264
1,130,-1.1248521,0.016787596,-0.9251538515090942
1,131,-1.1071149,0.01773716,-0.9886018633842468
1,132,-1.0854746,0.021640344,0.9623087048530579
1,133,-1.0627154,0.022759212,-0.9097780585289001
1,134,-1.0359951,0.026720291,0.9758581519126892
1,135,-1.0081507,0.027844487,-0.916262149810791
1,136,-0.97640437,0.031746347,0.9459953308105469
1,137,-0.94365114,0.03275322,-0.9579708576202393
1,138,-0.90712273,0.036528382,0.9298763871192932
1,139,-0.86956125,0.03756149,-0.832923948764801
1,140,-0.8311959,0.038365338,-0.8996575474739075
1,141,-0.79209936,0.039096523,-0.8413603901863098
1,142,-0.7497724,0.04232695,0.9516533613204956
1,143,-0.70717937,0.042593062,-0.8686615824699402
1,144,-0.6618167,0.045362633,0.9741814732551575
1,145,-0.6166809,0.045135807,-0.8226712346076965
1,146,-0.5722755,0.044405423,-0.9463081359863281
1,147,-0.52617586,0.046099644,0.8869615197181702
1,148,-0.47861078,0.047565058,0.9640582203865051
1,149,-0.43278116,0.045829628,-0.9326956272125244
1,150,-0.38626993,0.046511233,0.9028951525688171
1,151,-0.33936638,0.046903554,0.9289306998252869
1,152,-0.29236174,0.04700464,0.9423646330833435
1,153,-0.24790892,0.04445282,-0.6355552673339844
1,154,-0.2066529,0.041256018,-0.9046162962913513
1,155,-0.16599667,0.04065623,0.956645667552948
1,156,-0.12859769,0.03739897,-0.7072650790214539
1,157,-0.092128985,0.036468707,0.9239911437034607
1,158,-0.059313215,0.03281577,-0.8318780660629272
1,159,-0.03036611,0.028947106,-0.9387586712837219
1,160,-0.005340734,0.025025375,-0.9547309279441833
1,161,0.018555842,0.023896575,0.9139196872711182
1,162,0.03852034,0.019964498,-0.9573001861572266
1,163,0.05473678,0.016216438,-0.8431552648544312
1,164,0.06979401,0.0150572285,0.8714396953582764
1,165,0.08123096,0.011436952,-0.7832517623901367
1,166,0.091598354,0.010367391,0.9043812155723572
1,167,0.09832423,0.0067258794,-0.8235394954681396
1,168,0.10159985,0.003275615,-0.7054929137229919
1,169,0.101476386,-0.00012346188,-0.6762059926986694
1,170,0.10036051,-0.0011158709,0.9284243583679199
1,171,0.0956337,-0.0047268127,-0.8156006336212158
1,172,0.08986873,-0.005764969,0.9064381122589111
1,173,0.08311628,-0.006752453,0.9481374025344849
1,174,0.072639264,-0.010477016,-0.8679200410842896
1,175,0.061015993,-0.011623272,0.8630788922309875
1,176,0.04555564,-0.015460352,-0.9192313551902771
1,177,0.026273008,-0.019282632,-0.8970597386360168
1,178,0.005992885,-0.020280123,0.9964979887008667
1,179,-0.018074747,-0.024067633,-0.8586096167564392
1,180,-0.04332036,-0.025245612,0.878896951675415
1,181,-0.07244203,-0.029121669,-0.9314261078834534
1,182,-0.105426796,-0.03298476,-0.9479324817657471
1,183,-0.14228755,-0.036860757,-1.0179065465927124
1,184,-0.18285961,-0.040572066,-0.9570905566215515
1,185,-0.22704929,-0.044189673,-0.9896278977394104
1,186,-0.27467906,-0.04762978,-0.9986552000045776
1,187,-0.3254946,-0.05081553,-0.9917266368865967
1,188,-0.37920997,-0.053715378,-1.0091100931167603
1,189,-0.43547472,-0.056264747,-1.009609341621399
1,190,-0.49383876,-0.05836403,-0.9640159010887146
1,191,-0.5539257,-0.060086932,-1.042424201965332
1,192,-0.6152439,-0.06131821,-0.9722779989242554
1,193,-0.6773784,-0.06213451,-0.9966757297515869
1,194,-0.73990005,-0.062521644,-1.0215246677398682
1,195,-0.8023993,-0.062499233,-0.9922479391098022
1,196,-0.8645122,-0.062112913,-0.9795138239860535
1,197,-0.9259913,-0.061479066,-1.0165207386016846
1,198,-0.98663384,-0.060642526,-1.031059980392456
1,199,-1.046254,-0.059620142,-0.9576438665390015
1,200,-1.1048236,-0.05856956,-0.9662728309631348
1,201,-1.1624173,-0.05759367,-0.9912284016609192
1,202,-1.2,0.0,-0.9877159595489502
1,203,-1.1990027,0.0009973238,-0.8297147750854492
1,204,-1.1972603,0.0017425196,-1.0195465087890625
1,205,-1.1947427,0.0025175326,-0.9839334487915039
1,206,-1.1914661,0.0032765975,-1.0701669454574585
1,207,-1.1846116,0.006854511,0.8722878694534302
1,208,-1.1768736,0.0077379867,-0.9380574822425842
1,209,-1.1654882,0.011385265,0.8893883228302002
1,210,-1.1530366,0.012451605,-0.8519245982170105
1,211,-1.1396309,0.013405635,-0.9473360180854797
1,212,-1.1251935,0.014437397,-0.9151555299758911
1,213,-1.1098242,0.015369271,-1.007644772529602
1,214,-1.0934201,0.016404014,-0.947509229183197
1,215,-1.0759938,0.017426355,-0.9691073894500732
1,216,-1.0575033,0.01849039,-0.9510940909385681
1,217,-1.0378155,0.019687917,-0.8675199151039124
1,218,-1.014207,0.023608409,0.9476546049118042
1,219,-0.98950696,0.024700047,-0.930750846862793
1,220,-0.96384424,0.025662698,-1.0023112297058105
1,221,-0.9370933,0.026750926,-0.8893434405326843
1,222,-0.9065891,0.030504208,0.9256194829940796
1,223,-0.87525535,0.031333763,-0.9675351977348328
1,224,-0.84024686,0.035008475,1.0316044092178345
1,225,-0.8017708,0.03847603,0.9560657143592834
1,226,-0.7627277,0.03904312,-0.8568933010101318
1,227,-0.7233566,0.039371062,-0.877068817615509
1,228,-0.68118155,0.042175047,0.9292530417442322
1,229,-0.63928497,0.04189657,-0.9445433616638184
1,230,-0.59588754,0.043397453,0.43369919061660767
1,231,-0.5505796,0.045307916,0.9150246381759644
1,232,-0.5065108,0.044068843,-0.9608059525489807
1,233,-0.4610866,0.045424193,0.9889702796936035
1,234,-0.41727474,0.043811847,-0.7641659379005432
1,235,-0.37561992,0.041654818,-0.9153679609298706
1,236,-0.33362156,0.04199834,0.9448466897010803
1,237,-0.29433003,0.039291535,-0.9052481651306152
1,238,-0.25794518,0.03638485,-0.8797172904014587
1,239,-0.221992,0.035953183,0.904280424118042
1,240,-0.18906778,0.032924216,-0.7087885737419128
1,241,-0.15958285,0.029484931,-0.8871790766716003
1,242,-0.13372518,0.025857668,-0.9388884902000427
1,243,-0.111393064,0.022332119,-0.8160282969474792
1,244,-0.09273669,0.018656373,-0.8760311007499695
1,245,-0.07789122,0.014845464,-0.9380245804786682
1,246,-0.06411999,0.013771233,0.9052161574363708
1,247,-0.054196313,0.009923673,-0.9291133284568787
1,248,-0.048211277,0.0059850356,-0.9810725450515747
1,249,-0.04618519,0.0020260862,-0.9900349974632263
1,250,-0.0452238,0.0009613914,0.9408976435661316
1,251,-0.045706064,-0.000482266,0.6889129877090454
1,252,-0.04730148,-0.0015954142,0.9089245200157166
1,253,-0.052618958,-0.0053174784,-0.8314619064331055
1,254,-0.06185685,-0.009237891,-0.9676644802093506
1,255,-0.07216403,-0.010307179,0.9251936674118042
1,256,-0.086351454,-0.014187424,-0.9590686559677124
1,257,-0.104326375,-0.017974917,-0.9139409065246582
1,258,-0.125996,-0.021669613,-0.8774303197860718
1,259,-0.15145814,-0.025462147,-0.979340672492981
1,260,-0.18063375,-0.029175611,-0.9780834913253784
1,261,-0.21336602,-0.03273227,-0.9432228207588196
1,262,-0.24948877,-0.03612276,-0.9235976934432983
1,263,-0.2887981,-0.03930931,-0.9031450152397156
1,264,-0.33116364,-0.042365536,-0.9581860303878784
1,265,-0.37633926,-0.045175605,-0.9637658596038818
1,266,-0.42408374,-0.047744475,-1.0292493104934692
1,267,-0.474063,-0.049979262,-0.9996404051780701
1,268,-0.5258714,-0.051808406,-0.9726600050926208
1,269,-0.5789999,-0.053128455,-0.8913955092430115
1,270,-0.6331793,-0.0541794,-0.9763625860214233
1,271,-0.6880027,-0.0548234,-0.9674183130264282
1,272,-0.7431425,-0.055139754,-1.0953119993209839
1,273,-0.7955459,-0.052403398,0.8041803240776062
1,274,-0.84762853,-0.052082643,-1.0165622234344482
1,275,-0.89903736,-0.05140883,-0.92756587266922
1,276,-0.9496891,-0.050651744,-1.049466848373413
1,277,-0.9994163,-0.0497272,-0.9795032143592834
1,278,-1.0481691,-0.04875284,-1.1364178657531738
1,279,-1.095922,-0.04775285,-1.0644428730010986
1,280,-1.1427015,-0.04677951,-1.009390950202942
1,281,-1.1885768,-0.045875292,-0.9959139823913574
1,282,-1.2,0.0,-1.0313094854354858
1,283,-1.199129,0.0008710222,-0.9139158129692078
1,284,-1.1946276,0.0045012953,0.923662543296814
1,285,-1.1893669,0.0052607297,-1.0066993236541748
1,286,-1.183206,0.0061610164,-0.9171684980392456
1,287,-1.1762443,0.006961735,-0.9960311651229858
1,288,-1.1683335,0.0079106735,-0.9106953740119934
1,289,-1.1595861,0.008747401,-1.0361298322677612
1,290,-1.1499035,0.009682502,-0.9494260549545288
1,291,-1.1364369,0.013466619,0.9345684051513672
1,292,-1.1220112,0.014425722,-0.9678930044174194
1,293,-1.1037599,0.018251345,0.9255504608154297
1,294,-1.0816685,0.02209135,0.9172733426094055
1,295,-1.0585681,0.023100406,-0.9850583672523499
1,296,-1.0342029,0.024365181,-0.8225139379501343
1,297,-1.0086641,0.025538832,-0.882966935634613
1,298,-0.979142,0.029522147,1.0002636909484863
1,299,-0.948457,0.030684987,-0.8568240404129028
1,300,-0.91396385,0.034493156,0.9447018504142761
1,301,-0.8786678,0.035296097,-1.0143201351165771
1,302,-0.8424431,0.03622464,-0.8391196131706238
1,303,-0.80552465,0.036918435,-0.8994675874710083
1,304,-0.76535696,0.040167693,0.9186935424804688
1,305,-0.7221057,0.04325127,0.9501497149467468
1,306,-0.6759938,0.046111893,0.9721830487251282
1,307,-0.630145,0.045848772,-0.9111204147338867
1,308,-0.58213997,0.04800507,0.9138261675834656
1,309,-0.5350447,0.047095254,-0.8977473974227905
1,310,-0.4892425,0.045802236,-0.9192318320274353
1,311,-0.44225532,0.046987165,0.9614299535751343
1,312,-0.39728057,0.04497474,-0.9389243721961975
1,313,-0.35186362,0.045416962,0.9113961458206177
1,314,-0.3087621,0.043101523,-0.7224376201629639
1,315,-0.26852423,0.040237866,-0.9077596664428711
1,316,-0.22860707,0.039917156,0.9406900405883789
1,317,-0.19212466,0.03648241,-1.0063754320144653
1,318,-0.15901822,0.033106454,-0.8532301187515259
1,319,-0.12956773,0.029450485,-0.9567267894744873
1,320,-0.1037418,0.025825923,-0.8740394711494446
1,321,-0.08147366,0.022268143,-0.7852557301521301
1,322,-0.0602034,0.021270262,0.9518762230873108
1,323,-0.041017678,0.019185724,0.2498643547296524
1,324,-0.025450345,0.0155673325,-0.7581963539123535
1,325,-0.013692942,0.011757403,-0.8781423568725586
1,326,-0.0056915884,0.008001354,-0.8387718796730042
1,327,-0.0015780394,0.004113549,-0.9254459738731384
1,328,-0.0014458952,0.00013214415,-0.9876218438148499
1,329,-0.0051339143,-0.003688019,-0.8801245093345642
1,330,-0.012715211,-0.0075812973,-0.9290497899055481
1,331,-0.021403959,-0.008688748,0.9271541237831116
1,332,-0.033973087,-0.012569129,-0.923688530921936
1,333,-0.047560584,-0.013587497,0.9791054129600525
1,334,-0.065032594,-0.017472014,-0.9399473667144775
1,335,-0.083754465,-0.01872187,0.8018110990524292
1,336,-0.10630966,-0.022555193,-0.9412176609039307
1,337,-0.13267714,-0.026367486,-0.9589082598686218
1,338,-0.1600505,-0.027373364,0.865790605545044
1,339,-0.1910639,-0.0310134,-0.9484822750091553
1,340,-0.2254345,-0.034370605,-0.8378456830978394
1,341,-0.26325482,-0.037820335,-1.0026460886001587
1,342,-0.30433518,-0.041080367,-1.01410710811615
1,343,-0.3483941,-0.044058915,-0.9667479395866394
1,344,-0.39520738,-0.046813276,-1.0214215517044067
1,345,-0.4418679,-0.046660516,0.7280406951904297
1,346,-0.49063528,-0.048767373,-1.0107768774032593
1,347,-0.5411495,-0.050514195,-1.034788966178894
1,348,-0.5930321,-0.051882625,-1.0214648246765137
1,349,-0.64589775,-0.052865632,-1.0485000610351562
1,350,-0.69936657,-0.05346883,-1.016308069229126
1,351,-0.75299627,-0.05362971,-0.9459287524223328
1,352,-0.80653656,-0.053540308,-0.9989688396453857
1,353,-0.8597006,-0.053164065,-1.0062928199768066
1,354,-0.91224986,-0.052549243,-1.0179941654205322
1,355,-0.9640012,-0.051751334,-1.048021912574768
1,356,-1.01483,-0.0508288,-1.0494928359985352
1,357,-1.0646706,-0.049840577,-1.0294502973556519
1,358,-1.1135145,-0.04884401,-1.0886741876602173
1,359,-1.1614078,-0.047893323,-1.0072649717330933
1,360,-1.2,0.0,0.6892868876457214
1,361,-1.1992582,0.00074189587,-1.0242685079574585
1,362,-1.1951041,0.004154044,0.7785307168960571
1,363,-1.1901922,0.0049119466,-1.0005141496658325
1,364,-1.1845068,0.005685419,-1.0157496929168701
1,365,-1.1779007,0.00660608,-0.9134771227836609
1,366,-1.1703732,0.007527499,-0.9258958697319031
1,367,-1.1619939,0.008379298,-0.9862976670265198
1,368,-1.1527091,0.009284791,-0.965141773223877
1,369,-1.142543,0.010166122,-0.996312141418457
1,370,-1.1286447,0.013898256,0.8891399502754211
1,371,-1.1137323,0.014912389,-0.9410728216171265
1,372,-1.09778,0.015952408,-0.9402294754981995
1,373,-1.0807515,0.017028483,-0.9301312565803528
1,374,-1.0598767,0.020874817,0.9059931039810181
1,375,-1.0351069,0.024769774,0.9311764240264893
1,376,-1.0064448,0.02866205,0.9292805194854736
1,377,-0.97397316,0.032471634,0.8854957222938538
1,378,-0.9405616,0.033411555,-1.0146125555038452
1,379,-0.9062358,0.034325756,-0.9726407527923584
1,380,-0.87096506,0.03527072,-0.889870285987854
1,381,-0.83203566,0.038929384,1.0019289255142212
1,382,-0.7897219,0.04231376,0.9249039888381958
1,383,-0.7441923,0.04552959,0.9501892328262329
1,384,-0.6956644,0.048527922,0.9746853709220886
1,385,-0.6471979,0.048466515,-0.8635650873184204
1,386,-0.5991867,0.048011176,-0.9074892401695251
1,387,-0.5491954,0.049991302,0.9453756213188171
1,388,-0.4976361,0.051559296,0.9174715876579285
1,389,-0.44765568,0.049980424,-0.9228978157043457
1,390,-0.39956215,0.048093516,-0.8814999461174011
1,391,-0.35357064,0.045991506,-0.7953702807426453
1,392,-0.3073088,0.046261862,0.9939883351325989
1,393,-0.26403907,0.043269716,-0.9876193404197693
1,394,-0.22391652,0.040122554,-0.9275408983230591
1,395,-0.1871308,0.03678572,-0.9199987053871155
1,396,-0.15390597,0.03322482,-0.9630751013755798
1,397,-0.12408384,0.029822137,-0.7763088941574097
1,398,-0.09800149,0.026082352,-0.940672755241394
1,399,-0.07575779,0.022243697,-0.9639508128166199
1,400,-0.054490574,0.021267211,0.972817063331604
1,401,-0.03709702,0.017393555,-0.9379903078079224
1,402,-0.023569405,0.013527613,-0.9209392070770264
1,403,-0.011209377,0.012360028,0.884111762046814
1,404,-0.0026956978,0.008513679,-0.8985081315040588
1,405,0.0046242834,0.007319981,0.87081378698349
1,406,0.00816463,0.0035403469,-0.8532499074935913
1,407,0.0078115296,-0.00035310074,-0.9294649958610535
1,408,0.005609526,-0.0022020037,0.4336070120334625
1,409,-0.0005921239,-0.0062016496,-1.0059741735458374
1,410,-0.01077881,-0.010186686,-0.9900270104408264
1,411,-0.02489164,-0.014112828,-0.9516328573226929
1,412,-0.042854972,-0.017963333,-0.9049816131591797
1,413,-0.06472063,-0.021865657,-0.9486377239227295
1,414,-0.09016453,-0.0254439,-0.7501461505889893
1,415,-0.119394474,-0.029229943,-0.9179630279541016
1,416,-0.15235053,-0.032956056,-0.9231849312782288
1,417,-0.18904997,-0.03669945,-1.0651668310165405
1,418,-0.22647937,-0.037429392,0.9190982580184937
1,419,-0.26730105,-0.040821686,-0.9649871587753296
1,420,-0.31134126,-0.044040214,-0.986785888671875
1,421,-0.35834658,-0.047005326,-0.985735297203064
1,422,-0.40804115,-0.049694568,-1.0285966396331787
1,423,-0.4589454,-0.050904255,-0.24017435312271118
1,424,-0.5118315,-0.05288612,-1.0182923078536987
1,425,-0.5663059,-0.054474358,-1.0089458227157593
1,426,-0.6219493,-0.05564342,-0.9923269748687744
1,427,-0.67836577,-0.05641645,-1.0011661052703857
1,428,-0.7350425,-0.056676757,-0.9198684096336365
1,429,-0.79170907,-0.05666658,-0.9809457659721375
1,430,-0.84807473,-0.05636566,-1.0938273668289185
1,431,-0.9038733,-0.055798616,-1.026134967803955
1,432,-0.9588995,-0.055026174,-1.0436367988586426
1,433,-1.0130129,-0.054113373,-1.0962707996368408
1,434,-1.0661339,-0.053120933,-0.9962835311889648
1,435,-1.1182588,-0.052124966,-1.0332542657852173
1,436,-1.1694404,-0.05118156,-1.0026040077209473
1,437,-1.2,0.0,-0.9881507754325867
1,438,-1.1992115,0.0007885781,-0.9688785076141357
1,439,-1.1948464,0.004365064,0.8879860639572144
1,440,-1.1887959,0.006050438,-0.3822384774684906
1,441,-1.1818606,0.006935307,-0.9286263585090637
1,442,-1.1713217,0.0105388295,0.8698477149009705
1,443,-1.1572576,0.01406424,0.7978293299674988
1,444,-1.1421268,0.015130702,-0.8656650185585022
1,445,-1.1260968,0.016030006,-1.015256643295288
1,446,-1.1091082,0.016988615,-0.9811239838600159
1,447,-1.0910956,0.018012587,-0.9553537964820862
1,448,-1.0720682,0.019027304,-0.9757563471794128
1,449,-1.0519791,0.020089125,-0.9541484117507935
1,450,-1.0308473,0.021131726,-0.971427857875824
1,451,-1.0086848,0.022162499,-0.9774802923202515
1,452,-0.98253894,0.02614583,1.0071072578430176
1,453,-0.9524461,0.030092862,0.9959449172019958
1,454,-0.9213073,0.031138768,-0.9025139212608337
1,455,-0.88928616,0.032021176,-0.9609386324882507
1,456,-0.8536367,0.03564947,0.9357447028160095
1,457,-0.814397,0.039239693,1.0176236629486084
1,458,-0.7717426,0.04265437,1.00043785572052
1,459,-0.7288376,0.042904966,-0.9621912837028503
1,460,-0.6831341,0.045703527,0.9031339883804321
1,461,-0.6347792,0.048354883,1.0367121696472168
1,462,-0.5869435,0.047835708,-0.8917692303657532
1,463,-0.5399738,0.046969734,-0.8921352624893188
1,464,-0.49161094,0.04836284,0.8468953967094421
1,465,-0.44222873,0.0493822,0.8392659425735474
1,466,-0.39483553,0.047393203,-0.9231749176979065
1,467,-0.34983572,0.044999804,-0.9676761627197266
1,468,-0.30742505,0.042410683,-0.8960840702056885
1,469,-0.26748705,0.03993799,-0.6417810320854187
1,470,-0.23071197,0.036775086,-0.950371503829956
1,471,-0.19451636,0.036195606,0.8968210816383362
1,472,-0.1590322,0.03548417,0.9165629744529724
1,473,-0.124739915,0.03429228,0.6859623193740845
1,474,-0.09143811,0.033301808,0.8910057544708252
1,475,-0.061849985,0.029588124,-0.8714377880096436
1,476,-0.03621895,0.025631037,-1.0097719430923462
1,477,-0.014471565,0.021747384,-0.9322643876075745
1,478,0.0033168753,0.01778844,-0.9741995334625244
1,479,0.020011678,0.016694803,0.9374931454658508
1,480,0.0329814,0.01296972,-0.8197241425514221
1,481,0.04472277,0.011741369,0.8396144509315491
1,482,0.05272323,0.00800046,-0.8422510623931885
1,483,0.057085685,0.0043624574,-0.7794733047485352
1,484,0.05761814,0.00053245516,-0.9110493063926697
1,485,0.054358784,-0.003259358,-0.8860456943511963
1,486,0.047166154,-0.0071926313,-0.9776280522346497
1,487,0.036176138,-0.010990017,-0.881580650806427
1,488,0.021338642,-0.014837496,-0.908125102519989
1,489,0.0026107526,-0.01872789,-0.9303426146507263
1,490,-0.019455748,-0.0220665,-0.5591251850128174
1,491,-0.04542228,-0.025966529,-0.9361911416053772
1,492,-0.07271821,-0.02729593,0.7649486660957336
1,493,-0.10394891,-0.031230705,-0.9960194230079651
1,494,-0.13899769,-0.03504878,-0.9591014385223389
1,495,-0.17778501,-0.038787324,-0.968510627746582
1,496,-0.2202251,-0.04244009,-1.0035037994384766
1,497,-0.26610503,-0.045879927,-0.9772619009017944
1,498,-0.31517905,-0.049074035,-0.9662156701087952
1,499,-0.3645227,-0.04934365,0.7957700490951538
1,500,-0.41651464,-0.051991947,-1.0019831657409668
1,501,-0.47079596,-0.054281335,-1.059473991394043
1,502,-0.52697164,-0.0561757,-1.0442591905593872
1,503,-0.584622,-0.057650406,-1.019858717918396
1,504,-0.6433076,-0.05868561,-0.9935500621795654
1,505,-0.7026146,-0.059306968,-1.005001425743103
1,506,-0.7621426,-0.059527963,-1.0270185470581055
1,507,-0.8214316,-0.05928899,-0.9341734647750854
1,508,-0.88024026,-0.058808703,-0.9785915017127991
1,509,-0.93835604,-0.05811579,-1.0689716339111328
1,510,-0.9956039,-0.057247885,-1.0897595882415771
1,511,-1.0518817,-0.05627777,-1.0358144044876099
1,512,-1.1071597,-0.055278018,-1.0139108896255493
1,513,-1.1614747,-0.054315023,-0.9977754354476929
1,514,-1.2,0.0,-0.9608585238456726
1,515,-1.1991724,0.000827654,-0.9428279399871826
1,516,-1.1948429,0.0043293973,0.8380717635154724
1,517,-1.1897522,0.005090753,-0.9982581734657288
1,518,-1.183768,0.005984133,-0.9209752082824707
1,519,-1.1769528,0.0068151606,-0.9747080206871033
1,520,-1.1692437,0.0077092014,-0.9459527134895325
1,521,-1.1606342,0.008609571,-0.9559484124183655
1,522,-1.1509563,0.009677861,-0.8588918447494507
1,523,-1.1402309,0.01072543,-0.8881928324699402
1,524,-1.1285207,0.011710186,-0.9456696510314941
1,525,-1.113048,0.015472826,0.8911153078079224
1,526,-1.0964912,0.016556762,-0.911625862121582
1,527,-1.0760843,0.020406954,0.9183191061019897
1,528,-1.0545336,0.021550631,-0.8979607224464417
1,529,-1.0318941,0.022639524,-0.940334141254425
1,530,-1.0081865,0.023707578,-0.9528741240501404
1,531,-0.98054415,0.027642306,0.9678859710693359
1,532,-0.9491065,0.03143761,0.8967454433441162
1,533,-0.91390216,0.035204325,0.9161224961280823
1,534,-0.8750043,0.038897898,0.9272064566612244
1,535,-0.83247787,0.042526443,0.9698392152786255
1,536,-0.7864524,0.046025455,1.0203852653503418
1,537,-0.73994046,0.04651195,-0.857901930809021
1,538,-0.6905928,0.04934763,0.8831037282943726
1,539,-0.64139044,0.04920238,-0.8973143100738525
1,540,-0.5926797,0.048710767,-0.9045184850692749
1,541,-0.5420242,0.05065546,0.9535261392593384
1,542,-0.49014282,0.05188137,0.7251923084259033
1,543,-0.4370296,0.05311322,0.9882317781448364
1,544,-0.3859589,0.05107068,-0.9336959719657898
1,545,-0.33725446,0.04870443,-0.9086900353431702
1,546,-0.29129565,0.04595881,-0.9464686512947083
1,547,-0.24556099,0.04573465,0.9203137159347534
1,548,-0.2031781,0.0423829,-1.0098692178726196
1,549,-0.16155694,0.041621145,0.8586879968643188
1,550,-0.12083681,0.040720135,0.8740398287773132
1,551,-0.08111239,0.039724417,0.8945377469062805
1,552,-0.04241601,0.038696382,0.9322089552879333
1,553,-0.004817058,0.037598953,0.9215714335441589
1,554,0.031723622,0.03654068,0.9609783887863159
1,555,0.0643759,0.032652277,-0.9331436157226562
1,556,0.09602203,0.031646132,0.9649176597595215
1,557,0.12658256,0.030560527,0.8742552399635315
1,558,0.15342762,0.026845055,-0.9290507435798645
1,559,0.17940995,0.025982339,0.9180671572685242
1,560,0.2019371,0.022527138,-0.8724385499954224
1,561,0.22373036,0.021793269,0.8808208703994751
1,562,0.24217966,0.018449314,-0.9241674542427063
1,563,0.25738278,0.015203108,-0.918340802192688
1,564,0.2694739,0.012091131,-0.8806290626525879
1,565,0.27834487,0.0088709565,-0.995715320110321
1,566,0.28697583,0.008630961,0.9585896134376526
1,567,0.29267305,0.005697221,-0.8696030378341675
1,568,0.29540676,0.002733711,-0.9112124443054199
1,569,0.29790178,0.0024950197,0.8947802782058716
1,570,0.29733047,-0.0005713013,-1.0059705972671509
1,571,0.2939969,-0.003333573,-0.7950756549835205
1,572,0.2877998,-0.0061970977,-0.8496571779251099
1,573,0.28133604,-0.0064637624,0.905319333076477
1,574,0.2718375,-0.009498522,-0.9157182574272156
1,575,0.26186422,-0.0099733,0.8259736895561218
1,576,0.25114793,-0.010716284,0.6829593777656555
1,577,0.24002196,-0.011125967,0.942439615726471
1,578,0.22840105,-0.011620904,0.9229789972305298
1,579,0.21352011,-0.014880935,-0.8828692436218262
1,580,0.19798899,-0.01553112,0.9028114080429077
1,581,0.17900856,-0.018980423,-0.9183230400085449
1,582,0.15924874,-0.019759819,0.9124599695205688
1,583,0.13595459,-0.023294143,-0.8761608004570007
1,584,0.11120502,-0.02474957,0.5596665143966675
1,585,0.082593285,-0.02861173,-1.0371776819229126
1,586,0.050156444,-0.03243684,-0.9343083500862122
1,587,0.013803333,-0.03635311,-0.9630128145217896
1,588,-0.0237882,-0.037591536,0.8396223783493042
1,589,-0.06530439,-0.041516192,-0.9540137052536011
1,590,-0.11077276,-0.045468368,-1.0430512428283691
1,591,-0.16007118,-0.04929842,-0.9778883457183838
1,592,-0.21295413,-0.05288296,-0.9115315079689026
1,593,-0.26934403,-0.056389894,-1.0604926347732544
1,594,-0.32637346,-0.05702941,0.7251916527748108
1,595,-0.38629726,-0.059923794,-1.007449746131897
1,596,-0.44872195,-0.062424682,-1.050695538520813
1,597,-0.51313823,-0.064416274,-0.9564839005470276
1,598,-0.5763108,-0.063172586,0.881420373916626
1,599,-0.6379408,-0.061630033,0.7659068703651428
1,600,-0.70014226,-0.06220142,-0.9414891600608826
1,601,-0.76258063,-0.062438384,-1.0651077032089233
1,602,-0.8248763,-0.06229567,-1.0511705875396729
1,603,-0.8867077,-0.06183141,-1.0376455783843994
1,604,-0.94782335,-0.061115623,-1.0375924110412598
1,605,-1.0080492,-0.0602259,-1.0395573377609253
1,606,-1.0672923,-0.05924312,-1.030144453048706
1,607,-1.12554,-0.058247663,-1.0454953908920288
1,608,-1.182763,-0.057222977,-0.937723696231842
1,609,-1.2,0.0,-1.0520799160003662
1,610,-1.1992582,0.00074189587,-1.0184650421142578
1,611,-1.1950117,0.004246461,0.8401418328285217
1,612,-1.1899337,0.0050780955,-0.9510437250137329
1,613,-1.1839658,0.0059678587,-0.9230099320411682
1,614,-1.1771214,0.0068443934,-0.9439758062362671
1,615,-1.1694628,0.007658639,-0.9988296031951904
1,616,-1.1608862,0.008576688,-0.9437692761421204
1,617,-1.1514535,0.009432685,-1.0329630374908447
1,618,-1.1382768,0.01317673,0.910220742225647
1,619,-1.1241313,0.014145443,-0.9590280652046204
1,620,-1.1062152,0.017916063,0.8912737369537354
1,621,-1.0844463,0.021768883,0.9279350638389587
1,622,-1.0603254,0.024120985,-0.08820368349552155
1,623,-1.0322586,0.028066777,0.9651541709899902
1,624,-1.0002323,0.032026283,0.9746770262718201
1,625,-0.964301,0.03593134,0.9532217979431152
1,626,-0.9274212,0.036879785,-0.9830957055091858
1,627,-0.88683164,0.04058954,0.9129500389099121
1,628,-0.84263694,0.044194687,0.9259506464004517
1,629,-0.7949629,0.047674056,0.957023024559021
1,630,-0.74402076,0.05094212,0.9668700098991394
1,631,-0.69010645,0.053914297,0.9579258561134338
1,632,-0.6363113,0.05379516,-0.8777700066566467
1,633,-0.58293617,0.053375132,-0.8329010605812073
1,634,-0.5304985,0.05243765,-0.920111894607544
1,635,-0.47921053,0.051287968,-0.8009508848190308
1,636,-0.42925292,0.0499576,-0.665625810623169
1,637,-0.3813343,0.04791862,-0.8938632607460022
1,638,-0.33587208,0.045462225,-0.9476746916770935
1,639,-0.29030004,0.045572046,0.9630100131034851
1,640,-0.24761708,0.042682964,-0.8524895310401917
1,641,-0.20539044,0.042226635,0.9233522415161133
1,642,-0.16655804,0.038832393,-0.9026669859886169
1,643,-0.13128479,0.035273254,-0.9098617434501648
1,644,-0.096862294,0.034422494,0.9718887209892273
1,645,-0.06336179,0.03350051,0.982137143611908
1,646,-0.03094902,0.032412764,0.9114825129508972
1,647,0.0004076648,0.031356685,0.9554359316825867
1,648,0.030629538,0.030221874,0.9101247787475586
1,649,0.05977774,0.029148202,0.9438537359237671
1,650,0.08517083,0.025393091,-0.8634697198867798
1,651,0.10953232,0.024361495,0.9248254299163818
1,652,0.13228847,0.022756157,0.507267951965332
1,653,0.15417725,0.021888783,0.9588796496391296
1,654,0.1739566,0.019779354,0.08525673300027847
1,655,0.19028085,0.016324248,-0.8585901260375977
1,656,0.20588537,0.015604509,0.9225841164588928
1,657,0.22085805,0.014972682,0.9375119209289551
1,658,0.23535971,0.014501654,1.0042322874069214
1,659,0.24657787,0.0112181585,-0.9208101034164429
1,660,0.2546166,0.008038719,-0.8885460495948792
1,661,0.26223886,0.00762227,0.925997793674469
1,662,0.26949915,0.007260305,0.9356465935707092
1,663,0.27365726,0.004158102,-0.9171586036682129
1,664,0.277436,0.0037787135,0.8829250335693359
1,665,0.28094828,0.003512295,0.9443390965461731
1,666,0.2841716,0.0032233426,0.9162679314613342
1,667,0.28451148,0.00033985308,-0.8255068063735962
1,668,0.28453588,2.4402925e-05,0.8852393627166748
1,669,0.28436196,-0.00017392375,0.9632297158241272
1,670,0.28404388,-0.00031807786,1.0091925859451294
1,671,0.28342548,-0.00061839545,0.8970885872840881
1,672,0.27984163,-0.0035838499,-0.8773438930511475
1,673,0.27382922,-0.0060124053,-0.5060093998908997
1,674,0.2646959,-0.009133321,-0.9453896284103394
1,675,0.25248525,-0.012210669,-0.8833389282226562
1,676,0.2370606,-0.015424641,-0.9316705465316772
1,677,0.22108899,-0.015971614,0.8980028033256531
1,678,0.20177001,-0.019318977,-0.9182676672935486
1,679,0.1818033,-0.019966701,0.938727617263794
1,680,0.16108288,-0.020720424,0.9223759174346924
1,681,0.13945618,-0.021626696,0.8716354370117188
1,682,0.11422572,-0.025230456,-0.8795853853225708
1,683,0.08530849,-0.02891723,-0.8880857229232788
1,684,0.053826746,-0.031481747,-0.09729375690221786
1,685,0.02134368,-0.032483064,0.9774383306503296
1,686,-0.014980932,-0.036324613,-0.8977811932563782
1,687,-0.05506012,-0.040079188,-0.838066041469574
1,688,-0.099047534,-0.043987416,-0.9615036249160767
1,689,-0.14687054,-0.047823012,-0.9634351134300232
1,690,-0.19839808,-0.051527552,-0.9622074365615845
1,691,-0.25342125,-0.05502316,-0.9503378868103027
1,692,-0.31175077,-0.058329534,-0.9964929819107056
1,693,-0.37306434,-0.061313573,-1.0081888437271118
1,694,-0.43694732,-0.063882984,-0.9855916500091553
1,695,-0.5029729,-0.06602558,-1.0245535373687744
1,696,-0.57064784,-0.06767496,-0.996523380279541
1,697,-0.6394711,-0.06882326,-1.0430505275726318
1,698,-0.7089427,-0.06947162,-1.0498238801956177
1,699,-0.7785948,-0.06965207,-1.0239496231079102
1,700,-0.84556794,-0.06697315,0.6317362189292908
1,701,-0.9119847,-0.06641673,-1.0209213495254517
1,702,-0.97760427,-0.0656196,-1.053110957145691
1,703,-1.0422782,-0.06467389,-1.0180538892745972
1,704,-1.1059452,-0.06366701,-0.9952288866043091
1,705,-1.168651,-0.06270573,-1.0024367570877075
1,706,-1.2,0.0,-0.937866747379303
1,707,-1.1991733,0.0008267274,-0.94344562292099
1,708,-1.1975645,0.0016088069,-0.975035548210144
1,709,-1.1951077,0.002456762,-0.9346429705619812
1,710,-1.1918541,0.0032536092,-0.9740291833877563
1,711,-1.1878322,0.0040218686,-1.0157229900360107
1,712,-1.1803811,0.007451139,0.7656620144844055
1,713,-1.1720762,0.008304812,-0.9662775993347168
1,714,-1.1601468,0.0119294515,0.8653582334518433
1,715,-1.1472403,0.012906523,-0.9205158948898315
1,716,-1.1334075,0.01383281,-0.974639892578125
1,717,-1.1186259,0.014781618,-0.9786975383758545
1,718,-1.1026839,0.01594194,-0.8549988269805908
1,719,-1.08569,0.01699386,-0.9423494338989258
1,720,-1.0648798,0.020810205,0.8886643648147583
1,721,-1.0428956,0.021984253,-0.881623387336731
1,722,-1.0169115,0.025984045,1.0007860660552979
1,723,-0.9894357,0.027475828,-0.6652700901031494
1,724,-0.9608085,0.028627165,-0.874147891998291
1,725,-0.9311101,0.02969845,-0.8968161344528198
1,726,-0.89765173,0.03345835,0.9399878978729248
1,727,-0.86332816,0.034323562,-0.9249213933944702
1,728,-0.8283237,0.03500443,-0.9655595421791077
1,729,-0.79191756,0.036406163,-0.38560929894447327
1,730,-0.75471294,0.03720462,-0.6690286993980408
1,731,-0.7173809,0.037332065,-0.9802207350730896
1,732,-0.68004245,0.03733841,-0.9110190868377686
1,733,-0.6402054,0.03983704,0.9119383692741394
1,734,-0.60076386,0.039441545,-0.8348778486251831
1,735,-0.55924875,0.041515127,1.0219265222549438
1,736,-0.5187458,0.040502954,-0.8526918888092041
1,737,-0.47704145,0.041704316,0.8251721262931824
1,738,-0.43418518,0.04285627,1.0056110620498657
1,739,-0.39343894,0.040746253,-0.9649521708488464
1,740,-0.3527566,0.040682346,0.5917823314666748
1,741,-0.31439868,0.038357925,-0.7323126196861267
1,742,-0.27880213,0.035596546,-0.8622453212738037
1,743,-0.24638091,0.03242121,-1.017835021018982
1,744,-0.21727966,0.029101258,-0.9815565347671509
1,745,-0.1893236,0.027956057,0.5614826083183289
1,746,-0.16212662,0.027196988,0.8989444971084595
1,747,-0.1381727,0.02395392,-0.6886609196662903
1,748,-0.11792981,0.020242894,-0.9484996199607849
1,749,-0.09860444,0.019325366,0.951759397983551
1,750,-0.082914144,0.015690293,-0.8291059136390686
1,751,-0.070097946,0.012816202,-0.3006897568702698
1,752,-0.0595022,0.010595745,0.14964500069618225
1,753,-0.050063264,0.009438937,0.8689771890640259
1,754,-0.044425182,0.0056380825,-0.8859983086585999
1,755,-0.042668633,0.0017565493,-0.9358022212982178
1,756,-0.044769786,-0.0021011513,-0.9187697768211365
1,757,-0.048094925,-0.0033251366,0.8356665968894958
1,758,-0.055394083,-0.007299159,-1.0069063901901245
1,759,-0.06366732,-0.008273235,0.9943222999572754
1,760,-0.07578403,-0.012116711,-0.9259598851203918
1,761,-0.09148644,-0.015702413,-0.7666902542114258
1,762,-0.11091234,-0.0194259,-0.8780384063720703
1,763,-0.13420112,-0.02328878,-1.0092509984970093
1,764,-0.16123332,-0.027032202,-0.9622073173522949
1,765,-0.19180009,-0.030566767,-0.8809095025062561
1,766,-0.22586966,-0.03406956,-0.9369054436683655
1,767,-0.2633869,-0.037517246,-1.0314477682113647
1,768,-0.30132318,-0.037936263,0.8935409188270569
1,769,-0.34177834,-0.04045516,-0.6484385132789612
1,770,-0.38503054,-0.04325219,-1.0713461637496948
1,771,-0.4307923,-0.045761775,-1.0475974082946777
1,772,-0.47874117,-0.047948867,-1.076145052909851
1,773,-0.5257868,-0.047045663,0.8257479667663574
1,774,-0.5743161,-0.048529252,-1.0819107294082642
1,775,-0.6239664,-0.049650338,-1.0810303688049316
1,776,-0.6743145,-0.050348084,-0.9594545960426331
1,777,-0.7250131,-0.050698604,-0.9618432521820068
1,778,-0.77579135,-0.050778255,-1.0074067115783691
1,779,-0.8263292,-0.050537802,-0.9837585091590881
1,780,-0.876396,-0.05006682,-1.0000349283218384
1,781,-0.9257839,-0.049387902,-1.0327774286270142
1,782,-0.9742994,-0.04851551,-0.9757286906242371
1,783,-1.0218744,-0.047575057,-1.0362423658370972
1,784,-1.0684566,-0.046582267,-1.0568552017211914
1,785,-1.114044,-0.04558735,-1.008561134338379
1,786,-1.1586548,-0.044610914,-0.9823085069656372
1,787,-1.2,0.0,-1.0752825736999512
1,788,-1.1992582,0.00074189587,-1.0362745523452759
1,789,-1.1977448,0.0015133199,-0.9819522500038147
1,790,-1.1954437,0.0023011318,-0.9743449687957764
1,791,-1.1923487,0.0030950261,-0.9752758145332336
1,792,-1.1884018,0.003946896,-0.943217933177948
1,793,-1.1835324,0.0048694685,-0.9043014645576477
1,794,-1.1778691,0.0056632617,-1.0311226844787598
1,795,-1.1712805,0.006588556,-0.923372745513916
1,796,-1.1638374,0.0074430453,-0.9828600883483887
1,797,-1.152879,0.010958471,0.7779503464698792
1,798,-1.1409267,0.011952234,-0.9210928678512573
1,799,-1.1250727,0.015854051,1.0063786506652832
1,800,-1.1081923,0.016880345,-0.9371933937072754
1,801,-1.0901605,0.01803179,-0.871211051940918
1,802,-1.0710262,0.019134259,-0.9178633093833923
1,803,-1.0508983,0.020127874,-1.0448634624481201
1,804,-1.0295256,0.0213727,-0.8366798758506775
1,805,-1.0069842,0.02254141,-0.8851854205131531
1,806,-0.9832691,0.023715163,-0.8720510601997375
1,807,-0.95584077,0.027428307,0.8393204808235168
1,808,-0.92730594,0.028534811,-0.8667928576469421
1,809,-0.8951819,0.032124028,0.8327934145927429
1,810,-0.8620488,0.03313307,-0.8236381411552429
1,811,-0.8281961,0.033852693,-0.9363599419593811
1,812,-0.79377234,0.03442376,-0.9389963150024414
1,813,-0.7578308,0.03594155,-0.1958858221769333
1,814,-0.721616,0.036214743,-0.8949992656707764
1,815,-0.68544513,0.036170907,-0.9620953798294067
1,816,-0.646883,0.038562097,0.8163177967071533
1,817,-0.6088416,0.038041413,-0.9495857954025269
1,818,-0.57160366,0.03723792,-0.9572447538375854
1,819,-0.53519475,0.036408883,-0.7918880581855774
1,820,-0.5000721,0.03512262,-0.9154742956161499
1,821,-0.46577245,0.034299675,-0.43109485507011414
1,822,-0.43320167,0.032570776,-0.8649170994758606
1,823,-0.39993235,0.0332693,0.9121497869491577
1,824,-0.36906943,0.030862933,-1.0153355598449707
1,825,-0.34068024,0.028389182,-0.9039005041122437
1,826,-0.3148143,0.025865957,-0.8127734661102295
1,827,-0.2918472,0.02296709,-0.9555875062942505
1,828,-0.2718363,0.020010877,-0.9031739830970764
1,829,-0.25218216,0.019654142,0.9046724438667297
1,830,-0.23338869,0.018793458,0.6382296681404114
1,831,-0.2178987,0.01549,-0.927746593952179
1,832,-0.20561242,0.012286271,-0.812749981880188
1,833,-0.19665772,0.008954699,-0.8615276217460632
1,834,-0.18850935,0.008148377,0.8473780155181885
1,835,-0.18397173,0.004537612,-1.001603364944458
1,836,-0.18026902,0.0037027143,0.8626046776771545
1,837,-0.17752069,0.0027483301,0.7925662398338318
1,838,-0.17813481,-0.0006141234,-0.8057873249053955
1,839,-0.17952316,-0.0013883382,0.9181436896324158
1,840,-0.18431523,-0.0047920756,-0.8384193778038025
1,841,-0.19258021,-0.008264981,-0.8969682455062866
1,842,-0.20423876,-0.011658544,-0.866210401058197
1,843,-0.2194264,-0.015187643,-0.9892508387565613
1,844,-0.23796307,-0.018536666,-0.9142717719078064
1,845,-0.25983143,-0.021868372,-0.9614353179931641
1,846,-0.28478768,-0.024956264,-0.8731451630592346
1,847,-0.3128857,-0.028098011,-1.0021140575408936
1,848,-0.34396088,-0.03107519,-1.0179955959320068
1,849,-0.37779972,-0.033838827,-0.9870839715003967
1,850,-0.4141851,-0.0363854,-0.9917420148849487
1,851,-0.45287645,-0.038691346,-1.0035922527313232
1,852,-0.493554,-0.040677536,-0.9731631278991699
1,853,-0.5358969,-0.04234289,-0.960216224193573
1,854,-0.5796476,-0.043750674,-1.0632562637329102
1,855,-0.6244799,-0.044832285,-1.0161488056182861
1,856,-0.67002577,-0.045545895,-0.972481369972229
1,857,-0.7160084,-0.045982674,-1.0057119131088257
1,858,-0.76212686,-0.046118412,-1.113690733909607
1,859,-0.8081051,-0.045978267,-1.0483577251434326
1,860,-0.8536994,-0.04559427,-1.0265932083129883
1,861,-0.8986767,-0.044977292,-0.9823330044746399
1,862,-0.9428981,-0.04422137,-1.067280650138855
1,863,-0.98624086,-0.043342758,-1.024040699005127
1,864,-1.0286252,-0.042384442,-1.2035434246063232
1,865,-1.0699934,-0.041368075,-0.9865023493766785
1,866,-1.1103673,-0.040373918,-1.0290366411209106
1,867,-1.149786,-0.039418675,-1.047344446182251
1,868,-1.1883222,-0.038536143,-1.009643316268921
1,869,-1.2,0.0,-1.0114219188690186
1,870,-1.1992582,0.00074189587,-1.042945384979248
1,871,-1.1977719,0.0014862483,-1.0155988931655884
1,872,-1.1955355,0.0022363102,-0.9994526505470276
1,873,-1.1924598,0.0030757315,-0.9447269439697266
1,874,-1.1886177,0.003842077,-1.0033586025238037
1,875,-1.1839459,0.004671827,-0.9657391309738159
1,876,-1.1756834,0.008262461,0.8653844594955444
1,877,-1.1661834,0.009500021,-0.7193377614021301
1,878,-1.1558088,0.010374528,-0.9786022305488586
1,879,-1.1444976,0.011311179,-0.9545397758483887
1,880,-1.1322409,0.012256739,-0.9657912254333496
1,881,-1.118966,0.013274853,-0.9339748620986938
1,882,-1.1018652,0.017100811,0.9224529266357422
1,883,-1.0835836,0.018281542,-0.8571491241455078
1,884,-1.0642991,0.019284463,-0.9881336688995361
1,885,-1.0410409,0.02325823,0.9847038984298706
1,886,-1.0138843,0.027156623,0.9325466156005859
1,887,-0.9838096,0.030074742,0.28706225752830505
1,888,-0.9498095,0.034000095,0.9802789688110352
1,889,-0.91479164,0.035017848,-0.9175364971160889
1,890,-0.87596846,0.0388232,1.020978331565857
1,891,-0.83352625,0.042442173,0.9610862731933594
1,892,-0.78759617,0.045930102,0.9894707798957825
1,893,-0.7408378,0.04675838,-0.6340724229812622
1,894,-0.6911261,0.049711723,0.9579745531082153
1,895,-0.6415376,0.049588487,-0.8849737048149109
1,896,-0.5896513,0.051886346,0.9544396996498108
1,897,-0.5357728,0.053878505,1.0119961500167847
1,898,-0.4830677,0.052705098,-0.8431280851364136
1,899,-0.43183956,0.05122813,-0.7824907898902893
1,900,-0.3799183,0.051921256,0.9151086211204529
1,901,-0.3276308,0.05228753,0.9405447840690613
1,902,-0.27814758,0.049483214,-0.9451796412467957
1,903,-0.22896157,0.04918601,0.9211810231208801
1,904,-0.1804017,0.048559878,0.8712866902351379
1,905,-0.1351322,0.045269497,-0.7651066184043884
1,906,-0.090740666,0.04439153,0.9462657570838928
1,907,-0.049979962,0.040760703,-0.815260112285614
1,908,-0.010321785,0.039658178,0.912949800491333
1,909,0.025532328,0.035854112,-0.8701761960983276
1,910,0.060358085,0.034825757,0.9762091040611267
1,911,0.09411581,0.033757724,0.9273949265480042
1,912,0.124218784,0.030102974,-0.8358271718025208
1,913,0.15344273,0.02922394,0.9662500023841858
1,914,0.17940219,0.025959466,-0.6831382513046265
1,915,0.20200226,0.022600075,-0.8085451126098633
1,916,0.22123304,0.019230777,-0.8763168454170227
1,917,0.23760524,0.016372204,-0.5928515195846558
1,918,0.25077918,0.01317393,-0.8713100552558899
1,919,0.26076877,0.009989578,-0.9060790538787842
1,920,0.26763177,0.0068629994,-0.9022364616394043
1,921,0.2742163,0.0065845116,0.972052812576294
1,922,0.27819577,0.0039794873,-0.6028794646263123
1,923,0.2818829,0.0036871447,0.9242441058158875
1,924,0.28259188,0.0007089564,-0.8800490498542786
1,925,0.2830408,0.00044889882,0.9293826818466187
1,926,0.28040433,-0.002636473,-0.9558440446853638
1,927,0.274796,-0.0056083067,-0.8702907562255859
1,928,0.26882327,-0.005972733,0.888726532459259
1,929,0.25972182,-0.009101457,-0.9323976039886475
1,930,0.25021413,-0.009507692,0.9150098562240601
1,931,0.23750892,-0.012705208,-0.9129253029823303
1,932,0.22428054,-0.013228385,0.9124025106430054
1,933,0.21053803,-0.013742505,0.9606766104698181
1,934,0.19349436,-0.017043667,-0.8556492328643799
1,935,0.17558874,-0.017905625,0.8190245032310486
1,936,0.1540965,-0.021492245,-0.9503508806228638
1,937,0.12903623,-0.025060268,-0.8869599103927612
1,938,0.100298725,-0.02873751,-0.908153235912323
1,939,0.06796204,-0.032336682,-0.8076629638671875
1,940,0.03167714,-0.0362849,-1.024190068244934
1,941,-0.008596479,-0.04027362,-1.0282634496688843
1,942,-0.052757066,-0.044160586,-0.925197184085846
1,943,-0.10082449,-0.04806742,-0.9587216377258301
1,944,-0.15021865,-0.049394168,0.7065072059631348
1,945,-0.20336322,-0.05314457,-1.0284161567687988
1,946,-0.2600467,-0.05668345,-0.9932600259780884
1,947,-0.31992793,-0.05988124,-0.9471672773361206
1,948,-0.38019183,-0.06026391,0.7010493874549866
1,949,-0.4429776,-0.06278577,-0.9861200451850891
1,950,-0.50786215,-0.06488455,-1.0443376302719116
1,951,-0.57436466,-0.066502534,-1.077563762664795
1,952,-0.6419879,-0.06762326,-1.0789203643798828
1,953,-0.71022356,-0.068235606,-0.9878121018409729
1,954,-0.77860045,-0.0683769,-0.9793291091918945
1,955,-0.8467324,-0.06813193,-0.9909210801124573
1,956,-0.91430295,-0.06757057,-1.1034562587738037
1,957,-0.98106956,-0.066766635,-1.0686473846435547
1,958,-1.0468441,-0.06577453,-0.9725743532180786
1,959,-1.1116186,-0.06477453,-1.0024908781051636
1,960,-1.1754397,-0.06382107,-1.0929971933364868
1,961,-1.2,0.0,-1.0356866121292114
1,962,-1.1964648,0.0035353024,0.8622709512710571
1,963,-1.1921757,0.0042890497,-0.9998369216918945
1,964,-1.1842172,0.007958474,0.9347863793373108
1,965,-1.1753573,0.008859848,-0.9269140958786011
1,966,-1.1628196,0.012537742,0.9069396257400513
1,967,-1.149354,0.0134657,-0.9487661719322205
1,968,-1.1320369,0.017317113,0.9786001443862915
1,969,-1.1109688,0.021068128,0.887702465057373
1,970,-1.0889149,0.022053933,-0.9790549874305725
1,971,-1.063002,0.025912829,0.9189655184745789
1,972,-1.0360395,0.02696252,-0.9649995565414429
1,973,-1.0076237,0.028415801,-0.6968789100646973
1,974,-0.97807246,0.0295512,-0.8980018496513367
1,975,-0.9474749,0.030597568,-0.9333802461624146
1,976,-0.9159176,0.031557348,-0.9527822732925415
1,977,-0.8807295,0.03518806,0.8814042806625366
1,978,-0.84463334,0.036096156,-0.8577166199684143
1,979,-0.8050717,0.039561618,0.9420284628868103
1,980,-0.76221323,0.042858467,0.9519227147102356
1,981,-0.71907413,0.043139078,-0.9066834449768066
1,982,-0.67592883,0.043145277,-0.9181796312332153
1,983,-0.6301804,0.045748398,1.0090166330337524
1,984,-0.58505106,0.04512933,-0.9365860819816589
1,985,-0.53800195,0.047049094,0.9743186831474304
1,986,-0.49234486,0.045657083,-1.0478289127349854
1,987,-0.44826934,0.044075526,-0.8983314633369446
1,988,-0.4061613,0.042108033,-0.9382129907608032
1,989,-0.36629307,0.039868232,-0.9180864095687866
1,990,-0.32620347,0.04008962,0.9052495360374451
1,991,-0.2889664,0.037237078,-0.971401035785675
1,992,-0.25195342,0.037012957,0.929241418838501
1,993,-0.21810019,0.033853237,-0.8936780691146851
1,994,-0.18485247,0.033247728,0.9187837839126587
1,995,-0.15233399,0.032518473,0.9307202696800232
1,996,-0.122859724,0.029474264,-0.5338402986526489
1,997,-0.0943989,0.02846082,0.8791038990020752
1,998,-0.06932493,0.025073972,-0.6576200127601624
1,999,-0.048104703,0.02122023,-0.9384098052978516
2,1,-0.591246,-0.00096081,-0.9717523455619812
2,2,-0.5903886,0.0008574154,0.8762310147285461
2,3,-0.5905336,-0.0001450061,-1.0104732513427734
2,4,-0.5916485,-0.0011148977,-0.9790239334106445
2,5,-0.5935633,-0.0019148261,-0.8711758852005005
2,6,-0.59642464,-0.0028612996,-0.9782420992851257
2,7,-0.60018235,-0.0037576964,-0.9588373303413391
2,8,-0.60483545,-0.0046531237,-0.976509690284729
2,9,-0.61033595,-0.005500498,-0.9670909643173218
2,10,-0.6166622,-0.0063262517,-0.9793105125427246
2,11,-0.6237995,-0.0071373084,-1.0168194770812988
2,12,-0.6316966,-0.00789707,-1.0205048322677612
2,13,-0.6375063,-0.0058096987,0.8605154752731323
2,14,-0.64397824,-0.006471922,-1.0060224533081055
2,15,-0.6482216,-0.004243361,0.8968084454536438
2,16,-0.65020996,-0.0019883523,0.8946399688720703
2,17,-0.6527026,-0.0024926406,-0.9541354179382324
2,18,-0.65569955,-0.0029969492,-0.9657065272331238
2,19,-0.65647984,-0.0007803129,0.8344076871871948
2,20,-0.65497226,0.001507554,0.8782975077629089
2,21,-0.65396225,0.0010099853,-0.9717060923576355
2,22,-0.6533723,0.00058995985,-0.9153448939323425
2,23,-0.6505965,0.0027757643,0.8246031403541565
2,24,-0.64835954,0.0022369379,-0.9789552688598633
2,25,-0.64669144,0.001668124,-0.9885502457618713
2,26,-0.64562094,0.0010704795,-1.022924780845642
2,27,-0.6451556,0.00046534286,-1.0438534021377563
2,28,-0.64529866,-0.00014305343,-1.0170661211013794
2,29,-0.643258,0.0020406602,0.8607384562492371
2,30,-0.64177006,0.0014879009,-0.9540349245071411
2,31,-0.63825685,0.003513218,0.7716538906097412
2,32,-0.63540053,0.0028562958,-1.0331536531448364
2,33,-0.63313246,0.002268053,-0.9407483339309692
2,34,-0.62886536,0.00426711,0.7948392033576965
2,35,-0.62256956,0.006295772,0.8348133563995361
2,36,-0.616684,0.0058855587,-0.7610903978347778
2,37,-0.6114158,0.005268216,-0.8709623217582703
2,38,-0.6069296,0.0044861906,-0.955374002456665
2,39,-0.6004792,0.0064504263,0.8971627354621887
2,40,-0.59483504,0.0056441203,-0.9185405373573303
2,41,-0.59011316,0.004721882,-0.9683018326759338
2,42,-0.58632594,0.0037872056,-0.9534868597984314
2,43,-0.58348835,0.0028375797,-0.9448719024658203
2,44,-0.581635,0.0018533625,-0.9539841413497925
2,45,-0.5808053,0.0008296707,-0.9711784720420837
2,46,-0.581026,-0.00022069567,-0.9848748445510864
2,47,-0.5822593,-0.0012332915,-0.9607817530632019
2,48,-0.58173746,0.00052182213,0.8782846927642822
2,49,-0.5822147,-0.00047726196,-0.9552778601646423
2,50,-0.58364105,-0.0014263435,-0.9242925643920898
2,51,-0.58611953,-0.0024784575,-1.014255404472351
2,52,-0.58963186,-0.0035122964,-1.0020039081573486
2,53,-0.59396046,-0.0043286043,-0.8722154498100281
2,54,-0.59914124,-0.0051807654,-0.917309045791626
2,55,-0.6051314,-0.00599013,-0.9140637516975403
2,56,-0.6120161,-0.0068847146,-1.0351988077163696
2,57,-0.619682,-0.007665939,-0.957737147808075
2,58,-0.6281373,-0.008455252,-1.0270054340362549
2,59,-0.6373213,-0.009184003,-1.0001301765441895
2,60,-0.6471557,-0.009834422,-0.9912585020065308
2,61,-0.6575679,-0.010412211,-0.9889270663261414
2,62,-0.6658522,-0.008284264,0.7666732668876648
2,63,-0.6746016,-0.008749455,-1.0267566442489624
2,64,-0.68362147,-0.009019875,-0.909734308719635
2,65,-0.6929867,-0.009365276,-1.0134090185165405
2,66,-0.70255536,-0.009568653,-0.946540892124176
2,67,-0.7122255,-0.009670136,-0.9200692772865295
2,68,-0.72205526,-0.009829738,-1.093017816543579
2,69,-0.7319036,-0.009848372,-0.9471136331558228
2,70,-0.73950106,-0.007597473,0.5255528688430786
2,71,-0.7469682,-0.0074671526,-0.9187183976173401
2,72,-0.75423044,-0.0072622546,-0.8985196352005005
2,73,-0.7613872,-0.007156785,-0.9930161833763123
2,74,-0.7683037,-0.00691647,-0.9304268956184387
2,75,-0.77499616,-0.0066924472,-0.9672018885612488
2,76,-0.7814201,-0.006423945,-0.962165355682373
2,77,-0.7875265,-0.0061063506,-0.9526333808898926
2,78,-0.79319894,-0.0056724395,-0.8967380523681641
2,79,-0.7985007,-0.0053017624,-0.9586478471755981
2,80,-0.8034666,-0.004965892,-1.043882966041565
2,81,-0.8078267,-0.0043600635,-0.8367450833320618
2,82,-0.8117863,-0.003959572,-0.9880872368812561
2,83,-0.8124825,-0.0006961607,0.9075884222984314
2,84,-0.8099818,0.0025006467,0.8609296083450317
2,85,-0.80448896,0.0054928614,0.7326645851135254
2,86,-0.79859644,0.0058925305,-0.9775922894477844
2,87,-0.7923291,0.006267381,-0.9743382930755615
2,88,-0.7856532,0.00667589,-0.9304196834564209
2,89,-0.7786128,0.0070403838,-0.936416745185852
2,90,-0.7712757,0.007337097,-0.9564701318740845
2,91,-0.76344687,0.007828849,-0.7997036576271057
2,92,-0.7554608,0.007986082,-0.9935817718505859
2,93,-0.7472272,0.008233603,-0.9030446410179138
2,94,-0.7388655,0.008361693,-0.9507399201393127
2,95,-0.7304992,0.008366287,-1.0048054456710815
2,96,-0.7220829,0.008416274,-0.9360182881355286
2,97,-0.7109657,0.011117243,0.865840494632721
2,98,-0.69735795,0.013607713,0.7720386385917664
2,99,-0.68400526,0.013352685,-1.0259928703308105
2,100,-0.6683126,0.015692672,0.7885572910308838
2,101,-0.6527468,0.015565817,-0.7856225371360779
2,102,-0.63773644,0.0150103755,-1.0071316957473755
2,103,-0.62332624,0.0144102145,-0.9597090482711792
2,104,-0.6068053,0.016520936,0.9159159660339355
2,105,-0.59097296,0.015832368,-0.870771050453186
2,106,-0.5760397,0.014933314,-0.9339510202407837
2,107,-0.5620726,0.013967116,-0.9052559733390808
2,108,-0.5465146,0.015558023,0.8686622977256775
2,109,-0.5322187,0.014295873,-0.9559218287467957
2,110,-0.5193143,0.012904403,-0.9707420468330383
2,111,-0.50786245,0.011451867,-0.9469351172447205
2,112,-0.4979083,0.009954146,-0.9198282957077026
2,113,-0.48951373,0.00839456,-0.9113987684249878
2,114,-0.4828049,0.0067088213,-0.9536974430084229
2,115,-0.47764367,0.005161232,-0.8282656073570251
2,116,-0.474326,0.0033176593,-1.0066697597503662
2,117,-0.47287655,0.0014494578,-1.0076643228530884
2,118,-0.47330025,-0.00042369356,-0.9961340427398682
2,119,-0.47556487,-0.002264618,-0.9767435789108276
2,120,-0.4796885,-0.0041236267,-1.0136594772338867
2,121,-0.4856405,-0.005952002,-1.0301647186279297
2,122,-0.49337658,-0.0077360743,-1.0036091804504395
2,123,-0.502754,-0.009377372,-0.9432945251464844
2,124,-0.5136114,-0.010857395,-0.8825255632400513
2,125,-0.52604365,-0.012432289,-1.0074392557144165
2,126,-0.5399299,-0.013886257,-0.9815360903739929
2,127,-0.5551937,-0.015263823,-1.0321835279464722
2,128,-0.57171386,-0.016520137,-0.9952812790870667
2,129,-0.58937436,-0.017660525,-1.000049114227295
2,130,-0.60804474,-0.018670402,-1.0351485013961792
2,131,-0.62758857,-0.01954381,-1.011244535446167
2,132,-0.64786506,-0.020276476,-1.0637456178665161
2,133,-0.66857326,-0.020708177,-0.8948396444320679
2,134,-0.689697,-0.02112377,-0.9792967438697815
2,135,-0.7110473,-0.021350268,-0.9475459456443787
2,136,-0.7324752,-0.021427954,-0.9404101371765137
2,137,-0.7538939,-0.021418713,-0.9712027311325073
2,138,-0.77520967,-0.021315726,-0.9933744072914124
2,139,-0.796289,-0.021079335,-0.9843506217002869
2,140,-0.817025,-0.020735951,-0.9874570965766907
2,141,-0.8373337,-0.02030866,-1.0387827157974243
2,142,-0.8570686,-0.019734895,-0.9646036028862
2,143,-0.87619925,-0.019130664,-1.0978741645812988
2,144,-0.8944648,-0.018265544,-0.8753835558891296
2,145,-0.9119882,-0.017523415,-1.03206467628479
2,146,-0.9258833,-0.013895065,0.8874757289886475
2,147,-0.9388737,-0.0129904095,-0.9543976187705994
2,148,-0.95099497,-0.01212126,-1.0230789184570312
2,149,-0.96221966,-0.011224657,-1.0553648471832275
2,150,-0.9725251,-0.010305457,-1.003198266029358
2,151,-0.98189306,-0.009367924,-1.0101721286773682
2,152,-0.9903088,-0.008415748,-1.0728062391281128
2,153,-0.9950095,-0.0047006374,0.8342876434326172
2,154,-0.9987403,-0.0037308326,-0.9997448325157166
2,155,-1.001414,-0.0026736201,-0.9442785382270813
2,156,-1.0031111,-0.0016971646,-1.0572130680084229
2,157,-1.0038301,-0.00071899843,-1.002281665802002
2,158,-1.0035698,0.0002602678,-0.9997368454933167
2,159,-1.0023309,0.0012388853,-1.0220322608947754
2,160,-1.0001147,0.002216273,-1.018340826034546
2,161,-0.9968449,0.0032698172,-0.9477055072784424
2,162,-0.99248195,0.0043629413,-0.9189381003379822
2,163,-0.9870633,0.005418643,-0.940462589263916
2,164,-0.97788507,0.0091782,0.8667523264884949
2,165,-0.9677248,0.010160286,-0.9760403633117676
2,166,-0.95657945,0.011145382,-0.9627904295921326
2,167,-0.9442954,0.012284034,-0.8463565707206726
2,168,-0.930996,0.013299415,-0.9109581708908081
2,169,-0.9139327,0.017063333,0.9428613781929016
2,170,-0.8959631,0.017969638,-0.9310315251350403
2,171,-0.87699276,0.018970335,-0.8309190273284912
2,172,-0.8544196,0.022573182,0.9478242993354797
2,173,-0.83116823,0.023251344,-0.9435163140296936
2,174,-0.8072744,0.023893857,-0.900390088558197
2,175,-0.78265804,0.024616387,-0.7715772390365601
2,176,-0.7577075,0.024950558,-0.9460024237632751
2,177,-0.7326074,0.025100067,-0.9769853949546814
2,178,-0.70747864,0.025128806,-0.9587396383285522
2,179,-0.67983687,0.0276418,0.8018555045127869
2,180,-0.6524683,0.027368544,-0.9350696206092834
2,181,-0.62559754,0.026870772,-0.9602635502815247
2,182,-0.5965323,0.029065277,0.9609313011169434
2,183,-0.565521,0.031011285,0.935573160648346
2,184,-0.5355595,0.029961549,-0.9088836312294006
2,185,-0.5044282,0.031131294,0.7200394868850708
2,186,-0.47201398,0.032414213,0.9510796070098877
2,187,-0.44135863,0.030655347,-0.9156818985939026
2,188,-0.40989888,0.03145975,0.9433099627494812
2,189,-0.3780937,0.03180519,0.7878338098526001
2,190,-0.3462534,0.031840302,0.7280475497245789
2,191,-0.31703869,0.029214717,-0.9049084782600403
2,192,-0.2907759,0.02626278,-1.002943515777588
2,193,-0.26744956,0.023326326,-0.8858939409255981
2,194,-0.24709506,0.020354498,-0.8228517174720764
2,195,-0.23001283,0.017082227,-0.9521788358688354
2,196,-0.2135415,0.016471341,0.8781121373176575
2,197,-0.1977529,0.015788596,0.8810413479804993
2,198,-0.1854439,0.012309003,-0.9378571510314941
2,199,-0.176638,0.008805892,-0.920076847076416
2,200,-0.17147021,0.005167798,-0.9873118996620178
2,201,-0.1698225,0.0016477073,-0.8957557678222656
2,202,-0.16903149,0.0007910094,0.88387531042099
2,203,-0.17185444,-0.0028229489,-0.9523733854293823
2,204,-0.17813912,-0.0062846816,-0.8577964901924133
2,205,-0.18789907,-0.009759942,-0.8825646042823792
2,206,-0.1984804,-0.010581333,0.8612150549888611
2,207,-0.2125845,-0.014104092,-0.9686706066131592
2,208,-0.22737253,-0.014788031,0.8830994963645935
2,209,-0.24556996,-0.018197427,-0.9791977405548096
2,210,-0.26700124,-0.02143129,-0.9214375019073486
2,211,-0.2916125,-0.024611272,-0.9600107669830322
2,212,-0.3166931,-0.025080591,0.7556563019752502
2,213,-0.34470266,-0.028009577,-0.983292281627655
2,214,-0.37542224,-0.030719565,-0.9545046091079712
2,215,-0.4087169,-0.033294648,-1.1025629043579102
2,216,-0.44433016,-0.03561326,-0.9826357960700989
2,217,-0.48203236,-0.037702188,-1.05329167842865
2,218,-0.521534,-0.039501682,-0.992367684841156
2,219,-0.56250954,-0.04097552,-0.972233772277832
2,220,-0.6046939,-0.04218435,-1.0097599029541016
2,221,-0.647776,-0.043082118,-1.0959826707839966
2,222,-0.6888046,-0.041028626,0.7623697519302368
2,223,-0.7301276,-0.041322976,-0.988857626914978
2,224,-0.7714988,-0.04137123,-1.002048373222351
2,225,-0.81265676,-0.041157942,-0.9861664772033691
2,226,-0.85340846,-0.040751684,-1.0557976961135864
2,227,-0.8935584,-0.04014993,-0.9916841983795166
2,228,-0.9329339,-0.039375532,-0.9764754176139832
2,229,-0.9714549,-0.03852098,-1.000522494316101
2,230,-1.0090401,-0.037585244,-1.0281065702438354
2,231,-1.0456418,-0.036601607,-1.0502912998199463
2,232,-1.0812434,-0.035601635,-1.064879059791565
2,233,-1.1158581,-0.034614664,-1.0677452087402344
2,234,-1.1495118,-0.033653684,-0.9907817840576172
2,235,-1.1795135,-0.030001687,0.8458945751190186
2,236,-1.2,0.0,-1.0620771646499634
2,237,-1.1992582,0.00074189587,-1.0022073984146118
2,238,-1.1977719,0.0014862483,-1.0469167232513428
2,239,-1.1954956,0.0022762828,-0.9728041887283325
2,240,-1.1924627,0.0030329232,-1.0149158239364624
2,241,-1.1886635,0.0037992597,-1.040253758430481
2,242,-1.1811794,0.007484062,0.9377235770225525
2,243,-1.1728166,0.008362783,-0.9480220079421997
2,244,-1.1635271,0.00928949,-0.9319052696228027
2,245,-1.150484,0.013043183,0.9362638592720032
2,246,-1.1364766,0.014007314,-0.9445398449897766
2,247,-1.1189277,0.017548883,0.7538031935691833
2,248,-1.0976185,0.021309279,0.8787040710449219
2,249,-1.0723381,0.025280343,0.9997406005859375
2,250,-1.0458338,0.026504273,-0.8459755778312683
2,251,-1.0181627,0.02767111,-0.8887608647346497
2,252,-0.98655164,0.031611107,0.9663171768188477
2,253,-0.9511084,0.03544325,0.9156047105789185
2,254,-0.91446996,0.03663845,-0.8010965585708618
2,255,-0.8740514,0.040418588,0.9838127493858337
2,256,-0.83271044,0.04134092,-0.8319421410560608
2,257,-0.7907156,0.041994873,-0.8974047899246216
2,258,-0.7467131,0.04400249,0.14124952256679535
2,259,-0.7024979,0.044215176,-0.8923259377479553
2,260,-0.6583941,0.044103783,-0.9264300465583801
2,261,-0.6146044,0.043789703,-0.8651437163352966
2,262,-0.5686916,0.045912817,0.9660132527351379
2,263,-0.5209782,0.0477134,0.9756112694740295
2,264,-0.4718993,0.04907892,0.9234492778778076
2,265,-0.42430323,0.047596075,-0.731100857257843
2,266,-0.37609088,0.048212364,0.9000262022018433
2,267,-0.32763228,0.04845862,0.8778730034828186
2,268,-0.27907783,0.048554435,0.988234281539917
2,269,-0.23084113,0.048236698,0.9040424823760986
2,270,-0.18309797,0.047743153,0.9536996483802795
2,271,-0.13598706,0.04711092,1.000806450843811
2,272,-0.089798085,0.046188973,0.9152560234069824
2,273,-0.044557493,0.045240592,0.9743000268936157
2,274,-0.000637273,0.04392022,0.7715505361557007
2,275,0.042215403,0.042852674,0.9549676179885864
2,276,0.081120595,0.03890519,-0.9783379435539246
2,277,0.11673867,0.035618074,-0.5738532543182373
2,278,0.15135638,0.03461772,0.8985933661460876
2,279,0.1827224,0.031366017,-0.6700170040130615
2,280,0.21062388,0.02790147,-0.8872293829917908
2,281,0.23520163,0.024577746,-0.8709438443183899
2,282,0.256519,0.021317372,-0.9048835635185242
2,283,0.2773596,0.02084061,0.8791900277137756
2,284,0.29520252,0.017842926,-0.8762223720550537
2,285,0.31265557,0.017453043,0.7947760820388794
2,286,0.3300275,0.017371917,0.9316310286521912
2,287,0.34474558,0.014718098,-0.854844868183136
2,288,0.3568628,0.012117233,-0.8819394707679749
2,289,0.36664534,0.00978252,-0.7571288347244263
2,290,0.3739855,0.0073401704,-0.8721444606781006
2,291,0.38161895,0.0076334598,0.9187270402908325
2,292,0.38689134,0.0052723917,-0.8854178190231323
2,293,0.39257014,0.0056788134,0.9354835748672485
2,294,0.39869988,0.0061297286,0.9390115141868591
2,295,0.40526885,0.006568969,0.90281081199646
2,296,0.40959594,0.0043270774,-0.9152930974960327
2,297,0.41443816,0.0048422073,0.9023865461349487
2,298,0.41978475,0.0053465897,0.8723545074462891
2,299,0.42326805,0.0034833073,-0.7314688563346863
2,300,0.42743582,0.0041677644,0.9504180550575256
2,301,0.4323285,0.004892685,0.9574534296989441
2,302,0.4351394,0.0028109085,-0.9371805191040039
2,303,0.4359428,0.0008034094,-0.9012090563774109
2,304,0.43479633,-0.0011464604,-0.8666672110557556
2,305,0.43153954,-0.0032567931,-0.9681097865104675
2,306,0.4288715,-0.002668013,0.8469871282577515
2,307,0.42418742,-0.0046840957,-0.8767681121826172
2,308,0.41745806,-0.006729373,-0.8737968802452087
2,309,0.40860713,-0.008850927,-0.8925893902778625
2,310,0.39754528,-0.011061836,-0.9103171825408936
2,311,0.38698763,-0.010557646,0.9514795541763306
2,312,0.3768354,-0.010152215,0.9343812465667725
2,313,0.36417505,-0.012660367,-0.9617648720741272
2,314,0.3496444,-0.014530653,-0.47978219389915466
2,315,0.33244473,-0.01719967,-0.9485180377960205
2,316,0.31253886,-0.019905876,-0.8998979330062866
2,317,0.29251623,-0.02002263,0.9083490371704102
2,318,0.26946023,-0.023055993,-0.9571773409843445
2,319,0.2433828,-0.026077429,-0.8631726503372192
2,320,0.21415989,-0.029222911,-0.8551960587501526
2,321,0.18419035,-0.029969541,0.8366009593009949
2,322,0.15112773,-0.033062622,-0.6434236168861389
2,323,0.11437395,-0.036753777,-0.9624858498573303
2,324,0.07390981,-0.040464137,-0.9040591716766357
2,325,0.02961284,-0.044296972,-0.9293590188026428
2,326,-0.018494353,-0.048107192,-0.8800524473190308
2,327,-0.070447184,-0.05195283,-0.8996574282646179
2,328,-0.12626947,-0.055822298,-0.9500601887702942
2,329,-0.18589815,-0.059628677,-0.9890766143798828
2,330,-0.24907966,-0.06318151,-0.9544267058372498
2,331,-0.31546667,-0.06638702,-0.9143897891044617
2,332,-0.38481522,-0.06934854,-1.0694169998168945
2,333,-0.4548152,-0.07,-1.0089751482009888
2,334,-0.52401274,-0.06919751,0.8764731287956238
2,335,-0.59401274,-0.07,-0.9949522018432617
2,336,-0.66401273,-0.07,-1.0212479829788208
2,337,-0.7340127,-0.07,-1.0181604623794556
2,338,-0.8040127,-0.07,-0.988449215888977
2,339,-0.8736374,-0.06962467,-0.9922297596931458
2,340,-0.94259334,-0.068955965,-1.0102152824401855
2,341,-1.0106714,-0.068078056,-1.0723861455917358
2,342,-1.0777644,-0.06709305,-1.0486624240875244
2,343,-1.1424991,-0.06473475,-0.08746146410703659
2,344,-1.2,0.0,-1.0684237480163574
2,345,-1.1992582,0.00074189587,-1.038318157196045
2,346,-1.1977599,0.001498368,-0.9919201731681824
2,347,-1.1954864,0.00227343,-0.982812225818634
2,348,-1.1923944,0.0030919919,-0.9587387442588806
2,349,-1.1855798,0.0068146526,0.9707386493682861
2,350,-1.1779253,0.007654451,-0.9652296900749207
2,351,-1.1694607,0.008464643,-1.0255974531173706
2,352,-1.1601623,0.009298352,-1.0005638599395752
2,353,-1.1500062,0.010156158,-1.0117086172103882
2,354,-1.1361977,0.013808462,0.84684818983078
2,355,-1.118512,0.017685631,0.9771680235862732
2,356,-1.0997359,0.018776165,-0.9016463756561279
2,357,-1.0798783,0.019857565,-0.9250744581222534
2,358,-1.0588497,0.021028684,-0.8779165148735046
2,359,-1.0367572,0.022092436,-0.9564813375473022
2,360,-1.0118057,0.024951633,0.2402825504541397
2,361,-0.9857229,0.026082732,-0.9032154083251953
2,362,-0.9557407,0.0299822,0.9612414240837097
2,363,-0.9247524,0.03098826,-0.9336197972297668
2,364,-0.89269704,0.03205537,-0.8440721035003662
2,365,-0.85702753,0.03566952,0.9186116456985474
2,366,-0.8178108,0.039216746,0.96210777759552
2,367,-0.7751722,0.042638626,0.9938937425613403
2,368,-0.7294019,0.045770273,0.9459563493728638
2,369,-0.68070805,0.048693817,0.9841552376747131
2,370,-0.6321507,0.048557352,-0.8477582335472107
2,371,-0.58141565,0.050735082,0.918603777885437
2,372,-0.5316539,0.04976176,-0.9365177154541016
2,373,-0.48317474,0.04847913,-0.8953599333763123
2,374,-0.4361663,0.047008462,-0.7788179516792297
2,375,-0.39119998,0.044966314,-0.9292661547660828
2,376,-0.3457743,0.045425676,0.950965940952301
2,377,-0.30285388,0.042920414,-0.8226289749145508
2,378,-0.26296544,0.039888434,-0.9965202212333679
2,379,-0.22621769,0.036747754,-0.919404923915863
2,380,-0.19015548,0.036062215,0.8403383493423462
2,381,-0.15487345,0.03528203,0.8826253414154053
2,382,-0.12048984,0.034383602,0.8910351991653442
2,383,-0.08974148,0.03074836,-0.8645318150520325
2,384,-0.05992202,0.02981946,0.9873632192611694
2,385,-0.033823524,0.026098497,-0.8408326506614685
2,386,-0.011654045,0.022169478,-0.9612522721290588
2,387,0.009305367,0.020959413,0.8589377999305725
2,388,0.026526766,0.017221399,-0.8259925842285156
2,389,0.04272401,0.016197242,0.9786209464073181
2,390,0.05505346,0.012329451,-0.9255319237709045
2,391,0.064401776,0.009348318,-0.34343522787094116
2,392,0.06996883,0.005567051,-0.8851883411407471
2,393,0.0716882,0.0017193711,-0.9350359439849854
2,394,0.06968741,-0.0020007899,-0.8518362045288086
2,395,0.06383951,-0.0058479006,-0.9343639016151428
2,396,0.05413918,-0.009700333,-0.9320944547653198
2,397,0.04219166,-0.011947518,0.14660832285881042
2,398,0.02626414,-0.015927518,-1.0077632665634155
2,399,0.0064463587,-0.01981778,-0.9320133924484253
2,400,-0.017330067,-0.023776425,-0.9727413058280945
2,401,-0.04504942,-0.027719356,-0.9642055034637451
2,402,-0.076647334,-0.031597916,-0.9342374205589294
2,403,-0.10960049,-0.03295316,0.7193023562431335
2,404,-0.14633816,-0.036737677,-0.9456275105476379
2,405,-0.18673573,-0.040397573,-0.9313139319419861
2,406,-0.23069026,-0.043954518,-0.9593884944915771
2,407,-0.2780696,-0.047379334,-1.0259097814559937
2,408,-0.3285772,-0.050507616,-0.9659160375595093
2,409,-0.38196543,-0.05338825,-1.000030517578125
2,410,-0.43788424,-0.055918824,-1.036021113395691
2,411,-0.49593887,-0.058054622,-1.0162904262542725
2,412,-0.5557007,-0.059761833,-1.0052070617675781
2,413,-0.61655694,-0.060856216,-0.889849066734314
2,414,-0.678225,-0.06166803,-1.058776617050171
2,415,-0.7402601,-0.062035143,-0.990441620349884
2,416,-0.80228233,-0.06202221,-1.011154055595398
2,417,-0.86394954,-0.061667208,-1.0445061922073364
2,418,-0.9249851,-0.061035562,-1.0353906154632568
2,419,-0.9824908,-0.05750565,0.7973794341087341
2,420,-1.0390434,-0.056552604,-1.0368753671646118
2,421,-1.0918155,-0.052772008,0.8542295098304749
2,422,-1.1435403,-0.05172476,-0.9535931944847107
2,423,-1.1943687,-0.050828457,-1.0664961338043213
2,424,-1.2,0.0,-1.070961833000183
2,425,-1.1991923,0.0008077383,-0.9561050534248352
2,426,-1.19764,0.0015523084,-1.0749354362487793
2,427,-1.195338,0.002301981,-1.0273158550262451
2,428,-1.1893774,0.0059606177,0.9343252778053284
2,429,-1.1825718,0.006805664,-0.9539739489555359
2,430,-1.1748492,0.007722612,-0.9198002815246582
2,431,-1.1661885,0.008660657,-0.9205771684646606
2,432,-1.1566855,0.009503054,-1.0006226301193237
2,433,-1.143457,0.013228361,0.9059720635414124
2,434,-1.129268,0.014189042,-0.9571995139122009
2,435,-1.1139692,0.015298842,-0.8765378594398499
2,436,-1.097705,0.016264247,-0.9897366762161255
2,437,-1.0776494,0.020055648,0.8800299167633057
2,438,-1.0536997,0.0239496,0.9362519383430481
2,439,-1.0285922,0.025107509,-0.8944113254547119
2,440,-1.0021062,0.026486007,-0.745071530342102
2,441,-0.9744325,0.027673652,-0.8596770763397217
2,442,-0.9429482,0.03148429,0.9133113622665405
2,443,-0.9104166,0.0325316,-0.8876141905784607
2,444,-0.87454623,0.03587037,0.6975403428077698
2,445,-0.83764064,0.0369056,-0.7579026222229004
2,446,-0.8000963,0.037544355,-0.9221805930137634
2,447,-0.759365,0.040731233,0.8952697515487671
2,448,-0.7156019,0.043763086,0.9382634162902832
2,449,-0.6719135,0.043688446,-0.9575627446174622
2,450,-0.6285889,0.0433246,-0.9599098563194275
2,451,-0.5831385,0.045450393,0.9008809924125671
2,452,-0.53851575,0.044622775,-0.8478646278381348
2,453,-0.49510577,0.04340999,-0.8830851912498474
2,454,-0.45051047,0.044595286,0.9324910044670105
2,455,-0.4078713,0.04263915,-0.9415688514709473
2,456,-0.36749274,0.040378585,-0.9399620294570923
2,457,-0.32693332,0.040559407,0.872859001159668
2,458,-0.28900468,0.037928626,-0.826589822769165
2,459,-0.25375822,0.03524647,-0.7095942497253418
2,460,-0.21894735,0.03481087,0.9161968231201172
2,461,-0.1847392,0.034208156,0.9180631041526794
2,462,-0.15174817,0.032991033,0.6057729125022888
2,463,-0.11961457,0.032133594,0.9252957105636597
2,464,-0.091204576,0.028409991,-0.921895444393158
2,465,-0.063924834,0.02727974,0.8511674404144287
2,466,-0.04047227,0.023452565,-0.9153379797935486
2,467,-0.02066156,0.019810708,-0.7735083103179932
2,468,-0.0040158345,0.016645726,-0.44652196764945984
2,469,0.0087536,0.012769435,-0.917648434638977
2,470,0.017750783,0.008997183,-0.8487424850463867
2,471,0.022967452,0.005216669,-0.8560389876365662
2,472,0.024257839,0.0012903865,-0.9548096060752869
2,473,0.021821905,-0.002435933,-0.8219578266143799
2,474,0.015714245,-0.0061076595,-0.7847212553024292
2,475,0.005655341,-0.010058904,-0.9693480730056763
2,476,-0.008151601,-0.013806942,-0.8322652578353882
2,477,-0.025859589,-0.017707989,-0.9345290660858154
2,478,-0.047462184,-0.021602597,-0.9347516298294067
2,479,-0.07282655,-0.02536437,-0.8580477237701416
2,480,-0.10203478,-0.02920823,-0.9355273842811584
2,481,-0.13494404,-0.03290926,-0.8781620264053345
2,482,-0.17143762,-0.03649358,-0.857600748538971
2,483,-0.20879053,-0.037352905,0.8781684041023254
2,484,-0.24966884,-0.040878303,-1.0105549097061157
2,485,-0.29383892,-0.04417007,-0.9739021062850952
2,486,-0.3410117,-0.04717279,-0.9418427348136902
2,487,-0.39098644,-0.049974732,-1.0455007553100586
2,488,-0.44342974,-0.052443296,-1.0092626810073853
2,489,-0.49796852,-0.054538783,-1.0664563179016113
2,490,-0.55419934,-0.05623082,-1.0835845470428467
2,491,-0.61155856,-0.057359207,-0.9050464630126953
2,492,-0.6697657,-0.05820714,-1.0372052192687988
2,493,-0.7284114,-0.058645684,-1.0038719177246094
2,494,-0.7871158,-0.058704436,-1.032105565071106
2,495,-0.8455434,-0.058427583,-1.085260272026062
2,496,-0.90335643,-0.057813026,-0.9611681699752808
2,497,-0.9603986,-0.0570422,-1.0546667575836182
2,498,-1.016441,-0.05604243,-0.9439654350280762
2,499,-1.0714002,-0.05495922,-0.9374362230300903
2,500,-1.1252508,-0.053850617,-0.9232071042060852
2,501,-1.1781696,-0.052918844,-1.009033441543579
2,502,-1.2,0.0,-1.0498136281967163
2,503,-1.1991338,0.00086626306,-0.9170885682106018
2,504,-1.1973964,0.0017373314,-0.9157967567443848
2,505,-1.1948751,0.0025212683,-0.9776877760887146
2,506,-1.1886733,0.0062018447,0.9479580521583557
2,507,-1.178817,0.009856242,0.9174732565879822
2,508,-1.1653323,0.013484769,0.8805994987487793
2,509,-1.1509534,0.014378896,-0.9670042395591736
2,510,-1.13554,0.015413413,-0.8968989849090576
2,511,-1.1189317,0.016608361,-0.8118436336517334
2,512,-1.1013314,0.017600283,-0.9669405817985535
2,513,-1.0825622,0.018769138,-0.865500271320343
2,514,-1.0627028,0.019859407,-0.9304490685462952
2,515,-1.0417513,0.020951498,-0.936802864074707
2,516,-1.0195589,0.022192383,-0.8391872048377991
2,517,-0.9935,0.026058935,0.9167605638504028
2,518,-0.9635973,0.029902717,0.9174334406852722
2,519,-0.929899,0.033698298,0.9158645868301392
2,520,-0.8952932,0.03460578,-0.9595488905906677
2,521,-0.85982156,0.035471596,-0.919367790222168
2,522,-0.82359666,0.03622492,-0.9079881906509399
2,523,-0.7848083,0.03878838,0.40343406796455383
2,524,-0.74275523,0.042053014,1.01961088180542
2,525,-0.6977712,0.044984024,0.9354795217514038
2,526,-0.65013814,0.047633067,0.9342565536499023
2,527,-0.6001527,0.049985453,0.9506480097770691
2,528,-0.5509929,0.049159743,-0.9298877120018005
2,529,-0.50028497,0.05070791,0.8952940106391907
2,530,-0.4509802,0.049304787,-0.818941593170166
2,531,-0.4035535,0.047426697,-0.8918324112892151
2,532,-0.35586643,0.047687046,0.760903000831604
2,533,-0.31070912,0.04515733,-0.8827650547027588
2,534,-0.26618764,0.04452149,0.5696526169776917
2,535,-0.22475325,0.041434392,-0.8951687216758728
2,536,-0.18669349,0.03805976,-0.9478062391281128
2,537,-0.1522181,0.03447539,-0.9775582551956177
2,538,-0.11922012,0.03299798,0.5109493136405945
2,539,-0.08719329,0.03202683,0.913764476776123
2,540,-0.056200735,0.03099255,0.9204510450363159
2,541,-0.026226906,0.02997383,0.9638855457305908
2,542,0.0026572505,0.028884158,0.9350621104240417
2,543,0.027784321,0.025127072,-0.8381102085113525
2,544,0.051894322,0.024109999,0.9828320741653442
2,545,0.07221255,0.020318225,-0.8813392519950867
2,546,0.08875927,0.016546724,-0.8866246938705444
2,547,0.104163915,0.015404639,0.8465379476547241
2,548,0.11856185,0.014397933,0.9148138761520386
2,549,0.13204114,0.0134792905,0.9499180316925049
2,550,0.14449932,0.012458175,0.8568624258041382
2,551,0.15508254,0.010583218,0.2625320851802826
2,552,0.16463397,0.009551433,0.80166095495224
2,553,0.17314474,0.00851077,0.773707926273346
2,554,0.18059304,0.007448306,0.7385240793228149
2,555,0.18726462,0.006671582,0.910171627998352
2,556,0.19304593,0.0057813143,0.8169897198677063
2,557,0.19552574,0.0024798014,-0.8061172366142273
2,558,0.19717371,0.0016479779,0.833517849445343
2,559,0.19820288,0.0010291631,0.9709458351135254
2,560,0.19594523,-0.0022576412,-0.8105899095535278
2,561,0.19288191,-0.0030633158,0.8497883081436157
2,562,0.18902484,-0.0038570734,0.8661683797836304
2,563,0.18443559,-0.004589246,0.9176781177520752
2,564,0.17624843,-0.008187163,-0.9806250333786011
2,565,0.16457666,-0.011671761,-0.8839978575706482
2,566,0.14926828,-0.015308384,-0.9567965865135193
2,567,0.13304558,-0.016222702,0.8927872180938721
2,568,0.11576461,-0.017280975,0.8301461935043335
2,569,0.09481256,-0.020952053,-0.8802228569984436
2,570,0.070073426,-0.024739131,-0.9250190258026123
2,571,0.044306863,-0.025766563,0.9450204968452454
2,572,0.014812575,-0.029494287,-0.833185076713562
2,573,-0.018623104,-0.03343568,-0.9625735282897949
2,574,-0.05600744,-0.03738434,-0.9683722257614136
2,575,-0.09453546,-0.038528025,0.8807382583618164
2,576,-0.13683523,-0.04229977,-0.9144092202186584
2,577,-0.1829273,-0.046092067,-1.0531870126724243
2,578,-0.23265226,-0.04972497,-1.0253328084945679
2,579,-0.28579262,-0.05314036,-1.0452518463134766
2,580,-0.3420506,-0.05625798,-0.9877091646194458
2,581,-0.40110388,-0.05905327,-1.068137526512146
2,582,-0.46255532,-0.061451443,-1.0492749214172363
2,583,-0.52595866,-0.06340332,-0.9977402091026306
2,584,-0.5908443,-0.064885624,-1.0614763498306274
2,585,-0.656729,-0.065884694,-1.0342563390731812
2,586,-0.72305214,-0.06632319,-0.940424382686615
2,587,-0.7894671,-0.06641497,-1.0727367401123047
2,588,-0.85557747,-0.06611038,-0.9897524118423462
2,589,-0.92095643,-0.06537894,-0.9111559391021729
2,590,-0.98551255,-0.0645561,-1.020308017730713
2,591,-1.0491056,-0.06359304,-0.9961665868759155
2,592,-1.1116987,-0.06259308,-1.0361006259918213
2,593,-1.1733385,-0.061639737,-1.0032116174697876
2,594,-1.2,0.0,-0.9905334711074829
2,595,-1.1992435,0.0007565199,-0.9902506470680237
2,596,-1.1976815,0.0015619979,-0.959281861782074
2,597,-1.1953253,0.0023563348,-0.9701331257820129
2,598,-1.192152,0.0031732472,-0.960185170173645
2,599,-1.1881901,0.0039618877,-0.9857856035232544
2,600,-1.1833589,0.004831252,-0.9402083158493042
2,601,-1.1776923,0.005666651,-0.9726077318191528
2,602,-1.171153,0.0065393127,-0.9587982892990112
2,603,-1.1637845,0.00736844,-1.0023512840270996
2,604,-1.1555674,0.008217077,-1.043122410774231
2,605,-1.1435864,0.011981057,0.9299606680870056
2,606,-1.1284379,0.0151484655,0.5141358375549316
2,607,-1.1121509,0.016286947,-0.8584237694740295
2,608,-1.0947144,0.017436527,-0.8687376976013184
2,609,-1.0734174,0.021296998,0.9238863587379456
2,610,-1.0482146,0.025202855,0.9423920512199402
2,611,-1.0219584,0.026256202,-0.964427649974823
2,612,-0.9917973,0.03016104,0.9413342475891113
2,613,-0.9577323,0.03406499,0.9589328169822693
2,614,-0.92266494,0.035067387,-0.9387310743331909
2,615,-0.88660073,0.036064185,-0.8871683478355408
2,616,-0.84691536,0.03968536,0.9371734261512756
2,617,-0.80638796,0.04052738,-0.8134162425994873
2,618,-0.7624851,0.043902885,1.0004247426986694
2,619,-0.71544003,0.04704506,1.0038654804229736
2,620,-0.6683187,0.04712134,-0.8562721014022827
2,621,-0.61871165,0.049607057,0.9560649991035461
2,622,-0.5695886,0.049123056,-0.7918047904968262
2,623,-0.51862174,0.050966885,1.008262276649475
2,624,-0.4662489,0.05237284,0.9621866941452026
2,625,-0.41331267,0.052936222,0.6609245538711548
2,626,-0.35988244,0.053430233,0.870766282081604
2,627,-0.30617455,0.053707883,0.9711663722991943
2,628,-0.25541246,0.05076208,-0.9522110819816589
2,629,-0.20774761,0.047664843,-0.8639481067657471
2,630,-0.1606637,0.04708391,0.9660269021987915
2,631,-0.11708047,0.04358322,-0.8570032119750977
2,632,-0.07437699,0.042703483,0.978417158126831
2,633,-0.032788355,0.041588638,0.8821188807487488
2,634,0.005024641,0.037812997,-0.8584848046302795
2,635,0.038960483,0.03393584,-0.9182926416397095
2,636,0.07170507,0.032744594,0.8611300587654114
2,637,0.10088848,0.02918341,-0.7458698153495789
2,638,0.12906559,0.028177105,0.9200392365455627
2,639,0.15366618,0.024600599,-0.8410521745681763
2,640,0.17752776,0.023861578,1.0119777917861938
2,641,0.20073558,0.023207832,1.0162471532821655
2,642,0.22059362,0.019858036,-0.8597177863121033
2,643,0.23714837,0.016554754,-0.8873559236526489
2,644,0.2509395,0.013791112,-0.5800625681877136
2,645,0.26193708,0.010997595,-0.6460699439048767
2,646,0.26983312,0.007896023,-0.8896908164024353
2,647,0.2772754,0.0074422923,0.8472813367843628
2,648,0.28175354,0.004478118,-0.853571355342865
2,649,0.28312948,0.0013759475,-0.962219774723053
2,650,0.2814757,-0.0016537803,-0.9190810918807983
2,651,0.27705833,-0.0044173575,-0.7354520559310913
2,652,0.26956743,-0.007490912,-0.9256893992424011
2,653,0.25893137,-0.01063606,-0.9460355639457703
2,654,0.24787864,-0.011052734,0.9108244776725769
2,655,0.23348588,-0.014392764,-1.0064170360565186
2,656,0.2185006,-0.014985281,0.8792340755462646
2,657,0.20285779,-0.015642801,0.8828905820846558
2,658,0.18634334,-0.016514447,0.7863444089889526
2,659,0.16623594,-0.020107403,-0.9823550581932068
2,660,0.14255118,-0.02368475,-0.9212283492088318
2,661,0.11519057,-0.027360614,-0.9340075254440308
2,662,0.08397775,-0.03121282,-1.031439185142517
2,663,0.04895118,-0.035026573,-0.9284479022026062
2,664,0.009991895,-0.038959283,-0.9730795621871948
2,665,-0.032954182,-0.042946078,-0.9919458627700806
2,666,-0.079851866,-0.046897687,-0.9758771657943726
2,667,-0.12785786,-0.048006006,0.8801944851875305
2,668,-0.17966118,-0.05180332,-0.985988438129425
2,669,-0.23479286,-0.05513167,-0.7885137796401978
2,670,-0.2933151,-0.05852226,-0.9903718829154968
2,671,-0.35493037,-0.061615244,-1.0263614654541016
2,672,-0.41925734,-0.064326964,-1.0040141344070435
2,673,-0.48585415,-0.066596806,-1.0452028512954712
2,674,-0.55423343,-0.06837928,-1.0765702724456787
2,675,-0.6238833,-0.069649845,-1.0253230333328247
2,676,-0.6938833,-0.07,-1.005212426185608
2,677,-0.7638833,-0.07,-1.104295015335083
2,678,-0.8337101,-0.069826774,-0.9845617413520813
2,679,-0.9030112,-0.06930113,-0.9859349727630615
2,680,-0.9715112,-0.068500005,-0.9790798425674438
2,681,-1.0390754,-0.067564175,-1.0542646646499634
2,682,-1.1056194,-0.06654401,-0.9860626459121704
2,683,-1.1712017,-0.06558231,-1.0966737270355225
2,684,-1.2,0.0,-1.0213052034378052
2,685,-1.1992582,0.00074189587,-1.0115052461624146
2,686,-1.197633,0.0016251664,-0.907387912273407
2,687,-1.1951987,0.0024343582,-0.9603355526924133
2,688,-1.1919166,0.0032821088,-0.9398983716964722
2,689,-1.1878107,0.0041059493,-0.962814450263977
2,690,-1.1826396,0.005171015,-0.8105186223983765
2,691,-1.175223,0.0074166064,-0.03390422463417053
2,692,-1.1640711,0.011151901,0.9449549913406372
2,693,-1.149164,0.014907067,0.9381771087646484
2,694,-1.1306728,0.018491143,0.8000903129577637
2,695,-1.1083095,0.022363247,0.9667237401008606
2,696,-1.0847521,0.023557402,-0.8426321148872375
2,697,-1.0573211,0.027431022,0.9263125658035278
2,698,-1.026022,0.03129917,0.9128668904304504
2,699,-0.99363405,0.032387912,-0.9374775886535645
2,700,-0.9572783,0.036355704,1.0133081674575806
2,701,-0.917168,0.040110283,0.8966602683067322
2,702,-0.8733964,0.043771602,0.8994207382202148
2,703,-0.8260713,0.047325052,0.9237640500068665
2,704,-0.7753009,0.05077043,0.9837256669998169
2,705,-0.72421867,0.05108228,-0.9343780279159546
2,706,-0.67025185,0.053966846,0.9794164896011353
2,707,-0.6159215,0.05433033,-0.4675159752368927
2,708,-0.5594682,0.056453273,0.9595598578453064
2,709,-0.50400764,0.055460557,-0.8408116102218628
2,710,-0.44735298,0.056654666,0.8939705491065979
2,711,-0.39209706,0.055255912,-0.5545892715454102
2,712,-0.33895782,0.053139243,-0.7705281376838684
2,713,-0.2857358,0.05322203,0.9319043755531311
2,714,-0.23565014,0.050085653,-1.004347801208496
2,715,-0.18881708,0.046833053,-0.9011555910110474
2,716,-0.1454876,0.043329474,-0.9293696880340576
2,717,-0.10580409,0.039683513,-0.9202180504798889
2,718,-0.067124054,0.038680036,0.9144264459609985
2,719,-0.032176197,0.034947857,-0.8551298379898071
2,720,0.0014127068,0.033588905,0.7529386281967163
2,721,0.031609155,0.030196449,-0.59498530626297
2,722,0.057958182,0.026349027,-0.905769407749176
2,723,0.08063022,0.022672039,-0.8097892999649048
2,724,0.0995115,0.018881278,-0.9090291261672974
2,725,0.11484877,0.015337273,-0.7697227001190186
2,726,0.12908222,0.014233454,0.8328354954719543
2,727,0.14010327,0.011021049,-0.598349392414093
2,728,0.14746189,0.007358623,-0.920012891292572
2,729,0.15110855,0.0036466613,-0.9684197306632996
2,730,0.15392381,0.00281526,0.9440585374832153
2,731,0.1531739,-0.0007499229,-0.8846808671951294
2,732,0.14880365,-0.004370242,-0.9197713136672974
2,733,0.14081393,-0.007989722,-0.9096494913101196
2,734,0.131811,-0.009002934,0.84467613697052
2,735,0.11907141,-0.012739586,-0.953050971031189
2,736,0.102623016,-0.016448392,-0.9110796451568604
2,737,0.08242612,-0.02019689,-0.9106971621513367
2,738,0.05840888,-0.024017246,-0.9309332966804504
2,739,0.03328852,-0.025120359,0.9057373404502869
2,740,0.00695478,-0.02633374,0.8494418263435364
2,741,-0.02071335,-0.02766813,0.7767112255096436
2,742,-0.050690316,-0.029976968,0.12422462552785873
2,743,-0.08455353,-0.03386322,-0.9434015154838562
2,744,-0.12192142,-0.03736789,-0.7231126427650452
2,745,-0.16025913,-0.03833771,0.909870982170105
2,746,-0.20225537,-0.041996237,-0.961292028427124
2,747,-0.24770944,-0.045454077,-0.9360660910606384
2,748,-0.29363126,-0.045921814,0.9154350757598877
2,749,-0.3426442,-0.04901297,-1.0292855501174927
2,750,-0.39444718,-0.05180297,-0.9990166425704956
2,751,-0.44868362,-0.05423645,-0.9925979971885681
2,752,-0.5049772,-0.056293596,-1.0262421369552612
2,753,-0.56291044,-0.057933185,-1.022617220878601
2,754,-0.62204945,-0.059139032,-1.009835958480835
2,755,-0.68196076,-0.05991134,-1.0907387733459473
2,756,-0.73973244,-0.057771705,0.6640664935112
2,757,-0.79746324,-0.057730816,-0.979263186454773
2,758,-0.85486346,-0.057400238,-1.0330101251602173
2,759,-0.9116684,-0.056804985,-1.0500789880752563
2,760,-0.96767724,-0.056008797,-1.0603004693984985
2,761,-1.0198488,-0.05217155,0.9386995434761047
2,762,-1.0709767,-0.051127903,-0.9652950763702393
2,763,-1.121111,-0.05013426,-1.0380233526229858
2,764,-1.1703066,-0.04919547,-1.0395395755767822
2,765,-1.2,0.0,-1.0552884340286255
2,766,-1.1992582,0.00074189587,-1.0161908864974976
2,767,-1.197734,0.0015242308,-0.9746783375740051
2,768,-1.1926427,0.0050912662,0.8784469366073608
2,769,-1.183921,0.00872174,0.9098052382469177
2,770,-1.1742468,0.009674191,-0.8934547901153564
2,771,-1.1608473,0.013399514,0.9364856481552124
2,772,-1.1464742,0.014373025,-0.9217222929000854
2,773,-1.128354,0.01812024,0.9048516154289246
2,774,-1.1064212,0.021932699,0.9241266250610352
2,775,-1.0834253,0.02299598,-0.9315759539604187
2,776,-1.0594441,0.02398123,-1.0133494138717651
2,777,-1.0343523,0.02509172,-0.9252156019210815
2,778,-1.0082244,0.026127947,-0.9746111035346985
2,779,-0.9781135,0.030110879,1.0035831928253174
2,780,-0.9470561,0.031057378,-1.0045074224472046
2,781,-0.9122,0.034856133,0.9404860734939575
2,782,-0.8736635,0.03853649,0.9217274785041809
2,783,-0.8315064,0.04215712,0.9678872227668762
2,784,-0.78593683,0.045569535,0.9451899528503418
2,785,-0.7371711,0.048765734,0.9503843784332275
2,786,-0.6855069,0.051664207,0.9360321760177612
2,787,-0.6338818,0.05162506,-0.8041774034500122
2,788,-0.58274,0.051141813,-0.8635746836662292
2,789,-0.53254265,0.050197348,-0.923800528049469
2,790,-0.48086646,0.051676188,0.9411782026290894
2,791,-0.42820594,0.05266054,0.8693104386329651
2,792,-0.37477288,0.053433076,0.9855038523674011
2,793,-0.32382488,0.050948,-0.9370641112327576
2,794,-0.2728908,0.050934076,0.9308531284332275
2,795,-0.22252041,0.050370395,0.7628651261329651
2,796,-0.17548622,0.047034193,-0.9152460694313049
2,797,-0.12925996,0.046226263,0.902365505695343
2,798,-0.083895996,0.045363963,0.9680516719818115
2,799,-0.042184576,0.04171142,-0.8208733201026917
2,800,-0.004282288,0.03790229,-0.8860830068588257
2,801,0.032546617,0.0368289,0.9509391784667969
2,802,0.06834963,0.035803016,0.974804162979126
2,803,0.10313598,0.03478635,0.9539741277694702
2,804,0.13411039,0.030974414,-0.9537674188613892
2,805,0.16422741,0.030117016,0.9619860649108887
2,806,0.19348747,0.029260056,0.8971384763717651
2,807,0.21924374,0.025756268,-0.9421767592430115
2,808,0.24165238,0.02240865,-0.9127766489982605
2,809,0.2608139,0.019161507,-0.9172151684761047
2,810,0.27959806,0.018784154,0.9304220676422119
2,811,0.29532334,0.015725276,-0.9253193140029907
2,812,0.30804592,0.01272257,-0.9475725293159485
2,813,0.31786168,0.0098157665,-0.9336641430854797
2,814,0.32757762,0.009715943,0.8980563879013062
2,815,0.33464456,0.007066932,-0.8414223194122314
2,816,0.33896002,0.0043154587,-0.9393353462219238
2,817,0.3405519,0.0015918982,-0.9390038251876831
2,818,0.3422652,0.0017132876,0.9508501887321472
2,819,0.34138,-0.0008852001,-0.8697195053100586
2,820,0.3378137,-0.0035663093,-0.9210165143013
2,821,0.33436745,-0.0034462393,0.9616191983222961
2,822,0.32834128,-0.006026189,-0.8238178491592407
2,823,0.31943297,-0.008908297,-1.0033063888549805
2,824,0.3077498,-0.011683173,-0.8917291164398193
2,825,0.29567915,-0.012070655,0.7470648288726807
2,826,0.2813297,-0.0143494755,-0.46636128425598145
2,827,0.26394764,-0.01738207,-0.9142510890960693
2,828,0.24337412,-0.020573517,-0.9567391276359558
2,829,0.21958546,-0.023788668,-0.9016123414039612
2,830,0.19238836,-0.027197106,-0.954367995262146
2,831,0.16159622,-0.030792138,-1.0066096782684326
2,832,0.12709215,-0.03450407,-1.0288549661636353
2,833,0.08879784,-0.038294315,-0.9798444509506226
2,834,0.046591707,-0.04220613,-1.0089291334152222
2,835,0.00048415505,-0.046107553,-0.9505348205566406
2,836,-0.04957728,-0.05006144,-0.9692577123641968
2,837,-0.10356608,-0.0539888,-0.9699754118919373
2,838,-0.16140765,-0.05784156,-0.9816411137580872
2,839,-0.2201089,-0.058701243,0.9019410610198975
2,840,-0.28225076,-0.06214185,-0.9774192571640015
2,841,-0.34754866,-0.0652979,-1.090194821357727
2,842,-0.41348103,-0.065932356,0.416925847530365
2,843,-0.48172432,-0.0682433,-1.00404953956604
2,844,-0.5517243,-0.07,-1.021980881690979
2,845,-0.6217243,-0.07,-0.9545665979385376
2,846,-0.6917243,-0.07,-0.9723762273788452
2,847,-0.7617243,-0.07,-1.0584689378738403
2,848,-0.8315864,-0.069862135,-1.0454537868499756
2,849,-0.9009536,-0.06936715,-1.1448181867599487
2,850,-0.9695575,-0.06860392,-1.0414068698883057
2,851,-1.037229,-0.067671426,-1.0552465915679932
2,852,-1.1039015,-0.06667254,-1.018368124961853
2,853,-1.1696101,-0.06570863,-1.1169755458831787
2,854,-1.2,0.0,-1.019539475440979
2,855,-1.1992582,0.00074189587,-1.029856562614441
2,856,-1.1975813,0.0016768791,-0.8729127645492554
2,857,-1.1922725,0.005308713,0.9213129878044128
2,858,-1.1861969,0.006075651,-1.028712272644043
2,859,-1.1793101,0.0068868413,-0.9830544590950012
2,860,-1.1715581,0.0077519477,-0.9607306122779846
2,861,-1.1627171,0.00884102,-0.8259657025337219
2,862,-1.1501402,0.012576977,0.9230594635009766
2,863,-1.136606,0.013534204,-0.9496657252311707
2,864,-1.122031,0.014574968,-0.913228452205658
2,865,-1.1065187,0.015512232,-1.0519391298294067
2,866,-1.0871431,0.019375633,0.9352580308914185
2,867,-1.0667183,0.020424774,-0.9552868008613586
2,868,-1.0452054,0.02151297,-0.9383456110954285
2,869,-1.0225943,0.022611033,-0.934594988822937
2,870,-0.9985859,0.024008458,-0.7305119633674622
2,871,-0.97064793,0.02793796,0.9706926345825195
2,872,-0.9388398,0.031808157,0.9572216272354126
2,873,-0.9060709,0.03276892,-0.9388696551322937
2,874,-0.87245864,0.03361223,-0.9573030471801758
2,875,-0.83760315,0.0348555,-0.6140134334564209
2,876,-0.7992492,0.03835396,0.9844021797180176
2,877,-0.75769615,0.041553,0.9062429666519165
2,878,-0.71310496,0.044591196,0.948848307132721
2,879,-0.6685725,0.04453248,-0.9364508390426636
2,880,-0.62157494,0.04699752,0.9411293268203735
2,881,-0.5749926,0.046582367,-0.7596272230148315
2,882,-0.5265263,0.048466295,1.0026066303253174
2,883,-0.4794271,0.047099162,-0.926059901714325
2,884,-0.4312746,0.04815251,0.9224445819854736
2,885,-0.38483188,0.04644272,-0.684118926525116
2,886,-0.33801192,0.04681996,0.9254577159881592
2,887,-0.29387832,0.04413361,-0.91016685962677
2,888,-0.24995112,0.0439272,0.9222086668014526
2,889,-0.20644681,0.04350432,0.9377273917198181
2,890,-0.16628978,0.040157035,-0.8744203448295593
2,891,-0.12682804,0.039461724,1.017945408821106
2,892,-0.09076316,0.03606489,-0.7170823216438293
2,893,-0.05566901,0.03509415,0.958103597164154
2,894,-0.021553468,0.03411554,0.9910732507705688
2,895,0.008746657,0.030300125,-0.8804275393486023
2,896,0.035222817,0.026476162,-0.8832158446311951
2,897,0.0578536,0.02263078,-0.906217634677887
2,898,0.07943446,0.021580862,0.9416822195053101
2,899,0.09722553,0.017791072,-0.9069604277610779
2,900,0.11178254,0.014557009,-0.5597702860832214
2,901,0.12264763,0.010865083,-0.8874569535255432
2,902,0.13257499,0.0099273585,0.9299657344818115
2,903,0.13890907,0.0063340873,-0.8589398264884949
2,904,0.14153625,0.0026271848,-0.9472374320030212
2,905,0.14327346,0.0017372017,0.9253445267677307
2,906,0.14140011,-0.0018733515,-0.8919677734375
2,907,0.1359159,-0.0054842085,-0.8882908821105957
2,908,0.12900037,-0.006915542,0.5758049488067627
2,909,0.121040106,-0.007960259,0.8469300866127014
2,910,0.109334856,-0.01170525,-0.9386716485023499
2,911,0.093865775,-0.0154690845,-0.9314113855361938
2,912,0.074571855,-0.019293917,-0.9488673806190491
2,913,0.054178983,-0.020392872,0.8924962282180786
2,914,0.03270778,-0.021471202,0.9258132576942444
2,915,0.0072486037,-0.025459176,-1.0156793594360352
2,916,-0.022077832,-0.029326435,-0.9119004607200623
2,917,-0.055263218,-0.033185385,-0.9096207618713379
2,918,-0.092367284,-0.037104063,-0.96863853931427
2,919,-0.13337597,-0.041008692,-1.0441159009933472
2,920,-0.178169,-0.04479303,-0.9878733158111572
2,921,-0.22654621,-0.048377223,-0.9552630186080933
2,922,-0.27836794,-0.051821724,-1.0027382373809814
2,923,-0.33330348,-0.054935545,-0.9573793411254883
2,924,-0.39108998,-0.057786487,-1.060636281967163
2,925,-0.4510751,-0.059985135,-0.8205328583717346
2,926,-0.5130999,-0.06202478,-1.0202250480651855
2,927,-0.5767034,-0.063603505,-1.0183073282241821
2,928,-0.64136773,-0.064664274,-0.9715818166732788
2,929,-0.706667,-0.065299265,-1.0290048122406006
2,930,-0.77216125,-0.06549424,-1.0270309448242188
2,931,-0.83745927,-0.06529805,-1.0553090572357178
2,932,-0.90215003,-0.06469078,-0.9426382184028625
2,933,-0.9660695,-0.063919485,-0.997148871421814
2,934,-1.0265557,-0.06048611,0.671368420124054
2,935,-1.0860466,-0.059490904,-1.026715874671936
2,936,-1.1445545,-0.058507863,-1.02289617061615
2,937,-1.2,0.0,-1.0438332557678223
2,938,-1.1991124,0.0008876037,-0.902861475944519
2,939,-1.1946373,0.0044751465,0.8951391577720642
2,940,-1.1866837,0.007953656,0.8127373456954956
2,941,-1.1778117,0.008871911,-0.9106909036636353
2,942,-1.1680981,0.009713623,-0.979203999042511
2,943,-1.1573533,0.0107448045,-0.870781421661377
2,944,-1.142907,0.014446236,0.8911361694335938
2,945,-1.1273664,0.015540565,-0.8688823580741882
2,946,-1.1108978,0.016468609,-1.0083692073822021
2,947,-1.0933614,0.01753644,-0.9244387149810791
2,948,-1.0748489,0.018512504,-1.03782057762146
2,949,-1.055328,0.019520912,-0.9886639714241028
2,950,-1.034761,0.020567091,-0.9687178134918213
2,951,-1.0130612,0.021699758,-0.9103948473930359
2,952,-0.99029064,0.0227705,-0.9441066384315491
2,953,-0.9636329,0.026657734,0.9490521550178528
2,954,-0.9359556,0.027677279,-0.9348704814910889
2,955,-0.9072036,0.028751992,-0.8582388758659363
2,956,-0.8747591,0.032444526,0.9398619532585144
2,957,-0.84149224,0.033266846,-0.9003683924674988
2,958,-0.8046916,0.036800634,0.9966067671775818
2,959,-0.7674353,0.037256278,-0.9409502148628235
2,960,-0.7271247,0.040310644,0.9229217767715454
2,961,-0.68392295,0.04320174,0.9718291759490967
2,962,-0.6380646,0.045858346,1.0222835540771484
2,963,-0.590029,0.04803563,0.8903757333755493
2,964,-0.5429577,0.04707128,-0.9728557467460632
2,965,-0.4953738,0.04758395,0.24503867328166962
2,966,-0.44650128,0.048872516,1.0464506149291992
2,967,-0.39690125,0.04960002,0.8670634031295776
2,968,-0.34683338,0.050067864,0.9302412867546082
2,969,-0.29662815,0.05020523,0.9345579743385315
2,970,-0.24949667,0.047131475,-1.019047737121582
2,971,-0.2033261,0.046170566,0.580589771270752
2,972,-0.1578599,0.045466196,0.8965206146240234
2,973,-0.11335255,0.04450735,0.8440057635307312
2,974,-0.07242734,0.04092521,-0.8168681859970093
2,975,-0.03532308,0.03710426,-0.9198198914527893
2,976,-0.0017625318,0.033560548,-0.7051573395729065
2,977,0.030681431,0.032443963,0.9222537875175476
2,978,0.05949329,0.028811857,-0.7617923021316528
2,979,0.08727534,0.027782053,0.9536545872688293
2,980,0.11148708,0.024211742,-0.7703424096107483
2,981,0.1320484,0.02056131,-0.8593093752861023
2,982,0.15169704,0.019648643,0.9291484951972961
2,983,0.16772765,0.016030606,-0.9149903655052185
2,984,0.18016332,0.01243568,-0.9365300536155701
2,985,0.18921684,0.009053514,-0.8256831169128418
2,986,0.19477126,0.005554428,-0.927446722984314
2,987,0.1996121,0.0048408424,0.914427638053894
2,988,0.20107317,0.0014610682,-0.8765292763710022
2,989,0.200427,-0.00064617285,-0.03230489790439606
2,990,0.19625175,-0.0041752476,-0.9783636927604675
2,991,0.19135378,-0.0048979595,0.9042463302612305
2,992,0.18583673,-0.005517045,0.9867803454399109
2,993,0.17677794,-0.009058785,-0.9468678832054138
2,994,0.16698474,-0.009793211,0.9481129050254822
2,995,0.1563138,-0.010670927,0.8767299056053162
2,996,0.14200136,-0.0143124405,-0.9409301280975342
2,997,0.12406946,-0.017931903,-0.8952680826187134
2,998,0.105088994,-0.018980468,0.8535003662109375
2,999,0.082338385,-0.02275061,-0.9289063215255737
3,1,-0.50409544,-0.0016586082,-1.0313419103622437
3,2,-0.50724745,-0.0031519954,-0.8981304168701172
3,3,-0.5091985,-0.0019510409,0.8823601603507996
3,4,-0.5127221,-0.0035235716,-0.9763747453689575
3,5,-0.5176008,-0.0048786993,-0.8490447402000427
3,6,-0.5240244,-0.006423682,-1.041204810142517
3,7,-0.53189605,-0.007871629,-0.9674258232116699
3,8,-0.54114383,-0.009247753,-0.9588981866836548
3,9,-0.55166185,-0.01051799,-0.9345098733901978
3,10,-0.5634696,-0.011807766,-1.0238405466079712
3,11,-0.576479,-0.013009448,-1.0096989870071411
3,12,-0.5905935,-0.0141145075,-1.0466827154159546
3,13,-0.60564804,-0.015054512,-0.9593929052352905
3,14,-0.621571,-0.015922975,-0.9850908517837524
3,15,-0.6382697,-0.016698716,-1.0988359451293945
3,16,-0.6555486,-0.017278876,-0.9488855004310608
3,17,-0.67335707,-0.017808523,-0.9957507848739624
3,18,-0.69156337,-0.018206278,-0.9890236854553223
3,19,-0.7100026,-0.018439228,-0.9600318670272827
3,20,-0.7285892,-0.018586604,-0.9824469089508057
3,21,-0.7472108,-0.01862165,-0.9849224090576172
3,22,-0.76577836,-0.018567547,-1.0353374481201172
3,23,-0.78401536,-0.018237013,-0.8867883086204529
3,24,-0.7990928,-0.015077443,0.9327682852745056
3,25,-0.8138314,-0.014738561,-1.0042407512664795
3,26,-0.8279889,-0.014157533,-0.8872790336608887
3,27,-0.838918,-0.010929055,0.8332427740097046
3,28,-0.84918606,-0.010268088,-0.9111181497573853
3,29,-0.858805,-0.0096189575,-0.9483946561813354
3,30,-0.8677972,-0.008992212,-0.9896589517593384
3,31,-0.8761428,-0.008345632,-1.0025923252105713
3,32,-0.88381046,-0.0076676435,-1.0009416341781616
3,33,-0.89077246,-0.0069620013,-1.0001940727233887
3,34,-0.8970047,-0.0062322607,-1.017104148864746
3,35,-0.902456,-0.0054512816,-0.979672908782959
3,36,-0.90704924,-0.004593274,-0.9399890899658203
3,37,-0.9108297,-0.0037804975,-0.9796613454818726
3,38,-0.9138165,-0.002986803,-1.043001651763916
3,39,-0.9159618,-0.002145288,-0.9739988446235657
3,40,-0.9172664,-0.0013046031,-0.9786987900733948
3,41,-0.91767514,-0.00040873364,-0.9443997144699097
3,42,-0.91727024,0.00040489843,-1.024863600730896
3,43,-0.91597027,0.0012999572,-0.9449474215507507
3,44,-0.9136869,0.0022834018,-0.8835419416427612
3,45,-0.9106013,0.003085536,-1.0082995891571045
3,46,-0.90652436,0.0040769605,-0.8677254319190979
3,47,-0.9016224,0.004901948,-0.9704476594924927
3,48,-0.8959551,0.005667302,-1.015896201133728
3,49,-0.8894846,0.0064705284,-0.9625480771064758
3,50,-0.87942195,0.010062665,0.9111867547035217
3,51,-0.86572546,0.0136965085,0.9625912308692932
3,52,-0.8513872,0.014338247,-0.9978909492492676
3,53,-0.8335475,0.017839722,0.9470391273498535
3,54,-0.81513137,0.018416082,-0.951639711856842
3,55,-0.7962292,0.018902166,-0.9547532200813293
3,56,-0.7769061,0.019323139,-0.9355275630950928
3,57,-0.7543608,0.0225453,1.042232871055603
3,58,-0.73169744,0.022663383,-0.9851093292236328
3,59,-0.7089518,0.022745656,-0.9193616509437561
3,60,-0.6860406,0.022911208,-0.7693705558776855
3,61,-0.66343206,0.022608502,-0.9822449684143066
3,62,-0.6412308,0.022201255,-0.950337827205658
3,63,-0.61963755,0.021593293,-0.9813356995582581
3,64,-0.59606665,0.023570899,0.8448261618614197
3,65,-0.5723167,0.023749923,-0.24014194309711456
3,66,-0.5467888,0.025527922,0.9426090717315674
3,67,-0.51978445,0.02700436,0.8684346079826355
3,68,-0.4915246,0.02825985,0.8560645580291748
3,69,-0.46212852,0.029396072,0.9176056385040283
3,70,-0.43455184,0.027576672,-0.9073217511177063
3,71,-0.4091351,0.025416736,-1.0018384456634521
3,72,-0.3831429,0.025992213,0.9447879195213318
3,73,-0.35680264,0.026340235,0.9136965870857239
3,74,-0.33299628,0.023806373,-0.8896313905715942
3,75,-0.30949587,0.023500405,0.6979437470436096
3,76,-0.2888909,0.020604974,-0.931878387928009
3,77,-0.2710423,0.01784861,-0.7586312890052795
3,78,-0.2560737,0.014968567,-0.7746458649635315
3,79,-0.24153386,0.014539851,0.912769079208374
3,80,-0.22740722,0.014126642,0.972466230392456
3,81,-0.21391469,0.01349253,0.8708822727203369
3,82,-0.2038077,0.010107002,-0.921930193901062
3,83,-0.19431612,0.009491577,0.9544363617897034
3,84,-0.18835537,0.005960744,-0.9624831080436707
3,85,-0.18320687,0.0051484937,0.8660886883735657
3,86,-0.18160592,0.001600957,-0.9438198208808899
3,87,-0.18251234,-0.0009064199,-0.24621501564979553
3,88,-0.18684979,-0.0043374435,-0.8643335700035095
3,89,-0.19478527,-0.007935475,-0.9870824217796326
3,90,-0.20611848,-0.011333215,-0.8750478029251099
3,91,-0.22096783,-0.014849348,-0.9860336184501648
3,92,-0.23904893,-0.018081095,-0.8408167958259583
3,93,-0.26050806,-0.021459125,-0.9958794116973877
3,94,-0.28519794,-0.024689896,-0.9707791209220886
3,95,-0.31295326,-0.027755313,-0.9506605267524719
3,96,-0.34355083,-0.030597558,-0.9103160500526428
3,97,-0.37693405,-0.033383206,-1.0077488422393799
3,98,-0.41286093,-0.03592688,-0.985891580581665
3,99,-0.45110315,-0.03824222,-1.0439302921295166
3,100,-0.49137554,-0.040272374,-0.9938069581985474
3,101,-0.5333892,-0.04201367,-1.005247950553894
3,102,-0.5768295,-0.043440253,-1.0019699335098267
3,103,-0.6185502,-0.04172068,0.8813570737838745
3,104,-0.66103125,-0.042481046,-0.9752717018127441
3,105,-0.7038734,-0.04284214,-0.9085877537727356
3,106,-0.74692845,-0.04305503,-1.0433140993118286
3,107,-0.7899099,-0.042981446,-0.985904335975647
3,108,-0.8325158,-0.042605896,-0.9439886212348938
3,109,-0.87462246,-0.04210671,-1.0059360265731812
3,110,-0.9159943,-0.041371834,-0.9583262205123901
3,111,-0.9565573,-0.040563006,-1.033538818359375
3,112,-0.9962121,-0.039654866,-1.0354667901992798
3,113,-1.0348961,-0.038684055,-1.0010870695114136
3,114,-1.0725819,-0.037685756,-1.0360016822814941
3,115,-1.1066694,-0.034087513,0.7369918823242188
3,116,-1.13975,-0.033080626,-0.9689525961875916
3,117,-1.1719264,-0.032176375,-1.047584891319275
3,118,-1.2,0.0,-0.9913210272789001
3,119,-1.1992582,0.00074189587,-1.0350933074951172
3,120,-1.1948527,0.0044055553,0.9462047815322876
3,121,-1.189617,0.005235653,-0.9524092674255371
3,122,-1.1835228,0.0060942275,-0.9444590210914612
3,123,-1.1766348,0.006888049,-1.0472910404205322
3,124,-1.1688093,0.007825499,-0.9176158905029297
3,125,-1.1590987,0.0097105,-0.30030375719070435
3,126,-1.1455278,0.013570947,1.002623438835144
3,127,-1.1309913,0.014536524,-0.9509561657905579
3,128,-1.1152478,0.015743464,-0.8096566796302795
3,129,-1.0983548,0.016893042,-0.8656706213951111
3,130,-1.0804057,0.017949099,-0.94303959608078
3,131,-1.0613798,0.01902597,-0.9404880404472351
3,132,-1.0412414,0.020138351,-0.9235715866088867
3,133,-1.0200621,0.021179318,-0.9724221229553223
3,134,-0.9978659,0.02219616,-0.9832522869110107
3,135,-0.9745424,0.023323514,-0.8968796730041504
3,136,-0.9473039,0.027238496,0.9827559590339661
3,137,-0.91897696,0.028326947,-0.8667506575584412
3,138,-0.8868738,0.03210316,0.9725978374481201
3,139,-0.85381097,0.03306284,-0.8377880454063416
3,140,-0.81998205,0.03382893,-0.8832342624664307
3,141,-0.78284395,0.03713808,0.9118720293045044
3,142,-0.74512047,0.037723456,-0.7791936993598938
3,143,-0.70713824,0.03798225,-0.8553310632705688
3,144,-0.6664446,0.040693633,0.9355631470680237
3,145,-0.62593055,0.04051406,-0.8122854232788086
3,146,-0.5833314,0.042599138,0.8863936066627502
3,147,-0.54153174,0.041799653,-0.8300578594207764
3,148,-0.50100183,0.040529907,-0.936119556427002
3,149,-0.45928615,0.04171567,0.9034078121185303
3,150,-0.41679397,0.042492185,0.8372491002082825
3,151,-0.37370923,0.043084748,0.9199748635292053
3,152,-0.33043915,0.04327007,0.8479920625686646
3,153,-0.2898847,0.04055447,-0.8977537751197815
3,154,-0.25224897,0.037635714,-0.8706857562065125
3,155,-0.21780024,0.034448724,-0.9128710627555847
3,156,-0.18672873,0.031071518,-0.9281026124954224
3,157,-0.15627511,0.030453628,1.001948356628418
3,158,-0.12671226,0.029562848,0.8929787278175354
3,159,-0.100789666,0.025922595,-0.8791458010673523
3,160,-0.07582229,0.024967382,0.9542473554611206
3,161,-0.051863924,0.023958363,0.9510554671287537
3,162,-0.031384375,0.020479549,-0.672675609588623
3,163,-0.012032081,0.019352295,0.9077816009521484
3,164,0.0038845376,0.01591662,-0.6248692870140076
3,165,0.016065814,0.012181276,-0.8236748576164246
3,166,0.024276502,0.00821069,-0.982326865196228
3,167,0.031408682,0.0071321796,0.9432416558265686
3,168,0.034592517,0.0031838347,-0.9729565382003784
3,169,0.03388206,-0.0007104582,-0.938495397567749
3,170,0.029315554,-0.004566505,-0.9126338958740234
3,171,0.023646198,-0.005669356,0.9249916076660156
3,172,0.016754877,-0.0068913205,0.8478317856788635
3,173,0.005975327,-0.01077955,-0.9275912642478943
3,174,-0.008693537,-0.014668864,-0.9264768958091736
3,175,-0.027296366,-0.01860283,-0.9565434455871582
3,176,-0.049749024,-0.022452658,-0.9054713249206543
3,177,-0.076047584,-0.026298562,-0.9157965779304504
3,178,-0.106199294,-0.03015171,-0.9452844262123108
3,179,-0.1401387,-0.0339394,-0.9423344135284424
3,180,-0.17783496,-0.03769625,-0.9830363392829895
3,181,-0.21910177,-0.041266818,-0.9453297257423401
3,182,-0.2612618,-0.042160027,0.723929226398468
3,183,-0.30666232,-0.04540054,-0.9799320101737976
3,184,-0.35504645,-0.048384123,-0.9793367981910706
3,185,-0.4061296,-0.051083155,-0.9920514822006226
3,186,-0.4595542,-0.053424608,-0.9857050776481628
3,187,-0.5149562,-0.055401992,-1.0427294969558716
3,188,-0.5718902,-0.056933973,-0.9781134724617004
3,189,-0.6299632,-0.05807305,-1.0319973230361938
3,190,-0.6887369,-0.058773726,-0.9899585247039795
3,191,-0.74782217,-0.059085235,-1.0255646705627441
3,192,-0.8068497,-0.05902754,-1.0488533973693848
3,193,-0.86549944,-0.05864975,-1.0110782384872437
3,194,-0.92346096,-0.05796151,-0.9663038849830627
3,195,-0.9805927,-0.057131786,-1.0383827686309814
3,196,-1.0367743,-0.056181528,-1.0755871534347534
3,197,-1.091935,-0.05516074,-0.9853245615959167
3,198,-1.1461183,-0.054183222,-1.0099897384643555
3,199,-1.1994108,-0.0532925,-1.0994868278503418
3,200,-1.2,0.0,-1.0496565103530884
3,201,-1.1992582,0.00074189587,-1.048296332359314
3,202,-1.1977215,0.0015367281,-0.966346800327301
3,203,-1.195257,0.0024645699,-0.8810426592826843
3,204,-1.192035,0.00322198,-1.0209717750549316
3,205,-1.1852621,0.006772898,0.8554863333702087
3,206,-1.1748794,0.010382711,0.8808063268661499
3,207,-1.1636432,0.0112361815,-0.9769037961959839
3,208,-1.151558,0.012085181,-1.0352418422698975
3,209,-1.1357924,0.015765643,0.8679935932159424
3,210,-1.1166866,0.0191058,0.618626058101654
3,211,-1.0937599,0.022926694,0.916680634021759
3,212,-1.0697986,0.023961337,-0.9606706500053406
3,213,-1.0447382,0.025060423,-0.9301139712333679
3,214,-1.0184996,0.026238618,-0.8811577558517456
3,215,-0.991113,0.02738663,-0.8951520919799805
3,216,-0.9597799,0.031333078,0.9878330826759338
3,217,-0.9275323,0.0322476,-1.0041530132293701
3,218,-0.8942569,0.033275455,-0.8751797676086426
3,219,-0.8573869,0.036869977,0.9020554423332214
3,220,-0.8198695,0.037517358,-0.9720922708511353
3,221,-0.7789243,0.04094522,0.9913688898086548
3,222,-0.7348616,0.044062674,0.9229007363319397
3,223,-0.690643,0.04421859,-0.8830606937408447
3,224,-0.64616436,0.044478662,-0.6273153424263
3,225,-0.60212296,0.044041377,-0.8906364440917969
3,226,-0.5587707,0.043352272,-0.8484019041061401
3,227,-0.516543,0.042227756,-0.9252106547355652
3,228,-0.47569066,0.040852305,-0.8816921710968018
3,229,-0.4339596,0.041731056,0.8245514631271362
3,230,-0.39434847,0.03961112,-0.9704777002334595
3,231,-0.3542764,0.040072072,0.9374815821647644
3,232,-0.3169203,0.037356067,-1.0254112482070923
3,233,-0.2825169,0.034403406,-1.041646122932434
3,234,-0.24835259,0.034164306,0.9436357617378235
3,235,-0.21463995,0.033712648,0.9239752888679504
3,236,-0.18148595,0.033153992,0.9604769945144653
3,237,-0.15176359,0.02972236,-0.8620732426643372
3,238,-0.1256172,0.026146382,-0.8870974183082581
3,239,-0.10319694,0.022420261,-0.9343675971031189
3,240,-0.08449916,0.01869778,-0.8942233920097351
3,241,-0.0695748,0.014924354,-0.9022148847579956
3,242,-0.05850208,0.011072721,-0.9372619390487671
3,243,-0.048457712,0.010044371,0.9554965496063232
3,244,-0.03948647,0.008971242,0.9336673617362976
3,245,-0.034304976,0.0051814956,-0.8715111613273621
3,246,-0.030280551,0.004024425,0.8864678740501404
3,247,-0.027265185,0.003015365,0.9870879054069519
3,248,-0.028241461,-0.0009762765,-1.0004737377166748
3,249,-0.030430725,-0.0021892644,0.8520297408103943
3,250,-0.033695165,-0.00326444,0.9429426193237305
3,251,-0.040824015,-0.00712885,-0.9181148409843445
3,252,-0.051864076,-0.011040064,-0.9532927870750427
3,253,-0.0663749,-0.01451082,-0.6673044562339783
3,254,-0.08470134,-0.01832644,-0.9100143313407898
3,255,-0.10667403,-0.021972695,-0.8176884651184082
3,256,-0.13245459,-0.025780559,-0.9565281867980957
3,257,-0.1619102,-0.029455619,-0.9132324457168579
3,258,-0.19238922,-0.030479012,0.7916275262832642
3,259,-0.22367586,-0.03128665,0.8582611083984375
3,260,-0.25842047,-0.034744605,-1.0083483457565308
3,261,-0.29645067,-0.0380302,-1.0064923763275146
3,262,-0.33562768,-0.039176997,0.2853284776210785
3,263,-0.37759432,-0.041966636,-0.9689300656318665
3,264,-0.42210114,-0.04450682,-0.9865542650222778
3,265,-0.4688575,-0.046756346,-1.0415053367614746
3,266,-0.51748663,-0.048629142,-0.9760539531707764
3,267,-0.5676616,-0.05017498,-1.079551339149475
3,268,-0.61900705,-0.05134547,-1.0856618881225586
3,269,-0.6711467,-0.05213964,-1.0145751237869263
3,270,-0.7237155,-0.052568816,-1.006414771080017
3,271,-0.77637196,-0.052656487,-1.0661540031433105
3,272,-0.8288092,-0.05243723,-1.0626615285873413
3,273,-0.8807471,-0.05193789,-0.9886855483055115
3,274,-0.9290897,-0.048342638,0.9336796402931213
3,275,-0.97658765,-0.047497936,-1.0598117113113403
3,276,-1.023076,-0.04648835,-0.956355094909668
3,277,-1.068571,-0.04549489,-1.0567682981491089
3,278,-1.113071,-0.04450003,-1.054107427597046
3,279,-1.1565707,-0.043499675,-0.9673241972923279
3,280,-1.1992037,-0.04263305,-1.0140798091888428
3,281,-1.2,0.0,0.7609564661979675
3,282,-1.1992582,0.00074189587,-1.01325523853302
3,283,-1.1949719,0.0042862343,0.8666571974754333
3,284,-1.1899093,0.0050626253,-0.9879580140113831
3,285,-1.1840724,0.005836979,-1.0158073902130127
3,286,-1.1773503,0.006722044,-0.9380761981010437
3,287,-1.1697831,0.00756717,-0.977807343006134
3,288,-1.1609621,0.008820955,-0.7193705439567566
3,289,-1.1512825,0.009679592,-0.9981122612953186
3,290,-1.1407151,0.010567381,-0.9942129254341125
3,291,-1.1292455,0.011469637,-1.0050969123840332
3,292,-1.1167289,0.012516601,-0.9184562563896179
3,293,-1.1032577,0.013471247,-0.994107723236084
3,294,-1.0872712,0.015986383,0.033606115728616714
3,295,-1.0673028,0.019968338,1.0290147066116333
3,296,-1.0461661,0.021136703,-0.8847259879112244
3,297,-1.0239952,0.022170886,-0.9772035479545593
3,298,-1.0006742,0.02332089,-0.8959618806838989
3,299,-0.9761744,0.02449984,-0.8644935488700867
3,300,-0.9504548,0.025719669,-0.8157579898834229
3,301,-0.92093676,0.029517999,0.9352554678916931
3,302,-0.8905181,0.030418627,-0.9481068849563599
3,303,-0.85919994,0.031318203,-0.8862015604972839
3,304,-0.8243886,0.034811325,0.9202026128768921
3,305,-0.7862094,0.0381792,0.9372535943984985
3,306,-0.7447581,0.041451264,1.012323260307312
3,307,-0.7003515,0.044406638,0.9438143968582153
3,308,-0.6532957,0.04705576,0.9231531023979187
3,309,-0.6037916,0.049504127,1.0205057859420776
3,310,-0.55311376,0.050677862,0.38538259267807007
3,311,-0.50077957,0.05233419,0.9568353295326233
3,312,-0.4495981,0.05118146,-0.6544788479804993
3,313,-0.39759737,0.05200074,0.9131554961204529
3,314,-0.3478037,0.049793657,-0.8562770485877991
3,315,-0.30065447,0.047149252,-0.9241442084312439
3,316,-0.25365296,0.04700151,0.9349582195281982
3,317,-0.20985338,0.04379958,-0.9276627898216248
3,318,-0.16669428,0.0431591,0.9201579093933105
3,319,-0.12431658,0.042377707,0.9416405558586121
3,320,-0.0857276,0.038588982,-0.9737221002578735
3,321,-0.048152093,0.03757551,0.9362012147903442
3,322,-0.013061521,0.035090573,-0.007317613810300827
3,323,0.018234024,0.031295545,-0.8646321892738342
3,324,0.04580759,0.027573567,-0.8171453475952148
3,325,0.06961552,0.02380793,-0.8594706654548645
3,326,0.09232327,0.022707753,0.8970000147819519
3,327,0.11397179,0.021648519,0.8969919085502625
3,328,0.13469024,0.02071844,0.9501383900642395
3,329,0.15169993,0.017009683,-0.9400574564933777
3,330,0.16792971,0.016229784,0.9770960211753845
3,331,0.18055731,0.012627602,-0.941855788230896
3,332,0.18975349,0.009196172,-0.8595402240753174
3,333,0.19816674,0.008413254,0.8818883895874023
3,334,0.20591767,0.007750923,0.9391597509384155
3,335,0.21042308,0.004505407,-0.8050406575202942
3,336,0.21430494,0.0038818524,0.9297620058059692
3,337,0.21754834,0.0032434,0.9082845449447632
3,338,0.22009662,0.0025482732,0.8607159852981567
3,339,0.2219899,0.001893277,0.8796933889389038
3,340,0.22054328,-0.0014466263,-0.9160721302032471
3,341,0.21850957,-0.0020337123,0.9235957264900208
3,342,0.21579562,-0.002713942,0.8677231669425964
3,343,0.21054436,-0.005251263,-0.3621097505092621
3,344,0.20213677,-0.008407595,-0.7591140866279602
3,345,0.19028269,-0.011854084,-0.9281612038612366
3,346,0.17760135,-0.012681337,0.8509029746055603
3,347,0.16136344,-0.01623792,-0.9354122281074524
3,348,0.14171712,-0.019646315,-0.7970981597900391
3,349,0.11854287,-0.023174247,-0.8336605429649353
3,350,0.0916644,-0.026878467,-0.9071001410484314
3,351,0.060879868,-0.030784534,-1.0334758758544922
3,352,0.026230553,-0.034649312,-0.9375735521316528
3,353,-0.012319461,-0.038550016,-0.9389593601226807
3,354,-0.052057873,-0.03973841,0.8732653260231018
3,355,-0.09576368,-0.04370581,-0.9985511898994446
3,356,-0.14324106,-0.047477372,-0.9160172343254089
3,357,-0.19162549,-0.04838442,0.9104353189468384
3,358,-0.24353372,-0.051908225,-0.950436532497406
3,359,-0.29873535,-0.05520163,-0.9543160796165466
3,360,-0.35698646,-0.058251105,-0.992021381855011
3,361,-0.4179358,-0.06094931,-1.0378012657165527
3,362,-0.48116437,-0.06322858,-1.0445486307144165
3,363,-0.5437069,-0.06254256,0.6689462065696716
3,364,-0.6053642,-0.06165731,0.48968541622161865
3,365,-0.6679144,-0.0625502,-1.0503411293029785
3,366,-0.7309157,-0.063001335,-1.0755867958068848
3,367,-0.7939605,-0.06304478,-1.0256471633911133
3,368,-0.85669273,-0.06273219,-1.0187797546386719
3,369,-0.9188222,-0.062129483,-1.0323357582092285
3,370,-0.98013484,-0.061312605,-1.0143858194351196
3,371,-1.0377074,-0.057572648,0.8602555990219116
3,372,-1.0942811,-0.056573663,-1.0313819646835327
3,373,-1.1498797,-0.05559856,-1.012385368347168
3,374,-1.2,0.0,-1.025206446647644
3,375,-1.1992582,0.00074189587,-1.039432406425476
3,376,-1.1976868,0.0015713841,-0.9432427883148193
3,377,-1.1953659,0.0023209034,-1.0001291036605835
3,378,-1.1922411,0.00312481,-0.9687682390213013
3,379,-1.1883492,0.0038918476,-1.0471371412277222
3,380,-1.1835155,0.004833712,-0.8915483951568604
3,381,-1.1778796,0.005635988,-0.9943780303001404
3,382,-1.1713761,0.0065034092,-0.9619344472885132
3,383,-1.1611748,0.01020133,0.9129347205162048
3,384,-1.1500095,0.011165315,-0.9275243282318115
3,385,-1.1349757,0.015033797,0.9909723401069641
3,386,-1.1174209,0.017554773,0.07143758237361908
3,387,-1.0988609,0.018560106,-0.9595968127250671
3,388,-1.0793134,0.019547483,-0.9884373545646667
3,389,-1.0587132,0.020600194,-0.9571288824081421
3,390,-1.0370679,0.021645285,-0.9689448475837708
3,391,-1.0141683,0.022899657,-0.8296487331390381
3,392,-0.9901866,0.023981696,-0.9371327757835388
3,393,-0.96497923,0.025207328,-0.8252608180046082
3,394,-0.93884754,0.026131663,-1.017920970916748
3,395,-0.91157633,0.027271233,-0.8196772933006287
3,396,-0.8806628,0.030913536,0.8975905179977417
3,397,-0.848752,0.0319108,-0.7981122136116028
3,398,-0.8133997,0.03535235,0.9144346714019775
3,399,-0.77752984,0.035869814,-0.9282624125480652
3,400,-0.73875743,0.038772386,0.7846794724464417
3,401,-0.699849,0.038908422,-0.9119398593902588
3,402,-0.66104376,0.038805258,-0.9095335602760315
3,403,-0.62262934,0.03841441,-0.928480327129364
3,404,-0.5848733,0.037756003,-0.9268401265144348
3,405,-0.5479993,0.03687397,-0.8926733732223511
3,406,-0.5122658,0.03573351,-0.8822003602981567
3,407,-0.47535986,0.036905937,0.8382712602615356
3,408,-0.44031444,0.035045408,-1.0056663751602173
3,409,-0.4073236,0.03299085,-0.9576010704040527
3,410,-0.37636486,0.030958736,-0.7850854992866516
3,411,-0.34781885,0.02854602,-0.8960132598876953
3,412,-0.31913412,0.028684733,0.9312028884887695
3,413,-0.2932439,0.025890201,-0.9036118388175964
3,414,-0.27021196,0.023031937,-0.8432470560073853
3,415,-0.24759659,0.022615366,0.8706825375556946
3,416,-0.2282142,0.019382386,-0.9276788830757141
3,417,-0.21223009,0.015984116,-0.9744372367858887
3,418,-0.19687563,0.015354453,0.9203374981880188
3,419,-0.18496785,0.011907788,-0.9134566187858582
3,420,-0.17530797,0.009659871,-0.08202588558197021
3,421,-0.16911212,0.006195863,-0.8679049611091614
3,422,-0.16377005,0.005342071,0.8875415325164795
3,423,-0.16205741,0.0017126303,-0.9501012563705444
3,424,-0.16397062,-0.0019132098,-0.9436803460121155
3,425,-0.16682181,-0.002851194,0.8437296152114868
3,426,-0.17329033,-0.0064685256,-0.9492887258529663
3,427,-0.18339956,-0.010109224,-0.9806603193283081
3,428,-0.19708678,-0.013687225,-0.964632511138916
3,429,-0.2143496,-0.017262822,-1.00400972366333
3,430,-0.23496252,-0.020612925,-0.8996171355247498
3,431,-0.25891584,-0.023953317,-0.957453191280365
3,432,-0.28612456,-0.027208705,-0.9815968871116638
3,433,-0.31641105,-0.030286478,-0.9624006152153015
3,434,-0.34964025,-0.03322921,-0.9913101196289062
3,435,-0.38561574,-0.03597548,-1.0061821937561035
3,436,-0.42407984,-0.038464114,-0.9887101054191589
3,437,-0.4647793,-0.040699467,-1.0189087390899658
3,438,-0.5074176,-0.042638328,-1.0306873321533203
3,439,-0.5516773,-0.044259638,-1.0243219137191772
3,440,-0.59722656,-0.0455493,-1.053749442100525
3,441,-0.64372814,-0.04650157,-1.0055779218673706
3,442,-0.6908481,-0.047119975,-1.014751672744751
3,443,-0.73825955,-0.04741146,-0.9959225058555603
3,444,-0.78567004,-0.0474105,-1.0176684856414795
3,445,-0.83281136,-0.04714129,-1.0185812711715698
3,446,-0.87942964,-0.046618287,-0.9850064516067505
3,447,-0.92535794,-0.045928303,-1.034578800201416
3,448,-0.9704514,-0.04509346,-1.0007890462875366
3,449,-1.0145646,-0.044113174,-0.9691650867462158
3,450,-1.0576898,-0.043125145,-1.014494776725769
3,451,-1.0997797,-0.042089976,-0.9757294654846191
3,452,-1.1409007,-0.041121017,-1.0145518779754639
3,453,-1.1783259,-0.03742519,0.8626384139060974
3,454,-1.2,0.0,-1.016849160194397
3,455,-1.1963913,0.0036087262,0.9112201929092407
3,456,-1.1920289,0.004362467,-1.0100518465042114
3,457,-1.1868808,0.0051480066,-0.988112211227417
3,458,-1.1779491,0.008931696,1.0034129619598389
3,459,-1.1682073,0.00974182,-1.0119801759719849
3,460,-1.1575701,0.010637109,-0.9611834287643433
3,461,-1.1459962,0.01157393,-0.951585054397583
3,462,-1.1335098,0.012486454,-0.9856427311897278
3,463,-1.1172885,0.01622129,0.8787860870361328
3,464,-1.0972703,0.02001822,0.9013291597366333
3,465,-1.0761164,0.021153823,-0.89082932472229
3,466,-1.0510656,0.025050905,0.9376558661460876
3,467,-1.024874,0.026191588,-0.9060991406440735
3,468,-0.99487567,0.029998284,0.874866247177124
3,469,-0.9636053,0.031270366,-0.7981217503547668
3,470,-0.931239,0.032366283,-0.8839209675788879
3,471,-0.89519835,0.03604064,0.8827405571937561
3,472,-0.85541314,0.039785195,1.0505611896514893
3,473,-0.81496066,0.040452454,-0.9534944295883179
3,474,-0.7710908,0.043869846,1.0405807495117188
3,475,-0.7240875,0.047003303,0.9621144533157349
3,476,-0.6768411,0.04724638,-0.7810332179069519
3,477,-0.6270608,0.049780328,0.9497910737991333
3,478,-0.5773025,0.049758263,-0.5237537622451782
3,479,-0.5284322,0.048870333,-0.8593114614486694
3,480,-0.4808204,0.04761181,-0.8631821870803833
3,481,-0.43210432,0.048716083,0.9494864344596863
3,482,-0.3854546,0.046649724,-0.9258238673210144
3,483,-0.34122327,0.044231333,-0.9411426186561584
3,484,-0.29959846,0.041624825,-0.8706120848655701
3,485,-0.26089746,0.038701005,-0.911624550819397
3,486,-0.22529864,0.03559881,-0.8864335417747498
3,487,-0.19309443,0.032204203,-0.9628264904022217
3,488,-0.16407272,0.029021705,-0.726906955242157
3,489,-0.13845295,0.025619777,-0.7991402745246887
3,490,-0.11377804,0.024674911,0.895041823387146
3,491,-0.090083726,0.023694318,0.9167857766151428
3,492,-0.07024725,0.019836478,-0.9657203555107117
3,493,-0.05423728,0.016009968,-0.9212132692337036
3,494,-0.042059403,0.012177877,-0.9100746512413025
3,495,-0.030906733,0.011152669,0.9699448347091675
3,496,-0.02351346,0.007393273,-0.8467562198638916
3,497,-0.01985019,0.0036632696,-0.8241472840309143
3,498,-0.02003505,-0.00018485948,-0.9017070531845093
3,499,-0.024004033,-0.003968983,-0.8590918779373169
3,500,-0.029010318,-0.005006286,0.9708119034767151
3,501,-0.037271213,-0.008260896,-0.5093816518783569
3,502,-0.046866506,-0.009595294,0.766660749912262
3,503,-0.057566807,-0.010700302,0.9135480523109436
3,504,-0.06940572,-0.011838913,0.8827998042106628
3,505,-0.085151955,-0.015746238,-0.9742148518562317
3,506,-0.10478475,-0.019632792,-0.9784560799598694
3,507,-0.12544693,-0.020662181,0.8987341523170471
3,508,-0.14707807,-0.021631144,0.9040509462356567
3,509,-0.17219318,-0.025115121,-0.8156094551086426
3,510,-0.20089687,-0.028703688,-0.9431878924369812
3,511,-0.23308818,-0.032191303,-0.9520534873008728
3,512,-0.26862636,-0.035538174,-0.9557215571403503
3,513,-0.30739573,-0.038769368,-1.0203315019607544
3,514,-0.3491753,-0.041779563,-1.0212515592575073
3,515,-0.39367178,-0.044496473,-0.9784132242202759
3,516,-0.4397404,-0.046068594,-0.4147719442844391
3,517,-0.487881,-0.048140604,-0.9664570689201355
3,518,-0.537789,-0.049907975,-1.0173556804656982
3,519,-0.5890696,-0.05128061,-0.98601895570755
3,520,-0.6413623,-0.05229273,-1.0224287509918213
3,521,-0.6942296,-0.052867312,-0.9596998691558838
3,522,-0.7473723,-0.05314274,-1.0251587629318237
3,523,-0.80046004,-0.05308769,-1.065524697303772
3,524,-0.8532019,-0.052741878,-1.0164198875427246
3,525,-0.9053244,-0.052122496,-0.9793658256530762
3,526,-0.9539626,-0.048638202,0.8048913478851318
3,527,-1.001698,-0.04773536,-1.099774718284607
3,528,-1.0484567,-0.046758614,-1.039381504058838
3,529,-1.0942153,-0.04575863,-1.0114673376083374
3,530,-1.1363736,-0.04215832,0.7500925660133362
3,531,-1.1775757,-0.041202113,-0.9699081182479858
3,532,-1.2,0.0,-1.0486868619918823
3,533,-1.1992582,0.00074189587,-1.0089267492294312
3,534,-1.1949284,0.0043298183,0.8957133293151855
3,535,-1.1897578,0.005170539,-0.9451647400856018
3,536,-1.1837053,0.0060525085,-0.9285704493522644
3,537,-1.1768591,0.006846135,-0.9997668266296387
3,538,-1.169103,0.0077560917,-0.9355199933052063
3,539,-1.1604332,0.008669864,-0.9472646713256836
3,540,-1.1481004,0.012332806,0.8705408573150635
3,541,-1.1320494,0.016050907,0.8878455758094788
3,542,-1.1149832,0.017066194,-0.936100423336029
3,543,-1.0968232,0.018160015,-0.9031090140342712
3,544,-1.077595,0.01922818,-0.9361199736595154
3,545,-1.0544997,0.023095213,0.9182798862457275
3,546,-1.0274824,0.027017357,0.9484953880310059
3,547,-0.99941546,0.02806692,-0.9640437960624695
3,548,-0.9702451,0.029170325,-0.9139691591262817
3,549,-0.93726385,0.032981277,0.9181830286979675
3,550,-0.9006371,0.036626756,0.8534740805625916
3,551,-0.8603481,0.040288985,0.9333400726318359
3,552,-0.8193173,0.041030794,-0.9170652627944946
3,553,-0.77506244,0.044254817,0.8572177290916443
3,554,-0.73042285,0.044639613,-0.88487708568573
3,555,-0.6856959,0.04472698,-0.9107884168624878
3,556,-0.63842875,0.047267146,0.9145276546478271
3,557,-0.58889484,0.049533904,0.9483110308647156
3,558,-0.54029334,0.048601497,-0.9459999799728394
3,559,-0.4902242,0.050069124,0.8949792385101318
3,560,-0.43890497,0.051319234,1.0130304098129272
3,561,-0.38956264,0.04934234,-0.8990020751953125
3,562,-0.34257087,0.046991765,-0.9147853851318359
3,563,-0.295524,0.047046874,0.8980354070663452
3,564,-0.24880019,0.046723817,0.8380810618400574
3,565,-0.20246875,0.046331435,0.9619759917259216
3,566,-0.15682419,0.04564457,0.9106413125991821
3,567,-0.114908,0.041916184,-1.0021921396255493
3,568,-0.074020706,0.040887296,0.8826904296875
3,569,-0.036853474,0.037167232,-0.854300320148468
3,570,-0.0034006576,0.033452816,-0.8197869658470154
3,571,0.026142891,0.029543549,-0.9395982623100281
3,572,0.054694124,0.028551234,1.0009626150131226
3,573,0.08198589,0.027291771,0.8046391606330872
3,574,0.10830815,0.02632226,0.9701668620109558
3,575,0.13091542,0.022607272,-0.8972011804580688
3,576,0.15262975,0.021714332,0.9444756507873535
3,577,0.17072818,0.018098433,-0.9156203866004944
3,578,0.18528946,0.014561288,-0.9053032994270325
3,579,0.19630903,0.011019575,-0.9454042911529541
3,580,0.20390338,0.007594341,-0.8975944519042969
3,581,0.21078804,0.006884659,0.8913241624832153
3,582,0.21440989,0.0036218537,-0.8308163285255432
3,583,0.2149023,0.0004924017,-0.7526965737342834
3,584,0.21484484,-5.745144e-05,0.9655578136444092
3,585,0.21404953,-0.0007953085,0.8403944969177246
3,586,0.20987804,-0.004171491,-0.916103720664978
3,587,0.2051313,-0.0047467323,0.9635775685310364
3,588,0.19696787,-0.00816344,-0.9168949127197266
3,589,0.18534434,-0.011623535,-0.922667384147644
3,590,0.17031127,-0.015033071,-0.8574306964874268
3,591,0.15175651,-0.018554758,-0.8939781188964844
3,592,0.13224491,-0.019511588,0.8590172529220581
3,593,0.10898407,-0.023260847,-0.9622930288314819
3,594,0.08463471,-0.024349358,0.8527015447616577
3,595,0.056505896,-0.028128808,-0.9064021706581116
3,596,0.024562512,-0.031943385,-0.9002731442451477
3,597,-0.008571813,-0.033134323,0.868183970451355
3,598,-0.04568083,-0.037109014,-0.9836786389350891
3,599,-0.08397343,-0.0382926,0.8619818687438965
3,600,-0.12609491,-0.042121477,-0.9385257363319397
3,601,-0.1719331,-0.045838196,-0.928979218006134
3,602,-0.22143808,-0.04950498,-0.9946920871734619
3,603,-0.2744114,-0.05297333,-1.0164889097213745
3,604,-0.33058438,-0.056172963,-1.05740487575531
3,605,-0.38959602,-0.059011634,-0.9804080724716187
3,606,-0.4483554,-0.058759388,0.8202766180038452
3,607,-0.50917435,-0.060818933,-1.0162994861602783
3,608,-0.5687205,-0.059546147,0.9206241965293884
3,609,-0.6294004,-0.06067987,-0.9807363152503967
3,610,-0.69078285,-0.06138245,-0.9885565042495728
3,611,-0.75246334,-0.06168048,-1.007435917854309
3,612,-0.8140591,-0.061595716,-1.0202195644378662
3,613,-0.875233,-0.061173894,-0.9941489100456238
3,614,-0.93573225,-0.060499262,-1.0014259815216064
3,615,-0.99537,-0.05963774,-1.0350967645645142
3,616,-1.0540378,-0.0586679,-1.080967664718628
3,617,-1.111683,-0.05764515,-0.9844827055931091
3,618,-1.1683748,-0.056691784,-1.033136010169983
3,619,-1.2,0.0,-1.0865329504013062
3,620,-1.1992102,0.00078985037,-0.9680303335189819
3,621,-1.1949642,0.0042460104,0.8077658414840698
3,622,-1.1871182,0.007846032,0.8944460153579712
3,623,-1.1783599,0.008758272,-0.9138168096542358
3,624,-1.1687385,0.009621409,-0.9638716578483582
3,625,-1.1581666,0.010571797,-0.9235048294067383
3,626,-1.1466132,0.011553446,-0.920728325843811
3,627,-1.1312561,0.015357122,0.942695677280426
3,628,-1.1148794,0.016376741,-0.9342069625854492
3,629,-1.0974813,0.017398102,-0.9515209794044495
3,630,-1.076218,0.021263229,0.9290115237236023
3,631,-1.0513468,0.024871211,0.7449670433998108
3,632,-1.0253893,0.025957482,-0.9423575401306152
3,633,-0.9955061,0.029883204,0.9540475010871887
3,634,-0.96425885,0.031247228,-0.7373167276382446
3,635,-0.93198586,0.032273002,-0.9314919710159302
3,636,-0.89586073,0.036125153,1.022109031677246
3,637,-0.8587377,0.03712303,-0.8325746059417725
3,638,-0.8181287,0.04060899,0.91666579246521
3,639,-0.77614665,0.041982073,-0.3729800581932068
3,640,-0.731262,0.044884596,0.7896624207496643
3,641,-0.6864188,0.04484326,-1.0286269187927246
3,642,-0.64167,0.044748757,-0.8451133966445923
3,643,-0.59460455,0.047065407,0.9663455486297607
3,644,-0.548366,0.04623852,-0.9036079049110413
3,645,-0.50050026,0.047865734,0.9610865116119385
3,646,-0.45168337,0.0488169,0.749512255191803
3,647,-0.40199324,0.04969014,0.9389533400535583
3,648,-0.35189322,0.05010004,0.8678979873657227
3,649,-0.30423844,0.047654763,-0.8091229200363159
3,650,-0.2567723,0.047466144,0.8935868740081787
3,651,-0.20961209,0.047160227,0.9922043085098267
3,652,-0.16578352,0.043828562,-0.8732555508613586
3,653,-0.12277203,0.043011494,0.9200377464294434
3,654,-0.08077166,0.042000365,0.8808054327964783
3,655,-0.042473607,0.038298056,-0.8502317070960999
3,656,-0.008000804,0.034472805,-0.8970135450363159
3,657,0.025334178,0.03333498,0.9076386094093323
3,658,0.05490725,0.029573072,-0.8460843563079834
3,659,0.08070921,0.025801964,-0.8699655532836914
3,660,0.10552509,0.024815876,0.960658609867096
3,661,0.12722638,0.021701299,-0.4925401508808136
3,662,0.14523391,0.018007528,-0.9157796502113342
3,663,0.16201402,0.016780106,0.6926758289337158
3,664,0.17537938,0.013365355,-0.802852988243103
3,665,0.18785883,0.012479458,0.8506563901901245
3,666,0.19687249,0.009013651,-0.9016212224960327
3,667,0.20525081,0.008378332,0.960781991481781
3,668,0.21307833,0.007827525,0.9933609962463379
3,669,0.22038077,0.0073024346,0.9875271320343018
3,670,0.22456126,0.0041804896,-0.7658111453056335
3,671,0.22557247,0.0010112136,-0.8103026747703552
3,672,0.22327265,-0.0022998096,-0.9079611897468567
3,673,0.21761955,-0.005653093,-0.928964376449585
3,674,0.2113218,-0.006297754,0.8941434025764465
3,675,0.20444614,-0.00687567,0.9575310349464417
3,676,0.1940705,-0.01037564,-0.9704288244247437
3,677,0.18066195,-0.013408557,-0.6298633217811584
3,678,0.16374512,-0.016916825,-0.9110352993011475
3,679,0.14321652,-0.020528592,-0.9382607340812683
3,680,0.12182593,-0.021390585,0.9405248165130615
3,681,0.09956538,-0.022260554,0.976609468460083
3,682,0.07363143,-0.025933953,-0.8560639023780823
3,683,0.043813888,-0.029817542,-0.9628891348838806
3,684,0.010017911,-0.033795975,-1.04900062084198
3,685,-0.027766261,-0.03778417,-0.9928835034370422
3,686,-0.06945301,-0.041686747,-0.9408313035964966
3,687,-0.11507413,-0.04562112,-0.9922964572906494
3,688,-0.16454774,-0.04947362,-1.003006935119629
3,689,-0.21763979,-0.053092044,-0.9445948004722595
3,690,-0.2742176,-0.056577828,-1.0452466011047363
3,691,-0.3313708,-0.05715321,0.7502105236053467
3,692,-0.39138713,-0.060016327,-1.0111912488937378
3,693,-0.45386925,-0.06248212,-1.0474060773849487
3,694,-0.5183705,-0.064501286,-1.0458252429962158
3,695,-0.58430207,-0.06593159,-0.9273937940597534
3,696,-0.6512809,-0.06697883,-1.0270475149154663
3,697,-0.71882534,-0.06754446,-1.036386489868164
3,698,-0.78646296,-0.067637645,-0.9833979606628418
3,699,-0.8538272,-0.06736424,-1.0279752016067505
3,700,-0.920533,-0.066705815,-0.9550524353981018
3,701,-0.9864172,-0.06588415,-1.0096848011016846
3,702,-1.0513427,-0.064925596,-1.0250571966171265
3,703,-1.1152685,-0.06392579,-1.0338276624679565
3,704,-1.1782463,-0.06297774,-1.046089768409729
3,705,-1.2,0.0,-1.0556689500808716
3,706,-1.1992407,0.0007593782,-0.9883451461791992
3,707,-1.1949558,0.004284897,0.8540723323822021
3,708,-1.1898565,0.0050993212,-0.9626368880271912
3,709,-1.1839718,0.0058847466,-0.9927285313606262
3,710,-1.1772635,0.0067082993,-0.9792851209640503
3,711,-1.1697235,0.007540025,-0.986906111240387
3,712,-1.1611773,0.008546206,-0.8845464587211609
3,713,-1.148936,0.0122412145,0.893162190914154
3,714,-1.1330422,0.01589376,0.8453932404518127
3,715,-1.1133345,0.01970769,0.9309190511703491
3,716,-1.0925868,0.02074781,-0.9405549168586731
3,717,-1.07073,0.021856744,-0.9119500517845154
3,718,-1.0477247,0.023005275,-0.896827220916748
3,719,-1.0234435,0.024281295,-0.8159841299057007
3,720,-0.99797535,0.025468117,-0.8712226748466492
3,721,-0.971468,0.02650735,-0.9557063579559326
3,722,-0.94373566,0.027732337,-0.8071807026863098
3,723,-0.9150728,0.028662885,-0.966660737991333
3,724,-0.8826554,0.032417417,0.9655771255493164
3,725,-0.84671724,0.035938133,0.8794440031051636
3,726,-0.8072178,0.039499436,1.010624647140503
3,727,-0.7644607,0.042757113,0.9187073707580566
3,728,-0.71869636,0.04576431,0.902586042881012
3,729,-0.6729854,0.045710985,-0.95628821849823
3,730,-0.62480074,0.04818466,0.9269357323646545
3,731,-0.5772647,0.04753603,-0.9306899309158325
3,732,-0.5307186,0.046546113,-0.9271165132522583
3,733,-0.4826191,0.048099507,1.0014780759811401
3,734,-0.4334201,0.049199007,0.9373834729194641
3,735,-0.38358948,0.04983063,0.8664947152137756
3,736,-0.33332783,0.050261647,0.9669864177703857
3,737,-0.28591,0.04741782,-0.9953587651252747
3,738,-0.23869303,0.04721698,0.9563681483268738
3,739,-0.19471417,0.04397885,-0.9014440178871155
3,740,-0.15422677,0.04048741,-0.937320351600647
3,741,-0.11460383,0.039622933,0.9151156544685364
3,742,-0.07596925,0.038634587,0.9102301001548767
3,743,-0.03838767,0.037581578,0.9215621948242188
3,744,-0.0045600277,0.033827644,-0.8469961285591125
3,745,0.028248023,0.03280805,0.9867820143699646
3,746,0.05725917,0.029011143,-0.8705852627754211
3,747,0.082991004,0.025731834,-0.5440691709518433
3,748,0.104992956,0.022001956,-0.871309220790863
3,749,0.123232864,0.018239912,-0.9233583211898804
3,750,0.14052159,0.017288724,0.9199355244636536
3,751,0.15408681,0.013565233,-0.9615775346755981
3,752,0.16403857,0.00995175,-0.9172444939613342
3,753,0.17037413,0.0063355556,-0.9419041275978088
3,754,0.17314772,0.002773595,-0.9209803342819214
3,755,0.17241508,-0.0007326447,-0.8906669616699219
3,756,0.17090054,-0.0015145433,0.9273753762245178
3,757,0.16588245,-0.0050180918,-0.8833281993865967
3,758,0.15929185,-0.0065905987,0.4161755442619324
3,759,0.14917463,-0.010117219,-0.8711234331130981
3,760,0.13568725,-0.013487386,-0.7442420125007629
3,761,0.12120584,-0.014481411,0.8677963614463806
3,762,0.105572574,-0.015633263,0.7897931337356567
3,763,0.08903738,-0.016535195,0.9824829697608948
3,764,0.068606526,-0.020430852,-0.9895431399345398
3,765,0.04422844,-0.024378086,-1.0134644508361816
3,766,0.01604319,-0.028185248,-0.8860911130905151
3,767,-0.01600103,-0.03204422,-0.9079118967056274
3,768,-0.04906089,-0.033059858,0.9876560568809509
3,769,-0.0859436,-0.03688271,-0.8999210596084595
3,770,-0.12674367,-0.040800072,-1.0361748933792114
3,771,-0.17136176,-0.044618078,-0.9977057576179504
3,772,-0.21965669,-0.048294935,-1.0531868934631348
3,773,-0.26931268,-0.049655985,0.41033992171287537
3,774,-0.32212394,-0.052811276,-0.9518763422966003
3,775,-0.37785596,-0.055731997,-1.0129270553588867
3,776,-0.43613058,-0.058274623,-0.9893677234649658
3,777,-0.49655372,-0.060423132,-1.0622191429138184
3,778,-0.55867946,-0.062125746,-1.0276684761047363
3,779,-0.6219856,-0.06330614,-0.9620093107223511
3,780,-0.68606454,-0.064078905,-1.0323364734649658
3,781,-0.7504726,-0.064408086,-1.054780125617981
3,782,-0.8148075,-0.0643349,-1.0456587076187134
3,783,-0.8787212,-0.06391368,-0.9969593286514282
3,784,-0.94194746,-0.06322626,-1.0185292959213257
3,785,-1.0042269,-0.062279496,-0.9530963897705078
3,786,-1.0655272,-0.06130024,-1.0364990234375
3,787,-1.1258312,-0.06030402,-1.0838115215301514
3,788,-1.1852013,-0.059369992,-0.9978219270706177
3,789,-1.2,0.0,-0.9989215135574341
3,790,-1.1992098,0.0007902552,-0.967760443687439
3,791,-1.1969138,0.0022959416,-0.4925505518913269
3,792,-1.1937493,0.0031645666,-0.9222783446311951
3,793,-1.1897538,0.003995492,-0.9542137384414673
3,794,-1.1849567,0.004797158,-0.982114851474762
3,795,-1.17937,0.0055866814,-1.037758708000183
3,796,-1.172946,0.0064240564,-0.9791024923324585
3,797,-1.1656346,0.007311306,-0.9579716324806213
3,798,-1.1573099,0.008324784,-0.8869118094444275
3,799,-1.1480272,0.009282757,-0.9379070997238159
3,800,-1.1374403,0.010586847,-0.7216034531593323
3,801,-1.12585,0.011590356,-0.9369545578956604
3,802,-1.1104649,0.015384983,0.9092665314674377
3,803,-1.0911471,0.019317847,0.9851728677749634
3,804,-1.0708004,0.020346636,-0.9663415551185608
3,805,-1.0492835,0.021516869,-0.8823345899581909
3,806,-1.0238699,0.025413599,0.9311853647232056
3,807,-0.9945602,0.029309677,0.9347984790802002
3,808,-0.96143883,0.033121325,0.8951687216758728
3,809,-0.92451644,0.03692241,0.922244668006897
3,810,-0.8839512,0.040565237,0.8734951019287109
3,811,-0.842513,0.041438144,-0.8888214230537415
3,812,-0.79767174,0.044841275,0.9065558314323425
3,813,-0.752397,0.04527471,-0.9321405291557312
3,814,-0.70693344,0.04546357,-0.9303464889526367
3,815,-0.6587522,0.04818126,0.9406421184539795
3,816,-0.60892564,0.04982654,0.43945106863975525
3,817,-0.55709606,0.051829576,0.913367509841919
3,818,-0.50362957,0.053466484,0.924066424369812
3,819,-0.45144978,0.05217979,-0.7580081820487976
3,820,-0.40106425,0.050385527,-0.8382420539855957
3,821,-0.35022154,0.0508427,0.9037469625473022
3,822,-0.29912132,0.051100213,1.026509165763855
3,823,-0.24817099,0.050950326,0.9395307302474976
3,824,-0.20031741,0.047853567,-0.8388091921806335
3,825,-0.1558346,0.04448282,-0.8725031018257141
3,826,-0.11491453,0.04092007,-0.8873391151428223
3,827,-0.07688963,0.038024906,-0.36150693893432617
3,828,-0.042604093,0.034285534,-0.8703927993774414
3,829,-0.009298166,0.033305928,1.0175288915634155
3,830,0.022954587,0.03225275,0.9639012813568115
3,831,0.051582616,0.028628027,-0.7537661790847778
3,832,0.076306425,0.02472381,-0.9560609459877014
3,833,0.09954939,0.023242967,0.6359595060348511
3,834,0.12177879,0.022229405,0.917184054851532
3,835,0.1403836,0.018604811,-0.8597227931022644
3,836,0.15538824,0.015004638,-0.8790839314460754
3,837,0.16951764,0.014129395,0.9053356647491455
3,838,0.18289858,0.013380937,0.9567787647247314
3,839,0.19288893,0.009990351,-0.8383817672729492
3,840,0.20218518,0.009296248,0.9325849413871765
3,841,0.21088982,0.00870463,0.9749484658241272
3,842,0.21668395,0.0057941363,-0.5962424874305725
3,843,0.21914479,0.0024608374,-0.8954452276229858
3,844,0.22093855,0.0017937636,0.874555230140686
3,845,0.21939825,-0.0015403002,-0.908937931060791
3,846,0.21725547,-0.0021427658,0.9168525338172913
3,847,0.21185437,-0.0054011024,-0.8472018837928772
3,848,0.20294142,-0.008912946,-1.0736279487609863
3,849,0.19328083,-0.009660582,0.8687776923179626
3,850,0.18032534,-0.012955479,-0.8023499846458435
3,851,0.16650958,-0.013815757,0.855158805847168
3,852,0.14914373,-0.017365858,-0.9037202000617981
3,853,0.13092999,-0.018213734,0.9373521208763123
3,854,0.109004386,-0.021925606,-0.9348403215408325
3,855,0.08332172,-0.025682667,-0.9263648390769958
3,856,0.053823348,-0.029498372,-0.9289351105690002
3,857,0.020641983,-0.033181366,-0.8103418350219727
3,858,-0.016534591,-0.03717657,-1.0681852102279663
3,859,-0.05770809,-0.041173495,-1.0136538743972778
3,860,-0.10278518,-0.045077085,-0.9606418013572693
3,861,-0.15170386,-0.048918683,-0.973008930683136
3,862,-0.20200284,-0.05029897,0.5768291354179382
3,863,-0.25585663,-0.05385379,-1.0894750356674194
3,864,-0.3130094,-0.057152793,-1.0162720680236816
3,865,-0.37313864,-0.060129225,-1.0138756036758423
3,866,-0.43585837,-0.06271975,-1.0584261417388916
3,867,-0.5007286,-0.06487023,-1.0626345872879028
3,868,-0.5671844,-0.0664558,-0.9427805542945862
3,869,-0.6348142,-0.06762984,-1.0093203783035278
3,870,-0.7031003,-0.06828615,-0.9833579659461975
3,871,-0.7715391,-0.0684388,-0.9565175175666809
3,872,-0.8397851,-0.06824604,-1.0419058799743652
3,873,-0.9074997,-0.067714594,-1.0710006952285767
3,874,-0.9744306,-0.06693095,-1.0524038076400757
3,875,-1.0404209,-0.065990284,-1.0312646627426147
3,876,-1.1054116,-0.0649908,-1.1356998682022095
3,877,-1.1694065,-0.063994944,-0.9774079918861389
3,878,-1.2,0.0,-1.0021635293960571
3,879,-1.1992582,0.00074189587,-1.0242644548416138
3,880,-1.1976703,0.0015878254,-0.9322819709777832
3,881,-1.1952528,0.0024175723,-0.946550726890564
3,882,-1.192022,0.0032308043,-0.9627944827079773
3,883,-1.187948,0.0040740096,-0.9496829509735107
3,884,-1.183042,0.0049058897,-0.9656943082809448
3,885,-1.177299,0.005743069,-0.9720492362976074
3,886,-1.1707388,0.0065602595,-0.9965285658836365
3,887,-1.163319,0.0074198074,-0.980470597743988
3,888,-1.1548641,0.008454908,-0.8764870762825012
3,889,-1.1427413,0.012122805,0.8647854328155518
3,890,-1.1296363,0.013105009,-0.9438674449920654
3,891,-1.1156074,0.014028941,-1.0606577396392822
3,892,-1.1005584,0.015049024,-0.9516357183456421
3,893,-1.084426,0.016132308,-0.9231669306755066
3,894,-1.0645189,0.019907128,0.8602639436721802
3,895,-1.0435157,0.021003304,-0.9336327314376831
3,896,-1.0213854,0.022130234,-0.9152786731719971
3,897,-0.9981545,0.023230927,-0.9278765916824341
3,898,-0.9710431,0.02711142,0.9383360743522644
3,899,-0.9428791,0.028164022,-0.9216253757476807
3,900,-0.9135874,0.0292917,-0.8339272141456604
3,901,-0.8805084,0.033078995,0.9903001189231873
3,902,-0.84376794,0.036740463,0.9783961772918701
3,903,-0.8035036,0.040264357,0.9834583401679993
3,904,-0.76263565,0.040867932,-0.8383715152740479
3,905,-0.71966857,0.042967085,0.30408525466918945
3,906,-0.6767095,0.042959075,-0.9301275014877319
3,907,-0.6312535,0.045456003,0.9257029891014099
3,908,-0.5864126,0.04484085,-0.9390658140182495
3,909,-0.54229534,0.04411728,-0.7945942282676697
3,910,-0.49675518,0.04554015,0.8551458120346069
3,911,-0.44994637,0.046808813,0.979849100112915
3,912,-0.4022389,0.047707472,0.9643796682357788
3,913,-0.3539509,0.048288014,0.9805104732513428
3,914,-0.30811608,0.0458348,-0.8233848810195923
3,915,-0.2650751,0.043040987,-0.8586167097091675
3,916,-0.22239503,0.042680062,0.9262564182281494
3,917,-0.18316075,0.03923428,-0.9879105091094971
3,918,-0.1445808,0.03857996,0.9851112961769104
3,919,-0.109623015,0.03495778,-0.9024521112442017
3,920,-0.07847121,0.0311518,-0.9599739909172058
3,921,-0.051011294,0.02745992,-0.8405566215515137
3,922,-0.025938647,0.025072647,0.05567384883761406
3,923,-0.004767242,0.021171406,-0.9392050504684448
3,924,0.01254529,0.017312532,-0.9060860872268677
3,925,0.025866583,0.013321293,-0.9953403472900391
3,926,0.035349086,0.009482501,-0.8975430130958557
3,927,0.040973205,0.0056241206,-0.9149499535560608
3,928,0.042622697,0.0016494908,-0.995661735534668
3,929,0.04047764,-0.0021450564,-0.8766381144523621
3,930,0.037211966,-0.003265676,0.9073135852813721
3,931,0.03289114,-0.004320826,0.9528587460517883
3,932,0.024971344,-0.007919795,-0.7407532930374146
3,933,0.015968835,-0.009002509,0.9401831030845642
3,934,0.005771005,-0.01019783,0.8678736090660095
3,935,-0.008426451,-0.014197456,-1.0291147232055664
3,936,-0.02377348,-0.015347029,0.899752140045166
3,937,-0.04305528,-0.019281799,-0.9607506990432739
3,938,-0.06625702,-0.023201738,-0.9605096578598022
3,939,-0.0904441,-0.024187082,0.976952850818634
3,940,-0.118401594,-0.027957495,-0.9079172015190125
3,941,-0.15020175,-0.031800162,-0.9991534352302551
3,942,-0.18564251,-0.03544076,-0.9267606735229492
3,943,-0.22187644,-0.036233928,0.8860275745391846
3,944,-0.26134816,-0.039471727,-0.8476529717445374
3,945,-0.3040043,-0.042656146,-0.9428412318229675
3,946,-0.34703267,-0.04302834,0.7721287608146667
3,947,-0.3928242,-0.04579152,-1.0022695064544678
3,948,-0.44105342,-0.048229214,-0.9879007935523987
3,949,-0.4913954,-0.050341997,-1.0682343244552612
3,950,-0.54334486,-0.051949423,-0.9108508229255676
3,951,-0.59664625,-0.053301413,-1.0194954872131348
3,952,-0.6508828,-0.05423655,-0.9857457280158997
3,953,-0.7056877,-0.05480495,-1.0589238405227661
3,954,-0.7606551,-0.0549674,-0.9741340279579163
3,955,-0.8154907,-0.0548356,-1.0233391523361206
3,956,-0.86990637,-0.054415658,-1.0283691883087158
3,957,-0.92363906,-0.05373271,-0.9811336994171143
3,958,-0.97645754,-0.052818485,-0.9439878463745117
3,959,-1.0283321,-0.05187457,-1.203038215637207
3,960,-1.0791975,-0.050865464,-0.9912604689598083
3,961,-1.1290144,-0.049816895,-0.9599458575248718
3,962,-1.1778538,-0.048839472,-0.9650983214378357
3,963,-1.2,0.0,-0.9857035279273987
3,964,-1.1992582,0.00074189587,-1.0879237651824951
3,965,-1.1977719,0.0014862483,-1.080154538154602
3,966,-1.1949359,0.0028360237,-0.5996435880661011
3,967,-1.1912333,0.0037026058,-0.9279077649116516
3,968,-1.1867604,0.004472819,-1.0276960134506226
3,969,-1.1813939,0.0053665703,-0.9268707633018494
3,970,-1.1723838,0.009010059,0.8955762982368469
3,971,-1.162476,0.009907796,-0.9520129561424255
3,972,-1.1511074,0.0113685075,-0.5941799283027649
3,973,-1.1359626,0.015144865,0.9312305450439453
3,974,-1.1197904,0.016172118,-0.9230857491493225
3,975,-1.1026157,0.01717472,-0.9588982462882996
3,976,-1.0840842,0.018531531,-0.739145815372467
3,977,-1.0645679,0.019516239,-1.0150765180587769
3,978,-1.0412146,0.023353321,0.8936508893966675
3,979,-1.0140203,0.027194267,0.8942317962646484
3,980,-0.98555934,0.02846098,-0.8139428496360779
3,981,-0.95608157,0.029477756,-0.9604023694992065
3,982,-0.92280376,0.033277784,0.9285644292831421
3,983,-0.88854647,0.034257304,-0.8989391326904297
3,984,-0.8506348,0.037911672,0.9548176527023315
3,985,-0.80914533,0.041489456,1.013867974281311
3,986,-0.7643681,0.044777192,0.9324139356613159
3,987,-0.7187502,0.045617912,-0.5413841009140015
3,988,-0.6703251,0.048425063,0.9504719376564026
3,989,-0.61959463,0.050730444,0.8267523050308228
3,990,-0.5671624,0.05243226,0.6611720323562622
3,991,-0.51524645,0.05191593,-0.5614215731620789
3,992,-0.46205562,0.05319084,0.8916983008384705
3,993,-0.4104565,0.05159912,-0.7551755905151367
3,994,-0.36113313,0.04932337,-0.9622548222541809
3,995,-0.3142872,0.046845935,-0.871077299118042
3,996,-0.26749864,0.04678854,0.9408615827560425
3,997,-0.22374742,0.043751225,-0.866687536239624
3,998,-0.18335137,0.040396053,-0.93169766664505
3,999,-0.1438022,0.039549172,0.856238603591919
4,1,-0.4694484,-0.0018952101,-0.9845638871192932
4,2,-0.47322893,-0.003780538,-0.9873226284980774
4,3,-0.47873393,-0.0055050063,-0.8987535834312439
4,4,-0.48605633,-0.0073223887,-0.9879407286643982
4,5,-0.49492943,-0.008873099,-0.8464913964271545
4,6,-0.5054817,-0.0105523085,-0.9763028025627136
4,7,-0.51763,-0.01214829,-0.9734466671943665
4,8,-0.5311596,-0.013529618,-0.8910433053970337
4,9,-0.5460795,-0.014919947,-0.9646866917610168
4,10,-0.56221545,-0.01613592,-0.9229673743247986
4,11,-0.57956237,-0.017346943,-1.0231667757034302
4,12,-0.597902,-0.018339619,-0.9402895569801331
4,13,-0.61718893,-0.01928695,-1.0497541427612305
4,14,-0.6371499,-0.019960934,-0.9111501574516296
4,15,-0.6576455,-0.02049567,-0.9133288860321045
4,16,-0.6786131,-0.020967597,-0.9669321179389954
4,17,-0.6999596,-0.021346444,-1.00461745262146
4,18,-0.72151035,-0.02155078,-0.9774595499038696
4,19,-0.74316245,-0.021652129,-1.0275999307632446
4,20,-0.7647844,-0.021621922,-1.0321918725967407
4,21,-0.78615165,-0.021367235,-0.9336332082748413
4,22,-0.80720377,-0.021052143,-0.971110999584198
4,23,-0.8278208,-0.020617029,-0.9629543423652649
4,24,-0.84787464,-0.020053891,-0.9431371688842773
4,25,-0.8673623,-0.01948769,-1.066630482673645
4,26,-0.8862011,-0.01883876,-0.9973174929618835
4,27,-0.9041902,-0.017989082,-0.9095664024353027
4,28,-0.9213823,-0.017192146,-0.9843306541442871
4,29,-0.93775046,-0.016368123,-1.0662181377410889
4,30,-0.9532139,-0.015463436,-0.974506139755249
4,31,-0.967747,-0.0145331,-0.980633020401001
4,32,-0.9812133,-0.013466282,-0.9083352088928223
4,33,-0.9937284,-0.012515103,-1.0286200046539307
4,34,-1.0052756,-0.011547198,-1.0220500230789185
4,35,-1.0157951,-0.010519527,-0.9683895111083984
4,36,-1.0252723,-0.0094771385,-0.9643505811691284
4,37,-1.033745,-0.008472829,-0.993523120880127
4,38,-1.0383837,-0.0046387124,0.89076828956604
4,39,-1.0419955,-0.0036118324,-0.9814974069595337
4,40,-1.0444599,-0.0024643932,-0.9015042781829834
4,41,-1.0458404,-0.001380424,-0.9439643621444702
4,42,-1.0462208,-0.00038044475,-1.0255999565124512
4,43,-1.0456012,0.00061954453,-1.0154170989990234
4,44,-1.0439023,0.0016989489,-0.9470446109771729
4,45,-1.0383373,0.0055649113,0.910723090171814
4,46,-1.0317024,0.006634946,-0.9527214169502258
4,47,-1.0212383,0.010464059,0.8878757953643799
4,48,-1.0096514,0.011586951,-0.9130203723907471
4,49,-0.99463314,0.015018278,0.6314462423324585
4,50,-0.97577256,0.018860579,0.9155470132827759
4,51,-0.95584124,0.01993134,-0.9147105813026428
4,52,-0.9347327,0.021108594,-0.8196277618408203
4,53,-0.9127222,0.022010528,-0.9714111685752869
4,54,-0.88691235,0.025809832,1.0296149253845215
4,55,-0.8603323,0.026580008,-0.9642153978347778
4,56,-0.8303385,0.029993836,0.864321768283844
4,57,-0.7997173,0.030621158,-0.9080088138580322
4,58,-0.7686394,0.031077946,-0.9235093593597412
4,59,-0.73722124,0.031418134,-0.8910045027732849
4,60,-0.7029435,0.034277767,0.909936785697937
4,61,-0.66599673,0.036946747,0.9252378940582275
4,62,-0.6293718,0.03662492,-0.9050829410552979
4,63,-0.5933206,0.036051195,-0.9025177955627441
4,64,-0.5578964,0.035424247,-0.7640368342399597
4,65,-0.5234828,0.034413584,-0.8449618816375732
4,66,-0.49053982,0.032942977,-0.9798244833946228
4,67,-0.4592209,0.03131894,-0.9176675081253052
4,68,-0.42965654,0.029564356,-0.8498304486274719
4,69,-0.4021677,0.027488831,-0.9201658368110657
4,70,-0.37431717,0.027850542,0.8349555134773254
4,71,-0.34900078,0.0253164,-0.9677208065986633
4,72,-0.32622623,0.022774538,-0.8609597682952881
4,73,-0.30625594,0.019970313,-0.9392850399017334
4,74,-0.2893008,0.01695513,-0.998788595199585
4,75,-0.27272767,0.016573125,0.8227106928825378
4,76,-0.2593391,0.013388577,-0.9837846159934998
4,77,-0.24917717,0.010161918,-0.9639283418655396
4,78,-0.24220736,0.0069698095,-0.9057899117469788
4,79,-0.23847802,0.0037293439,-0.9146058559417725
4,80,-0.23537485,0.0031031617,0.8405594825744629
4,81,-0.23530926,6.5591754e-05,-0.7569094300270081
4,82,-0.23579353,-0.0004842693,0.9017759561538696
4,83,-0.23963776,-0.0038442353,-0.9731996059417725
4,84,-0.24681957,-0.0071818028,-0.9708418846130371
4,85,-0.2572944,-0.01047482,-0.9650793671607971
4,86,-0.27092096,-0.0136265755,-0.9068395495414734
4,87,-0.28766215,-0.016741173,-0.9305742383003235
4,88,-0.30742848,-0.01976633,-0.9331527948379517
4,89,-0.33008668,-0.022658195,-0.9212431311607361
4,90,-0.35551718,-0.025430499,-0.9340817332267761
4,91,-0.38365376,-0.028136581,-0.9988106489181519
4,92,-0.41430935,-0.030655606,-1.0518686771392822
4,93,-0.44727004,-0.03296067,-1.0205187797546387
4,94,-0.48228744,-0.035017394,-0.9928323030471802
4,95,-0.5191139,-0.036826435,-1.0176981687545776
4,96,-0.55747396,-0.03836007,-1.056079387664795
4,97,-0.5970804,-0.039606445,-1.0106406211853027
4,98,-0.6376402,-0.040559784,-1.0282306671142578
4,99,-0.67886126,-0.04122106,-1.0052368640899658
4,100,-0.7204595,-0.04159824,-1.0122159719467163
4,101,-0.76207083,-0.0416113,-0.9367783665657043
4,102,-0.8035374,-0.041466594,-0.9967480897903442
4,103,-0.8446427,-0.041105293,-1.0021528005599976
4,104,-0.88519555,-0.040552832,-1.0773952007293701
4,105,-0.92503786,-0.03984232,-1.0038678646087646
4,106,-0.9640462,-0.03900833,-1.0615112781524658
4,107,-1.0021298,-0.038083564,-0.998568594455719
4,108,-1.0392362,-0.03710638,-1.0390009880065918
4,109,-1.0753053,-0.03606916,-0.9747105836868286
4,110,-1.1103834,-0.03507804,-1.0284860134124756
4,111,-1.1445062,-0.03412282,-1.0061393976211548
4,112,-1.1749725,-0.030466344,0.8414992094039917
4,113,-1.2,0.0,-0.9922184944152832
4,114,-1.1992283,0.0007717157,-0.9801201224327087
4,115,-1.1976926,0.0015357111,-0.9869705438613892
4,116,-1.1953789,0.0023136963,-0.9810099601745605
4,117,-1.1920002,0.0033787414,-0.7946479320526123
4,118,-1.1877203,0.0042798514,-0.911125659942627
4,119,-1.1826593,0.005060972,-1.0164282321929932
4,120,-1.176706,0.005953273,-0.9360589981079102
4,121,-1.1698194,0.006886593,-0.9202345609664917
4,122,-1.1621001,0.007719336,-1.0492992401123047
4,123,-1.1535147,0.008585363,-0.991272509098053
4,124,-1.1439375,0.009577289,-0.9213235378265381
4,125,-1.1306756,0.013261896,0.8594356775283813
4,126,-1.1164523,0.014223227,-0.9737870693206787
4,127,-1.1012013,0.015251049,-0.9456101059913635
4,128,-1.084843,0.016358238,-0.9067156910896301
4,129,-1.067427,0.017415999,-0.9508755803108215
4,130,-1.0461831,0.0212439,0.8883355855941772
4,131,-1.021025,0.025158184,0.9428629279136658
4,132,-0.9947936,0.026231356,-0.9460840821266174
4,133,-0.9674333,0.027360292,-0.8934884071350098
4,134,-0.9390455,0.028387774,-0.9341890215873718
4,135,-0.9067882,0.032257333,1.0012725591659546
4,136,-0.87359357,0.033194583,-0.8961472511291504
4,137,-0.8397237,0.033869855,-0.9955102205276489
4,138,-0.80254424,0.037179448,0.8522798418998718
4,139,-0.7648906,0.037653606,-0.9214397072792053
4,140,-0.72699785,0.037892733,-0.9444057941436768
4,141,-0.6862479,0.040749937,0.9497555494308472
4,142,-0.6429206,0.04332728,0.9368716478347778
4,143,-0.6000771,0.042843495,-0.9064716100692749
4,144,-0.5552737,0.04480341,0.9275649785995483
4,145,-0.51169455,0.043579157,-0.9743055105209351
4,146,-0.46670467,0.044989895,1.0154441595077515
4,147,-0.42316687,0.043537807,-0.6849679350852966
4,148,-0.38187096,0.041295912,-1.0160164833068848
4,149,-0.3428927,0.038978238,-0.8576370477676392
4,150,-0.30381,0.039082706,0.9295647740364075
4,151,-0.26486206,0.03894795,0.9311893582344055
4,152,-0.22906843,0.035793625,-0.9352498054504395
4,153,-0.193898,0.035170414,0.8728967308998108
4,154,-0.16222438,0.031673633,-0.9386322498321533
4,155,-0.13415384,0.028070545,-0.9289024472236633
4,156,-0.10963,0.024523837,-0.8309723734855652
4,157,-0.088728465,0.020901535,-0.8375323414802551
4,158,-0.07170815,0.017020319,-0.979508638381958
4,159,-0.055818487,0.015889661,0.8744785785675049
4,160,-0.043693323,0.012125162,-0.8663123250007629
4,161,-0.035332724,0.008360597,-0.857340931892395
4,162,-0.028136823,0.0071959007,0.8808480501174927
4,163,-0.024531959,0.0036048652,-0.7332910895347595
4,164,-0.02208926,0.0024426982,0.887377142906189
4,165,-0.020742219,0.0013470403,0.9325698614120483
4,166,-0.023278113,-0.0025358954,-0.9251828789710999
4,167,-0.029636899,-0.006358786,-0.8859893083572388
4,168,-0.03991021,-0.0102733085,-0.9495981931686401
4,169,-0.051322844,-0.011412637,0.8951824307441711
4,170,-0.06659065,-0.015267808,-0.9231634736061096
4,171,-0.08573637,-0.019145718,-0.9517537355422974
4,172,-0.108451076,-0.022714708,-0.7674870491027832
4,173,-0.1350012,-0.026550127,-0.9777163863182068
4,174,-0.16531783,-0.030316634,-0.9791694283485413
4,175,-0.19930403,-0.033986192,-0.980513870716095
4,176,-0.2368565,-0.037552472,-1.077214241027832
4,177,-0.27774608,-0.040889584,-0.9614229798316956
4,178,-0.32177103,-0.04402495,-0.9694401025772095
4,179,-0.36871886,-0.04694785,-1.0085537433624268
4,180,-0.41828698,-0.049568105,-1.0453062057495117
4,181,-0.47013184,-0.05184487,-1.0283925533294678
4,182,-0.523876,-0.053744152,-1.0395132303237915
4,183,-0.57910717,-0.055231158,-0.9927236437797546
4,184,-0.6353896,-0.05628248,-0.9771431684494019
4,185,-0.6923493,-0.056959677,-1.0436172485351562
4,186,-0.7495967,-0.057247423,-1.0479278564453125
4,187,-0.80416,-0.054563265,0.744052529335022
4,188,-0.858347,-0.054187015,-0.9921097755432129
4,189,-0.9119246,-0.053577624,-1.0489540100097656
4,190,-0.96466684,-0.052742247,-0.9743795990943909
4,191,-1.0164853,-0.051818483,-1.053314208984375
4,192,-1.0673096,-0.050824277,-0.9967930912971497
4,193,-1.1171384,-0.049828827,-1.014426350593567
4,194,-1.1658967,-0.0487583,-0.9164282083511353
4,195,-1.2,0.0,-1.0043530464172363
4,196,-1.1964238,0.003576336,0.8896267414093018
4,197,-1.1920751,0.0043486115,-0.9875737428665161
4,198,-1.1869199,0.0051551666,-0.9740046262741089
4,199,-1.1809376,0.005982309,-0.9709519147872925
4,200,-1.1740831,0.0068544853,-0.9528576731681824
4,201,-1.1635954,0.0104877185,0.8747872114181519
4,202,-1.15211,0.011485427,-0.9009426236152649
4,203,-1.1396207,0.012489263,-0.9155721068382263
4,204,-1.1233485,0.016272165,0.9189236760139465
4,205,-1.1059933,0.017355245,-0.9013106226921082
4,206,-1.0875959,0.01839737,-0.9460564255714417
4,207,-1.0652169,0.022379033,1.0111624002456665
4,208,-1.0418111,0.023405781,-0.9797330498695374
4,209,-1.0145983,0.027212908,0.8716353178024292
4,210,-0.9839181,0.030680194,0.6528211236000061
4,211,-0.9492952,0.03462286,0.9917191863059998
4,212,-0.9107794,0.038515802,1.0168386697769165
4,213,-0.87133175,0.03944765,-0.9077978730201721
4,214,-0.8307702,0.04056156,-0.6974248886108398
4,215,-0.7867254,0.04404477,0.9946097135543823
4,216,-0.7394919,0.047233496,0.9426229596138
4,217,-0.6893532,0.050138626,0.9311907291412354
4,218,-0.6393716,0.049981676,-0.8996707797050476
4,219,-0.5871007,0.052270897,0.9588502645492554
4,220,-0.5329603,0.054140404,0.9307446479797363
4,221,-0.4801261,0.05283417,-0.9176221489906311
4,222,-0.42619786,0.053928256,0.9461363554000854
4,223,-0.3743236,0.051874235,-0.8892428874969482
4,224,-0.32485124,0.04947237,-0.8795666098594666
4,225,-0.27534673,0.04950453,0.9573371410369873
4,226,-0.22607586,0.04927087,0.9738792777061462
4,227,-0.18005025,0.046025608,-0.8656960129737854
4,228,-0.13483158,0.04521868,0.8914339542388916
4,229,-0.09051853,0.044313047,0.928414523601532
4,230,-0.050004113,0.040514413,-0.9268316030502319
4,231,-0.013327516,0.036676597,-0.910594642162323
4,232,0.022185834,0.03551335,0.8898369669914246
4,233,0.05664839,0.034462553,0.9624467492103577
4,234,0.09014696,0.033498567,1.0391656160354614
4,235,0.1201066,0.02995964,-0.7531962394714355
4,236,0.14636992,0.026263317,-0.9045748710632324
4,237,0.17168082,0.025310906,0.8736104369163513
4,238,0.19408515,0.022404332,-0.4872623682022095
4,239,0.21587808,0.021792939,0.9844461679458618
4,240,0.2370324,0.021154322,0.9034439921379089
4,241,0.25539443,0.01836203,-0.5987838506698608
4,242,0.27058074,0.0151863145,-0.9162063598632812
4,243,0.2854168,0.014836065,0.9135592579841614
4,244,0.3000102,0.014593392,0.930341899394989
4,245,0.31164306,0.011632862,-0.9377099871635437
4,246,0.3206751,0.009032038,-0.7440897822380066
4,247,0.32695022,0.0062751123,-0.8848511576652527
4,248,0.33042333,0.0034731075,-0.9408100247383118
4,249,0.33112195,0.0006986398,-0.9369323253631592
4,250,0.32903898,-0.0020829665,-0.9446161985397339
4,251,0.32691485,-0.002124132,0.8910529613494873
4,252,0.3247209,-0.0021939473,0.8807964324951172
4,253,0.31988844,-0.004832453,-0.8225691318511963
4,254,0.31245026,-0.007438176,-0.7808248996734619
4,255,0.30219445,-0.010255817,-0.8918853402137756
4,256,0.28891775,-0.01327669,-0.9865152835845947
4,257,0.27537706,-0.013540673,0.9028525948524475
4,258,0.2587648,-0.016612275,-0.9181916117668152
4,259,0.23906538,-0.019699426,-0.8689104914665222
4,260,0.21608336,-0.022982014,-0.9323059916496277
4,261,0.18987417,-0.026209192,-0.8228830695152283
4,262,0.16015992,-0.02971426,-0.933204710483551
4,263,0.12958321,-0.030576698,0.9029964208602905
4,264,0.09543607,-0.034147143,-0.8379914164543152
4,265,0.06023519,-0.035200875,0.896334171295166
4,266,0.023931067,-0.036304124,0.9040300846099854
4,267,-0.016059693,-0.03999076,-0.7953839302062988
4,268,-0.06004368,-0.04398399,-0.9974187612533569
4,269,-0.10512113,-0.04507745,0.9107264280319214
4,270,-0.15144978,-0.046328664,0.7503315210342407
4,271,-0.20152481,-0.05007503,-1.091569423675537
4,272,-0.2551567,-0.05363189,-1.0346659421920776
4,273,-0.31209123,-0.05693453,-1.0038435459136963
4,274,-0.37194845,-0.059857212,-0.9604648947715759
4,275,-0.43438503,-0.06243658,-0.9872143268585205
4,276,-0.4989292,-0.064544186,-0.9643062353134155
4,277,-0.56508684,-0.06615762,-0.9523866176605225
4,278,-0.6324341,-0.06734726,-1.0850383043289185
4,279,-0.6976287,-0.065194525,0.9005939960479736
4,280,-0.7630765,-0.06544779,-1.0236932039260864
4,281,-0.82837874,-0.065302275,-1.0501950979232788
4,282,-0.89320064,-0.06482188,-1.0107110738754272
4,283,-0.95728457,-0.064083956,-1.1292346715927124
4,284,-1.0204589,-0.06317435,-1.0230426788330078
4,285,-1.0826414,-0.06218239,-1.0790672302246094
4,286,-1.1438379,-0.06119651,-1.0058345794677734
4,287,-1.2,0.0,-1.075895071029663
4,288,-1.1992582,0.00074189587,-1.0277403593063354
4,289,-1.1949095,0.00434872,0.9083144664764404
4,290,-1.1868716,0.008037759,0.9536736011505127
4,291,-1.178042,0.008829547,-0.994619607925415
4,292,-1.1655504,0.012491645,0.9014939665794373
4,293,-1.1522138,0.013336515,-0.9994634985923767
4,294,-1.1378493,0.014364478,-0.899326503276825
4,295,-1.122098,0.01575139,-0.680804967880249
4,296,-1.105278,0.016819997,-0.9123627543449402
4,297,-1.0845731,0.020704882,0.948493242263794
4,298,-1.0626851,0.021888003,-0.8674539923667908
4,299,-1.0397499,0.022935227,-0.9667189717292786
4,300,-1.013138,0.026611805,0.7848017811775208
4,301,-0.98540103,0.027737038,-0.9078180193901062
4,302,-0.95656484,0.02883617,-0.9053530097007751
4,303,-0.923829,0.032735836,0.9943385720252991
4,304,-0.89022094,0.033608057,-0.9723355770111084
4,305,-0.8529357,0.03728529,0.9662441611289978
4,306,-0.81210095,0.040834732,0.9747403860092163
4,307,-0.77070206,0.041398868,-0.8929486274719238
4,308,-0.7285675,0.042134576,-0.6349520087242126
4,309,-0.68642753,0.042139955,-0.9578824043273926
4,310,-0.6444895,0.041938018,-0.9167749285697937
4,311,-0.6030811,0.04140842,-0.9443551301956177
4,312,-0.5597473,0.043333832,0.8899528980255127
4,313,-0.5173986,0.04234869,-0.8371508717536926
4,314,-0.47653544,0.040863164,-0.9593521952629089
4,315,-0.4373959,0.03913954,-0.9145469665527344
4,316,-0.39750728,0.03988861,0.9256059527397156
4,317,-0.3571251,0.04038216,0.9445644021034241
4,318,-0.3193452,0.037779883,-0.9366567730903625
4,319,-0.28164947,0.037695743,0.9024526476860046
4,320,-0.24414527,0.03750419,0.9785807132720947
4,321,-0.20704418,0.03710109,0.9705147743225098
4,322,-0.17048569,0.036558494,0.993634819984436
4,323,-0.13749373,0.032991964,-0.9242994785308838
4,324,-0.108220495,0.029273236,-0.9522703289985657
4,325,-0.08017738,0.028043114,0.7595157027244568
4,326,-0.053178705,0.026998676,0.9223946332931519
4,327,-0.027389519,0.025789186,0.839174747467041
4,328,-0.005397462,0.021992058,-0.8703761100769043
4,329,0.01543656,0.020834021,0.894424319267273
4,330,0.035150167,0.019713607,0.9179366230964661
4,331,0.05120224,0.016052075,-0.7836124897003174
4,332,0.06332537,0.012123125,-0.9722571969032288
4,333,0.071554415,0.008229045,-0.9593714475631714
4,334,0.07599128,0.0044368636,-0.8997073769569397
4,335,0.07649283,0.0005015478,-1.0053116083145142
4,336,0.07312929,-0.0033635455,-0.9537537097930908
4,337,0.06594626,-0.007183029,-0.9196041226387024
4,338,0.054889493,-0.011056767,-0.9483359456062317
4,339,0.039993275,-0.014896219,-0.9155131578445435
4,340,0.021175431,-0.018817844,-0.9597320556640625
4,341,-0.0014588136,-0.022634245,-0.8809623718261719
4,342,-0.027971214,-0.026512401,-0.9187860488891602
4,343,-0.05844282,-0.030471606,-0.978668212890625
4,344,-0.09283681,-0.03439399,-0.9738060832023621
4,345,-0.13113447,-0.038297653,-1.0159285068511963
4,346,-0.17317118,-0.042036705,-0.9533519744873047
4,347,-0.21875624,-0.045585074,-0.9188106656074524
4,348,-0.26781702,-0.04906077,-0.9966729283332825
4,349,-0.32011336,-0.052296337,-1.058461308479309
4,350,-0.37533233,-0.055218972,-0.9930219650268555
4,351,-0.433127,-0.057794664,-1.0669132471084595
4,352,-0.49309188,-0.059964903,-1.02714204788208
4,353,-0.5547565,-0.061664615,-0.9808207154273987
4,354,-0.6176573,-0.06290075,-0.9796550273895264
4,355,-0.6813619,-0.06370464,-1.0102112293243408
4,356,-0.745427,-0.0640651,-1.060381531715393
4,357,-0.8094485,-0.0640215,-1.0384957790374756
4,358,-0.87307936,-0.063630894,-1.0819207429885864
4,359,-0.9360436,-0.062964275,-1.0557501316070557
4,360,-0.9981456,-0.06210199,-1.0292152166366577
4,361,-1.0592746,-0.06112901,-1.0820552110671997
4,362,-1.1194052,-0.060130652,-1.1190364360809326
4,363,-1.1785942,-0.05918908,-1.0506222248077393
4,364,-1.2,0.0,-1.0861743688583374
4,365,-1.1991903,0.0008098272,-0.954712450504303
4,366,-1.1975652,0.0016250149,-0.9529260993003845
4,367,-1.1949733,0.0025918982,-0.8553557991981506
4,368,-1.1914742,0.0034992073,-0.9006763100624084
4,369,-1.1842445,0.0072296793,0.9740107655525208
4,370,-1.1761442,0.008100319,-0.9473492503166199
4,371,-1.1643127,0.011831471,0.9439249038696289
4,372,-1.1487451,0.015567678,0.9259538054466248
4,373,-1.132292,0.01645304,-0.9996815323829651
4,374,-1.1148967,0.017395422,-0.9843991994857788
4,375,-1.0937221,0.02117449,0.8869683742523193
4,376,-1.0714105,0.02231159,-0.8923922777175903
4,377,-1.0479615,0.023449026,-0.9039816856384277
4,378,-1.0224307,0.025530808,-0.27880802750587463
4,379,-0.9957151,0.026715588,-0.8722143173217773
4,380,-0.96796566,0.02774942,-0.9576065540313721
4,381,-0.9363478,0.031617895,0.9591787457466125
4,382,-0.90377825,0.03256952,-0.9409389495849609
4,383,-0.86748314,0.036295112,0.9689647555351257
4,384,-0.8304387,0.037044443,-0.9306937456130981
4,385,-0.7900622,0.040376477,0.8948290348052979
4,386,-0.7492024,0.04085985,-0.8726383447647095
4,387,-0.70535564,0.043846734,0.9474063515663147
4,388,-0.6590121,0.04634359,0.8001561164855957
4,389,-0.6101806,0.048831485,1.0155900716781616
4,390,-0.5593403,0.0508403,0.9111510515213013
4,391,-0.5096248,0.049715523,-0.9282161593437195
4,392,-0.4614102,0.048214596,-0.9307684898376465
4,393,-0.41238427,0.049025934,0.8500334620475769
4,394,-0.3650985,0.04728577,-0.6142961978912354
4,395,-0.3176604,0.047438126,0.8645440340042114
4,396,-0.27031824,0.047342148,0.9014413952827454
4,397,-0.2260365,0.044281736,-0.8922626376152039
4,398,-0.18230943,0.043727066,0.928154468536377
4,399,-0.13927628,0.04303315,0.9609312415122986
4,400,-0.09985484,0.039421435,-0.884521484375
4,401,-0.06421521,0.035639625,-0.9287649393081665
4,402,-0.02961791,0.034597304,0.9409543871879578
4,403,0.0013581682,0.030976078,-0.7540589570999146
4,404,0.03130517,0.029947003,0.9806028604507446
4,405,0.06019357,0.028888397,0.9535840749740601
4,406,0.085122615,0.024929048,-1.022678256034851
4,407,0.10622294,0.021100327,-0.9398636817932129
4,408,0.12371662,0.017493678,-0.8216769695281982
4,409,0.1374869,0.01377029,-0.9290742874145508
4,410,0.14770176,0.010214849,-0.8433980941772461
4,411,0.15428586,0.0065841065,-0.9147876501083374
4,412,0.15799315,0.0037072937,-0.4265749156475067
4,413,0.15817691,0.00018375751,-0.8660924434661865
4,414,0.15478064,-0.0033962666,-0.9041706919670105
4,415,0.1478179,-0.0069627394,-0.8874543905258179
4,416,0.13715379,-0.010664099,-0.9621144533157349
4,417,0.12285593,-0.01429786,-0.894944965839386
4,418,0.10490655,-0.017949382,-0.8796076774597168
4,419,0.08321628,-0.021690272,-0.9091212153434753
4,420,0.05780845,-0.025407828,-0.863371729850769
4,421,0.028825028,-0.028983423,-0.7420639395713806
4,422,-0.004090354,-0.032915384,-0.9608666896820068
4,423,-0.040940046,-0.036849692,-0.9563304781913757
4,424,-0.08173468,-0.040794637,-0.9758503437042236
4,425,-0.12645453,-0.044719856,-1.0550185441970825
4,426,-0.1749471,-0.048492566,-0.9669719934463501
4,427,-0.22704174,-0.052094635,-0.959040105342865
4,428,-0.28257853,-0.055536795,-1.0343962907791138
4,429,-0.3385755,-0.055996995,0.7960054874420166
4,430,-0.39739,-0.058814503,-1.0356782674789429
4,431,-0.45862862,-0.061238613,-1.0103272199630737
4,432,-0.5218514,-0.06322281,-1.0674407482147217
4,433,-0.5865873,-0.06473592,-1.104013204574585
4,434,-0.65235364,-0.06576631,-1.0584441423416138
4,435,-0.7186781,-0.06632449,-1.0210599899291992
4,436,-0.7851216,-0.066443495,-1.0567978620529175
4,437,-0.8512988,-0.0661772,-1.0347071886062622
4,438,-0.91689545,-0.06559665,-1.0404672622680664
4,439,-0.9816807,-0.064785235,-1.0852125883102417
4,440,-1.0454562,-0.0637755,-0.9614227414131165
4,441,-1.1082317,-0.06277554,-1.016124963760376
4,442,-1.17001,-0.061778337,-0.9740050435066223
4,443,-1.2,0.0,-1.0775671005249023
4,444,-1.1991904,0.0008097157,-0.9547867774963379
4,445,-1.1976361,0.0015542922,-1.0427472591400146
4,446,-1.1952503,0.002385864,-0.945408821105957
4,447,-1.1920857,0.0031645754,-0.985813558101654
4,448,-1.185284,0.0068017123,0.9130723476409912
4,449,-1.1749083,0.010375735,0.8569906949996948
4,450,-1.1607622,0.014146064,0.9677223563194275
4,451,-1.1456413,0.015120812,-0.9210401773452759
4,452,-1.1295114,0.016130028,-0.9216987490653992
4,453,-1.1124572,0.017054189,-1.0225896835327148
4,454,-1.0944167,0.018040404,-0.9773514866828918
4,455,-1.0752596,0.019157227,-0.9054231643676758
4,456,-1.054956,0.020303642,-0.8964873552322388
4,457,-1.0334914,0.021464633,-0.8922211527824402
4,458,-1.0109677,0.022523664,-0.9592371582984924
4,459,-0.98452336,0.02644436,0.9569661617279053
4,460,-0.956983,0.027540388,-0.9066086411476135
4,461,-0.92555726,0.031425696,0.9842073917388916
4,462,-0.89041144,0.03514583,0.9231694340705872
4,463,-0.85165066,0.038760763,0.9242780208587646
4,464,-0.81214017,0.039510492,-0.8881874084472656
4,465,-0.7693501,0.04279003,0.9171923995018005
4,466,-0.7234181,0.04593197,0.9741965532302856
4,467,-0.67469835,0.048719745,0.9181925654411316
4,468,-0.62612426,0.04857407,-0.8270050287246704
4,469,-0.5755179,0.050606396,0.8503004312515259
4,470,-0.5232255,0.0522924,0.865453839302063
4,471,-0.4719907,0.051234778,-0.7032148241996765
4,472,-0.42252874,0.049461946,-0.9248770475387573
4,473,-0.37231326,0.050215483,1.0148093700408936
4,474,-0.3246881,0.047625154,-0.9961610436439514
4,475,-0.27722383,0.047464285,0.8293247818946838
4,476,-0.23004459,0.04717923,0.9326992630958557
4,477,-0.18620318,0.04384141,-0.9399440884590149
4,478,-0.14298175,0.04322143,1.003445029258728
4,479,-0.10064817,0.042333577,0.9237737059593201
4,480,-0.06208955,0.03855862,-0.9253714084625244
4,481,-0.02721003,0.03487952,-0.8148964643478394
4,482,0.0065338314,0.033743862,0.904011070728302
4,483,0.036459554,0.029925724,-0.8790790438652039
4,484,0.06257619,0.026116634,-0.8826866745948792
4,485,0.08761159,0.025035404,0.9165646433830261
4,486,0.108767286,0.02115569,-0.9770462512969971
4,487,0.12616327,0.017395994,-0.9277408123016357
4,488,0.13999932,0.013836044,-0.8245936036109924
4,489,0.15019736,0.010198046,-0.903515100479126
4,490,0.15678403,0.006586666,-0.907271146774292
4,491,0.15971726,0.0029332333,-0.9499406814575195
4,492,0.16180506,0.0020878036,0.9153573513031006
4,493,0.16042893,-0.0013761409,-0.8351607322692871
4,494,0.15547168,-0.0049572377,-0.9100647568702698
4,495,0.14973846,-0.0057332255,0.9713184237480164
4,496,0.14034696,-0.009391499,-0.9375353455543518
4,497,0.12728697,-0.013059995,-0.9245578646659851
4,498,0.110534884,-0.016752083,-0.914770781993866
4,499,0.09009516,-0.020439722,-0.8825578689575195
4,500,0.06586935,-0.024225807,-0.9178985357284546
4,501,0.038080607,-0.027788749,-0.741062581539154
4,502,0.00899875,-0.029081857,0.7937308549880981
4,503,-0.02122861,-0.03022736,0.9023904800415039
4,504,-0.055310942,-0.034082334,-0.9066951870918274
4,505,-0.090655655,-0.03534471,0.802190899848938
4,506,-0.12985002,-0.039194353,-0.9610233902931213
4,507,-0.17285706,-0.043007053,-1.0258718729019165
4,508,-0.21944211,-0.046585053,-0.9377849102020264
4,509,-0.26939127,-0.049949165,-0.9243794679641724
4,510,-0.3225675,-0.053176217,-1.0532485246658325
4,511,-0.3786617,-0.0560942,-1.0221694707870483
4,512,-0.43727404,-0.05861234,-0.97669517993927
4,513,-0.49801654,-0.060742494,-0.9932867884635925
4,514,-0.56034666,-0.062330134,-0.9306405782699585
4,515,-0.6238142,-0.06346756,-0.9416542649269104
4,516,-0.68804145,-0.064227216,-1.097394347190857
4,517,-0.75258476,-0.064543314,-1.0353741645812988
4,518,-0.8170426,-0.06445784,-1.0552996397018433
4,519,-0.88107306,-0.06403047,-1.055406093597412
4,520,-0.94440764,-0.06333456,-1.0529309511184692
4,521,-1.0068601,-0.062452488,-1.1253433227539062
4,522,-1.0683309,-0.06147077,-1.0272523164749146
4,523,-1.1288067,-0.060475793,-1.0545777082443237
4,524,-1.188357,-0.059550345,-1.0384198427200317
4,525,-1.2,0.0,0.7948970198631287
4,526,-1.1992546,0.00074536825,-0.9976850748062134
4,527,-1.1977239,0.0015307222,-0.9726734757423401
4,528,-1.1954081,0.0023157971,-0.9762154221534729
4,529,-1.1923354,0.00307272,-1.0077617168426514
4,530,-1.1884147,0.003920692,-0.9458448886871338
4,531,-1.180954,0.0074607204,0.8406955003738403
4,532,-1.1726918,0.008262135,-1.011759877204895
4,533,-1.163507,0.0091848085,-0.9348232746124268
4,534,-1.1534204,0.010086558,-0.9650663733482361
4,535,-1.1423305,0.011089919,-0.9138479828834534
4,536,-1.1279174,0.014413091,0.6161988377571106
4,537,-1.1125152,0.015402183,-0.9586431980133057
4,538,-1.0932572,0.01925803,0.9357933402061462
4,539,-1.073023,0.020234201,-1.002133846282959
4,540,-1.0517393,0.021283634,-0.9620445370674133
4,541,-1.0264783,0.025261069,0.9851109385490417
4,542,-0.9973143,0.029164001,0.9385075569152832
4,543,-0.96423745,0.03307683,0.9605135321617126
4,544,-0.93013865,0.034098815,-0.9339917898178101
4,545,-0.8921924,0.037946235,1.0082975625991821
4,546,-0.85063547,0.041556943,0.9174469113349915
4,547,-0.8081793,0.04245614,-0.7857276797294617
4,548,-0.7650979,0.04308138,-0.8394126892089844
4,549,-0.72163475,0.043463197,-0.850055456161499
4,550,-0.67825985,0.0433749,-0.9918140769004822
4,551,-0.6323252,0.045934655,0.9606478214263916
4,552,-0.5869743,0.045350865,-0.9232375025749207
4,553,-0.53980994,0.047164395,0.894048273563385
4,554,-0.49109486,0.048715077,0.9527639150619507
4,555,-0.4439866,0.047108278,-0.908937931060791
4,556,-0.39885482,0.045131776,-0.923380970954895
4,557,-0.35329258,0.045562223,0.8962270021438599
4,558,-0.30759847,0.04569411,0.9028887152671814
4,559,-0.26482344,0.042775027,-0.940064013004303
4,560,-0.22510354,0.03971989,-0.868987500667572
4,561,-0.18612824,0.038975306,0.8044638633728027
4,562,-0.15016086,0.03596738,-0.5917643904685974
4,563,-0.11771815,0.032442715,-0.8493824005126953
4,564,-0.08624284,0.03147531,0.9188739061355591
4,565,-0.05814964,0.028093202,-0.6435449123382568
4,566,-0.033873733,0.024275906,-0.9034936428070068
4,567,-0.010625932,0.0232478,0.9726645350456238
4,568,0.008763424,0.019389356,-0.9064764380455017
4,569,0.024252888,0.015489463,-0.9338376522064209
4,570,0.03830574,0.014052853,0.704517126083374
4,571,0.051375084,0.013069342,1.004534363746643
4,572,0.063368656,0.011993575,0.9297323822975159
4,573,0.07433237,0.010963719,0.950069785118103
4,574,0.08135799,0.007025622,-1.0012396574020386
4,575,0.08463956,0.003281565,-0.8787687420845032
4,576,0.08400128,-0.00063827384,-1.0517089366912842
4,577,0.082353525,-0.0016477535,0.9410380721092224
4,578,0.07691213,-0.005441397,-0.913036584854126
4,579,0.06773898,-0.00917315,-0.8653385043144226
4,580,0.054910224,-0.012828755,-0.8046995997428894
4,581,0.038251963,-0.016658261,-0.9088993072509766
4,582,0.01769257,-0.020559393,-0.9450500011444092
4,583,-0.0067844237,-0.024476994,-0.9474141597747803
4,584,-0.03507524,-0.028290816,-0.876226544380188
4,585,-0.06725674,-0.0321815,-0.9363418817520142
4,586,-0.1033702,-0.036113452,-0.9884452819824219
4,587,-0.1433644,-0.039994203,-1.0067658424377441
4,588,-0.18713091,-0.04376652,-1.003490686416626
4,589,-0.23450164,-0.047370736,-0.9919532537460327
4,590,-0.28521588,-0.050714232,-0.958032488822937
4,591,-0.33906943,-0.053853557,-1.066673755645752
4,592,-0.39573735,-0.056667913,-1.0148746967315674
4,593,-0.45482796,-0.05909061,-0.9913870692253113
4,594,-0.5158926,-0.06106467,-0.9746203422546387
4,595,-0.5757261,-0.059833467,0.8593300580978394
4,596,-0.6366702,-0.060944103,-1.0360524654388428
4,597,-0.6982824,-0.061612237,-1.002203345298767
4,598,-0.76010823,-0.061825804,-0.9763627648353577
4,599,-0.82180536,-0.061697114,-1.0609848499298096
4,600,-0.8830525,-0.061247185,-1.0301706790924072
4,601,-0.9407736,-0.057721097,0.8820843696594238
4,602,-0.99762106,-0.05684744,-1.063800573348999
4,603,-1.0506719,-0.053050883,0.8827698826789856
4,604,-1.102723,-0.05205102,-1.0425306558609009
4,605,-1.1538086,-0.051085625,-1.0248287916183472
4,606,-1.2,0.0,-1.0252974033355713
4,607,-1.1991295,0.00087057584,-0.9142133593559265
4,608,-1.1974697,0.0016597966,-0.9703712463378906
4,609,-1.1950597,0.0024100258,-1.0218538045883179
4,610,-1.1918374,0.0032222827,-0.9638592600822449
4,611,-1.1878468,0.0039905948,-1.0426338911056519
4,612,-1.1830754,0.004771327,-1.007145643234253
4,613,-1.177509,0.005566481,-1.021353006362915
4,614,-1.1709061,0.0066028396,-0.8500168919563293
4,615,-1.1605926,0.0103134895,0.9205672144889832
4,616,-1.1493659,0.011226709,-0.9623419642448425
4,617,-1.1343614,0.015004536,0.9295613169670105
4,618,-1.1155549,0.018806469,0.9246119856834412
4,619,-1.0956596,0.01989535,-0.9058219790458679
4,620,-1.071916,0.023743598,0.9164143800735474
4,621,-1.0470878,0.024828138,-0.9390600323677063
4,622,-1.0208992,0.026188603,-0.7596895694732666
4,623,-0.9908128,0.030086426,0.9370665550231934
4,624,-0.956888,0.033924755,0.9160061478614807
4,625,-0.91913545,0.03775254,0.9459853768348694
4,626,-0.8803506,0.038784888,-0.8569414019584656
4,627,-0.84076625,0.039584324,-0.9292473793029785
4,628,-0.7977418,0.043024503,0.9363059997558594
4,629,-0.7513853,0.046356503,1.0683542490005493
4,630,-0.7047342,0.04665109,-0.8559432029724121
4,631,-0.6552932,0.049440995,0.9981784224510193
4,632,-0.60621953,0.04907368,-0.8863511085510254
4,633,-0.5550909,0.051128644,0.9610874056816101
4,634,-0.505178,0.049912956,-0.9676868319511414
4,635,-0.45402402,0.051153954,0.9193904995918274
4,636,-0.40199423,0.052029792,0.9292457103729248
4,637,-0.35219672,0.04979749,-0.8935757279396057
4,638,-0.30227163,0.049925093,0.9048073887825012
4,639,-0.25527957,0.046992056,-0.9282619953155518
4,640,-0.20866196,0.046617612,0.9517053961753845
4,641,-0.16274162,0.04592035,0.885801374912262
4,642,-0.11758663,0.045154992,0.9617066383361816
4,643,-0.07343721,0.044149425,0.8936583399772644
4,644,-0.030446181,0.042991027,0.8541162014007568
4,645,0.011326885,0.041773066,0.8477452397346497
4,646,0.049348895,0.03802201,-0.8349995613098145
4,647,0.08639825,0.03704936,1.0176441669464111
4,648,0.11999308,0.03359483,-0.6920250654220581
4,649,0.15274815,0.032755073,1.0150281190872192
4,650,0.18474087,0.031992726,0.986485481262207
4,651,0.213346,0.028605135,-0.841211199760437
4,652,0.24096423,0.027618226,0.6788482666015625
4,653,0.26811704,0.027152801,0.9395427703857422
4,654,0.29494792,0.026830891,0.9413585066795349
4,655,0.32161805,0.026670124,0.9485057592391968
4,656,0.34655437,0.024936307,-0.20665007829666138
4,657,0.36887538,0.022321,-0.8993526101112366
4,658,0.3914115,0.022536138,0.8895602822303772
4,659,0.41166702,0.020255508,-0.8766713738441467
4,660,0.4325137,0.020846687,0.9433202743530273
4,661,0.45156243,0.019048708,-0.7488745450973511
5,1,-0.5905732,-0.0010084786,-1.0302433967590332
5,2,-0.592472,-0.0018988173,-0.9261826276779175
5,3,-0.59532124,-0.0028492375,-0.9755346179008484
5,4,-0.59636396,-0.0010427105,0.8484997153282166
5,5,-0.5983165,-0.0019525307,-0.9674900770187378
5,6,-0.6011064,-0.0027899062,-0.9287182688713074
5,7,-0.6047559,-0.003649472,-0.9570992588996887
5,8,-0.60923946,-0.004483598,-0.9578720927238464
5,9,-0.61453635,-0.005296908,-0.9657146334648132
5,10,-0.6204563,-0.005919906,-0.8644006848335266
5,11,-0.6268745,-0.0064182156,-0.8097076416015625
5,12,-0.63403046,-0.0071559804,-1.0242643356323242
5,13,-0.6389964,-0.0049659484,0.9179080128669739
5,14,-0.6445149,-0.0055184956,-0.9338966012001038
5,15,-0.6506463,-0.0061313827,-1.0137407779693604
5,16,-0.65734375,-0.00669739,-0.9973073601722717
5,17,-0.6645647,-0.0072210017,-1.0041000843048096
5,18,-0.67225975,-0.00769499,-1.0571706295013428
5,19,-0.6803206,-0.00806087,-0.962827742099762
5,20,-0.6859412,-0.00562061,0.8717833161354065
5,21,-0.6890627,-0.003121508,0.8860663771629333
5,22,-0.689611,-0.0005482907,0.9217182993888855
5,23,-0.6902024,-0.00059140305,-0.8249109983444214
5,24,-0.6883684,0.00183406,0.8182093501091003
5,25,-0.6841355,0.0042329133,0.8085299134254456
5,26,-0.6801628,0.0039726924,-0.9454917311668396
5,27,-0.67653257,0.0036302472,-0.982649564743042
5,28,-0.6732554,0.0032771726,-0.973505973815918
5,29,-0.6676127,0.005642714,0.8536315560340881
5,30,-0.6623352,0.005277463,-0.9413772225379944
5,31,-0.6574503,0.004884872,-0.9355542063713074
5,32,-0.6530592,0.004391135,-0.9805742502212524
5,33,-0.6491577,0.0039014781,-0.9575892686843872
5,34,-0.6457002,0.0034574736,-0.9090568423271179
5,35,-0.6427984,0.0029017865,-0.9674036502838135
5,36,-0.6404758,0.0023226042,-0.9694982767105103
5,37,-0.6386718,0.001803971,-0.9182397723197937
5,38,-0.63743776,0.0012340279,-0.9439668655395508
5,39,-0.63684076,0.000596972,-0.9828986525535583
5,40,-0.63674045,0.00010029659,-0.8864981532096863
5,41,-0.6372041,-0.0004636477,-0.9308711290359497
5,42,-0.6382406,-0.0010364518,-0.9389631748199463
5,43,-0.6398181,-0.001577524,-0.9226901531219482
5,44,-0.63943565,0.00038240754,0.7372264266014099
5,45,-0.63970184,-0.00026619673,-1.006311297416687
5,46,-0.6405899,-0.00088807725,-0.9834353923797607
5,47,-0.6392807,0.0013092388,0.8918574452400208
5,48,-0.63862115,0.0006595417,-1.032922625541687
5,49,-0.6385233,9.784554e-05,-0.9382305145263672
5,50,-0.6390011,-0.0004777628,-0.9470447897911072
5,51,-0.6401305,-0.0011294323,-1.0212023258209229
5,52,-0.64187634,-0.0017458069,-0.9817789196968079
5,53,-0.64425355,-0.0023772232,-1.017652988433838
5,54,-0.64436394,-0.00011039933,0.9210293292999268
5,55,-0.6450686,-0.0007046255,-0.9868535399436951
5,56,-0.646202,-0.00113343,-0.8798656463623047
5,57,-0.6479365,-0.0017344987,-1.0306065082550049
5,58,-0.6475085,0.00042804066,0.8343210220336914
5,59,-0.6476724,-0.00016389172,-1.0025763511657715
5,60,-0.64840966,-0.0007372229,-0.988362729549408
5,61,-0.649666,-0.0012563736,-0.9556747078895569
5,62,-0.6486684,0.0009975906,0.8872263431549072
5,63,-0.64825463,0.00041375787,-1.0256839990615845
5,64,-0.6484276,-0.000172963,-1.0110212564468384
5,65,-0.6491861,-0.0007584764,-1.008017897605896
5,66,-0.6481458,0.0010402619,0.5859731435775757
5,67,-0.6476928,0.000453012,-0.9998461008071899
5,68,-0.64767224,2.05565e-05,-0.894540548324585
5,69,-0.6481976,-0.0005253293,-0.9700649976730347
5,70,-0.6465501,0.0016474578,0.8399375081062317
5,71,-0.64539415,0.0011559607,-0.9285760521888733
5,72,-0.64483786,0.00055628445,-0.9953007698059082
5,73,-0.6448438,-5.932505e-06,-0.9677292108535767
5,74,-0.6454169,-0.0005731085,-0.9710630774497986
5,75,-0.64370084,0.0017160763,0.9305002689361572
5,76,-0.64253414,0.0011667229,-0.9538369178771973
5,77,-0.6418511,0.0006830355,-0.9045969843864441
5,78,-0.6417997,5.1441923e-05,-1.0526721477508545
5,79,-0.64234257,-0.00054288236,-0.9749125838279724
5,80,-0.64351356,-0.0011710207,-1.001169204711914
5,81,-0.6450289,-0.0015153163,-0.8162553310394287
5,82,-0.6470626,-0.0020337042,-0.9394024014472961
5,83,-0.64953345,-0.0024708281,-0.8947165608406067
5,84,-0.65258205,-0.0030486274,-1.0148532390594482
5,85,-0.656092,-0.0035099366,-0.9364820718765259
5,86,-0.6594503,-0.0033583154,-0.5440786480903625
5,87,-0.6633177,-0.003867402,-1.0062767267227173
5,88,-0.6648304,-0.0015127124,0.8914757966995239
5,89,-0.6639979,0.0008325044,0.8782589435577393
5,90,-0.66360384,0.00039402276,-0.9737434983253479
5,91,-0.6635351,6.87137e-05,-0.896496593952179
5,92,-0.6638918,-0.00035666913,-0.9628986716270447
5,93,-0.6645615,-0.00066970795,-0.8896307945251465
5,94,-0.6654496,-0.000888087,-0.82957923412323
5,95,-0.6667419,-0.0012922804,-0.9575024247169495
5,96,-0.6684597,-0.0017178297,-0.9776196479797363
5,97,-0.67055875,-0.0020990418,-0.9558614492416382
5,98,-0.6730576,-0.002498888,-0.9777898192405701
5,99,-0.67584866,-0.0027910422,-0.9172747135162354
5,100,-0.6790106,-0.003161939,-0.9823200702667236
5,101,-0.6820252,-0.003014581,-0.6509726643562317
5,102,-0.68537396,-0.003348761,-0.9854313135147095
5,103,-0.68905646,-0.0036825202,-1.0123367309570312
5,104,-0.69304836,-0.0039919214,-1.0125864744186401
5,105,-0.69732344,-0.0042750826,-1.008439302444458
5,106,-0.7017083,-0.0043848753,-0.903026282787323
5,107,-0.70632005,-0.004611717,-1.042746663093567
5,108,-0.71112895,-0.004808915,-1.051965594291687
5,109,-0.71597105,-0.004842131,-0.9111093282699585
5,110,-0.7209492,-0.004978106,-1.0484853982925415
5,111,-0.7259337,-0.0049845227,-0.9343850612640381
5,112,-0.7309545,-0.0050208713,-0.9749152660369873
5,113,-0.7332932,-0.002338628,0.8169680833816528
5,114,-0.7352931,-0.0019999077,-0.754859209060669
5,115,-0.7344944,0.0007987013,0.8769988417625427
5,116,-0.73358476,0.00090959854,-0.9115912914276123
5,117,-0.7298901,0.0036946523,0.8748511672019958
5,118,-0.7262055,0.0036845517,-0.9735977649688721
5,119,-0.7224608,0.0037447135,-0.9116911888122559
5,120,-0.718722,0.0037387952,-0.9403148293495178
5,121,-0.7150598,0.0036621818,-0.9719213843345642
5,122,-0.7114828,0.0035770107,-0.9623090624809265
5,123,-0.7079711,0.0035117024,-0.9340004920959473
5,124,-0.7046297,0.0033413896,-0.9891119003295898
5,125,-0.7014882,0.0031415164,-0.9945592284202576
5,126,-0.69857496,0.0029132536,-1.0203694105148315
5,127,-0.69581956,0.0027554047,-0.9404845237731934
5,128,-0.693231,0.0025885461,-0.9345405697822571
5,129,-0.6909155,0.002315443,-0.9940920472145081
5,130,-0.688884,0.0020315063,-0.9911847114562988
5,131,-0.68429303,0.004590966,0.9133322238922119
5,132,-0.6799826,0.0043104105,-0.959746241569519
5,133,-0.67596424,0.0040183943,-0.948226809501648
5,134,-0.6721798,0.0037844267,-0.8915525078773499
5,135,-0.6686729,0.0035068726,-0.9035835862159729
5,136,-0.6655008,0.0031721285,-0.9258495569229126
5,137,-0.66275424,0.0027466111,-0.9719515442848206
5,138,-0.6604424,0.0023118327,-0.9655951261520386
5,139,-0.658576,0.0018664028,-0.962113618850708
5,140,-0.6572247,0.0013512928,-1.0828107595443726
5,141,-0.6563979,0.0008268596,-1.024648666381836
5,142,-0.65603036,0.00036752044,-0.9527955651283264
5,143,-0.6533427,0.0026876593,0.9018838405609131
5,144,-0.65114194,0.0022008084,-0.9570303559303284
5,145,-0.64950114,0.0016408216,-0.9955930709838867
5,146,-0.64557284,0.0039282916,0.9103298187255859
5,147,-0.6421746,0.0033982433,-0.9497165679931641
5,148,-0.63663,0.0055445815,0.8504381775856018
5,149,-0.63175386,0.004876163,-1.078334093093872
5,150,-0.6274401,0.0043137474,-0.9062803983688354
5,151,-0.6238169,0.0036231903,-0.9712206721305847
5,152,-0.6209195,0.0028973604,-0.9774621725082397
5,153,-0.6187862,0.0021332854,-0.9891032576560974
5,154,-0.6174487,0.001337528,-1.0002858638763428
5,155,-0.61691654,0.00053213973,-1.0241073369979858
5,156,-0.6164847,0.00043182384,-0.5273951888084412
5,157,-0.6168652,-0.00038051253,-1.0587977170944214
5,158,-0.61805534,-0.0011901056,-1.0455548763275146
5,159,-0.6173269,0.000728431,0.8130367994308472
5,160,-0.61738056,-5.3630396e-05,-0.9838638305664062
5,161,-0.6182358,-0.00085529377,-0.9971895217895508
5,162,-0.61977273,-0.0015369282,-0.9212769269943237
5,163,-0.6220107,-0.002237994,-0.9416029453277588
5,164,-0.6222437,-0.00023300611,0.851716160774231
5,165,-0.62312895,-0.00088526524,-0.9208962917327881
5,166,-0.6246207,-0.001491715,-0.894588828086853
5,167,-0.6268663,-0.002245596,-1.0239169597625732
5,168,-0.629829,-0.002962726,-0.9862043261528015
5,169,-0.6334809,-0.0036519081,-0.9816604852676392
5,170,-0.6377397,-0.0042587956,-0.9441056847572327
5,171,-0.6425805,-0.0048408154,-0.9476302266120911
5,172,-0.648001,-0.005420522,-0.9688268899917603
5,173,-0.65401006,-0.006009014,-1.0011495351791382
5,174,-0.6605514,-0.006541367,-0.9904509782791138
5,175,-0.6675771,-0.0070256805,-0.9885356426239014
5,176,-0.6750015,-0.007424422,-0.9635424017906189
5,177,-0.6827922,-0.007790674,-0.9754193425178528
5,178,-0.69083226,-0.008040098,-0.9323349595069885
5,179,-0.6991222,-0.008289949,-0.9680963754653931
5,180,-0.7075985,-0.008476289,-0.9618451595306396
5,181,-0.71344775,-0.0058492282,0.8773894906044006
5,182,-0.7193511,-0.0059033707,-0.9348459839820862
5,183,-0.72532076,-0.0059696636,-0.9676613211631775
5,184,-0.7313155,-0.0059947646,-0.964898407459259
5,185,-0.73735124,-0.0060357745,-1.026211142539978
5,186,-0.7433578,-0.006006515,-0.9774996638298035
5,187,-0.7493329,-0.0059751514,-1.0010128021240234
5,188,-0.7551513,-0.005818345,-0.9398210048675537
5,189,-0.7608357,-0.0056844377,-0.9775989055633545
5,190,-0.76627463,-0.005438895,-0.9248551726341248
5,191,-0.77148336,-0.0052087447,-0.9555639028549194
5,192,-0.7764913,-0.005007927,-0.9944241642951965
5,193,-0.7812793,-0.004788021,-1.0015430450439453
5,194,-0.78582156,-0.004542232,-1.00629460811615
5,195,-0.7900938,-0.004272221,-1.021923542022705
5,196,-0.79405326,-0.0039594504,-0.9864813685417175
5,197,-0.79495096,-0.0008977052,0.8324524760246277
5,198,-0.7955282,-0.00057722925,-0.9981463551521301
5,199,-0.7957847,-0.00025656432,-1.004252314567566
5,200,-0.79560685,0.00017786154,-0.9250380396842957
5,201,-0.7950103,0.0005965226,-0.9349387884140015
5,202,-0.7940958,0.0009145237,-1.0126051902770996
5,203,-0.7928053,0.0012904973,-0.958208441734314
5,204,-0.7911877,0.0016175978,-0.9863393902778625
5,205,-0.7892496,0.0019381227,-0.9851183295249939
5,206,-0.7870234,0.0022261965,-1.007322072982788
5,207,-0.784353,0.0026703954,-0.888110876083374
5,208,-0.7813716,0.0029814106,-0.9674668908119202
5,209,-0.778009,0.0033625844,-0.9100736975669861
5,210,-0.77430063,0.0037083684,-0.9215765595436096
5,211,-0.77035624,0.0039443783,-0.9812896847724915
5,212,-0.76622564,0.004130601,-1.025556206703186
5,213,-0.76185083,0.004374775,-0.9460320472717285
5,214,-0.7571977,0.0046531735,-0.9067899584770203
5,215,-0.7523843,0.004813349,-0.9679277539253235
5,216,-0.74740106,0.0049832235,-0.9429553151130676
5,217,-0.7423349,0.0050661373,-0.9815377593040466
5,218,-0.7371864,0.005148526,-0.9619360566139221
5,219,-0.73190427,0.0052821273,-0.9072774052619934
5,220,-0.7264778,0.0054264483,-0.8788352608680725
5,221,-0.72112197,0.005355823,-1.0156559944152832
5,222,-0.7155967,0.0055252975,-0.8178409337997437
5,223,-0.7101872,0.0054094647,-0.9850025773048401
5,224,-0.7049503,0.005236933,-1.0700551271438599
5,225,-0.69989926,0.0050510424,-0.9866092205047607
5,226,-0.69502795,0.0048712967,-0.9608059525489807
5,227,-0.69036555,0.004662393,-0.9591269493103027
5,228,-0.6860039,0.004361616,-1.014907956123352
5,229,-0.67915523,0.006848698,0.8777759671211243
5,230,-0.67254543,0.0066097835,-0.9091334939002991
5,231,-0.6662057,0.0063397135,-0.90024334192276
5,232,-0.660167,0.006038719,-0.8921447396278381
5,233,-0.6546324,0.005534565,-1.0626156330108643
5,234,-0.64952683,0.0051055476,-0.9244357943534851
5,235,-0.644955,0.0045718467,-0.9705703258514404
5,236,-0.63825333,0.0067016506,0.8264040350914001
5,237,-0.6320678,0.0061855423,-0.9061076045036316
5,238,-0.6265183,0.005549476,-0.9568682909011841
5,239,-0.621647,0.0048713046,-0.958574652671814
5,240,-0.6174404,0.0042065703,-0.9263583421707153
5,241,-0.6139893,0.003451094,-0.9666855335235596
5,242,-0.6113675,0.002621756,-0.9993260502815247
5,243,-0.6095652,0.0018023072,-0.9800896048545837
5,244,-0.60850656,0.0010586566,-0.9208501577377319
5,245,-0.6082083,0.00029826126,-0.9268930554389954
5,246,-0.6087445,-0.00053617766,-0.9748120903968811
5,247,-0.6101224,-0.001377894,-0.9822582602500916
5,248,-0.6123586,-0.0022362296,-1.0049192905426025
5,249,-0.6152827,-0.002924069,-0.897132933139801
5,250,-0.61891866,-0.0036359397,-0.9272418022155762
5,251,-0.623258,-0.004339347,-0.9390686750411987
5,252,-0.628361,-0.005102989,-1.0386255979537964
5,253,-0.6340771,-0.00571607,-0.9239509701728821
5,254,-0.6404536,-0.0063764895,-0.9826131463050842
5,255,-0.64743006,-0.0069764876,-0.9723787307739258
5,256,-0.6549868,-0.007556742,-0.991849422454834
5,257,-0.6629814,-0.007994596,-0.9319635033607483
5,258,-0.6714608,-0.008479425,-1.0264633893966675
5,259,-0.6802574,-0.008796562,-0.9267271161079407
5,260,-0.6894218,-0.0091644,-1.0150642395019531
5,261,-0.69877225,-0.0093504945,-0.9194008708000183
5,262,-0.70830077,-0.0095285345,-0.9547987580299377
5,263,-0.7180138,-0.009713076,-1.0050150156021118
5,264,-0.72506493,-0.007051134,0.8567355275154114
5,265,-0.7321954,-0.007130466,-1.0208353996276855
5,266,-0.7393615,-0.007166122,-1.0062402486801147
5,267,-0.74649024,-0.0071287155,-0.9801045656204224
5,268,-0.75353307,-0.007042806,-0.9759711027145386
5,269,-0.7604489,-0.006915832,-0.9759923219680786
5,270,-0.7672341,-0.0067852046,-1.0027538537979126
5,271,-0.77385044,-0.0066163437,-1.0167571306228638
5,272,-0.78022426,-0.006373848,-0.9753211140632629
5,273,-0.786358,-0.0061337315,-1.0775127410888672
5,274,-0.7893939,-0.0030359302,0.8833009004592896
5,275,-0.7921187,-0.0027248377,-0.985158383846283
5,276,-0.7917558,0.00036295847,0.8564998507499695
5,277,-0.79103,0.0007258189,-0.9588662385940552
5,278,-0.78989923,0.0011307332,-0.9283108115196228
5,279,-0.78840315,0.001496087,-0.9507479071617126
5,280,-0.78655505,0.0018481312,-0.954391360282898
5,281,-0.7843845,0.002170562,-0.9676405787467957
5,282,-0.7818993,0.0024851933,-0.9651678204536438
5,283,-0.7791451,0.0027541618,-0.9867638349533081
5,284,-0.77612585,0.0030192996,-0.9794389009475708
5,285,-0.77288866,0.003237215,-1.0156077146530151
5,286,-0.7694383,0.0034503534,-0.9913718700408936
5,287,-0.7628757,0.006562678,0.9541273713111877
5,288,-0.75610155,0.006774143,-0.9552772641181946
5,289,-0.74918485,0.006916673,-0.9754965305328369
5,290,-0.73934186,0.00984301,0.907109797000885
5,291,-0.7294324,0.009909451,-0.9606702327728271
5,292,-0.71957546,0.00985695,-1.0212757587432861
5,293,-0.7097225,0.009852929,-0.9270797967910767
5,294,-0.69731855,0.012403954,0.8176741003990173
5,295,-0.6851325,0.012186061,-0.9750722050666809
5,296,-0.67044216,0.014690353,0.8931023478507996
5,297,-0.65332806,0.01711409,0.9051259756088257
5,298,-0.634071,0.01925706,0.796251654624939
5,299,-0.61547405,0.018596973,-0.9823622703552246
5,300,-0.59761745,0.01785659,-0.9471698999404907
5,301,-0.5806377,0.016979748,-0.9516205191612244
5,302,-0.5646688,0.015968893,-0.9577080607414246
5,303,-0.54988986,0.014778896,-0.998161792755127
5,304,-0.53641397,0.013475875,-1.0040429830551147
5,305,-0.5242852,0.012128766,-0.9621332287788391
5,306,-0.5136022,0.010682986,-0.9672849774360657
5,307,-0.5030576,0.01054458,-0.04229515418410301
5,308,-0.49407518,0.008982434,-0.9387899041175842
5,309,-0.4867787,0.0072964625,-0.9765558242797852
5,310,-0.4810903,0.0056884135,-0.8883064389228821
5,311,-0.4771091,0.003981212,-0.9261675477027893
5,312,-0.4749267,0.0021823887,-0.9675201773643494
5,313,-0.47460806,0.00031864396,-1.0343738794326782
5,314,-0.4758613,-0.0012532524,-0.8038582801818848
5,315,-0.47885865,-0.0029973409,-0.9248533248901367
5,316,-0.48363104,-0.004772395,-0.9603397250175476
5,317,-0.49009484,-0.006463804,-0.9282456636428833
5,318,-0.49823046,-0.008135614,-0.9473024010658264
5,319,-0.50805616,-0.0098256925,-1.014504075050354
5,320,-0.5167772,-0.008721031,0.8141259551048279
5,321,-0.5270494,-0.010272189,-1.0168694257736206
5,322,-0.5365024,-0.009453005,0.5288695096969604
5,323,-0.54468817,-0.00818576,0.7803282141685486
5,324,-0.5542027,-0.009514534,-0.9912256598472595
5,325,-0.5649825,-0.010779797,-0.9963133931159973
5,326,-0.5769225,-0.011940015,-0.9798654317855835
5,327,-0.5899643,-0.013041791,-1.0115872621536255
5,328,-0.6040116,-0.014047331,-1.0208745002746582
5,329,-0.6189421,-0.014930475,-0.986937940120697
5,330,-0.6346162,-0.015674116,-0.9660037755966187
5,331,-0.65097296,-0.016356794,-1.021727204322815
5,332,-0.66780895,-0.016836006,-0.9409590363502502
5,333,-0.6850968,-0.017287856,-1.0047160387039185
5,334,-0.7027202,-0.017623454,-1.0841830968856812
5,335,-0.7178598,-0.015139594,0.8027846813201904
5,336,-0.73312354,-0.0152637195,-1.1004682779312134
5,337,-0.7483243,-0.015200742,-0.9380019307136536
5,338,-0.76343644,-0.015112189,-0.9813885688781738
5,339,-0.77836925,-0.014932806,-0.9787752032279968
5,340,-0.79304147,-0.014672193,-0.979658305644989
5,341,-0.80738604,-0.014344549,-0.9867929220199585
5,342,-0.81852645,-0.011140428,0.8824499845504761
5,343,-0.82921875,-0.010692297,-0.9908749461174011
5,344,-0.8394221,-0.010203361,-0.996868371963501
5,345,-0.84909564,-0.009673508,-1.0191330909729004
5,346,-0.8581978,-0.009102164,-1.0576926469802856
5,347,-0.86403847,-0.005840654,0.76847904920578
5,348,-0.8664303,-0.0023918368,0.8778821229934692
5,349,-0.86810124,-0.0016709572,-0.9469518661499023
5,350,-0.86901927,-0.00091805746,-0.9298991560935974
5,351,-0.86928606,-0.0002667932,-1.0241228342056274
5,352,-0.86884487,0.00044120944,-0.9628534913063049
5,353,-0.8677247,0.0011201325,-0.9811163544654846
5,354,-0.8659236,0.0018011614,-0.9768485426902771
5,355,-0.86335784,0.0025657362,-0.9165125489234924
5,356,-0.8600573,0.003300556,-0.9296693205833435
5,357,-0.8561405,0.0039168047,-1.0258252620697021
5,358,-0.8515749,0.0045655845,-0.9677892327308655
5,359,-0.846183,0.005391883,-0.836932897567749
5,360,-0.8401352,0.006047763,-0.9354356527328491
5,361,-0.8335545,0.006580733,-1.05774986743927
5,362,-0.82641673,0.007137747,-0.9645583033561707
5,363,-0.8187826,0.00763408,-0.9833678603172302
5,364,-0.8105215,0.008261122,-0.8724126219749451
5,365,-0.8017816,0.008739888,-0.9447286128997803
5,366,-0.7926892,0.009092371,-1.0089168548583984
5,367,-0.78317577,0.009513461,-0.9232785105705261
5,368,-0.7734033,0.009772477,-0.9979504942893982
5,369,-0.76068586,0.012717447,0.8279644250869751
5,370,-0.7477052,0.012980646,-0.9125167727470398
5,371,-0.7346289,0.013076307,-0.9742300510406494
5,372,-0.7214257,0.013203204,-0.9014676809310913
5,373,-0.70820695,0.013218751,-0.9217184782028198
5,374,-0.6951733,0.013033611,-1.0148296356201172
5,375,-0.67962015,0.015553183,0.8592240810394287
5,376,-0.6640192,0.015600919,-0.720108687877655
5,377,-0.6486726,0.015346649,-0.8510327339172363
5,378,-0.633835,0.014837565,-0.9501870274543762
5,379,-0.61964846,0.014186578,-0.975180447101593
5,380,-0.60621285,0.013435615,-0.9742715954780579
5,381,-0.59087557,0.015337267,0.8589134812355042
5,382,-0.57653713,0.014338424,-1.0485849380493164
5,383,-0.560952,0.01558515,0.567569375038147
5,384,-0.54652965,0.014422378,-0.9615570306777954
5,385,-0.5332805,0.01324916,-0.8967092633247375
5,386,-0.52133816,0.011942338,-0.9196164608001709
5,387,-0.5107721,0.010566045,-0.9062258005142212
5,388,-0.50180227,0.0089698685,-1.0015696287155151
5,389,-0.49447486,0.007327397,-0.9860761761665344
5,390,-0.4888656,0.0056092455,-1.004565954208374
5,391,-0.48230675,0.0065588597,0.8064277768135071
5,392,-0.47468308,0.0076236734,0.9158084392547607
5,393,-0.4688609,0.005822187,-0.9572895765304565
5,394,-0.4649159,0.0039449953,-0.9789999723434448
5,395,-0.46290874,0.0020071438,-1.002814769744873
5,396,-0.46285427,5.4479216e-05,-1.0135897397994995
5,397,-0.46469608,-0.0018418113,-0.962149441242218
5,398,-0.46840373,-0.0037076483,-0.9509081840515137
5,399,-0.47402346,-0.005619722,-1.00388765335083
5,400,-0.48151362,-0.0074901674,-1.07413649559021
5,401,-0.4908186,-0.009304968,-1.045662760734558
5,402,-0.501869,-0.011050423,-1.02882719039917
5,403,-0.51457715,-0.012708144,-0.9965760707855225
5,404,-0.5287967,-0.014219543,-0.9624965190887451
5,405,-0.5444543,-0.01565761,-0.9846987724304199
5,406,-0.5613452,-0.01689097,-0.9264496564865112
5,407,-0.57932407,-0.01797887,-0.9135965704917908
5,408,-0.5983179,-0.018993879,-0.9540034532546997
5,409,-0.6182428,-0.019924881,-0.9911425709724426
5,410,-0.63888407,-0.020641292,-0.9444941282272339
5,411,-0.6601778,-0.021293787,-1.011175513267517
5,412,-0.6818696,-0.021691822,-0.9293027520179749
5,413,-0.70384675,-0.021977134,-0.9521618485450745
5,414,-0.72603697,-0.0221902,-1.0260599851608276
5,415,-0.7483005,-0.02226354,-1.0178885459899902
5,416,-0.7705035,-0.022203043,-1.0029160976409912
5,417,-0.7924492,-0.021945637,-0.9530874490737915
5,418,-0.8140264,-0.02157724,-0.9575772285461426
5,419,-0.83516437,-0.02113797,-0.9824116826057434
5,420,-0.85577875,-0.02061437,-0.9916329383850098
5,421,-0.8757604,-0.019981613,-0.9774887561798096
5,422,-0.89505726,-0.019296896,-0.9945743083953857
5,423,-0.91353106,-0.018473774,-0.9473121762275696
5,424,-0.9285259,-0.014994878,0.7848116159439087
5,425,-0.94267756,-0.014151645,-1.0660009384155273
5,426,-0.953104,-0.010426467,0.8980491161346436
5,427,-0.96250236,-0.009398371,-0.9153069257736206
5,428,-0.9708559,-0.008353514,-0.9165846705436707
5,429,-0.9781662,-0.007310312,-0.9276790618896484
5,430,-0.98453,-0.0063637304,-1.0236738920211792
5,431,-0.9898823,-0.0053522903,-0.9630059003829956
5,432,-0.9942705,-0.004388208,-0.9993678331375122
5,433,-0.9974262,-0.003155702,-0.8240305185317993
5,434,-0.9996097,-0.0021835186,-1.0102561712265015
5,435,-1.0007526,-0.0011428486,-0.9559310078620911
5,436,-1.0009171,-0.00016453954,-0.9983082413673401
5,437,-1.0001056,0.000811403,-1.0074514150619507
5,438,-0.9954625,0.0046431464,0.9044337868690491
5,439,-0.98966,0.005802444,-0.8737677931785583
5,440,-0.9827492,0.00691081,-0.902988612651825
5,441,-0.9748502,0.007899063,-0.976776123046875
5,442,-0.9659788,0.00887138,-0.9793527126312256
5,443,-0.9559539,0.010024922,-0.8484094142913818
5,444,-0.9422217,0.013732172,0.866884708404541
5,445,-0.92751336,0.014708321,-0.9339319467544556
5,446,-0.91190416,0.0156091815,-0.9598094820976257
5,447,-0.8953429,0.016561244,-0.8965505957603455
5,448,-0.877944,0.017398885,-0.9382616877555847
5,449,-0.85986054,0.018083474,-1.0196064710617065
5,450,-0.8411257,0.01873483,-0.9760713577270508
5,451,-0.8218379,0.019287847,-0.9895116686820984
5,452,-0.79927313,0.022564758,0.8845531940460205
5,453,-0.77628195,0.02299119,-0.9422436952590942
5,454,-0.75292885,0.023353107,-0.9045657515525818
5,455,-0.7293908,0.023538036,-0.935023307800293
5,456,-0.70578367,0.023607112,-0.9187791347503662
5,457,-0.6812071,0.024576535,-0.21996285021305084
5,458,-0.65676445,0.024442654,-0.8482595086097717
5,459,-0.6327633,0.024001148,-0.9425954222679138
5,460,-0.6066553,0.026107997,0.8684481382369995
5,461,-0.57857674,0.028078552,0.9027050733566284
5,462,-0.5487602,0.029816551,0.88502037525177
5,463,-0.5172578,0.03150239,0.9982030391693115
5,464,-0.48723158,0.030026238,-0.9523967504501343
5,465,-0.45891702,0.028314546,-0.9596529006958008
5,466,-0.42976987,0.029147139,0.8764450550079346
5,467,-0.40272358,0.027046295,-0.9375889301300049
5,468,-0.37519008,0.027533501,0.9160218834877014
5,469,-0.34997475,0.025215326,-0.827680230140686
5,470,-0.3274448,0.022529954,-0.9608529806137085
5,471,-0.30714804,0.020296738,-0.5636734366416931
5,472,-0.287041,0.020107029,0.8813121914863586
5,473,-0.26993677,0.01710424,-0.9158828854560852
5,474,-0.25568914,0.014247636,-0.7550097703933716
5,475,-0.24178553,0.0139036225,0.9705722332000732
5,476,-0.22832467,0.013460859,0.9519292116165161
5,477,-0.21814461,0.010180059,-0.8964741826057434
5,478,-0.21137732,0.006767292,-0.952856719493866
5,479,-0.20799628,0.0033810376,-0.9148590564727783
5,480,-0.20805989,-6.360745e-05,-0.9438394904136658
5,481,-0.21148957,-0.0034296769,-0.8916415572166443
5,482,-0.21839729,-0.006907718,-0.9763827919960022
5,483,-0.22594284,-0.007545548,0.8963314890861511
5,484,-0.23688023,-0.010937392,-0.9630017280578613
5,485,-0.24914789,-0.012267658,0.3763963282108307
5,486,-0.26457408,-0.015426203,-0.88331538438797
5,487,-0.28302574,-0.018451652,-0.848305881023407
5,488,-0.30456352,-0.021537779,-0.9562908411026001
5,489,-0.32905787,-0.024494339,-0.9529930353164673
5,490,-0.35634172,-0.027283834,-0.9412463307380676
5,491,-0.38627428,-0.029932566,-0.9641889333724976
5,492,-0.41869736,-0.03242309,-0.992986261844635
5,493,-0.4533943,-0.03469693,-1.0519492626190186
5,494,-0.49006695,-0.03667265,-0.9687163233757019
5,495,-0.52849066,-0.038423717,-1.0636909008026123
5,496,-0.5683777,-0.03988703,-1.0416351556777954
5,497,-0.60933095,-0.04095331,-0.9340741038322449
5,498,-0.65114117,-0.041810203,-0.9952130317687988
5,499,-0.693518,-0.042376805,-1.0306527614593506
5,500,-0.7361749,-0.04265689,-1.0171902179718018
5,501,-0.77884334,-0.04266846,-1.0608187913894653
5,502,-0.8184194,-0.039576046,0.9065008759498596
5,503,-0.8575615,-0.03914211,-1.0574843883514404
5,504,-0.8960974,-0.038535886,-1.0118073225021362
5,505,-0.9338858,-0.03778837,-1.0204226970672607
5,506,-0.97081727,-0.03693143,-1.034902811050415
5,507,-1.0067589,-0.035941616,-0.9632269740104675
5,508,-1.0416553,-0.034896385,-0.9575973749160767
5,509,-1.075552,-0.03389673,-1.0931954383850098
5,510,-1.1084564,-0.03290436,-0.9990614056587219
5,511,-1.1403364,-0.031880066,-0.9557388424873352
5,512,-1.1713134,-0.030977024,-1.0034390687942505
5,513,-1.2,0.0,-1.042260766029358
5,514,-1.1992582,0.00074189587,-1.0122045278549194
5,515,-1.194772,0.0044862484,1.0017327070236206
5,516,-1.1894264,0.0053455885,-0.9330871105194092
5,517,-1.1831545,0.0062719444,-0.8996660113334656
5,518,-1.175822,0.0073324703,-0.8229284286499023
5,519,-1.1676233,0.0081987865,-0.966572642326355
5,520,-1.1585768,0.009046421,-0.9939867854118347
5,521,-1.1457715,0.012805336,0.9314538836479187
5,522,-1.1319741,0.013797462,-0.9329029321670532
5,523,-1.1142571,0.017717043,1.0083526372909546
5,524,-1.0954256,0.018831508,-0.8900761008262634
5,525,-1.0754193,0.020006241,-0.8660972714424133
5,526,-1.0515122,0.023907071,0.9398558139801025
5,527,-1.0261679,0.025344392,-0.7083123326301575
5,528,-0.9969266,0.02924127,0.9345672726631165
5,529,-0.9667137,0.030212892,-1.0167384147644043
5,530,-0.9328698,0.033843935,0.8023754358291626
5,531,-0.8952789,0.037590895,0.9283820390701294
5,532,-0.85402054,0.041258328,0.9484073519706726
5,533,-0.8091809,0.044839624,0.9929974675178528
5,534,-0.7609813,0.04819957,0.9804379343986511
5,535,-0.7124383,0.048543036,-0.8601254820823669
5,536,-0.66391236,0.048525933,-0.9058972597122192
5,537,-0.61293054,0.050981842,0.9562410712242126
5,538,-0.562231,0.05069952,-0.6295448541641235
5,539,-0.50975174,0.052479245,0.9937540292739868
5,540,-0.45599678,0.05375495,0.919687032699585
5,541,-0.4014233,0.05457348,0.8813832402229309
5,542,-0.34637538,0.055047933,0.9135937094688416
5,543,-0.29388148,0.052493896,-0.8577343821525574
5,544,-0.24413916,0.049742308,-0.7745878100395203
5,545,-0.19753926,0.046599913,-0.8556638360023499
5,546,-0.15417035,0.043368902,-0.7715390920639038
5,547,-0.11438313,0.039787218,-0.8962299823760986
5,548,-0.075717054,0.038666077,0.8220734000205994
5,549,-0.040813953,0.0349031,-0.8847963809967041
5,550,-0.0069570085,0.033856943,0.9567506909370422
5,551,0.025750833,0.03270784,0.9002357721328735
5,552,0.05532,0.029569168,-0.4307526648044586
5,553,0.08380839,0.028488394,0.9232507944107056
5,554,0.108577535,0.024769142,-0.8652365207672119
5,555,0.13236082,0.023783278,0.9217847585678101
5,556,0.15521066,0.022849848,0.9147023558616638
5,557,0.17716077,0.021950109,0.8894030451774597
5,558,0.19827412,0.021113351,0.8789224624633789
5,559,0.21691184,0.018637717,-0.2700090706348419
5,560,0.23491031,0.01799847,0.8998993039131165
5,561,0.24973041,0.014820097,-0.8492723107337952
5,562,0.2613135,0.011583087,-0.937606692314148
5,563,0.27255994,0.011246431,0.955790102481842
5,564,0.28330398,0.010744047,0.8049372434616089
5,565,0.29119128,0.00788731,-0.804409384727478
5,566,0.2988216,0.0076303175,0.8988229632377625
5,567,0.30350864,0.0046870387,-0.9215604662895203
5,568,0.3053496,0.0018409408,-0.8751811981201172
5,569,0.30668658,0.0013369814,0.6789587736129761
5,570,0.30786243,0.0011758644,0.9022096991539001
5,571,0.30628657,-0.0015758477,-0.8295377492904663
5,572,0.30452308,-0.001763496,0.8861128091812134
5,573,0.29976985,-0.004753242,-0.9749573469161987
5,574,0.29208148,-0.0076883826,-0.9198428392410278
5,575,0.28133667,-0.010744815,-0.9708857536315918
5,576,0.26753017,-0.013806481,-0.9336584210395813
5,577,0.2505797,-0.016950466,-0.937913715839386
5,578,0.2304999,-0.020079818,-0.8687311410903931
5,579,0.20977402,-0.020725882,0.8531085252761841
5,580,0.18579333,-0.023980692,-0.82249516248703
5,581,0.16094975,-0.024843574,0.8391525149345398
5,582,0.13245183,-0.028497914,-0.9601002931594849
5,583,0.100322545,-0.03212929,-0.8841047286987305
5,584,0.0643655,-0.035957046,-0.9600868821144104
5,585,0.024533005,-0.03983249,-0.9479398727416992
5,586,-0.019258484,-0.043791488,-0.9771772623062134
5,587,-0.0670458,-0.047787316,-1.0012799501419067
5,588,-0.1186728,-0.051627,-0.9267221689224243
5,589,-0.17407367,-0.055400867,-0.9537588953971863
5,590,-0.23306414,-0.05899048,-0.9485512375831604
5,591,-0.29546803,-0.062403884,-1.020677089691162
5,592,-0.36086592,-0.0653979,-0.9423413872718811
5,593,-0.42893642,-0.06807049,-1.014266014099121
5,594,-0.4989364,-0.07,-0.9801657199859619
5,595,-0.5689364,-0.07,-1.0134227275848389
5,596,-0.6389364,-0.07,-1.0612080097198486
5,597,-0.7089364,-0.07,-1.0752724409103394
5,598,-0.7789364,-0.07,-1.026268482208252
5,599,-0.8487032,-0.069766834,-1.0255944728851318
5,600,-0.9179003,-0.06919714,-1.0448224544525146
5,601,-0.9862832,-0.06838287,-1.017676830291748
5,602,-1.0537077,-0.06742449,-1.0257408618927002
5,603,-1.1201327,-0.066424966,-1.0686213970184326
5,604,-1.1856172,-0.065484576,-1.038710594177246
5,605,-1.2,0.0,-1.0195685625076294
5,606,-1.1991643,0.0008357675,-0.9374189376831055
5,607,-1.1975838,0.0015804302,-1.002555251121521
5,608,-1.1924354,0.005148459,0.878781795501709
5,609,-1.1864517,0.005983733,-0.9540992975234985
5,610,-1.1795976,0.0068540853,-0.9430971145629883
5,611,-1.1691386,0.010459033,0.8663857579231262
5,612,-1.1549435,0.014195038,0.9342873692512512
5,613,-1.1398119,0.015131572,-0.9559969305992126
5,614,-1.1237122,0.016099691,-0.9573355913162231
5,615,-1.106469,0.017243128,-0.8606595396995544
5,616,-1.0881308,0.018338231,-0.9103195667266846
5,617,-1.0687895,0.019341325,-0.9853869676589966
5,618,-1.0483575,0.020432046,-0.9360242486000061
5,619,-1.0267949,0.021562587,-0.9129618406295776
5,620,-1.0014092,0.025385771,0.8852430582046509
5,621,-0.9749674,0.026441753,-0.946979284286499
5,622,-0.9474674,0.027500032,-0.9221709370613098
5,623,-0.9188461,0.028621295,-0.8451169729232788
5,624,-0.88931507,0.029531006,-0.9381566047668457
5,625,-0.8589152,0.030399852,-0.9039533138275146
5,626,-0.8278243,0.031090926,-0.9470677971839905
5,627,-0.7962264,0.031597905,-0.9805868268013
5,628,-0.7614497,0.034776717,0.9030414819717407
5,629,-0.72363466,0.03781503,0.934669554233551
5,630,-0.6859078,0.03772686,-1.0254195928573608
5,631,-0.6483016,0.037606172,-0.8603132367134094
5,632,-0.60846096,0.03984067,0.8805920481681824
5,633,-0.56943774,0.039023202,-0.9647204279899597
5,634,-0.531456,0.037981726,-0.9227902293205261
5,635,-0.49476665,0.03668935,-0.9008675217628479
5,636,-0.45910317,0.035663497,-0.5399192571640015
5,637,-0.42533138,0.033771776,-0.9406775236129761
5,638,-0.39364582,0.031685546,-0.9065679311752319
5,639,-0.3642679,0.029377945,-0.9049708247184753
5,640,-0.33461496,0.029652921,0.9499812126159668
5,641,-0.3076547,0.026960243,-0.9000148177146912
5,642,-0.28352332,0.024131393,-0.8801348805427551
5,643,-0.26252076,0.021002566,-0.9866259694099426
5,644,-0.24451101,0.018009752,-0.8192514777183533
5,645,-0.22969484,0.014816171,-0.891031801700592
5,646,-0.21537969,0.014315157,0.9523719549179077
5,647,-0.20169957,0.013680112,0.907326877117157
5,648,-0.19145724,0.010242326,-0.921113908290863
5,649,-0.18215641,0.0093008345,0.7715620994567871
5,650,-0.17631224,0.005844175,-0.8804987072944641
5,651,-0.17400424,0.002308002,-0.9185417890548706
5,652,-0.17499933,-0.0009950822,-0.7573605179786682
5,653,-0.17951399,-0.0045146625,-0.9041786789894104
5,654,-0.18753858,-0.008024591,-0.9091901779174805
5,655,-0.19916204,-0.0116234515,-0.9894689321517944
5,656,-0.21396515,-0.014803116,-0.7418556809425354
5,657,-0.23224775,-0.018282603,-0.984720766544342
5,658,-0.25125125,-0.019003496,0.7976322174072266
5,659,-0.27354217,-0.022290926,-0.9764121174812317
5,660,-0.29895595,-0.02541379,-0.9456373453140259
5,661,-0.3273876,-0.028431667,-0.9718162417411804
5,662,-0.35866943,-0.031281833,-0.9747341871261597
5,663,-0.3926384,-0.033968944,-1.0031557083129883
5,664,-0.42906445,-0.036426075,-1.0241725444793701
5,665,-0.46768084,-0.03861638,-0.9938441514968872
5,666,-0.50821465,-0.040533803,-1.037440538406372
5,667,-0.5503571,-0.04214246,-0.9955430626869202
5,668,-0.59127235,-0.040915255,0.6844874620437622
5,669,-0.63318354,-0.04191118,-1.1167439222335815
5,670,-0.67578495,-0.042601384,-0.9982420206069946
5,671,-0.71878415,-0.04299923,-1.0007293224334717
5,672,-0.7618003,-0.043016158,-0.9323893785476685
5,673,-0.80464005,-0.042839773,-0.9746091365814209
5,674,-0.847113,-0.042472962,-1.0267003774642944
5,675,-0.889023,-0.04190998,-1.0222270488739014
5,676,-0.9273897,-0.038366687,0.8796789050102234
5,677,-0.96484774,-0.03745804,-0.9544017910957336
5,678,-1.0013816,-0.036533944,-1.0438522100448608
5,679,-1.0369391,-0.035557523,-1.0292489528656006
5,680,-1.0714413,-0.034502096,-0.9622601270675659
5,681,-1.10495,-0.033508707,-1.0230021476745605
5,682,-1.1374124,-0.03246251,-0.9442494511604309
5,683,-1.1689659,-0.031553514,-1.0249594449996948
5,684,-1.1996844,-0.030718477,-1.025651216506958
5,685,-1.2,0.0,-1.0162851810455322
5,686,-1.1991302,0.000869832,-0.9147092700004578
5,687,-1.1974553,0.0016749103,-0.9597979784011841
5,688,-1.194922,0.0025333536,-0.9278885722160339
5,689,-1.191591,0.0033309339,-0.973939061164856
5,690,-1.1874192,0.0041718045,-0.9521450400352478
5,691,-1.182431,0.004988208,-0.9770938754081726
5,692,-1.1766458,0.0057852734,-1.046186923980713
5,693,-1.167157,0.00948865,0.9263554811477661
5,694,-1.1567471,0.01040993,-0.9457124471664429
5,695,-1.1454436,0.011303596,-0.9816879034042358
5,696,-1.1303402,0.015103355,0.9383754134178162
5,697,-1.1142299,0.016110253,-0.9438241720199585
5,698,-1.0970666,0.01716325,-0.931081235408783
5,699,-1.0788512,0.018215412,-0.9466083645820618
5,700,-1.0568438,0.022007523,0.8689157962799072
5,701,-1.033798,0.023045758,-0.9738118648529053
5,702,-1.0093082,0.024489725,-0.702675998210907
5,703,-0.9837247,0.02558353,-0.9267083406448364
5,704,-0.9570243,0.026700424,-0.891946017742157
5,705,-0.9265222,0.030502098,0.9283950328826904
5,706,-0.89509535,0.031426825,-0.9421499371528625
5,707,-0.8600097,0.03508566,0.9430809020996094
5,708,-0.82423544,0.035774227,-0.9516602754592896
5,709,-0.7874656,0.03676987,-0.643759548664093
5,710,-0.75025666,0.03720893,-0.8930917978286743
5,711,-0.71010494,0.040151693,0.9138889312744141
5,712,-0.6671533,0.042951655,0.9820100665092468
5,713,-0.62307084,0.04408248,0.05809592455625534
5,714,-0.5767725,0.04629834,0.9872275590896606
5,715,-0.52867246,0.048100036,0.9363873600959778
5,716,-0.48193192,0.04674054,-0.9316984415054321
5,717,-0.43693507,0.044996858,-0.9546623229980469
5,718,-0.39122957,0.045705505,0.9008838534355164
5,719,-0.3477562,0.043473355,-0.8435106873512268
5,720,-0.30414885,0.043607365,0.9283375144004822
5,721,-0.26326406,0.0408848,-0.7953559160232544
5,722,-0.22544968,0.03781438,-0.8736258745193481
5,723,-0.19069582,0.03475386,-0.7405747771263123
5,724,-0.1565934,0.03410243,0.9670018553733826
5,725,-0.12590124,0.030692164,-0.7873974442481995
5,726,-0.09616333,0.029737907,0.9130178689956665
5,727,-0.07022303,0.0259403,-0.9339455366134644
5,728,-0.04774767,0.022475362,-0.680141270160675
5,729,-0.029049499,0.018698173,-0.8685286641120911
5,730,-0.014262708,0.014786791,-0.9472461342811584
5,731,-0.0034308815,0.010831826,-0.9715019464492798
5,732,0.0062960056,0.009726887,0.929952085018158
5,733,0.0149688125,0.008672806,0.963649332523346
5,734,0.019719986,0.0047511742,-0.9494349956512451
5,735,0.02061474,0.00089475245,-0.9071969389915466
5,736,0.020420317,-0.00019442293,0.9373635053634644
5,737,0.01629594,-0.0041243765,-0.9564288854598999
5,738,0.008425351,-0.007870588,-0.8327994346618652
5,739,-0.003347961,-0.011773312,-0.9356815814971924
5,740,-0.01891611,-0.015568148,-0.863307774066925
5,741,-0.038339935,-0.019423828,-0.9064685702323914
5,742,-0.061719112,-0.023379177,-0.9812455773353577
5,743,-0.08617245,-0.024453335,0.922074019908905
5,744,-0.114260204,-0.028087756,-0.8116638660430908
5,745,-0.14588444,-0.03162424,-0.7879492044448853
5,746,-0.18127118,-0.035386734,-0.9987494945526123
5,747,-0.22018681,-0.038915638,-0.9263655543327332
5,748,-0.26257658,-0.042389758,-1.0591191053390503
5,749,-0.30817863,-0.045602046,-0.965764582157135
5,750,-0.35671312,-0.048534483,-0.9512829780578613
5,751,-0.40518317,-0.048470058,0.84295254945755
5,752,-0.45602277,-0.05083961,-1.0227782726287842
5,753,-0.5088657,-0.052842967,-1.033279538154602
5,754,-0.56331915,-0.05445343,-1.0505841970443726
5,755,-0.6189754,-0.055656232,-1.0163140296936035
5,756,-0.675426,-0.056450628,-1.0371038913726807
5,757,-0.73226726,-0.05684123,-0.9935575127601624
5,758,-0.7891437,-0.056876447,-1.0267465114593506
5,759,-0.8456988,-0.056555092,-0.977441668510437
5,760,-0.9016969,-0.05599812,-1.0297671556472778
5,761,-0.9569256,-0.05522867,-0.9974268078804016
5,762,-1.0112454,-0.054319788,-1.086912989616394
5,763,-1.0645449,-0.0532995,-0.976791262626648
5,764,-1.1168478,-0.052302886,-1.0788583755493164
5,765,-1.168205,-0.05135726,-1.0390373468399048
5,766,-1.2,0.0,-1.047589898109436
5,767,-1.1992341,0.0007659274,-0.9839789867401123
5,768,-1.1975931,0.001640982,-0.9129182696342468
5,769,-1.1951125,0.0024806822,-0.9400837421417236
5,770,-1.1918739,0.0032385578,-1.008762240409851
5,771,-1.1877356,0.004138388,-0.9122444987297058
5,772,-1.182782,0.0049534957,-0.9773111343383789
5,773,-1.1742078,0.008574296,0.8831831216812134
5,774,-1.1623788,0.011829052,0.6227011680603027
5,775,-1.1496975,0.01268128,-1.028603434562683
5,776,-1.13608,0.013617509,-0.9643360376358032
5,777,-1.1214752,0.014604762,-0.9495976567268372
5,778,-1.103006,0.018469254,0.9508693218231201
5,779,-1.0806966,0.022309385,0.916726291179657
5,780,-1.0544752,0.026221357,0.949724018573761
5,781,-1.0272076,0.027267544,-0.9688118100166321
5,782,-0.99603975,0.031167876,0.9365506768226624
5,783,-0.96095943,0.03508033,0.9612259268760681
5,784,-0.92204314,0.038916264,0.946089506149292
5,785,-0.8819846,0.040058564,-0.7890298962593079
5,786,-0.8383719,0.04361275,0.9033470153808594
5,787,-0.7912339,0.047137994,1.0080604553222656
5,788,-0.74087304,0.05036085,0.9496086835861206
5,789,-0.6901681,0.05070498,-0.7816416025161743
5,790,-0.63968426,0.05048383,-0.9460465908050537
5,791,-0.5869051,0.052779157,0.9614515900611877
5,792,-0.53501433,0.051890787,-0.9068790078163147
5,793,-0.48444504,0.05056929,-0.9380664229393005
5,794,-0.43266872,0.05177631,1.0338560342788696
5,795,-0.38013804,0.052530665,0.9519368410110474
5,796,-0.32912853,0.0510095,-0.3187473714351654
5,797,-0.2808478,0.048280753,-0.9010398983955383
5,798,-0.2354767,0.04537109,-0.8304985761642456
5,799,-0.19349115,0.04198555,-0.9892194867134094
5,800,-0.155009,0.03848215,-0.9419286251068115
5,801,-0.11726138,0.037747625,1.0245931148529053
5,802,-0.08046555,0.036795832,0.9300711750984192
5,803,-0.044763405,0.035702143,0.8892164826393127
5,804,-0.012401406,0.032362,-0.5751013159751892
5,805,0.018851163,0.03125257,0.9258930683135986
5,806,0.04853094,0.029679775,0.6154721975326538
5,807,0.07444043,0.025909485,-0.864492654800415
5,808,0.099298306,0.024857875,0.924205482006073
5,809,0.12314051,0.0238422,0.9161440134048462
5,810,0.14608027,0.02293976,0.9526003003120422
5,811,0.16560835,0.01952807,-0.7652936577796936
5,812,0.18173005,0.016121697,-0.805749237537384
5,813,0.19433458,0.012604528,-0.9197310209274292
5,814,0.20373745,0.009402867,-0.7430861592292786
5,815,0.20993835,0.006200896,-0.7697260975837708
5,816,0.21271366,0.002775309,-0.9368306398391724
5,817,0.21488306,0.002169405,0.9347384572029114
5,818,0.2136754,-0.0012076653,-0.9191958904266357
5,819,0.20909677,-0.004578616,-0.9114961624145508
5,820,0.20108551,-0.008011261,-0.9390615224838257
5,821,0.1896592,-0.011426314,-0.9042143225669861
5,822,0.17750746,-0.012151739,0.9204707145690918
5,823,0.16455105,-0.012956412,0.8994331955909729
5,824,0.14800139,-0.016549665,-0.9278233647346497
5,825,0.13059221,-0.017409181,0.9320547580718994
5,826,0.10955447,-0.02103774,-0.8786526918411255
5,827,0.084717795,-0.024836674,-0.9551646113395691
5,828,0.055996705,-0.028721092,-0.9764841794967651
5,829,0.023710255,-0.03228645,-0.733700692653656
5,830,-0.012514949,-0.036225203,-0.9633833169937134
5,831,-0.05002415,-0.037509203,0.809491753578186
5,832,-0.091495454,-0.041471303,-0.9934667348861694
5,833,-0.13679938,-0.045303922,-0.9508056640625
5,834,-0.18589571,-0.049096327,-1.0512657165527344
5,835,-0.23859225,-0.052696545,-0.9860092401504517
5,836,-0.29457712,-0.05598488,-0.9345844388008118
5,837,-0.35364768,-0.059070557,-1.0009186267852783
5,838,-0.412705,-0.059057325,0.8222365975379944
5,839,-0.4714207,-0.058715686,0.7720559239387512
5,840,-0.5293346,-0.05791392,0.7943357229232788
5,841,-0.58870554,-0.059370905,-1.0060398578643799
5,842,-0.6463689,-0.057663355,0.8148984909057617
5,843,-0.70463216,-0.058263257,-1.0892442464828491
5,844,-0.7631034,-0.058471277,-1.0334869623184204
5,845,-0.821429,-0.05832561,-1.0454150438308716
5,846,-0.8792458,-0.057816833,-0.9595872163772583
5,847,-0.93637335,-0.057127513,-1.0194358825683594
5,848,-0.99263775,-0.05626442,-1.032329797744751
5,849,-1.0479356,-0.055297833,-1.0405069589614868
5,850,-1.102219,-0.054283384,-0.9903624057769775
5,851,-1.1555283,-0.05330931,-0.994631290435791
5,852,-1.2,0.0,-0.2758305072784424
5,853,-1.1992269,0.0007731985,-0.9791315793991089
5,854,-1.1977092,0.0015176545,-1.0159372091293335
5,855,-1.1952448,0.002464433,-0.8684449791908264
5,856,-1.1918784,0.0033663504,-0.9036879539489746
5,857,-1.1876454,0.0042329584,-0.93438321352005
5,858,-1.1825874,0.0050580576,-0.9708341956138611
5,859,-1.1766449,0.005942464,-0.9414640665054321
5,860,-1.1698018,0.006843137,-0.9421148300170898
5,861,-1.1619846,0.007817226,-0.9058001637458801
5,862,-1.1504449,0.011539696,0.9128275513648987
5,863,-1.1350445,0.01540036,0.986422598361969
5,864,-1.118581,0.016463421,-0.90041583776474
5,865,-1.1011627,0.017418424,-0.9919277429580688
5,866,-1.0827769,0.018385733,-1.001582145690918
5,867,-1.0634054,0.019371504,-1.0081908702850342
5,868,-1.042968,0.020437386,-0.954108715057373
5,869,-1.0214013,0.021566708,-0.9136514663696289
5,870,-0.998649,0.022752305,-0.871280312538147
5,871,-0.9744751,0.024173906,-0.7012866139411926
5,872,-0.9493303,0.02514483,-0.9798766374588013
5,873,-0.92038333,0.028946951,0.9394010901451111
5,874,-0.8878206,0.032562725,0.8630143404006958
5,875,-0.8516314,0.036189225,0.9379045367240906
5,876,-0.81482434,0.036807057,-0.9760677218437195
5,877,-0.77460057,0.040223792,1.0056846141815186
5,878,-0.733978,0.040622603,-0.8738497495651245
5,879,-0.690534,0.043443967,0.8974689245223999
5,880,-0.6473897,0.043144297,-1.0042243003845215
5,881,-0.60184646,0.04554327,0.9944894909858704
5,882,-0.5571341,0.044712357,-0.9415956139564514
5,883,-0.5135473,0.043586776,-0.9177826046943665
5,884,-0.4685359,0.0450114,1.0379700660705566
5,885,-0.42534572,0.04319019,-0.9400772452354431
5,886,-0.38156983,0.043775897,0.8746558427810669
5,887,-0.34009615,0.041473694,-0.845950186252594
5,888,-0.29853964,0.0415565,0.9270713329315186
5,889,-0.25995535,0.038584277,-0.9397545456886292
5,890,-0.22177649,0.03817887,0.9147405624389648
5,891,-0.18692249,0.034853995,-0.9053946137428284
5,892,-0.15557691,0.031345572,-0.9275352954864502
5,893,-0.12507127,0.030505644,0.9284549951553345
5,894,-0.098276466,0.026794808,-0.9231756329536438
5,895,-0.07512439,0.023152074,-0.8337364792823792
5,896,-0.05567924,0.019445153,-0.8467628359794617
5,897,-0.039935835,0.015743405,-0.8243630528450012
5,898,-0.027976118,0.011959717,-0.8677394390106201
5,899,-0.017145017,0.010831101,0.908389687538147
5,900,-0.0073907324,0.009754285,0.9465851783752441
5,901,0.0011909344,0.008581667,0.8845114707946777
5,902,0.00870351,0.0075125755,0.9539283514022827
5,903,0.012350538,0.0036470278,-0.9109331965446472
5,904,0.012043431,-0.0003071068,-0.9705669283866882
5,905,0.010402492,-0.0016409394,0.7763572335243225
5,906,0.007607537,-0.0027949554,0.8965111970901489
5,907,0.0008589256,-0.006748611,-0.9695379734039307
5,908,-0.0069891075,-0.007848033,0.9337132573127747
5,909,-0.018713318,-0.01172421,-0.9178181290626526
5,910,-0.03429983,-0.015586515,-0.9108290672302246
5,911,-0.05387312,-0.019573292,-1.0078374147415161
5,912,-0.07739001,-0.023516884,-0.984114944934845
5,913,-0.10482138,-0.02743137,-0.9877088069915771
5,914,-0.13613015,-0.031308778,-1.01804518699646
5,915,-0.16837305,-0.032242894,0.9068583250045776
5,916,-0.2042937,-0.035920642,-0.9933052062988281
5,917,-0.24375932,-0.03946563,-1.0015023946762085
5,918,-0.28647625,-0.04271692,-0.9269927740097046
5,919,-0.33228797,-0.045811724,-0.9750841856002808
5,920,-0.38095048,-0.048662517,-0.9956318736076355
5,921,-0.4321505,-0.05120002,-1.0508556365966797
5,922,-0.4855278,-0.05337731,-1.0517703294754028
5,923,-0.5406408,-0.055112984,-0.9671728610992432
5,924,-0.597126,-0.056485225,-1.10574471950531
5,925,-0.65456426,-0.057438232,-1.0719305276870728
5,926,-0.7098967,-0.055332407,0.7657737135887146
5,927,-0.76540345,-0.055506784,-1.010259985923767
5,928,-0.8207516,-0.055348173,-1.0298985242843628
5,929,-0.87563837,-0.05488678,-0.9890533685684204
5,930,-0.929849,-0.05421065,-1.0589638948440552
5,931,-0.983213,-0.05336398,-1.0904699563980103
5,932,-1.035623,-0.052409895,-1.0348581075668335
5,933,-1.0870343,-0.0514114,-1.0904396772384644
5,934,-1.1374252,-0.05039086,-0.9744161367416382
5,935,-1.186895,-0.04946983,-0.9919615983963013
5,936,-1.2,0.0,-1.041927695274353
5,937,-1.1991856,0.0008144136,-0.951654851436615
5,938,-1.194887,0.004298541,0.8263569474220276
5,939,-1.18983,0.005057142,-1.021363615989685
5,940,-1.1839982,0.005831743,-1.0261131525039673
5,941,-1.1745037,0.00949455,0.9136035442352295
5,942,-1.161463,0.013040697,0.8175126910209656
5,943,-1.1474283,0.014034697,-0.9070309400558472
5,944,-1.1321934,0.015234773,-0.7918352484703064
5,945,-1.1159897,0.016203763,-0.9667844772338867
5,946,-1.0985544,0.017435325,-0.8102577328681946
5,947,-1.0777256,0.020828761,0.6153664588928223
5,948,-1.0529974,0.024728242,0.9399720430374146
5,949,-1.0271246,0.025872666,-0.9034651517868042
5,950,-1.0001521,0.026972586,-0.930366039276123
5,951,-0.9692464,0.030905737,0.97200608253479
5,952,-0.9374087,0.031837687,-1.0300403833389282
5,953,-0.90190417,0.03550449,0.8674576878547668
5,954,-0.8654313,0.036472883,-0.8652356863021851
5,955,-0.8253461,0.040085193,0.9832529425621033
5,956,-0.7846999,0.040646218,-0.936941921710968
5,957,-0.7436781,0.04102181,-0.9256465435028076
5,958,-0.6997435,0.043934595,0.9196833968162537
5,959,-0.6557358,0.044007692,-0.7915703654289246
5,960,-0.61214614,0.043589637,-0.9222213625907898
5,961,-0.56644034,0.04570577,0.9732058048248291
5,962,-0.51892054,0.047519777,0.9957209825515747
5,963,-0.47004613,0.048874408,0.9264780879020691
5,964,-0.42302996,0.047016185,-0.9722029566764832
5,965,-0.37536025,0.047669705,0.9309310913085938
5,966,-0.3302226,0.04513765,-0.9710333347320557
5,967,-0.2878397,0.04238289,-0.9229555726051331
5,968,-0.24584949,0.041990224,0.8211688995361328
5,969,-0.20434833,0.04150116,0.907490074634552
5,970,-0.16622867,0.038119655,-0.8911702632904053
5,971,-0.12892766,0.037301008,0.9179201126098633
5,972,-0.09250316,0.036424503,0.9592084288597107
5,973,-0.057076633,0.035426527,0.9375831484794617
5,974,-0.025286399,0.031790234,-0.7819024920463562
5,975,0.005511025,0.030797424,1.0046718120574951
5,976,0.03281817,0.027307143,-0.6604150533676147
5,977,0.056410685,0.023592517,-0.8178219795227051
5,978,0.07893533,0.022524646,0.9309426546096802
5,979,0.097649954,0.018714624,-0.9198607802391052
5,980,0.11540197,0.01775201,0.9539185762405396
5,981,0.12941025,0.014008284,-0.9280397295951843
5,982,0.140005,0.01059476,-0.7330487370491028
5,983,0.14689262,0.006887613,-0.9496268033981323
5,984,0.1501408,0.0032481835,-0.9188482761383057
5,985,0.149759,-0.00038181702,-0.9195615649223328
5,986,0.14813916,-0.0016198343,0.6759240627288818
5,987,0.14563642,-0.0025027462,0.9161609411239624
5,988,0.13956775,-0.006068679,-0.8671822547912598
5,989,0.12980813,-0.0097596245,-0.937935471534729
5,990,0.11640072,-0.013407408,-0.8899763226509094
5,991,0.1019378,-0.014462922,0.8624012470245361
5,992,0.08363384,-0.018303964,-0.9713575839996338
5,993,0.061495293,-0.022138547,-0.9419071674346924
5,994,0.035506967,-0.025988327,-0.9281350374221802
5,995,0.005551566,-0.029955402,-0.9874960780143738
5,996,-0.028221412,-0.033772975,-0.8786144256591797
5,997,-0.065985434,-0.03776402,-1.020162582397461
5,998,-0.10490025,-0.038914815,0.8669225573539734
5,999,-0.14761537,-0.042715132,-0.9487289190292358
