episode,step,position,velocity,action
1,1,-0.58317083,0.00018191854,-0.17589329183101654
1,2,-0.5811213,0.0020494938,0.9487730264663696
1,3,-0.57770663,0.003414676,0.6239341497421265
1,4,-0.5738366,0.0038699908,0.03419044613838196
1,5,-0.57056826,0.0032683597,-0.6513268351554871
1,6,-0.56685597,0.0037123177,0.061900898814201355
1,7,-0.56282663,0.0040293317,-0.0043367911130189896
1,8,-0.5579864,0.004840283,0.34494733810424805
1,9,-0.5528574,0.005128981,0.020831987261772156
1,10,-0.5480445,0.0048129144,-0.35681653022766113
1,11,-0.5428903,0.005154164,0.10538055002689362
1,12,-0.53679556,0.0060947393,0.5306463241577148
1,13,-0.52910185,0.0076936893,1.0887268781661987
1,14,-0.5208403,0.008261544,0.35105541348457336
1,15,-0.51115566,0.009684648,0.9625288844108582
1,16,-0.50051713,0.010638525,0.6981186866760254
1,17,-0.48930022,0.011216911,0.5009065270423889
1,18,-0.47795084,0.011349371,0.2594972550868988
1,19,-0.46694013,0.0110107,0.001746312016621232
1,20,-0.45566088,0.011279269,0.46097734570503235
1,21,-0.44475797,0.010902906,0.08643388003110886
1,22,-0.43463305,0.0101249125,-0.12812365591526031
1,23,-0.42434135,0.010291684,0.5507476329803467
1,24,-0.41468602,0.009655315,0.06473936140537262
1,25,-0.405863,0.008823029,-0.019931677728891373
1,26,-0.3974721,0.0083908755,0.28841298818588257
1,27,-0.38961804,0.007854087,0.257833868265152
1,28,-0.38263288,0.006985161,0.07272658497095108
1,29,-0.3762595,0.0063733677,0.276145339012146
1,30,-0.37017113,0.006088382,0.5229499340057373
1,31,-0.36393347,0.006237653,0.8398498892784119
1,32,-0.35884482,0.0050886697,0.0021581791806966066
1,33,-0.35469836,0.0041464586,0.16249576210975647
1,34,-0.35026515,0.0044332193,1.1544445753097534
1,35,-0.3470965,0.0031686528,-0.014909576624631882
1,36,-0.34521636,0.001880136,-0.017164895310997963
1,37,-0.34311116,0.0021052167,1.229915976524353
1,38,-0.341076,0.0020351778,0.8122909665107727
1,39,-0.34002632,0.001049663,0.21067793667316437
1,40,-0.3403742,-0.00034787587,-0.0595281645655632
1,41,-0.34196916,-0.001594961,0.0392916165292263
1,42,-0.34489155,-0.0029223987,-0.02108682133257389
1,43,-0.34923092,-0.0043393783,-0.09331013262271881
1,44,-0.3547642,-0.005533267,0.03669291362166405
1,45,-0.36175233,-0.0069881235,-0.16136620938777924
1,46,-0.3684879,-0.0067355665,0.9461802840232849
1,47,-0.37662485,-0.0081369495,-0.1863885372877121
1,48,-0.38524187,-0.008617016,0.3912448585033417
1,49,-0.3947514,-0.009509549,0.07706928998231888
1,50,-0.40493265,-0.010181253,0.180510476231575
1,51,-0.4154329,-0.010500248,0.368213951587677
1,52,-0.42640013,-0.01096722,0.22007295489311218
1,53,-0.43847293,-0.01207279,-0.25791141390800476
1,54,-0.4511677,-0.012694783,0.006356320343911648
1,55,-0.46290144,-0.011733751,1.0297563076019287
1,56,-0.47419766,-0.011296199,0.5935137867927551
1,57,-0.48557585,-0.011378209,0.19142861664295197
1,58,-0.49759158,-0.0120157255,-0.23530831933021545
1,59,-0.50841856,-0.010826992,0.9223929047584534
1,60,-0.5193206,-0.010902062,0.025828320533037186
1,61,-0.5297041,-0.010383475,0.367115318775177
1,62,-0.53908,-0.009375951,0.641157329082489
1,63,-0.5481895,-0.009109509,0.1002497747540474
1,64,-0.5567166,-0.008527102,0.2654295265674591
1,65,-0.56497693,-0.008260302,0.0125496881082654
1,66,-0.571777,-0.006800042,0.7671470046043396
1,67,-0.577785,-0.0060080034,0.28797248005867004
1,68,-0.58205855,-0.004273529,0.8865764737129211
1,69,-0.5859564,-0.003897865,-0.04036005586385727
1,70,-0.5893294,-0.0033730038,0.03993484005331993
1,71,-0.59120977,-0.0018803327,0.6685866117477417
1,72,-0.59233636,-0.0011265879,0.1667548567056656
1,73,-0.5921,0.00023631666,0.5673457384109497
1,74,-0.59104156,0.0010584373,0.20797982811927795
1,75,-0.5898105,0.0012310726,-0.21982771158218384
1,76,-0.58665705,0.003153459,0.9527050852775574
1,77,-0.5836165,0.003040553,-0.3886846601963043
1,78,-0.5800893,0.0035272043,0.025964362546801567
1,79,-0.575071,0.0050182687,0.7129404544830322
1,80,-0.5694962,0.0055747563,0.11465238034725189
1,81,-0.5626804,0.0068157734,0.5985820889472961
1,82,-0.55408466,0.008595779,0.9917094707489014
1,83,-0.54523176,0.008852918,0.019209206104278564
1,84,-0.5359898,0.009241967,0.15127748250961304
1,85,-0.52515495,0.010834879,1.2711102962493896
1,86,-0.514115,0.011039984,0.1289561241865158
1,87,-0.50363773,0.010477259,-0.327737957239151
1,88,-0.49302977,0.010607965,0.18688303232192993
1,89,-0.48415077,0.008879019,-1.5070303678512573
1,90,-0.47528467,0.008866103,0.18816938996315002
1,91,-0.46651042,0.008774252,0.17949123680591583
1,92,-0.45761725,0.008893157,0.36331868171691895
1,93,-0.44825155,0.009365701,0.6427863836288452
1,94,-0.4383523,0.009899252,0.7292367815971375
1,95,-0.428144,0.0102082845,0.6276230216026306
1,96,-0.41869074,0.009453266,-0.032568447291851044
1,97,-0.40950292,0.009187822,0.33896100521087646
1,98,-0.39987245,0.009630471,0.8545038104057312
1,99,-0.3904852,0.0093872575,0.4423820972442627
1,100,-0.3815642,0.008921006,0.3371841311454773
1,101,-0.37334064,0.00822356,0.2239125519990921
1,102,-0.36628684,0.007053782,-0.0537470206618309
1,103,-0.36044815,0.0058386885,-0.052376944571733475
1,104,-0.3554892,0.0049589607,0.19708497822284698
1,105,-0.35195896,0.003530239,-0.14711466431617737
1,106,-0.3483336,0.0036253615,0.8841895461082458
1,107,-0.34626874,0.0020648553,-0.20383530855178833
1,108,-0.34503675,0.001231984,0.2901681661605835
1,109,-0.3439751,0.0010616418,0.7371571063995361
1,110,-0.34270963,0.0012654803,0.9911711812019348
1,111,-0.34183738,0.0008722414,0.5985441207885742
1,112,-0.3414436,0.0003937925,0.5454692244529724
1,113,-0.34089193,0.0005516832,0.9713783860206604
1,114,-0.34141603,-0.000524115,0.15127459168434143
1,115,-0.34268603,-0.0012699888,0.36898645758628845
1,116,-0.3450583,-0.0023722681,0.12595157325267792
1,117,-0.3488464,-0.0037881173,-0.09327361732721329
1,118,-0.3539124,-0.005066017,-0.017649734392762184
1,119,-0.35973155,-0.0058191386,0.3101789355278015
1,120,-0.36677969,-0.007048118,-0.03258885070681572
1,121,-0.3747415,-0.007961804,0.14636549353599548
1,122,-0.38352203,-0.008780551,0.17396239936351776
1,123,-0.39354736,-0.010025331,-0.1499018520116806
1,124,-0.4054184,-0.011871028,-0.596579372882843
1,125,-0.41825703,-0.012838643,-0.06647701561450958
1,126,-0.43056622,-0.012309186,0.8709561824798584
1,127,-0.44309962,-0.012533408,0.30966609716415405
1,128,-0.45547655,-0.012376944,0.5029044151306152
1,129,-0.46823254,-0.012755995,0.08554442971944809
1,130,-0.47990188,-0.011669335,1.0144574642181396
1,131,-0.49150968,-0.011607804,0.258879691362381
1,132,-0.5030249,-0.011515194,0.22193856537342072
1,133,-0.5144894,-0.01146452,0.13658608496189117
1,134,-0.52452224,-0.010032832,1.0632270574569702
1,135,-0.53451025,-0.009988028,0.025252072140574455
1,136,-0.54424155,-0.009731309,0.11659824103116989
1,137,-0.55380046,-0.009558905,0.01178801991045475
1,138,-0.56163317,-0.007832702,1.284696340560913
1,139,-0.5692882,-0.0076550106,-0.07129854708909988
1,140,-0.576372,-0.007083822,0.1530599594116211
1,141,-0.58223593,-0.0058639063,0.5505117177963257
1,142,-0.5861623,-0.003926392,1.0786703824996948
1,143,-0.5899879,-0.00382552,-0.2437361180782318
1,144,-0.59339607,-0.0034082094,-0.051548294723033905
1,145,-0.5947846,-0.0013885467,1.2709938287734985
1,146,-0.5941501,0.0006345053,0.9954714179039001
1,147,-0.59305084,0.0010992788,-0.04027990996837616
1,148,-0.59208393,0.00096691755,-0.4329940378665924
1,149,-0.5895305,0.0025534073,0.7176380157470703
1,150,-0.5868331,0.002697409,-0.23151236772537231
1,151,-0.5832371,0.0035960325,0.284803569316864
1,152,-0.57894325,0.004293881,0.16862882673740387
1,153,-0.5727362,0.00620706,1.1828135251998901
1,154,-0.5653262,0.00740997,0.5571415424346924
1,155,-0.5577644,0.007561813,-0.106863833963871
1,156,-0.5484468,0.009317607,1.0042699575424194
1,157,-0.53852725,0.009919553,0.2771725058555603
1,158,-0.5283002,0.010227033,0.13036909699440002
1,159,-0.51844066,0.009859585,-0.2684713304042816
1,160,-0.5076755,0.010765147,0.6294977068901062
1,161,-0.49714166,0.010533876,-0.074595145881176
1,162,-0.48698187,0.0101598,-0.11723732948303223
1,163,-0.4768581,0.010123772,0.15869742631912231
1,164,-0.46669966,0.010158452,0.25605884194374084
1,165,-0.45704728,0.009652362,-0.05427738279104233
1,166,-0.44639075,0.010656536,1.1269694566726685
1,167,-0.43611303,0.010277708,0.1300460249185562
1,168,-0.42498395,0.011129072,1.3978877067565918
1,169,-0.41343883,0.011545107,0.7632696628570557
1,170,-0.40251938,0.010919447,0.12372172623872757
1,171,-0.39124966,0.011269727,0.8256912231445312
1,172,-0.38018116,0.011068486,0.5103346109390259
1,173,-0.36962798,0.010553181,0.351631224155426
1,174,-0.35935935,0.010268615,0.5530569553375244
1,175,-0.3502042,0.009155147,0.04605894908308983
1,176,-0.3424219,0.007782308,-0.08682668209075928
1,177,-0.33443248,0.007989406,1.0559343099594116
1,178,-0.32790282,0.0065296553,-0.07729237526655197
1,179,-0.32295418,0.0049486337,-0.1307828277349472
1,180,-0.31823903,0.0047151484,0.7880721688270569
1,181,-0.31424844,0.0039906,0.48003384470939636
1,182,-0.31264162,0.0016068189,-0.609906017780304
1,183,-0.31284875,-0.00020711249,-0.22351665794849396
1,184,-0.31466764,-0.001818901,-0.08959004282951355
1,185,-0.3165431,-0.0018754622,0.9398770332336426
1,186,-0.32108486,-0.0045417654,-0.8075612187385559
1,187,-0.32730407,-0.006219202,-0.1668730080127716
1,188,-0.33525866,-0.007954595,-0.23120594024658203
1,189,-0.3446509,-0.009392245,-0.06604477018117905
1,190,-0.35386908,-0.009218176,0.968423068523407
1,191,-0.36403358,-0.010164507,0.181561678647995
1,192,-0.3740973,-0.01006371,0.8349008560180664
1,193,-0.38534492,-0.011247635,-0.06658590584993362
1,194,-0.39639044,-0.011045513,0.8063674569129944
1,195,-0.40824008,-0.011849641,0.08462993800640106
1,196,-0.41943774,-0.011197664,1.0226062536239624
1,197,-0.43138897,-0.011951239,0.009987358935177326
1,198,-0.44372636,-0.012337395,0.19775374233722687
1,199,-0.456613,-0.012886642,0.029386697337031364
1,200,-0.4703651,-0.013752108,-0.24429890513420105
1,201,-0.4848214,-0.014456307,-0.20442695915699005
1,202,-0.49958393,-0.014762533,-0.010701126419007778
1,203,-0.5130264,-0.013442488,1.3852713108062744
1,204,-0.5250482,-0.012021768,1.0076195001602173
1,205,-0.5355591,-0.010510897,1.1632258892059326
1,206,-0.54632235,-0.01076321,-0.2279973328113556
1,207,-0.55698234,-0.010659971,-0.04470403864979744
1,208,-0.5672258,-0.010243483,0.11102020740509033
1,209,-0.57627976,-0.009053917,0.5755308866500854
1,210,-0.5851981,-0.008918322,-0.17191337049007416
1,211,-0.5922788,-0.0070806583,0.9188623428344727
1,212,-0.59896547,-0.006686666,-0.07831403613090515
1,213,-0.6037979,-0.004832443,0.8625179529190063
1,214,-0.6080034,-0.00420547,0.020843811333179474
1,215,-0.6112238,-0.0032204173,0.23917418718338013
1,216,-0.6132225,-0.0019986404,0.3814213275909424
1,217,-0.6144242,-0.0012017568,0.0885169506072998
1,218,-0.6153703,-0.0009460339,-0.2780468761920929
1,219,-0.6153271,4.314396e-05,0.20636925101280212
1,220,-0.6146115,0.0007156404,-0.004544077906757593
1,221,-0.61299485,0.0016166341,0.15123192965984344
1,222,-0.61019725,0.002797609,0.34567511081695557
1,223,-0.6056667,0.0045305644,0.7271654605865479
1,224,-0.59953237,0.006134341,0.6629776358604431
1,225,-0.5927325,0.006799861,0.06728716939687729
1,226,-0.58520734,0.0075251325,0.14031864702701569
1,227,-0.5773397,0.007867661,-0.07793919742107391
1,228,-0.56808233,0.00925737,0.6589301824569702
1,229,-0.55805403,0.010028299,0.2921947240829468
1,230,-0.54698026,0.011073768,0.5250096917152405
1,231,-0.535933,0.011047225,-0.13450688123703003
1,232,-0.52416176,0.011771244,0.42102208733558655
1,233,-0.5120284,0.012133374,0.23860527575016022
1,234,-0.49886212,0.013166292,0.7464518547058105
1,235,-0.48459843,0.014263687,0.8551662564277649
1,236,-0.4708122,0.013786222,-0.1237526461482048
1,237,-0.45639417,0.01441803,0.684036374092102
1,238,-0.44097677,0.015417404,1.0280177593231201
1,239,-0.42608574,0.014891041,0.05798479914665222
1,240,-0.41041565,0.01567008,1.4204555749893188
1,241,-0.39418125,0.016234405,0.9313201904296875
1,242,-0.37756917,0.016612079,0.8827352523803711
1,243,-0.36052272,0.017046457,0.9966017603874207
1,244,-0.34315112,0.017371595,1.0433039665222168
1,245,-0.32731852,0.01583259,-0.16719122231006622
1,246,-0.3116881,0.015630415,0.7908786535263062
1,247,-0.29764414,0.014043957,-0.06802748888731003
1,248,-0.28372344,0.013920696,0.9630441665649414
1,249,-0.27220562,0.011517824,-0.5034095048904419
1,250,-0.26200408,0.010201555,0.2636386454105377
1,251,-0.2533376,0.008666485,0.1544072926044464
1,252,-0.2463287,0.0070088976,0.10298734158277512
1,253,-0.24145457,0.004874126,-0.19126133620738983
1,254,-0.23709263,0.0043619443,0.906747579574585
1,255,-0.2332465,0.0038461252,0.918667733669281
1,256,-0.2302923,0.002954204,0.6804025173187256
1,257,-0.22946899,0.00082332635,-0.13610593974590302
1,258,-0.2303154,-0.0008464121,0.17393949627876282
1,259,-0.23230952,-0.001994115,0.5192702412605286
1,260,-0.23561272,-0.0033032035,0.4053032100200653
1,261,-0.23935232,-0.0037395903,0.9764405488967896
1,262,-0.24497809,-0.005625775,-0.002314000390470028
1,263,-0.2523918,-0.007413704,0.04450535401701927
1,264,-0.26012245,-0.0077306516,1.009928584098816
1,265,-0.26935303,-0.009230575,0.18447673320770264
1,266,-0.27881086,-0.009457832,1.2574166059494019
1,267,-0.2891173,-0.010306437,0.5511223077774048
1,268,-0.30122307,-0.012105766,-0.12147259712219238
1,269,-0.31497052,-0.013747443,-0.0632321760058403
1,270,-0.3294111,-0.014440575,0.5142698884010315
1,271,-0.3447782,-0.01536713,0.2992398738861084
1,272,-0.36088264,-0.016104437,0.3602914810180664
1,273,-0.37823415,-0.017351495,-0.049719832837581635
1,274,-0.39656672,-0.018332567,0.04995623230934143
1,275,-0.4153134,-0.018746667,0.34383031725883484
1,276,-0.43353516,-0.018221771,0.8818838596343994
1,277,-0.4509658,-0.017430631,0.9722855687141418
1,278,-0.46941686,-0.018451074,-0.3199966549873352
1,279,-0.48786357,-0.018446706,0.2726302444934845
1,280,-0.5062957,-0.01843213,0.1880515217781067
1,281,-0.52443707,-0.01814137,0.2803158164024353
1,282,-0.54107213,-0.016635083,1.0383398532867432
1,283,-0.5575445,-0.016472373,0.021146807819604874
1,284,-0.5745224,-0.01697786,-0.5064263939857483
1,285,-0.58982587,-0.015303501,0.8626102805137634
1,286,-0.603365,-0.013539161,0.8472654819488525
1,287,-0.6166137,-0.0132486895,-0.2013879269361496
1,288,-0.62875086,-0.012137157,0.28195950388908386
1,289,-0.64019454,-0.01144368,-0.05476607754826546
1,290,-0.6502419,-0.010047402,0.35968855023384094
1,291,-0.6591502,-0.008908279,0.14132395386695862
1,292,-0.66703355,-0.007883363,0.024046029895544052
1,293,-0.67237407,-0.0053404947,1.0947048664093018
1,294,-0.6752676,-0.002893535,0.9118826985359192
1,295,-0.6774396,-0.002171982,-0.251411497592926
1,296,-0.67847794,-0.0010383993,0.013535662554204464
1,297,-0.6782808,0.0001971604,0.07687519490718842
1,298,-0.67570966,0.002571096,0.8366739153862
1,299,-0.6717693,0.0039403425,0.17839929461479187
1,300,-0.6667444,0.0050248974,0.006341532804071903
1,301,-0.66046435,0.0062800413,0.14283105731010437
1,302,-0.65239,0.008074323,0.5309270024299622
1,303,-0.6435408,0.008849188,-0.111476369202137
1,304,-0.6332367,0.010304121,0.38310301303863525
1,305,-0.6220941,0.011142614,0.0206365454941988
1,306,-0.610213,0.011881116,0.0069933063350617886
1,307,-0.5975471,0.012665885,0.09496486932039261
1,308,-0.5838322,0.013714921,0.3326411247253418
1,309,-0.56929,0.0145422,0.2519884407520294
1,310,-0.55419934,0.015090622,0.13787372410297394
1,311,-0.5377021,0.016497245,0.784960150718689
1,312,-0.5202252,0.017476879,0.5825940370559692
1,313,-0.5022224,0.018002836,0.36750543117523193
1,314,-0.4828798,0.019342624,1.0287024974822998
1,315,-0.46323955,0.01964025,0.4015069603919983
1,316,-0.44376898,0.01947058,0.1870359629392624
1,317,-0.42357558,0.020193383,0.8772134780883789
1,318,-0.40411028,0.019465305,0.007258794270455837
1,319,-0.38549033,0.018619942,0.021153349429368973
1,320,-0.36772886,0.017761476,0.09864417463541031
1,321,-0.34959427,0.018134592,1.042580008506775
1,322,-0.3320092,0.017585061,0.46469104290008545
1,323,-0.31584802,0.016161175,-0.04318930581212044
1,324,-0.30124742,0.01460061,-0.06757859140634537
1,325,-0.2873706,0.013876826,0.548600435256958
1,326,-0.27492318,0.012447427,0.13179373741149902
1,327,-0.2645101,0.010413072,-0.22502648830413818
1,328,-0.25624612,0.008263974,-0.2638433873653412
1,329,-0.24832113,0.007924995,0.9719945192337036
1,330,-0.24223149,0.0060896412,0.0016184787964448333
1,331,-0.23715533,0.0050761593,0.5699697732925415
1,332,-0.23400052,0.0031548208,-0.018549909815192223
1,333,-0.23278865,0.0012118713,-0.022714288905262947
1,334,-0.23310181,-0.00031316292,0.2598002851009369
1,335,-0.23506887,-0.0019670648,0.1728811413049698
1,336,-0.23849551,-0.0034266347,0.2960827350616455
1,337,-0.24354011,-0.0050445884,0.17932115495204926
1,338,-0.24936517,-0.0058250525,0.7209582328796387
1,339,-0.25722247,-0.007857306,-0.1331930160522461
1,340,-0.26668012,-0.009457657,0.12768055498600006
1,341,-0.2778242,-0.011144077,0.036849189549684525
1,342,-0.29054505,-0.012720858,0.06932812184095383
1,343,-0.3034398,-0.012894749,0.9566994309425354
1,344,-0.31772822,-0.014288412,0.0933801457285881
1,345,-0.33311576,-0.015387545,0.2323940098285675
1,346,-0.3494654,-0.016349634,0.2600269317626953
1,347,-0.36734152,-0.017876117,-0.18605229258537292
1,348,-0.38612634,-0.01878481,0.14718928933143616
1,349,-0.40461996,-0.01849363,0.8621615171432495
1,350,-0.42460117,-0.01998121,-0.4093766212463379
1,351,-0.44519535,-0.020594185,0.07909243553876877
1,352,-0.46630976,-0.021114424,0.04158693552017212
1,353,-0.48731187,-0.021002105,0.3599169850349426
1,354,-0.5078059,-0.020494042,0.5197844505310059
1,355,-0.5283525,-0.020546628,0.04387771710753441
1,356,-0.5503635,-0.022010976,-1.236983299255371
1,357,-0.5722106,-0.021847123,-0.02444392628967762
1,358,-0.5929244,-0.020713782,0.5133624076843262
1,359,-0.6134758,-0.020551387,-0.23587113618850708
1,360,-0.6321425,-0.018666698,0.8124993443489075
1,361,-0.6492784,-0.01713594,0.48732632398605347
1,362,-0.6647195,-0.01544111,0.5162715315818787
1,363,-0.67892164,-0.014202127,0.14127492904663086
1,364,-0.69200593,-0.013084288,-0.003587600076571107
1,365,-0.7039141,-0.011908165,-0.02258692868053913
1,366,-0.7144038,-0.0104897255,0.08738094568252563
1,367,-0.72287154,-0.008467756,0.4452066719532013
1,368,-0.7302174,-0.0073458683,-0.19014224410057068
1,369,-0.734611,-0.004393574,1.0581566095352173
1,370,-0.7362625,-0.0016515157,0.8420459628105164
1,371,-0.73661,-0.00034748693,-0.12328575551509857
1,372,-0.73540944,0.0012005275,0.03797616437077522
1,373,-0.7312354,0.0041740756,0.9931565523147583
1,374,-0.72414804,0.0070873317,0.9698358178138733
1,375,-0.7151649,0.008983158,0.320547491312027
1,376,-0.704797,0.010367854,0.01716112717986107
1,377,-0.6927787,0.0120183285,0.2382899671792984
1,378,-0.6787754,0.0140032945,0.5132627487182617
1,379,-0.66372806,0.01504737,-0.052109818905591965
1,380,-0.6461604,0.017567657,1.183009147644043
1,381,-0.62780195,0.018358495,-0.071867436170578
1,382,-0.6088023,0.01899966,-0.08512821793556213
1,383,-0.5885595,0.020242816,0.40737640857696533
1,384,-0.5667726,0.02178694,0.706664502620697
1,385,-0.5443045,0.022468109,0.2388475090265274
1,386,-0.5201812,0.024123302,1.2025624513626099
1,387,-0.49613535,0.024045834,-0.03455709293484688
1,388,-0.47198766,0.024147682,0.20506052672863007
1,389,-0.44869038,0.023297265,-0.3099183738231659
1,390,-0.42519742,0.02349297,0.5018670558929443
1,391,-0.4021293,0.023068143,0.20167404413223267
1,392,-0.37896463,0.02316465,0.6583321690559387
1,393,-0.35610586,0.022858754,0.49676063656806946
1,394,-0.33316585,0.022940008,0.856835126876831
1,395,-0.3114967,0.02166915,0.05396971106529236
1,396,-0.28981313,0.021683577,1.0236679315567017
1,397,-0.2698269,0.019986257,-0.05612215772271156
1,398,-0.2502648,0.019562092,0.8670138716697693
1,399,-0.23252471,0.017740091,0.003911084961146116
1,400,-0.2167349,0.015789805,-0.02285333350300789
1,401,-0.20207356,0.014661344,0.5742921829223633
1,402,-0.18970498,0.012368575,-0.15883396565914154
1,403,-0.17814204,0.011562939,0.8668733239173889
1,404,-0.16871546,0.009426573,0.0100245987996459
1,405,-0.16057563,0.008139829,0.5998695492744446
1,406,-0.15317525,0.0074003832,0.9840297102928162
1,407,-0.14661102,0.0065642255,0.9363332390785217
1,408,-0.14109133,0.0055196867,0.8116787075996399
1,409,-0.13801569,0.0030756446,-0.10977970063686371
1,410,-0.13607378,0.001941907,0.7700084447860718
1,411,-0.1377102,-0.0016364119,-0.8558319807052612
1,412,-0.14196365,-0.00425344,-0.21823814511299133
1,413,-0.1476824,-0.005718758,0.540906548500061
1,414,-0.15472572,-0.007043311,0.6227138638496399
1,415,-0.16403487,-0.009309158,-0.02024770714342594
1,416,-0.17490402,-0.010869149,0.4289062023162842
1,417,-0.1873014,-0.012397378,0.4236278831958771
1,418,-0.20077841,-0.013477006,0.690651535987854
1,419,-0.21608777,-0.015309369,0.15178261697292328
1,420,-0.2322111,-0.016123326,0.7859176397323608
1,421,-0.25045016,-0.018239051,-0.13213886320590973
1,422,-0.27004805,-0.019597901,0.31204670667648315
1,423,-0.29283717,-0.022789119,-0.9784883260726929
1,424,-0.31712475,-0.024287578,0.06485626846551895
1,425,-0.3419446,-0.024819838,0.6127676963806152
1,426,-0.36765477,-0.025710175,0.27041909098625183
1,427,-0.39474347,-0.027088704,-0.1674318015575409
1,428,-0.4212747,-0.026531229,1.1012933254241943
1,429,-0.44734177,-0.026067067,0.8130641579627991
1,430,-0.47258574,-0.025243977,0.9266940951347351
1,431,-0.49812984,-0.025544116,0.0539776086807251
1,432,-0.52482295,-0.02669313,-0.6387882232666016
1,433,-0.55014956,-0.025326604,0.9048969745635986
1,434,-0.57436806,-0.024218524,0.6061069965362549
1,435,-0.5982837,-0.02391566,-0.0509563572704792
1,436,-0.62163675,-0.023353012,0.004790627863258123
1,437,-0.64363873,-0.022001974,0.417538583278656
1,438,-0.6648844,-0.021245679,-0.08311432600021362
1,439,-0.6842509,-0.0193665,0.5673202276229858
1,440,-0.70238054,-0.018129665,0.05203430727124214
1,441,-0.7185371,-0.016156526,0.46376240253448486
1,442,-0.73320526,-0.014668182,0.07215463370084763
1,443,-0.74649936,-0.013294074,-0.06424528360366821
1,444,-0.7585049,-0.012005541,-0.17425784468650818
1,445,-0.7673909,-0.008885992,1.0334022045135498
1,446,-0.7735776,-0.0061866394,0.6864103674888611
1,447,-0.7767465,-0.0031689298,0.8758194446563721
1,448,-0.7781625,-0.0014159615,0.02111591398715973
1,449,-0.77740586,0.0007566014,0.2957216203212738
1,450,-0.7744903,0.0029155675,0.2893925905227661
1,451,-0.7689512,0.005539097,0.6096976399421692
1,452,-0.7619436,0.0070075914,-0.13995547592639923
1,453,-0.7547433,0.0072003016,-0.9642655253410339
1,454,-0.7457724,0.008970885,0.11508604139089584
1,455,-0.7352944,0.010478019,-0.025669468566775322
1,456,-0.7234872,0.011807209,-0.10261914134025574
1,457,-0.7104163,0.013070891,-0.09815560281276703
1,458,-0.6958933,0.014523033,0.08214554190635681
1,459,-0.6799549,0.015938431,0.11997634917497635
1,460,-0.66287374,0.01708113,0.008374080061912537
1,461,-0.64540726,0.017466478,-0.4193909168243408
1,462,-0.62660015,0.018807136,0.29819348454475403
1,463,-0.60713553,0.01946462,-0.06852691620588303
1,464,-0.5875155,0.019620081,-0.3096836805343628
1,465,-0.56677955,0.0207359,0.4262503683567047
1,466,-0.5457604,0.021019135,-0.02647830918431282
1,467,-0.5232844,0.022476017,0.8605281710624695
1,468,-0.50061095,0.022673437,0.13318587839603424
1,469,-0.47773713,0.022873808,0.24842827022075653
1,470,-0.45407152,0.023665603,0.7564485669136047
1,471,-0.43051136,0.02356017,0.27483198046684265
1,472,-0.40618575,0.024325622,0.9697124361991882
1,473,-0.3813114,0.024874344,0.9408154487609863
1,474,-0.35764974,0.023661628,-0.11844956129789352
1,475,-0.33368194,0.023967791,1.0102108716964722
1,476,-0.3108062,0.02287572,0.17098984122276306
1,477,-0.28941518,0.021391038,0.0033666451927274466
1,478,-0.26813957,0.02127562,1.0241878032684326
1,479,-0.24848488,0.019654687,0.0752616599202156
1,480,-0.23129211,0.017192774,-0.4166436493396759
1,481,-0.21466914,0.01662297,0.9014189839363098
1,482,-0.20029372,0.014375418,-0.16554099321365356
1,483,-0.18783586,0.0124578625,0.09635905176401138
1,484,-0.17752048,0.0103153745,-0.01934722810983658
1,485,-0.16785888,0.009661601,1.0464915037155151
1,486,-0.15999734,0.007861534,0.25972601771354675
1,487,-0.15416594,0.0058314004,0.12490858137607574
1,488,-0.14981939,0.0043465476,0.5016663074493408
1,489,-0.14669174,0.003127648,0.6885380744934082
1,490,-0.14545882,0.0012329165,0.2447117120027542
1,491,-0.14499162,0.00046719366,1.1857209205627441
1,492,-0.14643778,-0.0014461603,0.2358984351158142
1,493,-0.1494932,-0.0030554247,0.4355635344982147
1,494,-0.15337852,-0.003885317,0.9485840797424316
1,495,-0.1580038,-0.0046252976,1.0668039321899414
1,496,-0.16409919,-0.0060953754,0.5028554201126099
1,497,-0.17210886,-0.00800968,0.1925460547208786
1,498,-0.18156126,-0.009452405,0.48758062720298767
1,499,-0.19303584,-0.011474575,0.07737245410680771
1,500,-0.20629042,-0.013254581,0.20824822783470154
1,501,-0.22080316,-0.014512737,0.5187854170799255
1,502,-0.23756503,-0.016761877,-0.18523789942264557
1,503,-0.2552207,-0.017655676,0.6651380658149719
1,504,-0.27414227,-0.018921554,0.35762056708335876
1,505,-0.29457316,-0.02043088,0.1278577297925949
1,506,-0.31563205,-0.021058882,0.6384658813476562
1,507,-0.33831352,-0.022681465,-0.10804807394742966
1,508,-0.36150718,-0.023193667,0.5379825830459595
1,509,-0.38579893,-0.024291763,0.046828124672174454
1,510,-0.41055363,-0.024754707,0.360912024974823
1,511,-0.43636733,-0.0258137,-0.1515432596206665
1,512,-0.46308732,-0.026719986,-0.17299431562423706
1,513,-0.49071303,-0.027625702,-0.30291295051574707
1,514,-0.51826096,-0.027547946,0.2160000205039978
1,515,-0.54555684,-0.02729587,0.1947387009859085
1,516,-0.5716807,-0.026123907,0.6715973019599915
1,517,-0.5977443,-0.026063574,-0.19935443997383118
1,518,-0.6235042,-0.025759963,-0.16527098417282104
1,519,-0.6491371,-0.025632855,-0.40734246373176575
1,520,-0.67368376,-0.024546668,0.11116642504930496
1,521,-0.6971109,-0.02342712,0.02104039303958416
1,522,-0.71943516,-0.02232425,-0.09366258233785629
1,523,-0.74045646,-0.021021282,-0.055171944200992584
1,524,-0.76005286,-0.019596385,-0.0594727024435997
1,525,-0.7765506,-0.016497703,0.980204164981842
1,526,-0.7914625,-0.014911903,-0.08961910009384155
1,527,-0.80414397,-0.012681459,0.2872072458267212
1,528,-0.815335,-0.011190987,-0.24924156069755554
1,529,-0.82426524,-0.008930287,0.22767126560211182
1,530,-0.8308655,-0.006600251,0.245743989944458
1,531,-0.83529544,-0.0044299494,0.11904935538768768
1,532,-0.8375425,-0.0022470115,0.11420435458421707
1,533,-0.8362789,0.0012635833,0.9926687479019165
1,534,-0.83317614,0.0031027608,-0.1178831234574318
1,535,-0.82730484,0.005871301,0.5109246969223022
1,536,-0.81928843,0.008016424,0.11309955269098282
1,537,-0.8095597,0.009728709,-0.15051591396331787
1,538,-0.79722875,0.012330931,0.4740487039089203
1,539,-0.7829945,0.014234271,0.04930562153458595
1,540,-0.766952,0.016042544,0.03553219512104988
1,541,-0.7488911,0.018060839,0.23400729894638062
1,542,-0.7294771,0.01941402,-0.14051453769207
1,543,-0.7086334,0.020843664,-0.012086150236427784
1,544,-0.68638057,0.022252863,0.0610797293484211
1,545,-0.662646,0.023734594,0.20587757229804993
1,546,-0.63812274,0.024523253,-0.14947505295276642
1,547,-0.61283314,0.025289625,-0.05050623416900635
1,548,-0.58547235,0.027360821,0.9399362802505493
1,549,-0.5577442,0.027728133,-0.06271938979625702
1,550,-0.5289019,0.028842356,0.5723868608474731
1,551,-0.49981818,0.029083705,0.13438493013381958
1,552,-0.46946985,0.030348333,0.9618875980377197
1,553,-0.43949607,0.029973768,0.019746383652091026
1,554,-0.41087523,0.028620848,-0.48588016629219055
1,555,-0.38235456,0.028520662,0.4861457347869873
1,556,-0.3535204,0.028834157,0.8942720890045166
1,557,-0.32537672,0.02814368,0.3536521792411804
1,558,-0.29782358,0.027553134,0.5400228500366211
1,559,-0.27179268,0.026030911,0.029703741893172264
1,560,-0.24739504,0.024397638,0.05380665510892868
1,561,-0.22498512,0.022409916,-0.09682533890008926
1,562,-0.2045891,0.02039602,-0.04137221723794937
1,563,-0.1851356,0.0194535,0.7341266870498657
1,564,-0.16690867,0.018226936,0.5984347462654114
1,565,-0.15017422,0.016734455,0.4670695960521698
1,566,-0.13491532,0.015258886,0.5166535973548889
1,567,-0.12211466,0.012800663,-0.10681157559156418
1,568,-0.1115164,0.010598256,0.08780105412006378
1,569,-0.104248665,0.007267736,-0.6460829973220825
1,570,-0.09887893,0.0053697387,0.3204890787601471
1,571,-0.09565237,0.0032265547,0.16508568823337555
1,572,-0.09475136,0.000901014,0.04815545305609703
1,573,-0.09590799,-0.0011566385,0.22801680862903595
1,574,-0.09952944,-0.0036214436,-0.04504978284239769
1,575,-0.10526078,-0.005731344,0.1863206923007965
1,576,-0.113315314,-0.008054531,0.03546470031142235
1,577,-0.12329567,-0.009980359,0.2874026596546173
1,578,-0.13573554,-0.012439876,-0.08573098480701447
1,579,-0.15025544,-0.014519905,0.14369887113571167
1,580,-0.16669562,-0.016440175,0.22000840306282043
1,581,-0.18424357,-0.01754795,0.7240511775016785
1,582,-0.20369634,-0.019452766,0.14861272275447845
1,583,-0.22515395,-0.021457616,0.028472399339079857
1,584,-0.24849735,-0.0233434,0.043508339673280716
1,585,-0.27343673,-0.024939358,0.1606174260377884
1,586,-0.30015093,-0.026714204,-0.04657280072569847
1,587,-0.32853717,-0.02838623,-0.07925836741924286
1,588,-0.35708603,-0.028548855,0.8121721744537354
1,589,-0.38676128,-0.02967524,0.047444239258766174
1,590,-0.4165994,-0.029838115,0.5565484762191772
1,591,-0.44806015,-0.03146077,-0.5559124946594238
1,592,-0.48016745,-0.032107282,-0.05653925985097885
1,593,-0.51144207,-0.031274624,0.7716484069824219
1,594,-0.5428764,-0.03143435,-0.04571307823061943
1,595,-0.57306635,-0.030189952,0.7332636713981628
1,596,-0.60304505,-0.029978704,-0.10559860616922379
1,597,-0.63225603,-0.029210975,0.11833717674016953
1,598,-0.6607796,-0.028523557,-0.07543672621250153
1,599,-0.6873342,-0.0265546,0.6459322571754456
1,600,-0.712953,-0.02561878,-0.16227053105831146
1,601,-0.73712814,-0.024175184,0.06573103368282318
1,602,-0.75858414,-0.021456014,0.8166674375534058
1,603,-0.7790484,-0.020464215,-0.4188016355037689
1,604,-0.7964538,-0.017405381,0.8833741545677185
1,605,-0.8118958,-0.015442,0.09197746962308884
1,606,-0.8261091,-0.014213318,-0.44925323128700256
1,607,-0.83831894,-0.012209809,0.022362666204571724
1,608,-0.8481031,-0.009784159,0.26709210872650146
1,609,-0.8544268,-0.0063236845,0.9288724660873413
1,610,-0.85874486,-0.0043180343,-0.05854380875825882
1,611,-0.8611738,-0.0024289503,-0.14793871343135834
1,612,-0.862179,-0.0010051463,-0.46459415555000305
1,613,-0.85981077,0.002368222,0.832460343837738
1,614,-0.85547626,0.004334492,-0.0993291512131691
1,615,-0.847544,0.00793225,1.083858609199524
1,616,-0.83725315,0.010290833,0.19585180282592773
1,617,-0.8238779,0.013375296,0.7094324231147766
1,618,-0.80842125,0.0154566,0.08112414926290512
1,619,-0.79032075,0.01810053,0.5055839419364929
1,620,-0.7709184,0.019402321,-0.32792535424232483
1,621,-0.74934155,0.021576902,0.32349860668182373
1,622,-0.7249438,0.024397755,0.836176335811615
1,623,-0.6996291,0.02531468,-0.3353307247161865
1,624,-0.672889,0.026740162,0.11051250249147415
1,625,-0.6439521,0.028936902,0.742748498916626
1,626,-0.612632,0.031320065,1.0926257371902466
1,627,-0.5806371,0.031994857,0.009969515725970268
1,628,-0.548621,0.032016087,-0.2696472704410553
1,629,-0.5163232,0.03229777,0.06279651075601578
1,630,-0.48279274,0.033530474,0.8581763505935669
1,631,-0.44981408,0.03297864,-0.16436854004859924
1,632,-0.41663656,0.033177532,0.49851322174072266
1,633,-0.38489857,0.031737994,-0.4340129494667053
1,634,-0.35548776,0.029410822,-0.8777864575386047
1,635,-0.325785,0.029702764,1.0581554174423218
1,636,-0.29675022,0.029034799,0.4867192506790161
1,637,-0.27025074,0.02649948,-0.6415166854858398
1,638,-0.24584347,0.02440727,-0.24655182659626007
1,639,-0.22178653,0.024056941,1.1589056253433228
1,640,-0.19907917,0.022707356,0.4114346206188202
1,641,-0.17812496,0.02095421,0.20938953757286072
1,642,-0.1591828,0.018942166,0.09294971823692322
1,643,-0.14225304,0.016929764,0.13860554993152618
1,644,-0.12622602,0.016027013,0.915352463722229
1,645,-0.112216346,0.014009678,0.20370027422904968
1,646,-0.101071745,0.011144602,-0.3369395136833191
1,647,-0.090900496,0.010171249,0.9417336583137512
1,648,-0.082168914,0.008731581,0.6452998518943787
1,649,-0.07613486,0.0060340543,-0.18206678330898285
1,650,-0.07115198,0.0049828836,0.922601044178009
1,651,-0.06864524,0.0025067432,-0.021919220685958862
1,652,-0.06735969,0.0012855472,0.8173194527626038
1,653,-0.06702328,0.00033641863,1.2083696126937866
1,654,-0.06763649,-0.00061321503,1.012500286102295
1,655,-0.069198415,-0.0015619261,1.275736927986145
1,656,-0.07292989,-0.0037314761,0.1845155507326126
1,657,-0.07856542,-0.0056355307,0.35756513476371765
1,658,-0.0860521,-0.0074866815,0.3864862024784088
1,659,-0.09567263,-0.009620535,0.18886812031269073
1,660,-0.10725174,-0.011579109,0.2927709221839905
1,661,-0.12144149,-0.01418975,-0.15929050743579865
1,662,-0.13755298,-0.01611149,0.27611443400382996
1,663,-0.15502502,-0.01747204,0.6197293400764465
1,664,-0.17323153,-0.018206509,1.0003196001052856
1,665,-0.19406705,-0.02083552,-0.3060559630393982
1,666,-0.2154907,-0.021423656,1.1037403345108032
1,667,-0.23913857,-0.023647873,-0.15245388448238373
1,668,-0.26457974,-0.025441175,0.06031021475791931
1,669,-0.2907374,-0.026157647,0.6909927725791931
1,670,-0.31729075,-0.026553357,0.8080840706825256
1,671,-0.34456724,-0.027276475,0.48485276103019714
1,672,-0.37295538,-0.028388139,0.11162664741277695
1,673,-0.40198764,-0.02903225,0.29843008518218994
1,674,-0.43041188,-0.028424235,1.1573506593704224
1,675,-0.4595892,-0.029177343,-0.042183149605989456
1,676,-0.48941004,-0.029820835,-0.11091023683547974
1,677,-0.5190951,-0.029685097,0.2611369490623474
1,678,-0.54901963,-0.029924499,-0.13708359003067017
1,679,-0.578209,-0.02918935,0.36311832070350647
1,680,-0.6057592,-0.027550219,0.8209230899810791
1,681,-0.6325164,-0.026757156,0.12205256521701813
1,682,-0.6570195,-0.02450312,0.9677426815032959
1,683,-0.6798608,-0.022841254,0.45847705006599426
1,684,-0.7014063,-0.021545548,0.11079783737659454
1,685,-0.7216392,-0.020232927,0.027608495205640793
1,686,-0.7407676,-0.019128384,-0.19660641252994537
1,687,-0.7583071,-0.01753948,0.04862770438194275
1,688,-0.7739183,-0.015611179,0.20658889412879944
1,689,-0.7874675,-0.0135491835,0.23743067681789398
1,690,-0.7989236,-0.011456125,0.20956717431545258
1,691,-0.808394,-0.009470403,0.09846729040145874
1,692,-0.8161981,-0.007804109,-0.14608320593833923
1,693,-0.82205534,-0.0058572413,0.01568824239075184
1,694,-0.8259869,-0.0039315755,-0.016956593841314316
1,695,-0.8287902,-0.0028032896,-0.5607430934906006
1,696,-0.82918966,-0.00039949513,0.28100860118865967
1,697,-0.827243,0.0019467069,0.24139751493930817
1,698,-0.82368267,0.003560333,-0.2410421073436737
1,699,-0.81793094,0.005751703,0.15510770678520203
1,700,-0.81026167,0.007669265,-0.009366501122713089
1,701,-0.8013784,0.008883264,-0.45372623205184937
1,702,-0.79127604,0.010102364,-0.42090100049972534
1,703,-0.7782748,0.013001245,0.7334790825843811
1,704,-0.7630265,0.0152483005,0.344977468252182
1,705,-0.7449374,0.018089052,0.797012448310852
1,706,-0.725337,0.019600382,-0.019587339833378792
1,707,-0.70345247,0.021884577,0.5745655298233032
1,708,-0.6803799,0.023072548,-0.06428556889295578
1,709,-0.65595216,0.024427785,0.1481696218252182
1,710,-0.6303905,0.025561629,0.11138137429952621
1,711,-0.6043336,0.026056917,-0.1946789175271988
1,712,-0.5766787,0.027654879,0.6655692458152771
1,713,-0.5483079,0.028370822,0.2130158394575119
1,714,-0.5194548,0.028853131,0.19810700416564941
1,715,-0.49124685,0.028207924,-0.4094190299510956
1,716,-0.46296325,0.0282836,0.21195578575134277
1,717,-0.43484497,0.02811827,0.19128863513469696
1,718,-0.4070914,0.027753554,0.1954011619091034
1,719,-0.37876958,0.028321838,0.9496033191680908
1,720,-0.3500001,0.028769474,1.3626596927642822
1,721,-0.3214027,0.028597422,0.7145826816558838
1,722,-0.2938511,0.02755158,0.2528855502605438
1,723,-0.26670808,0.027143033,0.78755784034729
1,724,-0.24122657,0.025481505,0.053343821316957474
1,725,-0.218428,0.022798572,-0.5396649241447449
1,726,-0.19794826,0.02047974,-0.22442907094955444
1,727,-0.17905794,0.018890314,0.32170847058296204
1,728,-0.16109651,0.017961433,0.8126770853996277
1,729,-0.14460021,0.016496295,0.49902647733688354
1,730,-0.12887235,0.015727859,1.234424114227295
1,731,-0.11525505,0.013617303,0.13661238551139832
1,732,-0.10297526,0.012279796,0.6763558387756348
1,733,-0.09283639,0.01013887,0.1604837328195572
1,734,-0.083601184,0.009235204,1.0167558193206787
1,735,-0.07625955,0.007341629,0.35213860869407654
1,736,-0.071232736,0.0050268183,0.08003314584493637
1,737,-0.06870778,0.0025249573,-0.03915183246135712
1,738,-0.06912973,-0.00042194914,-0.33321812748908997
1,739,-0.071765825,-0.0026360971,0.15485437214374542
1,740,-0.07671687,-0.004951046,0.08488909155130386
1,741,-0.08340616,-0.006689291,0.4638899862766266
1,742,-0.09196172,-0.008555563,0.37058234214782715
1,743,-0.10282606,-0.010864338,0.06445740163326263
1,744,-0.114821956,-0.011995899,0.833620548248291
1,745,-0.12911999,-0.014298031,0.03400501236319542
1,746,-0.14423797,-0.015117973,0.9965543746948242
1,747,-0.16092204,-0.016684076,0.4689837098121643
1,748,-0.17981303,-0.018891,0.004908383823931217
1,749,-0.20053954,-0.02072652,0.20631346106529236
1,750,-0.2223875,-0.021847956,0.626410961151123
1,751,-0.24574307,-0.02335558,0.30421802401542664
1,752,-0.26953736,-0.023794286,0.9414201974868774
1,753,-0.2951372,-0.025599852,-0.05287241190671921
1,754,-0.32156986,-0.026432674,0.49973636865615845
1,755,-0.34913182,-0.027561966,0.19656473398208618
1,756,-0.3774525,-0.02832066,0.327251136302948
1,757,-0.40688705,-0.029434573,-0.035064447671175
1,758,-0.4369316,-0.03004454,0.16506212949752808
1,759,-0.46760684,-0.030675221,0.008015979081392288
1,760,-0.49740797,-0.029801117,0.8613813519477844
1,761,-0.52619576,-0.028787816,0.8063530921936035
1,762,-0.55460787,-0.028412076,0.23750866949558258
1,763,-0.58199793,-0.027390081,0.5265073776245117
1,764,-0.6088689,-0.02687097,0.05557071790099144
1,765,-0.6348858,-0.026016908,0.14765939116477966
1,766,-0.6595743,-0.024688475,0.33946651220321655
1,767,-0.6822161,-0.02264185,0.7032387256622314
1,768,-0.7022127,-0.019996611,1.1638978719711304
1,769,-0.72004163,-0.017828923,0.5941839814186096
1,770,-0.7353564,-0.015314775,0.749760627746582
1,771,-0.7491487,-0.013792357,0.02594931237399578
1,772,-0.7618091,-0.012660385,-0.28899258375167847
1,773,-0.7730213,-0.011212147,-0.12673887610435486
1,774,-0.7820964,-0.009075111,0.2907402813434601
1,775,-0.7893535,-0.007257121,0.045212894678115845
1,776,-0.7943087,-0.0049552573,0.3421638011932373
1,777,-0.79778945,-0.0034807317,-0.22657299041748047
1,778,-0.80021375,-0.002424325,-0.5172257423400879
1,779,-0.80033445,-0.00012071987,0.3060256242752075
1,780,-0.79736423,0.0029702052,0.8304981589317322
1,781,-0.79168576,0.005678477,0.5854651927947998
1,782,-0.78426296,0.0074228058,-0.037644706666469574
1,783,-0.77495676,0.00930617,0.08108502626419067
1,784,-0.76453793,0.01041885,-0.3992367684841156
1,785,-0.7523908,0.012147111,0.04967382177710533
1,786,-0.7375243,0.014866524,0.7567123174667358
1,787,-0.7213155,0.01620876,-0.10287483036518097
1,788,-0.7037749,0.017540574,-0.04375075921416283
1,789,-0.6840255,0.019749405,0.614905595779419
1,790,-0.662619,0.021406524,0.3332219123840332
1,791,-0.6399942,0.0226248,0.13705988228321075
1,792,-0.6150141,0.024980133,1.052862524986267
1,793,-0.5890829,0.025931165,0.18265275657176971
1,794,-0.5611783,0.027904592,0.9902997016906738
1,795,-0.53242815,0.028750185,0.3762288987636566
1,796,-0.50240123,0.030026916,0.8070130944252014
1,797,-0.47147992,0.030921312,0.7021802663803101
1,798,-0.4394479,0.032032013,1.4992053508758545
1,799,-0.40802485,0.03142307,0.010336300358176231
1,800,-0.37635952,0.03166532,0.7278627157211304
1,801,-0.34578347,0.03057606,-0.013686791062355042
1,802,-0.3159724,0.029811079,0.337518572807312
1,803,-0.287504,0.028468387,0.07716616988182068
1,804,-0.2593574,0.0281466,0.8696953058242798
1,805,-0.23181918,0.027538203,0.7815151214599609
1,806,-0.20506157,0.026757613,0.7592079043388367
1,807,-0.18061167,0.024449898,-0.17736545205116272
1,808,-0.1582303,0.022381369,0.048920638859272
1,809,-0.13875984,0.01947047,-0.45820921659469604
1,810,-0.12147606,0.017283777,0.06653685867786407
1,811,-0.105693735,0.015782325,0.5562447905540466
1,812,-0.09177231,0.013921428,0.3429843783378601
1,813,-0.07876708,0.013005229,0.9930993914604187
1,814,-0.06788116,0.01088592,0.20747889578342438
1,815,-0.059522927,0.008358234,-0.052897702902555466
1,816,-0.05212494,0.0073979865,1.2412761449813843
1,817,-0.04569645,0.0064284904,1.4443693161010742
1,818,-0.04172969,0.003966759,0.009875618852674961
1,819,-0.040587842,0.0011418461,-0.2296517789363861
1,820,-0.041584138,-0.0009962958,0.22889867424964905
1,821,-0.04407933,-0.0024951939,0.6544488668441772
1,822,-0.04859367,-0.0045143403,0.3060179054737091
1,823,-0.055372227,-0.0067785573,0.13951006531715393
1,824,-0.0645029,-0.009130673,0.07564731687307358
1,825,-0.07459339,-0.010090485,0.9956841468811035
1,826,-0.08716115,-0.012567762,-0.026408864185214043
1,827,-0.101482645,-0.014321493,0.44085893034935
1,828,-0.1172215,-0.01573885,0.645115852355957
1,829,-0.1348075,-0.017585995,0.3332388699054718
1,830,-0.15324241,-0.018434912,0.9662714600563049
1,831,-0.17479686,-0.02155445,-0.5860694050788879
1,832,-0.19859713,-0.023800272,-0.054500360041856766
1,833,-0.2234747,-0.024877567,0.6613115072250366
1,834,-0.25019217,-0.026717467,0.07933055609464645
1,835,-0.2776181,-0.027425937,0.7465133666992188
1,836,-0.30587214,-0.02825402,0.5692227482795715
1,837,-0.33552757,-0.02965542,0.07859177142381668
1,838,-0.36661574,-0.031088164,-0.06391072273254395
1,839,-0.39825138,-0.03163565,0.3912312686443329
1,840,-0.4314653,-0.03321393,-0.44011539220809937
1,841,-0.46404964,-0.03258434,0.8745511174201965
1,842,-0.49651146,-0.032461826,0.37784048914909363
1,843,-0.52914494,-0.032633502,0.020836981013417244
1,844,-0.5617231,-0.032578163,0.009164397604763508
1,845,-0.5931118,-0.03138869,0.602776825428009
1,846,-0.62347454,-0.030362755,0.33890455961227417
1,847,-0.65301865,-0.029544126,0.05381173640489578
1,848,-0.6821563,-0.029137667,-0.3599909543991089
1,849,-0.7096154,-0.02745909,0.35582414269447327
1,850,-0.7350786,-0.025463182,0.4480510354042053
1,851,-0.7588125,-0.023733927,0.1649598777294159
1,852,-0.78059214,-0.021779666,0.22197037935256958
1,853,-0.8010605,-0.020468354,-0.2871894836425781
1,854,-0.81869924,-0.01763874,0.6538445949554443
1,855,-0.834345,-0.015645726,0.03849891200661659
1,856,-0.84794736,-0.01360239,0.023963354527950287
1,857,-0.86026615,-0.012318773,-0.5219284296035767
1,858,-0.8708804,-0.010614269,-0.27505257725715637
1,859,-0.87783635,-0.0069559277,1.0975594520568848
1,860,-0.8824549,-0.004618518,0.1021423414349556
1,861,-0.8839601,-0.0015052528,0.6082849502563477
1,862,-0.8837655,0.00019458553,-0.33755484223365784
1,863,-0.88084584,0.0029196555,0.34639087319374084
1,864,-0.8755757,0.0052701365,0.10359522700309753
1,865,-0.8670155,0.008560223,0.7427926063537598
1,866,-0.8563822,0.010633297,-0.04699648916721344
1,867,-0.842721,0.013661203,0.617639422416687
1,868,-0.8272425,0.015478469,-0.15128663182258606
1,869,-0.8082888,0.018953657,1.0655332803726196
1,870,-0.78759575,0.020693041,-0.09701061248779297
1,871,-0.7650661,0.022529649,0.0381501168012619
1,872,-0.7409671,0.024098972,-0.058263495564460754
1,873,-0.713851,0.027116124,1.053087830543518
1,874,-0.68539083,0.028460175,-0.004414122086018324
1,875,-0.65567267,0.029718159,0.06108789145946503
1,876,-0.62417215,0.03150052,0.5450129508972168
1,877,-0.5918609,0.032311253,0.045216985046863556
1,878,-0.55754125,0.034319647,1.4110387563705444
1,879,-0.5216403,0.035900954,0.8847850561141968
1,880,-0.48425403,0.037386265,1.4088345766067505
1,881,-0.44613355,0.038120475,0.6857403516769409
1,882,-0.40866077,0.037472792,-0.04793914034962654
1,883,-0.37053302,0.03812774,1.2965092658996582
1,884,-0.33304387,0.037489153,0.3129919469356537
1,885,-0.2968311,0.036212776,0.050804100930690765
1,886,-0.26198575,0.03484535,0.13676370680332184
1,887,-0.22841404,0.033571705,0.3287562131881714
1,888,-0.1967607,0.031653345,0.011535542085766792
1,889,-0.16670352,0.030057179,0.32052916288375854
1,890,-0.13913769,0.02756584,-0.19834323227405548
1,891,-0.11276203,0.02637566,0.7301144003868103
1,892,-0.08896278,0.02379925,-0.14539897441864014
1,893,-0.06824726,0.020715522,-0.44815826416015625
1,894,-0.049981922,0.018265337,-0.0016006046207621694
1,895,-0.034406096,0.015575826,-0.1450415402650833
1,896,-0.020889571,0.013516524,0.28492826223373413
1,897,-0.008455859,0.012433712,0.9415205121040344
1,898,0.0019576633,0.010413522,0.31933683156967163
1,899,0.010136024,0.008178361,0.17653045058250427
1,900,0.016266104,0.0061300797,0.3003756105899811
1,901,0.021216676,0.0049505723,0.8783442974090576
1,902,0.025096178,0.0038795033,0.9492456912994385
1,903,0.026563909,0.0014677312,0.054097164422273636
1,904,0.026652073,8.816476e-05,0.7416661977767944
1,905,0.024494214,-0.0021578586,0.16399310529232025
1,906,0.02017921,-0.004315004,0.22407180070877075
1,907,0.014859778,-0.0053194324,0.9939947724342346
1,908,0.0073125786,-0.0075471993,0.17983299493789673
1,909,-0.0023969903,-0.009709569,0.22468586266040802
1,910,-0.0134791015,-0.011082111,0.7515954971313477
1,911,-0.026778426,-0.0132993255,0.18716126680374146
1,912,-0.042377174,-0.015598749,0.12834250926971436
1,913,-0.06012177,-0.017744599,0.22264952957630157
1,914,-0.08028927,-0.0201675,0.024363160133361816
1,915,-0.103115655,-0.022826392,-0.15404251217842102
1,916,-0.12766331,-0.024547664,0.4400393068790436
1,917,-0.1549691,-0.027305776,-0.2928221821784973
1,918,-0.18413153,-0.029162442,0.25199398398399353
1,919,-0.21531114,-0.031179613,0.07400349527597427
1,920,-0.24831079,-0.03299965,0.11754020303487778
1,921,-0.28315043,-0.034839652,-0.0014452473260462284
1,922,-0.31947517,-0.03632474,0.11060164123773575
1,923,-0.35759723,-0.03812207,-0.2402040660381317
1,924,-0.3954135,-0.037816253,1.0519895553588867
1,925,-0.4341836,-0.038770113,-0.01066060084849596
1,926,-0.47482538,-0.04064177,-0.8060379028320312
1,927,-0.5160649,-0.041239507,-0.15549378097057343
1,928,-0.5576012,-0.041536316,-0.1602054089307785
1,929,-0.5992245,-0.041623317,-0.22771848738193512
1,930,-0.6400471,-0.04082259,0.15892328321933746
1,931,-0.68009114,-0.04004406,-0.051450200378894806
1,932,-0.71801627,-0.03792512,0.6585944890975952
1,933,-0.7530645,-0.035048265,1.0705105066299438
1,934,-0.78684294,-0.033778433,-0.21227851510047913
1,935,-0.81878775,-0.031944823,0.0387987345457077
1,936,-0.8474238,-0.028636014,0.9154160618782043
1,937,-0.87411743,-0.026693655,-0.08129225671291351
1,938,-0.89819837,-0.024080947,0.2948112487792969
1,939,-0.9195694,-0.021371026,0.30369943380355835
1,940,-0.9398664,-0.020297045,-0.8299970030784607
1,941,-0.95855325,-0.018686824,-0.507530152797699
1,942,-0.9749492,-0.016395936,-0.08082073926925659
1,943,-0.9880705,-0.013121294,0.5554236769676208
1,944,-0.9994686,-0.0113981655,-0.4917629361152649
1,945,-1.0078734,-0.0084047755,0.34598278999328613
1,946,-1.0134796,-0.005606139,0.2106754183769226
1,947,-1.0166448,-0.003165296,-0.030918512493371964
1,948,-1.0167558,-0.000110978464,0.3765411674976349
1,949,-1.0134563,0.0032994887,0.6139234900474548
1,950,-1.0078176,0.0056387414,-0.09863371402025223
1,951,-0.9990677,0.008749928,0.41907501220703125
1,952,-0.9877477,0.01131998,0.06404472887516022
1,953,-0.973972,0.013775708,-0.003077521687373519
1,954,-0.95748985,0.01648217,0.1776951551437378
1,955,-0.9392694,0.018220423,-0.4478398263454437
1,956,-0.91841316,0.020856248,0.17715342342853546
1,957,-0.89438486,0.024028284,0.5708756446838379
1,958,-0.8680066,0.026378255,0.0720720961689949
1,959,-0.83952117,0.028485399,-0.026827430352568626
1,960,-0.8084128,0.031108364,0.3951196074485779
1,961,-0.7747585,0.033654254,0.4402514696121216
1,962,-0.73838675,0.036371786,0.6713866591453552
1,963,-0.7005478,0.037838925,-0.023057248443365097
1,964,-0.6605453,0.040002525,0.5986263751983643
1,965,-0.6191981,0.04134718,0.23080439865589142
1,966,-0.5767697,0.042428367,0.24932006001472473
1,967,-0.53350914,0.043260574,0.29007643461227417
1,968,-0.48985916,0.04364997,0.21005374193191528
1,969,-0.44496182,0.044897355,1.3692435026168823
1,970,-0.39948085,0.045480967,0.7786232233047485
1,971,-0.35599998,0.04348087,-0.7270509600639343
1,972,-0.31310216,0.04289781,0.4144233763217926
1,973,-0.27167055,0.04143161,0.006447095423936844
1,974,-0.23113105,0.040539496,0.5483583807945251
1,975,-0.19156468,0.03956637,0.6330543160438538
1,976,-0.1540019,0.037562776,0.06320130825042725
1,977,-0.11886834,0.035133567,-0.1275399923324585
1,978,-0.08546376,0.03340458,0.40915605425834656
1,979,-0.05297746,0.0324863,1.1590615510940552
1,980,-0.021543503,0.03143396,0.9441003203392029
1,981,0.0074553075,0.02899881,0.03975484147667885
1,982,0.035454743,0.027999436,1.3192167282104492
1,983,0.061322827,0.025868084,0.23634639382362366
1,984,0.08606247,0.02473964,0.8862463235855103
1,985,0.108212985,0.022150517,-0.11465822160243988
1,986,0.12838355,0.020170562,0.2596399188041687
1,987,0.14649113,0.018107573,0.16924317181110382
1,988,0.16370407,0.01721294,0.911871075630188
1,989,0.18021248,0.016508419,1.078864574432373
1,990,0.19473812,0.014525631,0.1071096807718277
1,991,0.20842761,0.013689494,0.832817792892456
1,992,0.2204675,0.012039883,0.2515886127948761
1,993,0.23101464,0.010547144,0.32005998492240906
1,994,0.24000104,0.008986393,0.24167415499687195
1,995,0.24717256,0.0071715196,0.043090589344501495
1,996,0.25357714,0.0064045764,0.7177783846855164
1,997,0.25878817,0.005211018,0.4115142524242401
1,998,0.26324958,0.004461414,0.6893734335899353
1,999,0.26699448,0.0037449035,0.695699155330658
2,1,-0.5657905,0.0014867604,0.7734057903289795
2,2,-0.5637131,0.0020773802,0.18335090577602386
2,3,-0.56014633,0.0035667194,0.7928051352500916
2,4,-0.5565161,0.003630232,-0.14003007113933563
2,5,-0.551631,0.004885157,0.6722973585128784
2,6,-0.54640675,0.00522421,0.08603960275650024
2,7,-0.54103285,0.0053739036,-0.014155328273773193
2,8,-0.5351135,0.0059193606,0.27650734782218933
2,9,-0.529423,0.0056905323,-0.21011438965797424
2,10,-0.52374405,0.005678959,-0.03683500736951828
2,11,-0.5177328,0.006011252,0.2208021581172943
2,12,-0.51123846,0.006494318,0.351372629404068
2,13,-0.50333685,0.007901637,1.3019874095916748
2,14,-0.49511075,0.008226091,0.3175499439239502
2,15,-0.4871002,0.0080105495,-0.001427453593350947
2,16,-0.47888905,0.008211166,0.315872460603714
2,17,-0.47152555,0.0073635,-0.3422313630580902
2,18,-0.4634447,0.008080842,0.7375364303588867
2,19,-0.4557281,0.0077165887,0.05630504712462425
2,20,-0.44831586,0.0074122483,0.1341196894645691
2,21,-0.44150338,0.006812489,-0.026616698130965233
2,22,-0.43471357,0.006789806,0.39121755957603455
2,23,-0.42893356,0.0057800114,-0.2340182512998581
2,24,-0.42235404,0.0065795276,1.0294616222381592
2,25,-0.41548276,0.0068712905,0.692984402179718
2,26,-0.40939492,0.0060878308,0.008844921365380287
2,27,-0.40404457,0.005350356,0.06826344132423401
2,28,-0.3999943,0.0040502697,-0.2816872000694275
2,29,-0.3962382,0.003756099,0.40784215927124023
2,30,-0.3931183,0.0031199239,0.197304829955101
2,31,-0.38945216,0.0036661208,1.1421452760696411
2,32,-0.38658878,0.0028633915,0.11762125790119171
2,33,-0.38435844,0.0022303436,0.2438909113407135
2,34,-0.38320312,0.0011553166,-0.04055388271808624
2,35,-0.38300613,0.00019698514,0.042518991976976395
2,36,-0.3839135,-0.0009073608,-0.05392523109912872
2,37,-0.38433808,-0.0004246063,1.065744161605835
2,38,-0.38427702,6.105797e-05,1.0848712921142578
2,39,-0.38472727,-0.00045026574,0.3356204032897949
2,40,-0.38581038,-0.0010830924,0.2525603175163269
2,41,-0.3866517,-0.00084132474,0.8306673765182495
2,42,-0.3888286,-0.0021769158,-0.22475942969322205
2,43,-0.3918974,-0.0030688061,0.0610479973256588
2,44,-0.3965983,-0.004700889,-0.44654813408851624
2,45,-0.40086788,-0.0042695794,0.9072900414466858
2,46,-0.40605038,-0.005182516,-0.008741236291825771
2,47,-0.41167685,-0.0056264633,0.27967074513435364
2,48,-0.41785258,-0.006175716,0.18298552930355072
2,49,-0.42404658,-0.006193981,0.50773024559021
2,50,-0.43074414,-0.006697551,0.15468093752861023
2,51,-0.43692452,-0.0061803837,0.8030700087547302
2,52,-0.44224766,-0.00532314,1.0543993711471558
2,53,-0.44785494,-0.005607276,0.21330566704273224
2,54,-0.45393115,-0.006076214,0.0628434494137764
2,55,-0.46057284,-0.0066416822,-0.031171344220638275
2,56,-0.46683645,-0.006263625,0.565293550491333
2,57,-0.4737448,-0.006908347,-0.14737267792224884
2,58,-0.47964662,-0.005901823,0.9193575978279114
2,59,-0.48639086,-0.006744244,-0.3424896001815796
2,60,-0.4928743,-0.0064834277,0.3595312535762787
2,61,-0.49975875,-0.0068844478,-0.11394163221120834
2,62,-0.5067766,-0.0070177936,0.030201394110918045
2,63,-0.5133479,-0.006571337,0.3817131221294403
2,64,-0.5201367,-0.0067888102,-0.09373585134744644
2,65,-0.5273942,-0.007257466,-0.295127272605896
2,66,-0.5340019,-0.006607711,0.4141935408115387
2,67,-0.5403892,-0.0063873106,0.09492626041173935
2,68,-0.54515064,-0.0047614356,1.1415528059005737
2,69,-0.5485456,-0.003394948,0.8033073544502258
2,70,-0.5514812,-0.002935563,0.18163904547691345
2,71,-0.5538813,-0.0024001026,0.21772406995296478
2,72,-0.5560894,-0.0022081016,-0.023203732445836067
2,73,-0.5579473,-0.0018578903,0.0712781548500061
2,74,-0.558048,-0.00010073218,1.2336565256118774
2,75,-0.5578464,0.0002015791,0.029601138085126877
2,76,-0.55665994,0.001186474,0.4856594204902649
2,77,-0.5548661,0.0017938659,0.23989303410053253
2,78,-0.5527284,0.00213767,0.07309535145759583
2,79,-0.549529,0.0031994227,0.5623722076416016
2,80,-0.5463253,0.0032037068,-0.12666437029838562
2,81,-0.5429206,0.0034047447,0.02048049308359623
2,82,-0.5378981,0.005022463,0.9819238185882568
2,83,-0.5313686,0.006529483,0.9332053661346436
2,84,-0.5249626,0.0064060073,-0.12116284668445587
2,85,-0.5186594,0.0063031935,-0.0753617137670517
2,86,-0.5113671,0.0072923116,0.6841080188751221
2,87,-0.50390524,0.007461819,0.17414943873882294
2,88,-0.49617845,0.0077267857,0.27505484223365784
2,89,-0.4872756,0.008902858,0.92099529504776
2,90,-0.47755837,0.009717231,0.724172055721283
2,91,-0.46668535,0.010873024,1.0345040559768677
2,92,-0.45522246,0.011462887,0.6764283180236816
2,93,-0.44399327,0.011229184,0.1836875081062317
2,94,-0.4324644,0.01152888,0.5940518975257874
2,95,-0.42125577,0.011208622,0.2365107238292694
2,96,-0.4108605,0.010395267,-0.03852340206503868
2,97,-0.4016326,0.009227893,-0.2252429574728012
2,98,-0.39344817,0.008184427,-0.09932984411716461
2,99,-0.38621613,0.007232055,-0.000571180135011673
2,100,-0.37852964,0.0076864855,0.9705842137336731
2,101,-0.3717601,0.0067695444,0.09136997163295746
2,102,-0.36461183,0.007148254,0.9856827855110168
2,103,-0.35890287,0.005708969,-0.1943877935409546
2,104,-0.35439533,0.004507547,-0.010567128658294678
2,105,-0.35117322,0.003222112,-0.04680594429373741
2,106,-0.3485247,0.0026485377,0.44180864095687866
2,107,-0.3469996,0.0015250939,0.08671299368143082
2,108,-0.34523788,0.0017616972,1.0382050275802612
2,109,-0.3436096,0.001628287,0.7609134912490845
2,110,-0.3434629,0.00014669466,-0.13088135421276093
2,111,-0.34493533,-0.0014724202,-0.2219340205192566
2,112,-0.34740067,-0.0024653273,0.18921653926372528
2,113,-0.34977445,-0.0023737762,0.9015673995018005
2,114,-0.3536749,-0.0039004453,-0.18751633167266846
2,115,-0.35851225,-0.0048373695,0.18868036568164825
2,116,-0.3633061,-0.0047938423,0.8211182355880737
2,117,-0.36972398,-0.006417868,-0.31175437569618225
2,118,-0.3760862,-0.0063622342,0.7794278860092163
2,119,-0.38231924,-0.0062330314,0.7998586297035217
2,120,-0.38926768,-0.006948427,0.20850719511508942
2,121,-0.39678866,-0.0075209695,0.2719276547431946
2,122,-0.40392303,-0.007134387,0.8765887022018433
2,123,-0.41135007,-0.007427029,0.39051130414009094
2,124,-0.41893587,-0.0075858035,0.4448465406894684
2,125,-0.42698675,-0.008050888,0.20470204949378967
2,126,-0.43528095,-0.008294201,0.31411612033843994
2,127,-0.44337475,-0.008093818,0.5700296759605408
2,128,-0.45063394,-0.0072592013,0.9536701440811157
2,129,-0.45828745,-0.0076535107,0.09904491901397705
2,130,-0.465843,-0.007555531,0.3897911608219147
2,131,-0.47329205,-0.007449073,0.3583080768585205
2,132,-0.4808134,-0.0075213527,0.2023933082818985
2,133,-0.48864317,-0.007829765,0.007731876336038113
2,134,-0.49641526,-0.007772098,0.21290241181850433
2,135,-0.5043328,-0.00791754,0.03880533576011658
2,136,-0.5118082,-0.0074754567,0.3909987211227417
2,137,-0.5192362,-0.007427997,0.0905802771449089
2,138,-0.525494,-0.006257746,0.8019797205924988
2,139,-0.5307062,-0.0052122637,0.6875120401382446
2,140,-0.5348125,-0.004106285,0.7017845511436462
2,141,-0.53951013,-0.0046976455,-0.4502984881401062
2,142,-0.5438898,-0.004379713,0.1324283629655838
2,143,-0.54844326,-0.004553433,-0.21720610558986664
2,144,-0.55269253,-0.0042492505,0.07868102192878723
2,145,-0.55635667,-0.0036641129,0.24480755627155304
2,146,-0.5594603,-0.0031035861,0.21015846729278564
2,147,-0.5607954,-0.0013351433,1.0186402797698975
2,148,-0.56035215,0.0004432529,1.189477801322937
2,149,-0.558705,0.001647149,0.6192026138305664
2,150,-0.5554742,0.0032307783,0.8805461525917053
2,151,-0.5514837,0.0039905016,0.3473479151725769
2,152,-0.54666936,0.004814333,0.4099588394165039
2,153,-0.54089427,0.005775089,0.52524334192276
2,154,-0.53538346,0.005510804,-0.26262885332107544
2,155,-0.5292085,0.0061749583,0.38385847210884094
2,156,-0.52334785,0.0058606537,-0.2375834882259369
2,157,-0.5172697,0.0060781874,0.14627692103385925
2,158,-0.5100181,0.0072515374,0.8138769268989563
2,159,-0.5019354,0.008082703,0.6219947934150696
2,160,-0.49275157,0.009183863,0.8423475623130798
2,161,-0.48345742,0.009294141,0.22753459215164185
2,162,-0.4729843,0.0104731,0.9861941933631897
2,163,-0.46259937,0.010384951,0.1933351308107376
2,164,-0.45339647,0.009202904,-0.4847337305545807
2,165,-0.44339505,0.010001416,0.8807639479637146
2,166,-0.43310398,0.01029106,0.5902567505836487
2,167,-0.42338574,0.00971823,0.06504906713962555
2,168,-0.4135214,0.009864327,0.5909488201141357
2,169,-0.4036875,0.009833899,0.5201531052589417
2,170,-0.39482197,0.008865546,-0.05885995179414749
2,171,-0.38703206,0.007789902,-0.08910996466875076
2,172,-0.38019055,0.006841517,0.03163407742977142
2,173,-0.37431988,0.0058706603,0.04788725823163986
2,174,-0.369153,0.005166879,0.2525067925453186
2,175,-0.3647439,0.0044090976,0.23970600962638855
2,176,-0.36078584,0.0039580534,0.4638529121875763
2,177,-0.3581575,0.0026283571,-0.10438445210456848
2,178,-0.35674986,0.0014076257,-0.02016063593327999
2,179,-0.35674042,9.460953e-06,-0.13226772844791412
2,180,-0.35777822,-0.0010377987,0.10171046853065491
2,181,-0.3592766,-0.0014983717,0.4882786273956299
2,182,-0.3620267,-0.0027500873,-0.04574160650372505
2,183,-0.3656076,-0.0035808934,0.2227247804403305
2,184,-0.3699911,-0.0043834946,0.22564157843589783
2,185,-0.3739863,-0.003995208,1.0636037588119507
2,186,-0.3776729,-0.0036866176,0.9289242625236511
2,187,-0.3816929,-0.004019971,0.48431041836738586
2,188,-0.38676664,-0.005073768,-0.014240478165447712
2,189,-0.3915042,-0.0047375495,0.8892534375190735
2,190,-0.39647877,-0.0049745725,0.48530593514442444
2,191,-0.4011268,-0.004648043,0.8379915952682495
2,192,-0.406453,-0.0053262017,0.14656928181648254
2,193,-0.41334733,-0.0068943263,-0.47167032957077026
2,194,-0.41955355,-0.0062062177,1.1522822380065918
2,195,-0.42666742,-0.0071138726,-0.0932835042476654
2,196,-0.43409148,-0.0074240416,0.27107566595077515
2,197,-0.44156098,-0.007469499,0.41187283396720886
2,198,-0.4499178,-0.008356822,-0.18548788130283356
2,199,-0.4577375,-0.007819724,0.723477303981781
2,200,-0.4660257,-0.008288212,0.014842864125967026
2,201,-0.4737509,-0.0077251885,0.661785364151001
2,202,-0.48119858,-0.007447701,0.4333033263683319
2,203,-0.4888184,-0.0076198177,0.09668522328138351
2,204,-0.49539965,-0.0065812552,0.8659616112709045
2,205,-0.50174963,-0.0063499757,0.29501381516456604
2,206,-0.5071268,-0.005377175,0.7577012777328491
2,207,-0.51158315,-0.004456359,0.6962035298347473
2,208,-0.51658136,-0.0049982346,-0.3011854290962219
2,209,-0.5210662,-0.0044848085,0.37736839056015015
2,210,-0.52465194,-0.0035857544,0.6120322346687317
2,211,-0.5281434,-0.0034914417,0.05760932341217995
2,212,-0.53010076,-0.001957358,1.0764150619506836
2,213,-0.53053075,-0.00043001506,0.9857208132743835
2,214,-0.53046894,6.181699e-05,0.29323065280914307
2,215,-0.5290898,0.0013791402,0.8438670635223389
2,216,-0.52708745,0.0020023377,0.3880111575126648
2,217,-0.52406955,0.0030179063,0.6596026420593262
2,218,-0.5202248,0.003844728,0.5488606095314026
2,219,-0.51630455,0.0039202766,0.06723527610301971
2,220,-0.5121277,0.0041768714,0.2075313925743103
2,221,-0.5088624,0.003265326,-0.550352931022644
2,222,-0.50436366,0.004498697,0.8959053754806519
2,223,-0.4992413,0.005122367,0.5119023323059082
2,224,-0.49323604,0.0060052434,0.7102635502815247
2,225,-0.48744476,0.005791266,0.008952151983976364
2,226,-0.48147786,0.0059668883,0.297497421503067
2,227,-0.47432604,0.0071518216,1.1596089601516724
2,228,-0.4662215,0.00810452,0.8805996179580688
2,229,-0.4576461,0.008575408,0.5993969440460205
2,230,-0.44913322,0.008512878,0.28592950105667114
2,231,-0.4423704,0.0067628114,-0.7974722385406494
2,232,-0.43748316,0.004887268,-0.8482282757759094
2,233,-0.43251586,0.004967292,0.47915351390838623
2,234,-0.4269128,0.0056030336,0.8735963106155396
2,235,-0.4205248,0.006388014,1.2683451175689697
2,236,-0.41495782,0.0055669886,-0.040154386311769485
2,237,-0.41002035,0.004937455,0.11394967138767242
2,238,-0.40450892,0.00551144,0.9396235346794128
2,239,-0.39859834,0.0059105633,0.8489448428153992
2,240,-0.3937185,0.004879821,-0.07670510560274124
2,241,-0.38982052,0.0038979924,-0.02145881950855255
2,242,-0.38596106,0.0038594648,0.6253939270973206
2,243,-0.3824555,0.0035055662,0.43286651372909546
2,244,-0.37847716,0.003978342,1.7106534242630005
2,245,-0.37521157,0.003265602,0.22774221003055573
2,246,-0.37195593,0.0032556371,0.7110297083854675
2,247,-0.36844322,0.0035127227,0.903720498085022
2,248,-0.36521447,0.0032287675,0.5587629675865173
2,249,-0.36255524,0.0026592277,0.38276419043540955
2,250,-0.36094,0.0016152275,0.07825616747140884
2,251,-0.36059704,0.00034296195,-0.06677816063165665
2,252,-0.36131594,-0.000718893,0.07500984519720078
2,253,-0.3630009,-0.0016849617,0.13569237291812897
2,254,-0.36518437,-0.0021834604,0.4399498701095581
2,255,-0.367831,-0.0026466113,0.4538240134716034
2,256,-0.3704867,-0.0026557273,0.7447233200073242
2,257,-0.37432057,-0.003833872,-0.04650775343179703
2,258,-0.37795126,-0.0036306966,0.8571415543556213
2,259,-0.3820971,-0.004145844,0.3618539571762085
2,260,-0.38721398,-0.005116884,0.0390896312892437
2,261,-0.3933497,-0.0061357375,-0.016179511323571205
2,262,-0.4008531,-0.0075033796,-0.27696239948272705
2,263,-0.4090075,-0.008154402,0.1659371554851532
2,264,-0.41744685,-0.0084393695,0.3717591464519501
2,265,-0.42585325,-0.0084064,0.5438140034675598
2,266,-0.4334823,-0.00762903,1.2058658599853516
2,267,-0.4414661,-0.007983793,0.20860555768013
2,268,-0.44855967,-0.0070935735,1.3163323402404785
2,269,-0.4560389,-0.007479233,0.11492806673049927
2,270,-0.46334824,-0.0073093367,0.4487557113170624
2,271,-0.47062433,-0.0072761,0.3217726945877075
2,272,-0.47734883,-0.006724511,0.631484866142273
2,273,-0.48467073,-0.007321901,-0.16775165498256683
2,274,-0.49205157,-0.0073808325,0.15491051971912384
2,275,-0.49979493,-0.0077433465,-0.084175243973732
2,276,-0.5072156,-0.007420665,0.3340391516685486
2,277,-0.51437926,-0.0071636317,0.2532384395599365
2,278,-0.5214332,-0.0070539163,0.11923525482416153
2,279,-0.52700335,-0.0055701584,1.0066859722137451
2,280,-0.53230923,-0.0053058695,0.15916986763477325
2,281,-0.5372346,-0.00492536,0.21012555062770844
2,282,-0.5419527,-0.004718112,0.07000523805618286
2,283,-0.5450347,-0.003081963,0.9990425705909729
2,284,-0.5470746,-0.002039911,0.5875954627990723
2,285,-0.54858685,-0.0015122284,0.23450620472431183
2,286,-0.54979557,-0.0012087254,0.07751200348138809
2,287,-0.5503438,-0.0005482231,0.30948570370674133
2,288,-0.5512944,-0.00095056946,-0.40181267261505127
2,289,-0.55126476,2.9608958e-05,0.5151335000991821
2,290,-0.5495279,0.0017368657,1.1271790266036987
2,291,-0.54768974,0.0018381187,-0.06201291084289551
2,292,-0.546246,0.001443763,-0.38325372338294983
2,293,-0.54529953,0.00094648736,-0.4446661174297333
2,294,-0.5445797,0.00071985915,-0.25951263308525085
2,295,-0.54357684,0.0010028371,0.08381669968366623
2,296,-0.54196584,0.0016110012,0.3056122064590454
2,297,-0.5398284,0.002137408,0.2591489553451538
2,298,-0.5378351,0.0019933116,-0.17718030512332916
2,299,-0.5353091,0.0025260479,0.28399741649627686
2,300,-0.532534,0.0027750693,0.10747484117746353
2,301,-0.52928245,0.003251558,0.27298828959465027
2,302,-0.52687037,0.002412097,-0.5880575776100159
2,303,-0.5240658,0.0028045697,0.24529066681861877
2,304,-0.52036905,0.003696748,0.5924505591392517
2,305,-0.51594925,0.0044198125,0.49819132685661316
2,306,-0.51160955,0.0043397034,-0.015161652117967606
2,307,-0.506381,0.005228562,0.6525053977966309
2,308,-0.50158405,0.004796947,-0.2016926109790802
2,309,-0.4954521,0.0061319564,1.253100037574768
2,310,-0.48842824,0.0070238854,0.7351855039596558
2,311,-0.4816737,0.0067545446,-0.0040338304825127125
2,312,-0.47583273,0.005840954,-0.39998725056648254
2,313,-0.4694669,0.006365822,0.5879257321357727
2,314,-0.46355158,0.005915323,-0.030861694365739822
2,315,-0.45807722,0.0054743653,0.00464304443448782
2,316,-0.45296463,0.0051125768,0.08430983126163483
2,317,-0.44768587,0.0052787797,0.46133553981781006
2,318,-0.4423569,0.005328941,0.4097331762313843
2,319,-0.43735626,0.005000641,0.1833329051733017
2,320,-0.43276116,0.0045950883,0.15604910254478455
2,321,-0.42847058,0.0042905705,0.24557536840438843
2,322,-0.42474025,0.0037303404,0.09572413563728333
2,323,-0.4217241,0.0030161312,0.010938858613371849
2,324,-0.41944805,0.002276051,0.008093801327049732
2,325,-0.41711992,0.0023281178,0.5470328330993652
2,326,-0.41564766,0.0014722712,-0.04717831313610077
2,327,-0.41577023,-0.00012258024,-0.5328643321990967
2,328,-0.41547707,0.00029315622,0.8069465160369873
2,329,-0.41575208,-0.00027500096,0.15240702033042908
2,330,-0.41708723,-0.0013351575,-0.17689615488052368
2,331,-0.4177077,-0.0006204695,1.2319738864898682
2,332,-0.41916135,-0.0014536296,-0.0348450168967247
2,333,-0.41988552,-0.00072415796,1.1631406545639038
2,334,-0.42083126,-0.0009457606,0.3625047206878662
2,335,-0.4219413,-0.0011100479,0.396211177110672
2,336,-0.42459995,-0.0026586489,-0.531955897808075
2,337,-0.42795235,-0.0033523971,0.025250356644392014
2,338,-0.431837,-0.0038846524,0.11685984581708908
2,339,-0.43601853,-0.0041815354,0.25511395931243896
2,340,-0.4409996,-0.004981075,-0.10014607012271881
2,341,-0.44664872,-0.0056491187,-0.03658013045787811
2,342,-0.45270485,-0.006056126,0.11000373214483261
2,343,-0.4593785,-0.006673652,-0.05988062918186188
2,344,-0.46532148,-0.0059429645,0.8062437176704407
2,345,-0.47169343,-0.0063719563,0.003909722436219454
2,346,-0.47710624,-0.005412828,0.8978980779647827
2,347,-0.481679,-0.0045727435,0.7917662262916565
2,348,-0.48562443,-0.0039454307,0.6272555589675903
2,349,-0.49011356,-0.0044891215,-0.1729992777109146
2,350,-0.49457243,-0.0044588735,0.18730980157852173
2,351,-0.49937633,-0.004803885,-0.08505909889936447
2,352,-0.5049358,-0.005559454,-0.3827071785926819
2,353,-0.5110293,-0.0060934895,-0.26275739073753357
2,354,-0.51758695,-0.006557634,-0.24659737944602966
2,355,-0.52434164,-0.006754702,-0.10132092237472534
2,356,-0.53195924,-0.0076175965,-0.5789773464202881
2,357,-0.53953207,-0.0075728316,-0.01195468194782734
2,358,-0.5463291,-0.006797015,0.43757468461990356
2,359,-0.552629,-0.0062998915,0.21785226464271545
2,360,-0.558185,-0.0055559687,0.3509809970855713
2,361,-0.5634635,-0.0052785445,0.012328690849244595
2,362,-0.56832397,-0.0048604757,0.07986380159854889
2,363,-0.57173616,-0.0034121748,0.7425783276557922
2,364,-0.5748897,-0.0031535542,-0.06743752956390381
2,365,-0.5781497,-0.0032599575,-0.32637953758239746
2,366,-0.5798187,-0.0016690458,0.7890692353248596
2,367,-0.58056915,-0.0007504033,0.3326593339443207
2,368,-0.5810383,-0.000469136,-0.09595554322004318
2,369,-0.5807998,0.00023848275,0.18596744537353516
2,370,-0.58000255,0.00079727045,0.08792155981063843
2,371,-0.5772843,0.0027182829,1.2571789026260376
2,372,-0.57378125,0.0035030376,0.2559012472629547
2,373,-0.5702117,0.0035695508,-0.2056235373020172
2,374,-0.56480825,0.0054034824,0.990315318107605
2,375,-0.5586799,0.006128383,0.27774426341056824
2,376,-0.5523657,0.006314137,-0.05124568194150925
2,377,-0.54514754,0.007218204,0.4590549170970917
2,378,-0.5362678,0.008879707,1.0988603830337524
2,379,-0.5267486,0.009519225,0.3630152642726898
2,380,-0.5172052,0.009543414,0.00037728447932749987
2,381,-0.5084328,0.008772397,-0.4820452034473419
2,382,-0.4997908,0.008642026,-0.011110646650195122
2,383,-0.4909043,0.008886491,0.28191545605659485
2,384,-0.48076263,0.010141675,1.0687379837036133
2,385,-0.47048026,0.010282367,0.30738577246665955
2,386,-0.45964447,0.010835795,0.6334220767021179
2,387,-0.44900507,0.010639395,0.18688003718852997
2,388,-0.43910897,0.009896096,-0.12566915154457092
2,389,-0.4299706,0.009138381,-0.08720289170742035
2,390,-0.42109498,0.008875617,0.2868334650993347
2,391,-0.41343746,0.007657518,-0.3075861632823944
2,392,-0.40603808,0.00739937,0.3687358498573303
2,393,-0.3993197,0.006718358,0.1216854602098465
2,394,-0.3932415,0.006078209,0.18033236265182495
2,395,-0.38897282,0.0042686737,-0.5710574388504028
2,396,-0.38652208,0.0024507244,-0.5569876432418823
2,397,-0.38427624,0.0022458562,0.5296497941017151
2,398,-0.3830418,0.001234446,0.00223289942368865
2,399,-0.38133058,0.001711232,1.0954420566558838
2,400,-0.37915426,0.0021763216,1.071221947669983
2,401,-0.37736577,0.0017885057,0.44128701090812683
2,402,-0.37679818,0.0005675857,-0.10600993782281876
2,403,-0.37691543,-0.000117248666,0.2539486587047577
2,404,-0.37741357,-0.00049814663,0.456042617559433
2,405,-0.3790247,-0.0016111536,-0.03428426757454872
2,406,-0.3819159,-0.0028911815,-0.15293318033218384
2,407,-0.3860556,-0.004139705,-0.1450739949941635
2,408,-0.39081988,-0.004764276,0.2519853711128235
2,409,-0.39576644,-0.0049465555,0.5249567627906799
2,410,-0.40036535,-0.004598902,0.8553786277770996
2,411,-0.40527695,-0.0049116,0.3937612771987915
2,412,-0.4110111,-0.005734155,0.030893495306372643
2,413,-0.4164979,-0.005486797,0.7172009348869324
2,414,-0.42310843,-0.006610543,-0.222825825214386
2,415,-0.43090788,-0.0077994447,-0.2977259159088135
2,416,-0.43810284,-0.0071949703,0.8604876399040222
2,417,-0.44538626,-0.0072834115,0.3638472259044647
2,418,-0.45321184,-0.007825576,0.026041561737656593
2,419,-0.46154657,-0.00833472,0.009895814582705498
2,420,-0.47105366,-0.009507088,-0.47310686111450195
2,421,-0.4808429,-0.009789233,0.07354223728179932
2,422,-0.4906377,-0.009794794,0.2094867080450058
2,423,-0.50108457,-0.010446885,-0.27019017934799194
2,424,-0.5118382,-0.010753654,-0.09202725440263748
2,425,-0.52250046,-0.010662239,0.11973372101783752
2,426,-0.532992,-0.010491531,0.1192968338727951
2,427,-0.5420571,-0.009065102,0.9039930701255798
2,428,-0.5496862,-0.0076290676,0.8651117086410522
2,429,-0.5558481,-0.006161904,0.8478052616119385
2,430,-0.561763,-0.0059148804,0.0036871498450636864
2,431,-0.5673902,-0.005627222,0.0013677796814590693
2,432,-0.572536,-0.0051457738,0.10263754427433014
2,433,-0.57699424,-0.0044582463,0.21454359591007233
2,434,-0.5811754,-0.004181167,-0.08111772686243057
2,435,-0.5834269,-0.0022514865,1.4150660037994385
2,436,-0.5848983,-0.0014713734,0.22253835201263428
2,437,-0.5855438,-0.0006454971,0.24581120908260345
2,438,-0.58583015,-0.00028632692,-0.06849875301122665
2,439,-0.58424807,0.0015820926,0.9362605214118958
2,440,-0.5827193,0.0015287221,-0.33715641498565674
2,441,-0.5806275,0.0020918122,0.08133792877197266
2,442,-0.5781508,0.0024767215,-0.02714846096932888
2,443,-0.5755694,0.0025814208,-0.2017446607351303
2,444,-0.57232827,0.0032411031,0.18098661303520203
2,445,-0.5685818,0.0037464716,0.09413181245326996
2,446,-0.5639618,0.0046200245,0.3581353724002838
2,447,-0.5581099,0.0058519505,0.6199617981910706
2,448,-0.5522268,0.00588309,-0.15148767828941345
2,449,-0.5462214,0.006005399,-0.06142512336373329
2,450,-0.53859496,0.007626431,0.9676620364189148
2,451,-0.5293561,0.009238864,1.1246414184570312
2,452,-0.51859796,0.010758167,0.9840832352638245
2,453,-0.50826573,0.010332226,-0.2589576244354248
2,454,-0.4970421,0.011223641,0.6709150671958923
2,455,-0.48575842,0.011283659,0.17265501618385315
2,456,-0.47526643,0.010491985,-0.3389874994754791
2,457,-0.4655592,0.009707224,-0.2823583781719208
2,458,-0.45601276,0.009546468,0.18156355619430542
2,459,-0.44645098,0.009561789,0.34583333134651184
2,460,-0.4373696,0.009081362,0.06201930344104767
2,461,-0.4275597,0.009809912,0.9120537638664246
2,462,-0.41725472,0.010304997,0.8036358952522278
2,463,-0.40754053,0.009714175,0.12886521220207214
2,464,-0.3981663,0.009374241,0.34201547503471375
2,465,-0.39077312,0.0073931934,-0.7082327604293823
2,466,-0.3841864,0.0065867403,0.1090565025806427
2,467,-0.3785407,0.0056456774,0.04954192787408829
2,468,-0.37415597,0.0043847174,-0.13802601397037506
2,469,-0.3706946,0.0034613654,0.10686492174863815
2,470,-0.36812973,0.0025648645,0.14032293856143951
2,471,-0.3665557,0.0015740524,0.08892539888620377
2,472,-0.36461636,0.0019393204,1.2292330265045166
2,473,-0.36389148,0.0007248854,-0.044507917016744614
2,474,-0.3642956,-0.0004041079,0.015671322122216225
2,475,-0.3655346,-0.0012390064,0.2099408656358719
2,476,-0.36793846,-0.0024038479,-0.01552722230553627
2,477,-0.3712048,-0.0032663208,0.17533892393112183
2,478,-0.3745344,-0.003329608,0.6935106515884399
2,479,-0.37887883,-0.0043444303,0.04417909309267998
2,480,-0.3827749,-0.003896051,1.420222520828247
2,481,-0.3885596,-0.005784723,-0.5757545232772827
2,482,-0.39515883,-0.006599218,0.11388126015663147
2,483,-0.40211284,-0.006954022,0.38988983631134033
2,484,-0.40989673,-0.007783881,0.040832024067640305
2,485,-0.41833478,-0.008438041,0.12144270539283752
2,486,-0.42709413,-0.008759358,0.30340445041656494
2,487,-0.43658718,-0.009493049,-0.013316917233169079
2,488,-0.4463275,-0.0097403135,0.2652914524078369
2,489,-0.45602113,-0.009693632,0.4140262305736542
2,490,-0.46538863,-0.009367486,0.5530088543891907
2,491,-0.47435278,-0.008964145,0.5584680438041687
2,492,-0.48322767,-0.008874904,0.30482882261276245
2,493,-0.4926341,-0.009406411,-0.15297521650791168
2,494,-0.5009305,-0.008296386,0.89461749792099
2,495,-0.50908035,-0.008149879,0.2109256088733673
2,496,-0.5173181,-0.008237794,0.013959303498268127
2,497,-0.52539575,-0.008077604,0.1381947100162506
2,498,-0.533504,-0.0081082415,-0.02940989099442959
2,499,-0.54145557,-0.007951577,0.05492384731769562
2,500,-0.5486496,-0.007194057,0.4157721996307373
2,501,-0.5553596,-0.0067099975,0.19757020473480225
2,502,-0.56112236,-0.0057627377,0.47294265031814575
2,503,-0.5660044,-0.004882057,0.39989832043647766
2,504,-0.5697945,-0.0037900533,0.5165459513664246
2,505,-0.5726066,-0.0028121537,0.42169323563575745
2,506,-0.5739689,-0.0013622917,0.7224172353744507
2,507,-0.57373357,0.00023533218,0.8141894340515137
2,508,-0.5728126,0.00092097477,0.20736512541770935
2,509,-0.57154495,0.0012676738,-0.01404355838894844
2,510,-0.5699532,0.0015917342,-0.022864745929837227
2,511,-0.5665149,0.003438273,1.4294730424880981
2,512,-0.5630319,0.00348299,-0.18417702615261078
2,513,-0.5594097,0.0036222266,-0.10388170182704926
2,514,-0.55573225,0.0036774392,-0.1419018805027008
2,515,-0.5503142,0.0054180673,1.0171421766281128
2,516,-0.5459329,0.004381291,-0.824618399143219
2,517,-0.54025203,0.0056808516,0.7547865509986877
2,518,-0.5344666,0.005785435,-0.013509485870599747
2,519,-0.5278663,0.0066002924,0.4889085292816162
2,520,-0.52079695,0.00706934,0.2913612425327301
2,521,-0.5129817,0.007815231,0.5112696886062622
2,522,-0.505092,0.00788971,0.10272933542728424
2,523,-0.4966915,0.008400523,0.4330281615257263
2,524,-0.48841652,0.008274979,0.05069445073604584
2,525,-0.48034936,0.008067175,0.037048984318971634
2,526,-0.4717609,0.00858845,0.5631573796272278
2,527,-0.46330324,0.00845765,0.17094610631465912
2,528,-0.45530245,0.008000804,-0.004727737512439489
2,529,-0.44829312,0.007009331,-0.3218843936920166
2,530,-0.4416575,0.0066355933,0.12417507916688919
2,531,-0.4356218,0.00603571,0.005670270882546902
2,532,-0.4299392,0.0056825858,0.19937941431999207
2,533,-0.42363653,0.0063026967,0.8755674958229065
2,534,-0.4178939,0.0057426523,0.11899037659168243
2,535,-0.41167295,0.006220938,0.8385677337646484
2,536,-0.40651196,0.0051609953,-0.15745636820793152
2,537,-0.40175763,0.0047543244,0.30235540866851807
2,538,-0.39802033,0.003737296,-0.08228857815265656
2,539,-0.3951339,0.0028864208,0.04589448496699333
2,540,-0.39361835,0.00151556,-0.2873658537864685
2,541,-0.39304507,0.0005732782,0.005369008984416723
2,542,-0.39241362,0.00063144544,0.6749852895736694
2,543,-0.39124086,0.0011727592,1.4181642532348633
2,544,-0.38971138,0.0015294997,0.8823626637458801
2,545,-0.38949108,0.00022029478,-0.2212219536304474
2,546,-0.38900018,0.00049090106,0.8329991698265076
2,547,-0.3893472,-0.0003470041,0.09624937921762466
2,548,-0.39053088,-0.0011836902,0.0954662412405014
2,549,-0.39259183,-0.00206096,0.06296126544475555
2,550,-0.39591208,-0.0033202379,-0.2012174129486084
2,551,-0.39996663,-0.004054548,0.13339389860630035
2,552,-0.40477303,-0.004806395,0.1028536781668663
2,553,-0.41018325,-0.0054102377,0.17906342446804047
2,554,-0.4168215,-0.0066382647,-0.26248544454574585
2,555,-0.42396834,-0.0071468363,0.1857546865940094
2,556,-0.431768,-0.0077996533,0.05555656924843788
2,557,-0.43915367,-0.007385666,0.7293594479560852
2,558,-0.44726244,-0.008108754,-0.06433488428592682
2,559,-0.455982,-0.008719574,-0.028858887031674385
2,560,-0.4645717,-0.008589708,0.42234712839126587
2,561,-0.47251388,-0.007942161,0.7252938151359558
2,562,-0.48063132,-0.008117428,0.1375810205936432
2,563,-0.4889841,-0.008352777,0.05734342336654663
2,564,-0.49793154,-0.008947435,-0.223676398396492
2,565,-0.50741297,-0.009481454,-0.22780369222164154
2,566,-0.51551574,-0.0081028,1.028501033782959
2,567,-0.522653,-0.007137263,0.6841022372245789
2,568,-0.5293093,-0.0066563124,0.3253627121448517
2,569,-0.53442276,-0.0051134857,1.0913124084472656
2,570,-0.5391108,-0.0046880483,0.22951459884643555
2,571,-0.5426033,-0.0034925188,0.7194875478744507
2,572,-0.5444534,-0.0018500619,1.0349507331848145
2,573,-0.5462739,-0.0018205028,-0.08449896425008774
2,574,-0.5464862,-0.00021228573,0.9588565826416016
2,575,-0.54670817,-0.00022198426,-0.12081290781497955
2,576,-0.54690397,-0.00019582026,-0.09801175445318222
2,577,-0.54627854,0.0006254157,0.4310595989227295
2,578,-0.54526067,0.0010178732,0.14832699298858643
2,579,-0.5439988,0.0012619151,0.05446133017539978
2,580,-0.5420196,0.001979158,0.37622568011283875
2,581,-0.5392205,0.0027991114,0.4545782506465912
2,582,-0.53623235,0.0029881585,0.047951310873031616
2,583,-0.5318606,0.004371792,0.8592696189880371
2,584,-0.5268774,0.0049831998,0.36630013585090637
2,585,-0.5209452,0.0059322203,0.6162875294685364
2,586,-0.51501554,0.0059296335,0.01154328603297472
2,587,-0.5087045,0.00631104,0.29718250036239624
2,588,-0.50400513,0.00469937,-1.0492277145385742
2,589,-0.49918237,0.004822756,0.18016935884952545
2,590,-0.4943017,0.0048806784,0.1605876088142395
2,591,-0.4896755,0.0046262057,-0.023351674899458885
2,592,-0.48506352,0.0046119625,0.1598282903432846
2,593,-0.47987178,0.005191744,0.578768253326416
2,594,-0.47554052,0.0043312507,-0.3556537628173828
2,595,-0.47140837,0.004132156,0.10672985762357712
2,596,-0.4675083,0.0039000926,0.10517831891775131
2,597,-0.4639137,0.0035945652,0.07544583827257156
2,598,-0.45982578,0.004087937,0.625747799873352
2,599,-0.45496464,0.0048611467,0.8323965072631836
2,600,-0.45050395,0.0044606947,0.07378293573856354
2,601,-0.44564423,0.0048597045,0.6285586357116699
2,602,-0.43996462,0.005679596,0.9328240752220154
2,603,-0.43517557,0.004789044,-0.17990411818027496
2,604,-0.43022355,0.0049520084,0.5455918908119202
2,605,-0.4258965,0.0043270527,0.04415708780288696
2,606,-0.42180085,0.004095634,0.32726752758026123
2,607,-0.4179587,0.0038421531,0.33212727308273315
2,608,-0.4143907,0.003567986,0.3366245627403259
2,609,-0.41086385,0.0035268813,0.5089210271835327
2,610,-0.40803805,0.0028258027,0.08560433983802795
2,611,-0.40652564,0.0015123975,-0.3093046545982361
2,612,-0.4044784,0.0020472428,0.9299685955047607
2,613,-0.40188238,0.0025960086,0.9488492608070374
2,614,-0.3987895,0.003092871,0.9263894557952881
2,615,-0.39511096,0.003678521,1.02143132686615
2,616,-0.39185908,0.003251889,0.34222638607025146
2,617,-0.3886203,0.0032388065,0.6329622864723206
2,618,-0.38638014,0.0022401398,-0.009178711101412773
2,619,-0.3849571,0.0014230288,0.12213841825723648
2,620,-0.38518524,-0.00022812726,-0.427376925945282
2,621,-0.38630846,-0.0011232297,0.07561517506837845
2,622,-0.38710186,-0.0007933948,0.8870974779129028
2,623,-0.38896894,-0.0018670753,-0.05221659317612648
2,624,-0.3927804,-0.0038114432,-0.6412488222122192
2,625,-0.39674312,-0.0039627114,0.5365846157073975
2,626,-0.40134677,-0.0046036425,0.19179099798202515
2,627,-0.406572,-0.0052252426,0.18324832618236542
2,628,-0.412184,-0.0056119785,0.315363347530365
2,629,-0.41792637,-0.0057423697,0.45983150601387024
2,630,-0.42412966,-0.006203303,0.21226735413074493
2,631,-0.43072298,-0.0065933033,0.2299969494342804
2,632,-0.43716478,-0.006441792,0.559401273727417
2,633,-0.44425875,-0.0070939623,-0.007436860352754593
2,634,-0.4518546,-0.0075958483,0.058374229818582535
2,635,-0.45924813,-0.007393532,0.4908352196216583
2,636,-0.4663085,-0.0070603928,0.5418513417243958
2,637,-0.4727733,-0.006464802,0.6821035146713257
2,638,-0.4798899,-0.007116584,-0.18137741088867188
2,639,-0.48727816,-0.0073882714,0.036793678998947144
2,640,-0.4940101,-0.006731927,0.6188070178031921
2,641,-0.5001455,-0.0061354036,0.54543137550354
2,642,-0.5049893,-0.0048438264,0.9782212376594543
2,643,-0.50989974,-0.0049104006,0.04861608147621155
2,644,-0.51459545,-0.0046957377,0.21158455312252045
2,645,-0.51940256,-0.0048071155,-0.02924068458378315
2,646,-0.52414405,-0.004741463,0.06474897265434265
2,647,-0.5285649,-0.0044208067,0.2110443264245987
2,648,-0.5317415,-0.003176631,0.8046209216117859
2,649,-0.5344541,-0.002712586,0.2686536908149719
2,650,-0.5360244,-0.0015702951,0.7072601914405823
2,651,-0.5373869,-0.0013625253,0.0763995349407196
2,652,-0.5385629,-0.0011759847,0.05543941631913185
2,653,-0.5395634,-0.0010005322,0.04217294231057167
2,654,-0.54024154,-0.0006781492,0.13512928783893585
2,655,-0.5404785,-0.0002369796,0.2109338343143463
2,656,-0.5394708,0.0010077141,0.7454330921173096
2,657,-0.53814715,0.0013236605,0.13130080699920654
2,658,-0.53613657,0.002010612,0.3852488696575165
2,659,-0.5330572,0.0030793257,0.64980149269104
2,660,-0.5298649,0.0031923149,0.028040306642651558
2,661,-0.52559054,0.0042743403,0.6900214552879333
2,662,-0.52068627,0.0049042506,0.40998154878616333
2,663,-0.51554066,0.005145593,0.17545731365680695
2,664,-0.51028824,0.0052524093,0.11149732768535614
2,665,-0.505028,0.005260246,0.07175949215888977
2,666,-0.49951735,0.005510643,0.25973737239837646
2,667,-0.4945646,0.004952752,-0.251625120639801
2,668,-0.48837018,0.0061944025,0.9727544188499451
2,669,-0.48113424,0.0072359564,0.8701844215393066
2,670,-0.474757,0.0063772406,-0.3607281446456909
2,671,-0.46878412,0.005972875,-0.026241250336170197
2,672,-0.46300778,0.0057763555,0.14182697236537933
2,673,-0.4565074,0.0065003783,0.7839711308479309
2,674,-0.44987923,0.006628199,0.41841018199920654
2,675,-0.44337356,0.006505681,0.28392189741134644
2,676,-0.43713582,0.0062377593,0.21865025162696838
2,677,-0.4311446,0.005991225,0.2631271779537201
2,678,-0.42587945,0.0052651325,-0.027695108205080032
2,679,-0.42120552,0.0046739154,0.08748342841863632
2,680,-0.41717398,0.004031537,0.07570040971040726
2,681,-0.41410065,0.0030733359,-0.11567126959562302
2,682,-0.41264963,0.0014510065,-0.5438557863235474
2,683,-0.41250375,0.00014588474,-0.3255220055580139
2,684,-0.41295752,-0.0004537655,0.145481675863266
2,685,-0.41399902,-0.0010414977,0.15128250420093536
2,686,-0.41448656,-0.000487539,0.9074838757514954
2,687,-0.41579902,-0.0013124753,-0.01408713310956955
2,688,-0.41657293,-0.0007738995,0.888702929019928
2,689,-0.41790944,-0.0013365288,0.15089578926563263
2,690,-0.419519,-0.0016095648,0.3376127779483795
2,691,-0.421943,-0.0024240136,-0.03098178654909134
2,692,-0.4255099,-0.0035668805,-0.2614746689796448
2,693,-0.4300603,-0.0045503983,-0.17228169739246368
2,694,-0.43471363,-0.004653343,0.39294880628585815
2,695,-0.43946126,-0.004747618,0.3763274848461151
2,696,-0.4452514,-0.0057901335,-0.2787756323814392
2,697,-0.4504632,-0.005211791,0.773701548576355
2,698,-0.45629972,-0.005836503,-0.05372372642159462
2,699,-0.4631885,-0.006888779,-0.36730319261550903
2,700,-0.46986753,-0.0066790204,0.4402395486831665
2,701,-0.47672155,-0.0068540154,0.15083086490631104
2,702,-0.482426,-0.005704437,1.177693247795105
2,703,-0.4883012,-0.0058751954,0.091501884162426
2,704,-0.49304262,-0.0047414284,0.9320027828216553
2,705,-0.49708322,-0.0040405937,0.6197899580001831
2,706,-0.49988592,-0.0028026993,0.9577009081840515
2,707,-0.5016248,-0.0017389262,0.8276464343070984
2,708,-0.50357515,-0.0019503258,-0.03114292025566101
2,709,-0.5055372,-0.0019620676,0.09223002940416336
2,710,-0.5074417,-0.0019044959,0.12864476442337036
2,711,-0.5105651,-0.0031234226,-0.7318640351295471
2,712,-0.51350033,-0.0029352342,0.19061069190502167
2,713,-0.51653135,-0.0030309865,-0.013350355438888073
2,714,-0.5188664,-0.0023350578,0.4992868900299072
2,715,-0.5201348,-0.0012683624,0.7347912788391113
2,716,-0.52253103,-0.0023962092,-0.7345783114433289
2,717,-0.52435964,-0.0018286066,0.3837403953075409
2,718,-0.5258218,-0.0014621371,0.24050869047641754
2,719,-0.526285,-0.00046321622,0.6548321843147278
2,720,-0.52639043,-0.00010541769,0.22510141134262085
2,721,-0.5261944,0.0001960389,0.1870129406452179
2,722,-0.5257461,0.00044826773,0.15517458319664001
2,723,-0.52398425,0.0017618433,0.8649804592132568
2,724,-0.52248144,0.0015028178,-0.17461106181144714
2,725,-0.52094615,0.0015352714,0.027222350239753723
2,726,-0.51947266,0.0014734885,-0.027925614267587662
2,727,-0.5179092,0.0015634384,0.08059670031070709
2,728,-0.51676404,0.0011451564,-0.2504083216190338
2,729,-0.5143033,0.002460697,0.9111981987953186
2,730,-0.5113067,0.0029966193,0.40375274419784546
2,731,-0.507484,0.0038226794,0.612153172492981
2,732,-0.50228214,0.005201866,1.0993727445602417
2,733,-0.4971885,0.0050936225,0.034348249435424805
2,734,-0.49124902,0.005939475,0.695814847946167
2,735,-0.48539653,0.00585248,0.10349851846694946
2,736,-0.47989348,0.005503044,-0.04236387088894844
2,737,-0.47470915,0.005184313,0.005413392558693886
2,738,-0.46970502,0.0050041527,0.12346580624580383
2,739,-0.46516216,0.004542866,-0.03922834247350693
2,740,-0.46015307,0.005009082,0.6014994978904724
2,741,-0.45551398,0.0046390845,0.06865151971578598
2,742,-0.451284,0.0042300047,0.0653419941663742
2,743,-0.44649673,0.0047872523,0.7302427887916565
2,744,-0.44227904,0.004217696,0.002377539873123169
2,745,-0.438661,0.0036180431,0.0028089755214750767
2,746,-0.43538132,0.0032796743,0.1945286989212036
2,747,-0.43223345,0.0031478764,0.34809085726737976
2,748,-0.4285579,0.0036755586,0.8029161691665649
2,749,-0.42538893,0.003168956,0.13105668127536774
2,750,-0.422959,0.0024299317,-0.008707190863788128
2,751,-0.4202214,0.0027375987,0.7007001638412476
2,752,-0.41834104,0.0018803552,-0.06285488605499268
2,753,-0.41809192,0.00024912547,-0.5699005722999573
2,754,-0.41839263,-0.00030069085,0.1522255390882492
2,755,-0.42026696,-0.00187432,-0.5317453742027283
2,756,-0.4223753,-0.0021083418,0.35240936279296875
2,757,-0.42573595,-0.0033606472,-0.3364957273006439
2,758,-0.42933545,-0.0035995091,0.3230738341808319
2,759,-0.43360308,-0.004267635,0.01964270882308483
2,760,-0.4391277,-0.0055246307,-0.39346542954444885
2,761,-0.44511893,-0.005991225,0.10678620636463165
2,762,-0.45094502,-0.0058260863,0.4988766312599182
2,763,-0.4583096,-0.0073645753,-0.6652601361274719
2,764,-0.46678227,-0.008472682,-0.41437503695487976
2,765,-0.47493458,-0.008152321,0.49628323316574097
2,766,-0.48280028,-0.007865698,0.43353933095932007
2,767,-0.49066025,-0.007859987,0.2072911113500595
2,768,-0.4988309,-0.008170658,-0.04268888756632805
2,769,-0.5069283,-0.008097401,0.17256303131580353
2,770,-0.5154023,-0.008474003,-0.16775017976760864
2,771,-0.5232062,-0.007803863,0.4877379238605499
2,772,-0.53143895,-0.008232795,-0.2839914560317993
2,773,-0.5383204,-0.0068814764,0.8616816401481628
2,774,-0.54469115,-0.0063707116,0.2669256925582886
2,775,-0.5518243,-0.0071331225,-0.6136655211448669
2,776,-0.5575052,-0.0056809043,0.8271865844726562
2,777,-0.5615417,-0.0040364633,0.9270541071891785
2,778,-0.56555134,-0.0040096464,-0.17142724990844727
2,779,-0.56940436,-0.0038530403,-0.1048053577542305
2,780,-0.5721549,-0.0027505208,0.5067052245140076
2,781,-0.574411,-0.0022560898,0.08769779652357101
2,782,-0.5751538,-0.0007428497,0.7557485103607178
2,783,-0.5741354,0.0010184107,0.9174248576164246
2,784,-0.57272416,0.0014112347,0.010166384279727936
2,785,-0.57071364,0.0020105164,0.15478241443634033
2,786,-0.5682954,0.0024182454,0.037028636783361435
2,787,-0.5652353,0.0030600973,0.20508724451065063
2,788,-0.56203425,0.0032010702,-0.11365976184606552
2,789,-0.55835664,0.003677624,0.12595070898532867
2,790,-0.5529188,0.005437836,1.0458332300186157
2,791,-0.54744434,0.0054744226,-0.12201996892690659
2,792,-0.54174393,0.005700414,0.031534746289253235
2,793,-0.53528947,0.006454486,0.41203364729881287
2,794,-0.5275478,0.0077416976,0.7996996641159058
2,795,-0.51968163,0.007866146,0.06322122365236282
2,796,-0.5118419,0.007839754,0.0019904898945242167
2,797,-0.502794,0.009047878,0.8641881942749023
2,798,-0.493852,0.008942032,0.03339209407567978
2,799,-0.48531696,0.008535024,-0.12280258536338806
2,800,-0.47567555,0.00964142,0.928585946559906
2,801,-0.4663236,0.009351926,0.04579558223485947
2,802,-0.45617685,0.010146768,0.8148632049560547
2,803,-0.4464903,0.009686553,0.028006037697196007
2,804,-0.43614882,0.010341456,0.8187152147293091
2,805,-0.42495576,0.011193079,1.1088922023773193
2,806,-0.41397947,0.010976274,0.3415106534957886
2,807,-0.4024258,0.011553665,0.9231981635093689
2,808,-0.39167184,0.010753955,0.05946912243962288
2,809,-0.3810035,0.010668326,0.5854622721672058
2,810,-0.37034547,0.010658034,0.6845675706863403
2,811,-0.35929677,0.011048702,1.1825032234191895
2,812,-0.34989348,0.009403277,-0.3083028197288513
2,813,-0.34151623,0.0083772475,0.1457270085811615
2,814,-0.3340988,0.007417441,0.225936621427536
2,815,-0.32782558,0.006273223,0.1344691812992096
2,816,-0.3231521,0.00467349,-0.1429358571767807
2,817,-0.32008716,0.0030649377,-0.12945491075515747
2,818,-0.3173268,0.002760339,0.7524439096450806
2,819,-0.31568277,0.0016440562,0.2225964516401291
2,820,-0.31568292,-1.4348439e-07,-0.12266393005847931
2,821,-0.31716993,-0.0014870041,-0.01777181774377823
2,822,-0.32025194,-0.0030820128,-0.09591520577669144
2,823,-0.3235629,-0.0033109526,0.8022079467773438
2,824,-0.32794088,-0.004378005,0.22985072433948517
2,825,-0.3336929,-0.005752029,0.007057087495923042
2,826,-0.33977392,-0.0060810144,0.6796669363975525
2,827,-0.34704575,-0.0072718314,0.07936149835586548
2,828,-0.35508138,-0.008035615,0.33287596702575684
2,829,-0.36341566,-0.008334279,0.6080414652824402
2,830,-0.3714056,-0.007989945,1.1561139822006226
2,831,-0.3791137,-0.0077081057,0.9226939082145691
2,832,-0.38784638,-0.008732677,0.016966907307505608
2,833,-0.39719278,-0.009346408,0.2510001063346863
2,834,-0.40757197,-0.0103791915,-0.07153189182281494
2,835,-0.4173039,-0.009731926,1.0899438858032227
2,836,-0.4276859,-0.010381991,0.0891360342502594
2,837,-0.43758255,-0.0098966565,0.7965304851531982
2,838,-0.44857916,-0.010996598,-0.3079700469970703
2,839,-0.45875695,-0.010177793,0.9178094267845154
2,840,-0.46867293,-0.009915978,0.4967120587825775
2,841,-0.4785332,-0.009860282,0.31051871180534363
2,842,-0.48834926,-0.009816062,0.25412222743034363
2,843,-0.4969292,-0.008579941,1.539572834968567
2,844,-0.50598633,-0.009057112,-0.18490879237651825
2,845,-0.5141017,-0.00811534,0.715869128704071
2,846,-0.5223927,-0.008291028,-0.06964679062366486
2,847,-0.53054965,-0.0081569655,0.09540559351444244
2,848,-0.5371545,-0.0066048377,1.0376914739608765
2,849,-0.5437818,-0.006627297,-0.08273284137248993
2,850,-0.55011535,-0.0063335313,0.0949903130531311
2,851,-0.5567135,-0.006598158,-0.3088606595993042
2,852,-0.5628217,-0.0061081857,0.16134656965732574
2,853,-0.56895715,-0.006135459,-0.21384456753730774
2,854,-0.57325345,-0.00429632,1.338342308998108
2,855,-0.57567877,-0.0024252858,1.1613606214523315
2,856,-0.5767281,-0.0010493418,0.6579541563987732
2,857,-0.5771092,-0.00038108535,0.18098096549510956
2,858,-0.57685435,0.00025486288,0.15756095945835114
2,859,-0.57591736,0.00093700434,0.18961447477340698
2,860,-0.57429683,0.0016205162,0.1951543539762497
2,861,-0.5721265,0.0021703364,0.11403276771306992
2,862,-0.56972325,0.002403263,-0.08649809658527374
2,863,-0.5666809,0.0030423691,0.1961837112903595
2,864,-0.56320095,0.003479982,0.07693041861057281
2,865,-0.5592159,0.00398507,0.13918015360832214
2,866,-0.5540792,0.0051367367,0.59003084897995
2,867,-0.547803,0.006276206,0.6074564456939697
2,868,-0.5413216,0.0064813993,0.015880759805440903
2,869,-0.53441876,0.006902842,0.19238945841789246
2,870,-0.5271299,0.0072888657,0.20325881242752075
2,871,-0.51929545,0.00783441,0.3460409343242645
2,872,-0.511121,0.00817449,0.24823567271232605
2,873,-0.5017421,0.009378868,0.8652933239936829
2,874,-0.49254304,0.009199078,-0.010655198246240616
2,875,-0.4837465,0.008796547,-0.11330001801252365
2,876,-0.47374815,0.009998366,1.1362041234970093
2,877,-0.46262226,0.011125878,1.0336649417877197
2,878,-0.4511871,0.0114351455,0.5093631148338318
2,879,-0.4387908,0.01239632,1.1105353832244873
2,880,-0.42655087,0.01223994,0.31522706151008606
2,881,-0.4149233,0.011627552,0.0701545998454094
2,882,-0.40381077,0.011112544,0.19046317040920258
2,883,-0.39330518,0.010505589,0.18149501085281372
2,884,-0.382271,0.011034202,0.9874132871627808
2,885,-0.37105638,0.011214603,0.8059244155883789
2,886,-0.36043963,0.010616754,0.3378019630908966
2,887,-0.35118037,0.009259254,-0.12139251828193665
2,888,-0.34299085,0.008189519,0.11100368946790695
2,889,-0.33617085,0.006819995,-0.05351688340306282
2,890,-0.33031166,0.005859189,0.2479957789182663
2,891,-0.32584623,0.004465426,-0.01599569246172905
2,892,-0.3222431,0.003603133,0.3569130003452301
2,893,-0.31885317,0.0033899215,0.8045164942741394
2,894,-0.31669363,0.002159526,0.14029479026794434
2,895,-0.31613854,0.00055510085,-0.10025468468666077
2,896,-0.3165912,-0.0004526687,0.299772173166275
2,897,-0.31728667,-0.0006954659,0.8079138994216919
2,898,-0.31922027,-0.0019336037,0.1415233463048935
2,899,-0.3225882,-0.003367927,0.002842228626832366
2,900,-0.32689047,-0.004302272,0.3223399519920349
2,901,-0.33144772,-0.004557249,0.7574566006660461
2,902,-0.33659887,-0.005151155,0.5124855041503906
2,903,-0.3438202,-0.0072213323,-0.4933968186378479
2,904,-0.351826,-0.008005793,0.3329693078994751
2,905,-0.3608439,-0.009017871,0.14663442969322205
2,906,-0.3708851,-0.010041218,0.09959162026643753
2,907,-0.38164786,-0.010762746,0.2561168968677521
2,908,-0.39357966,-0.011931793,-0.0908685177564621
2,909,-0.40537065,-0.011790986,0.7276071310043335
2,910,-0.41829523,-0.012924594,-0.17691470682621002
2,911,-0.4308649,-0.012569665,0.7544231414794922
2,912,-0.44262114,-0.011756232,1.006722331047058
2,913,-0.45449814,-0.011877002,0.3204040825366974
2,914,-0.46679276,-0.012294635,0.06461205333471298
2,915,-0.47880635,-0.012013593,0.47001898288726807
2,916,-0.4907819,-0.011975571,0.24863700568675995
2,917,-0.503187,-0.012405108,-0.12253867834806442
2,918,-0.51478773,-0.011600742,0.6382389664649963
2,919,-0.52643937,-0.011651632,0.010123075917363167
2,920,-0.53808415,-0.011644761,-0.009621758945286274
2,921,-0.54832006,-0.010235888,0.8668444752693176
2,922,-0.5583614,-0.010041332,0.006210729945451021
2,923,-0.56882846,-0.010467025,-0.4572938084602356
2,924,-0.57756203,-0.008733569,0.9301825761795044
2,925,-0.5847397,-0.007177627,0.768655002117157
2,926,-0.59031177,-0.005572078,0.7663729786872864
2,927,-0.5951634,-0.0048516514,0.14894162118434906
2,928,-0.5983596,-0.0031962094,0.748547375202179
2,929,-0.60093576,-0.0025761472,0.04269680008292198
2,930,-0.60330623,-0.0023704749,-0.24611017107963562
2,931,-0.6045233,-0.0012170953,0.37416961789131165
2,932,-0.60381305,0.0007102231,0.8842192888259888
2,933,-0.60155743,0.0022556242,0.6330558061599731
2,934,-0.5987342,0.0028232238,-0.007849734276533127
2,935,-0.5951086,0.003625575,0.16239677369594574
2,936,-0.5898365,0.005272167,0.7429147958755493
2,937,-0.5827014,0.0071351207,0.9129560589790344
2,938,-0.57460743,0.008093975,0.34526872634887695
2,939,-0.56615394,0.008453479,-0.014379231259226799
2,940,-0.55588216,0.0102717765,1.0696083307266235
2,941,-0.5444844,0.011397762,0.5894925594329834
2,942,-0.53251284,0.01197152,0.27814558148384094
2,943,-0.5189745,0.013538368,1.1654438972473145
2,944,-0.5054533,0.013521181,0.011662738397717476
2,945,-0.49125174,0.014201543,0.5442572832107544
2,946,-0.47683018,0.01442154,0.30814632773399353
2,947,-0.46314654,0.01368364,-0.25885695219039917
2,948,-0.44977975,0.013366789,0.0893726497888565
2,949,-0.43688267,0.012897068,0.052938129752874374
2,950,-0.42456278,0.01231988,0.04391418397426605
2,951,-0.4114748,0.01308799,1.384548306465149
2,952,-0.3994089,0.012065891,-0.13129162788391113
2,953,-0.3871919,0.012217004,0.7074252367019653
2,954,-0.37594566,0.011246246,0.015985721722245216
2,955,-0.36503732,0.010908331,0.4890815317630768
2,956,-0.35437682,0.0106605105,0.5980314016342163
2,957,-0.34345657,0.010920252,0.9833922386169434
2,958,-0.33232257,0.011133997,1.0174715518951416
2,959,-0.32225534,0.010067222,0.1935688704252243
2,960,-0.313174,0.009081322,0.289340615272522
2,961,-0.3055844,0.007589616,-0.01084720529615879
2,962,-0.29946098,0.00612343,0.03654307499527931
2,963,-0.2947495,0.0047114887,0.0968322902917862
2,964,-0.29116094,0.0035885582,0.3078311085700989
2,965,-0.2893915,0.0017694468,-0.1424732208251953
2,966,-0.28829303,0.0010984625,0.6297118067741394
2,967,-0.28775594,0.0005370893,0.7069714069366455
2,968,-0.28852817,-0.00077223236,0.2103814035654068
2,969,-0.2900662,-0.0015380479,0.5697815418243408
2,970,-0.29290223,-0.0028360072,0.20915168523788452
2,971,-0.29589692,-0.002994695,0.9577871561050415
2,972,-0.30005938,-0.00416245,0.2735046148300171
2,973,-0.3052366,-0.0051772413,0.35925644636154175
2,974,-0.31074047,-0.005503857,0.7976359724998474
2,975,-0.31623447,-0.0054939864,1.1438981294631958
2,976,-0.32401702,-0.0077825366,-0.5544711947441101
2,977,-0.33310574,-0.009088731,0.06854740530252457
2,978,-0.3429863,-0.009880528,0.3735966980457306
2,979,-0.35293555,-0.009949274,0.8136877417564392
2,980,-0.36388195,-0.010946384,0.15178188681602478
2,981,-0.37534553,-0.0114635965,0.42356711626052856
2,982,-0.38804147,-0.012695933,-0.10448893904685974
2,983,-0.40141797,-0.013376492,0.2055518627166748
2,984,-0.41559818,-0.014180202,0.061509713530540466
2,985,-0.4308495,-0.015251313,-0.18346978724002838
2,986,-0.4467877,-0.015938196,-0.00013630227476824075
2,987,-0.4633735,-0.016585832,-0.05109173804521561
2,988,-0.48031378,-0.016940262,0.06320371478796005
2,989,-0.4983221,-0.018008329,-0.4962271451950073
2,990,-0.5163581,-0.01803598,0.10782879590988159
2,991,-0.53419363,-0.017835565,0.16981063783168793
2,992,-0.551631,-0.017437348,0.21251270174980164
2,993,-0.5673583,-0.015727354,1.172988772392273
2,994,-0.5824968,-0.015138498,0.1744011789560318
2,995,-0.59586996,-0.013373159,0.8839321136474609
2,996,-0.60720533,-0.011335362,1.0156463384628296
2,997,-0.616745,-0.009539657,0.7834730744361877
2,998,-0.6254593,-0.008714338,0.09051942080259323
2,999,-0.6332989,-0.007839559,0.08177270740270615
3,1,-0.5506007,0.0017151114,1.0498652458190918
3,2,-0.54882246,0.0017782227,-0.09278787672519684
3,3,-0.54621065,0.0026118115,0.42972779273986816
3,4,-0.54280585,0.0034047707,0.4156668186187744
3,5,-0.53862,0.004185832,0.424725204706192
3,6,-0.5339968,0.0046231663,0.21647532284259796
3,7,-0.52893907,0.0050577363,0.23773157596588135
3,8,-0.5236499,0.0052891714,0.1275896281003952
3,9,-0.5173471,0.0063028005,0.6754972338676453
3,10,-0.5098076,0.0075394856,0.855713427066803
3,11,-0.5026318,0.007175805,-0.17351751029491425
3,12,-0.49423525,0.008396526,0.9185795187950134
3,13,-0.4860468,0.0081884675,0.007922430522739887
3,14,-0.4766924,0.009354374,0.9646341800689697
3,15,-0.46618867,0.010503736,1.1135863065719604
3,16,-0.45633978,0.009848887,-0.1509326845407486
3,17,-0.4454919,0.010847861,1.1830048561096191
3,18,-0.4343234,0.011168518,0.6007418632507324
3,19,-0.42376325,0.01056015,0.03548087179660797
3,20,-0.4136524,0.010110859,0.19222049415111542
3,21,-0.40565646,0.007995945,-0.8701242208480835
3,22,-0.3986484,0.007008056,-0.08110903203487396
3,23,-0.39230374,0.0063446797,0.16797229647636414
3,24,-0.38707992,0.0052238023,-0.1076202318072319
3,25,-0.3824159,0.0046640383,0.29049497842788696
3,26,-0.37905392,0.0033619592,-0.18305590748786926
3,27,-0.37636974,0.00268418,0.24843339622020721
3,28,-0.37488964,0.0014801091,-0.09027180820703506
3,29,-0.3740958,0.00079384906,0.2616187036037445
3,30,-0.37459072,-0.00049492915,-0.13648143410682678
3,31,-0.37589934,-0.0013086287,0.17800696194171906
3,32,-0.37833345,-0.0024341017,-0.03574757277965546
3,33,-0.38174963,-0.003416185,0.0488312728703022
3,34,-0.38469785,-0.0029482336,1.4891581535339355
3,35,-0.38842836,-0.0037305173,0.15305684506893158
3,36,-0.39302742,-0.0045990795,0.07843959331512451
3,37,-0.39902556,-0.0059981304,-0.29641199111938477
3,38,-0.40602434,-0.0069987704,-0.05862535536289215
3,39,-0.41286758,-0.006843226,0.6794542074203491
3,40,-0.41974485,-0.006877288,0.5208210945129395
3,41,-0.42745173,-0.0077068903,-0.042158838361501694
3,42,-0.43504387,-0.007592141,0.5505962371826172
3,43,-0.44338712,-0.008343255,-0.0631578266620636
3,44,-0.45185626,-0.008469134,0.3132800757884979
3,45,-0.46136728,-0.009511017,-0.3386392891407013
3,46,-0.4710108,-0.009643536,0.22100721299648285
3,47,-0.48119676,-0.010185959,-0.09976444393396378
3,48,-0.49062294,-0.009426168,0.7179661393165588
3,49,-0.50006944,-0.009446477,0.1510711908340454
3,50,-0.5093539,-0.009284428,0.22558100521564484
3,51,-0.5186893,-0.009335393,0.037226248532533646
3,52,-0.5279818,-0.009292515,0.05313197523355484
3,53,-0.536753,-0.008771175,0.32564592361450195
3,54,-0.5455718,-0.008818809,-0.09751030802726746
3,55,-0.55441314,-0.008841338,-0.12480469793081284
3,56,-0.5619753,-0.0075621773,0.6989210247993469
3,57,-0.5680529,-0.006077606,0.7982549667358398
3,58,-0.5734342,-0.005381289,0.24259920418262482
3,59,-0.57839435,-0.004960155,0.032506249845027924
3,60,-0.58302784,-0.004633491,-0.05496933311223984
3,61,-0.58711654,-0.0040886826,0.06763189285993576
3,62,-0.59091306,-0.0037965213,-0.12089623510837555
3,63,-0.5940573,-0.003144253,0.1005571186542511
3,64,-0.59668845,-0.0026311295,-0.007592756766825914
3,65,-0.5987596,-0.0020711152,0.010815910063683987
3,66,-0.60015595,-0.0013963382,0.07722359150648117
3,67,-0.5998245,0.00033146288,0.7724379301071167
3,68,-0.5974444,0.0023800475,0.9879075288772583
3,69,-0.59319514,0.0042492826,0.879941463470459
3,70,-0.5884736,0.004721538,-0.03062218613922596
3,71,-0.582844,0.005629575,0.2830275595188141
3,72,-0.5753488,0.0074952506,0.9491147994995117
3,73,-0.56633997,0.009008816,0.7513319849967957
3,74,-0.5559696,0.010370358,0.6945732235908508
3,75,-0.5444843,0.0114852805,0.5816819071769714
3,76,-0.5330988,0.0113854855,-0.17088952660560608
3,77,-0.5208282,0.012270656,0.5426200032234192
3,78,-0.50746495,0.013363216,0.742225706577301
3,79,-0.49335027,0.014114671,0.5816078782081604
3,80,-0.47871894,0.014631322,0.4954685866832733
3,81,-0.4630589,0.015660048,0.9095393419265747
3,82,-0.44778648,0.015272398,0.04260478541254997
3,83,-0.43289146,0.014895015,0.12421390414237976
3,84,-0.4179974,0.014894062,0.4473242461681366
3,85,-0.40381148,0.014185898,0.04710967466235161
3,86,-0.38914067,0.014670822,0.909410834312439
3,87,-0.3746413,0.014499362,0.5399003028869629
3,88,-0.361033,0.013608293,0.12619934976100922
3,89,-0.3478459,0.013187073,0.5001752972602844
3,90,-0.33443698,0.013408942,0.9865228533744812
3,91,-0.32095814,0.0134788565,0.9424653649330139
3,92,-0.30865335,0.012304772,0.16921469569206238
3,93,-0.29736465,0.011288696,0.32439547777175903
3,94,-0.2878688,0.00949584,-0.1489313542842865
3,95,-0.27851334,0.0093554435,0.9892358779907227
3,96,-0.27134395,0.0071693845,-0.3394106328487396
3,97,-0.26596865,0.005375295,-0.05177190154790878
3,98,-0.26250175,0.0034669098,-0.10857781022787094
3,99,-0.25929886,0.0032028717,1.0742533206939697
3,100,-0.2575969,0.0017019582,0.18670983612537384
3,101,-0.25731817,0.00027875486,0.24447299540042877
3,102,-0.25733078,-1.2616887e-05,1.2265158891677856
3,103,-0.25883496,-0.0015041962,0.19981767237186432
3,104,-0.26194188,-0.003106908,0.12047088146209717
3,105,-0.26668036,-0.004738472,0.09029821306467056
3,106,-0.273218,-0.006537635,-0.038313087075948715
3,107,-0.28152415,-0.008306157,-0.04155783727765083
3,108,-0.29093808,-0.009413931,0.36823585629463196
3,109,-0.30134577,-0.0104076825,0.4086201786994934
3,110,-0.31212175,-0.010775974,0.7852098345756531
3,111,-0.32440495,-0.012283203,-0.016954049468040466
3,112,-0.33787718,-0.013472243,0.1450481116771698
3,113,-0.35272664,-0.014849454,-0.03683764114975929
3,114,-0.36730224,-0.014575602,1.150308609008789
3,115,-0.38150758,-0.014205341,1.1219892501831055
3,116,-0.39733264,-0.015825048,-0.39067044854164124
3,117,-0.41369206,-0.016359419,0.26009401679039
3,118,-0.43070316,-0.017011106,0.1051720678806305
3,119,-0.4487959,-0.018092765,-0.26261651515960693
3,120,-0.46671224,-0.017916312,0.4885179400444031
3,121,-0.48503903,-0.01832679,0.009403467178344727
3,122,-0.5024827,-0.017443717,0.7810841202735901
3,123,-0.51947904,-0.016996302,0.40378662943840027
3,124,-0.53641236,-0.016933339,0.06257330626249313
3,125,-0.55389816,-0.017485777,-0.43234488368034363
3,126,-0.5709617,-0.017063586,0.13017231225967407
3,127,-0.5875744,-0.01661273,0.0645512118935585
3,128,-0.6037452,-0.016170792,-0.02329263649880886
3,129,-0.61844534,-0.014700113,0.5835708379745483
3,130,-0.6319276,-0.013482269,0.34403643012046814
3,131,-0.64503324,-0.013105603,-0.28104931116104126
3,132,-0.6578051,-0.012771866,-0.37133947014808655
3,133,-0.6695777,-0.011772662,0.013087349943816662
3,134,-0.67961735,-0.010039647,0.4485567510128021
3,135,-0.6876482,-0.008030851,0.5872769951820374
3,136,-0.69433695,-0.0066887466,0.10720273852348328
3,137,-0.7003248,-0.005987849,-0.34958285093307495
3,138,-0.7050694,-0.0047446266,-0.013996555469930172
3,139,-0.70747006,-0.0024006334,0.6994701623916626
3,140,-0.70825046,-0.00078038604,0.20672757923603058
3,141,-0.7074663,0.0007841841,0.16628853976726532
3,142,-0.70522743,0.002238875,0.09637269377708435
3,143,-0.70163006,0.0035974002,0.041815780103206635
3,144,-0.69526,0.006370053,1.0613038539886475
3,145,-0.68699354,0.0082664555,0.4434005916118622
3,146,-0.67613477,0.010858798,0.9435808658599854
3,147,-0.6641321,0.012002627,0.026213573291897774
3,148,-0.6504646,0.013667551,0.42791420221328735
3,149,-0.63619846,0.014266136,-0.22006839513778687
3,150,-0.6196038,0.016594665,1.0384058952331543
3,151,-0.6022959,0.01730794,0.00210091401822865
3,152,-0.5838951,0.01840077,0.33871224522590637
3,153,-0.56500685,0.01888823,0.02513253502547741
3,154,-0.54430884,0.020697992,1.1023873090744019
3,155,-0.52279776,0.02151106,0.4385608434677124
3,156,-0.49979272,0.023005052,1.1345256567001343
3,157,-0.47619188,0.023600832,0.5161159038543701
3,158,-0.4515462,0.0246457,0.9328140020370483
3,159,-0.42748225,0.024063936,-0.030378935858607292
3,160,-0.40276054,0.0247217,0.9124601483345032
3,161,-0.37781498,0.02494556,0.7402844429016113
3,162,-0.35332248,0.024492502,0.40386322140693665
3,163,-0.3285616,0.024760872,0.9937469959259033
3,164,-0.30388477,0.02467683,0.8644588589668274
3,165,-0.28074393,0.023140859,-0.0032490019220858812
3,166,-0.2593606,0.021383313,-0.06203143671154976
3,167,-0.2389305,0.020430123,0.5516420602798462
3,168,-0.22028182,0.018648664,0.06888961046934128
3,169,-0.20337111,0.016910722,0.15716196596622467
3,170,-0.18812184,0.015249272,0.2583378851413727
3,171,-0.1758544,0.012267433,-0.5796788930892944
3,172,-0.16424705,0.011607342,1.0109320878982544
3,173,-0.15494545,0.009301601,-0.06876204162836075
3,174,-0.14787447,0.007070966,0.0027350063901394606
3,175,-0.1431557,0.0047187763,-0.06278910487890244
3,176,-0.14049754,0.0026581646,0.1415717750787735
3,177,-0.13958606,0.00091147877,0.3563416302204132
3,178,-0.14141831,-0.0018322445,-0.3064911663532257
3,179,-0.14625736,-0.0048390464,-0.4856252074241638
3,180,-0.15208794,-0.005830593,0.8477588295936584
3,181,-0.15868291,-0.0065949718,0.9865890145301819
3,182,-0.16731708,-0.008634164,0.12189274281263351
3,183,-0.17803611,-0.010719039,0.07115954905748367
3,184,-0.1899706,-0.011934494,0.6242348551750183
3,185,-0.20250997,-0.012539365,1.1209220886230469
3,186,-0.21687444,-0.014364468,0.15169893205165863
3,187,-0.2319693,-0.015094868,0.8392439484596252
3,188,-0.24841498,-0.016445676,0.3785807490348816
3,189,-0.26587802,-0.017463056,0.5466155409812927
3,190,-0.28369468,-0.017816676,0.9282575249671936
3,191,-0.30247587,-0.018781178,0.45561233162879944
3,192,-0.3225246,-0.020048747,0.18124516308307648
3,193,-0.3439205,-0.0213959,0.04739677533507347
3,194,-0.36606935,-0.022148838,0.35355430841445923
3,195,-0.38815296,-0.022083618,0.8021337985992432
3,196,-0.4104109,-0.022257945,0.5425285696983337
3,197,-0.43200153,-0.021590633,1.158096432685852
3,198,-0.45300692,-0.021005385,0.8424097299575806
3,199,-0.47404316,-0.021036236,0.32975971698760986
3,200,-0.4956064,-0.02156322,-0.10445715487003326
3,201,-0.51678884,-0.02118243,0.39365699887275696
3,202,-0.5382479,-0.02145902,-0.15034550428390503
3,203,-0.55983835,-0.021590473,-0.16085660457611084
3,204,-0.5804988,-0.02066044,0.4391809403896332
3,205,-0.6003698,-0.019870969,0.24319367110729218
3,206,-0.61972094,-0.019351102,-0.03389293700456619
3,207,-0.63821846,-0.018497502,0.09508860856294632
3,208,-0.65495795,-0.016739462,0.6101555824279785
3,209,-0.6693038,-0.014345812,0.9558388590812683
3,210,-0.6835237,-0.014219968,-0.6216498017311096
3,211,-0.69508976,-0.011566019,1.2289165258407593
3,212,-0.7047006,-0.009610854,0.48331624269485474
3,213,-0.7131384,-0.008437785,-0.07956775277853012
3,214,-0.7204263,-0.0072879014,-0.13085857033729553
3,215,-0.72482234,-0.004395996,1.1084247827529907
3,216,-0.7280248,-0.0032024463,-0.15041379630565643
3,217,-0.73067343,-0.0026486497,-0.5900543332099915
3,218,-0.73083556,-0.00016212887,0.6876291036605835
3,219,-0.7295075,0.0013280346,0.022731762379407883
3,220,-0.7266806,0.0028269356,0.03396229445934296
3,221,-0.72103745,0.0056431266,0.9237126708030701
3,222,-0.7131796,0.007857888,0.5460343360900879
3,223,-0.70348,0.009699562,0.3301609456539154
3,224,-0.69284,0.010640002,-0.22942383587360382
3,225,-0.68186474,0.010975224,-0.5868342518806458
3,226,-0.6693127,0.012552047,0.2892845869064331
3,227,-0.6542023,0.015110427,1.2218307256698608
3,228,-0.6378153,0.01638699,0.2146051824092865
3,229,-0.62092257,0.016892757,-0.22279417514801025
3,230,-0.60194,0.0189826,0.9134944677352905
3,231,-0.5810421,0.020897845,0.8887202739715576
3,232,-0.55968493,0.021357201,0.020440557971596718
3,233,-0.53816724,0.02151771,-0.07307164371013641
3,234,-0.51659995,0.021567268,-0.03978040814399719
3,235,-0.49465036,0.021949578,0.2898649275302887
3,236,-0.47355765,0.021092722,-0.42667722702026367
3,237,-0.45278567,0.020771973,0.03543444722890854
3,238,-0.43183324,0.02095244,0.47172051668167114
3,239,-0.41226608,0.01956715,-0.4704727828502655
3,240,-0.39340886,0.018857216,0.07308146357536316
3,241,-0.37400344,0.019405428,1.0842317342758179
3,242,-0.3558818,0.01812162,-0.13275113701820374
3,243,-0.33900252,0.016879305,-0.024563582614064217
3,244,-0.32266578,0.016336752,0.5148202180862427
3,245,-0.30751696,0.015148826,0.15296676754951477
3,246,-0.29253158,0.01498539,0.8973569273948669
3,247,-0.27986223,0.012669367,-0.4790104329586029
3,248,-0.26785725,0.012004979,0.6700258255004883
3,249,-0.2574418,0.010415461,0.09722133725881577
3,250,-0.24799721,0.0094445795,0.5465624332427979
3,251,-0.23956683,0.008430383,0.5501543283462524
3,252,-0.23349006,0.0060767685,-0.3146398663520813
3,253,-0.22925122,0.0042388504,0.04895329475402832
3,254,-0.22685547,0.0023957533,0.05905843526124954
3,255,-0.22613148,0.00072398793,0.18085050582885742
3,256,-0.22585395,0.00027753474,1.0835528373718262
3,257,-0.22740455,-0.001550607,0.07974465191364288
3,258,-0.2293956,-0.0019910543,1.139849066734314
3,259,-0.23291674,-0.0035211407,0.26727399230003357
3,260,-0.23699059,-0.0040738476,0.9076066017150879
3,261,-0.2417134,-0.004722814,0.8302358984947205
3,262,-0.2477641,-0.0060506864,0.36209598183631897
3,263,-0.2565279,-0.008763806,-0.5816720724105835
3,264,-0.26632285,-0.009794948,0.5095728039741516
3,265,-0.2777298,-0.011406957,0.08773773908615112
3,266,-0.28954044,-0.01181062,0.8517555594444275
3,267,-0.30292803,-0.013387604,0.025144219398498535
3,268,-0.3178277,-0.014899672,0.01646316982805729
3,269,-0.334198,-0.016370285,-0.01566530391573906
3,270,-0.35171098,-0.017512988,0.1350603848695755
3,271,-0.3697829,-0.018071922,0.44923117756843567
3,272,-0.388515,-0.018732093,0.3019596040248871
3,273,-0.40711537,-0.01860037,0.7448973655700684
3,274,-0.42710084,-0.019985458,-0.3527553081512451
3,275,-0.448406,-0.021305162,-0.4040248394012451
3,276,-0.470275,-0.02186899,-0.003101558657363057
3,277,-0.49198323,-0.021708209,0.372670978307724
3,278,-0.5138617,-0.021878459,0.0443415492773056
3,279,-0.53435767,-0.020495925,0.9703671336174011
3,280,-0.55556333,-0.02120564,-0.5269280076026917
3,281,-0.5763729,-0.020809611,0.10444106161594391
3,282,-0.59678966,-0.020416725,-0.0008454858907498419
3,283,-0.61516184,-0.018372195,1.0295729637145996
3,284,-0.6317142,-0.016552394,0.7611212134361267
3,285,-0.64631295,-0.014598749,0.7712815403938293
3,286,-0.66010666,-0.013793716,-0.06311672180891037
3,287,-0.67185473,-0.011748082,0.7001354694366455
3,288,-0.6810314,-0.009176644,0.9972115755081177
3,289,-0.68824524,-0.0072138435,0.5503102540969849
3,290,-0.6952493,-0.007004111,-0.6503417491912842
3,291,-0.7006057,-0.005356363,0.2776772975921631
3,292,-0.7046009,-0.003995155,0.06344900280237198
3,293,-0.70833206,-0.0037311837,-0.6852061748504639
3,294,-0.71060735,-0.0022752783,0.09349842369556427
3,295,-0.71064067,-3.333915e-05,0.6078678369522095
3,296,-0.7081745,0.0024661198,0.7794066667556763
3,297,-0.7034447,0.0047297785,0.6326704621315002
3,298,-0.6959306,0.0075141275,1.0116734504699707
3,299,-0.6872632,0.008667412,-0.05492746829986572
3,300,-0.6771438,0.010119352,0.18212264776229858
3,301,-0.66530424,0.011839585,0.4059606194496155
3,302,-0.6525793,0.012724938,-0.09714329987764359
3,303,-0.6385943,0.01398495,0.21107861399650574
3,304,-0.6222639,0.01633041,1.0859143733978271
3,305,-0.6054019,0.016862044,-0.13173018395900726
3,306,-0.5873433,0.018058596,0.39277875423431396
3,307,-0.56791806,0.019425202,0.5942873954772949
3,308,-0.5478341,0.020083966,0.21823155879974365
3,309,-0.52640873,0.021425348,0.7731844186782837
3,310,-0.504382,0.022026733,0.3868730664253235
3,311,-0.4818309,0.022551112,0.4456171691417694
3,312,-0.45881608,0.023014825,0.5174348950386047
3,313,-0.43478408,0.024032008,1.2630388736724854
3,314,-0.4115346,0.023249462,-0.0828588455915451
3,315,-0.38783747,0.023697153,0.8482850193977356
3,316,-0.36363062,0.02420686,1.1294149160385132
3,317,-0.3398593,0.023771308,0.47912314534187317
3,318,-0.31589732,0.023961995,1.0739835500717163
3,319,-0.29189423,0.024003098,1.6448311805725098
3,320,-0.2696172,0.022277026,-0.08326049894094467
3,321,-0.24876474,0.020852467,0.20084398984909058
3,322,-0.22960286,0.019161874,0.09662094712257385
3,323,-0.210871,0.018731864,1.0110838413238525
3,324,-0.19381124,0.017059762,0.22940708696842194
3,325,-0.17884941,0.014961817,-0.00583643326535821
3,326,-0.16483216,0.014017249,0.8027521371841431
3,327,-0.15215647,0.012675693,0.57264244556427
3,328,-0.14109343,0.011063033,0.4209168255329132
3,329,-0.13177422,0.009319211,0.3570300042629242
3,330,-0.12499531,0.0067789024,-0.15541857481002808
3,331,-0.120593764,0.004401547,-0.03404901921749115
3,332,-0.118646786,0.0019469818,-0.07759706676006317
3,333,-0.1175431,0.0011036837,1.0168490409851074
3,334,-0.11872798,-0.0011848797,0.0384041890501976
3,335,-0.12075595,-0.0020279654,1.1965148448944092
3,336,-0.12510289,-0.0043469504,0.012502345256507397
3,337,-0.13068604,-0.005583159,0.7265182733535767
3,338,-0.13842747,-0.007741425,0.10136353969573975
3,339,-0.14903711,-0.01060964,-0.3871390223503113
3,340,-0.16103347,-0.011996356,0.5783557295799255
3,341,-0.17522271,-0.01418924,0.0140093844383955
3,342,-0.19053319,-0.015310487,0.694149911403656
3,343,-0.20917726,-0.018644061,-0.8206545114517212
3,344,-0.2297408,-0.02056354,0.06947927922010422
3,345,-0.25180423,-0.022063432,0.2863062024116516
3,346,-0.27418762,-0.022383403,1.3101840019226074
3,347,-0.2974231,-0.02323548,0.5658573508262634
3,348,-0.32176626,-0.024343174,0.3076149821281433
3,349,-0.3475394,-0.025773147,-0.004696563817560673
3,350,-0.3735238,-0.025984405,0.6990959048271179
3,351,-0.40058717,-0.02706338,0.005962008144706488
3,352,-0.42785105,-0.027263876,0.4675285816192627
3,353,-0.45593908,-0.028088031,-0.07725406438112259
3,354,-0.48478657,-0.02884748,-0.1703188717365265
3,355,-0.51410156,-0.029315013,-0.11806540936231613
3,356,-0.5438264,-0.029724838,-0.2257373034954071
3,357,-0.5730663,-0.029239893,0.22222065925598145
3,358,-0.6017272,-0.028660877,0.1395796686410904
3,359,-0.629057,-0.027329823,0.5002939105033875
3,360,-0.65581435,-0.026757332,-0.13687767088413239
3,361,-0.6814912,-0.025676845,0.07644487172365189
3,362,-0.7060837,-0.024592502,-0.03737444430589676
3,363,-0.72861934,-0.022535648,0.5037100315093994
3,364,-0.74999726,-0.021377908,-0.18985433876514435
3,365,-0.7696411,-0.01964386,0.10908659547567368
3,366,-0.78660476,-0.016963683,0.6652785539627075
3,367,-0.80065525,-0.014050462,0.7593778371810913
3,368,-0.81217504,-0.011519795,0.4559110403060913
3,369,-0.8217406,-0.009565607,0.033513035625219345
3,370,-0.8292323,-0.0074916235,0.08290604501962662
3,371,-0.83479816,-0.005565888,-0.03904282674193382
3,372,-0.83886606,-0.0040678917,-0.3409457504749298
3,373,-0.8403047,-0.0014386048,0.40124738216400146
3,374,-0.83994615,0.00035852194,-0.1577221155166626
3,375,-0.8361526,0.0037935195,0.9352350831031799
3,376,-0.83034265,0.005809958,0.0006646669353358448
3,377,-0.82264674,0.0076959096,-0.06893552094697952
3,378,-0.811497,0.011149781,1.1952348947525024
3,379,-0.79876876,0.012728206,-0.21479636430740356
3,380,-0.78523505,0.013533724,-0.6878111958503723
3,381,-0.7704499,0.014785147,-0.3436519205570221
3,382,-0.7528978,0.017552057,0.7201131582260132
3,383,-0.734332,0.018565768,-0.3823825716972351
3,384,-0.71417254,0.020159481,0.0776069164276123
3,385,-0.6934735,0.02069902,-0.5421075820922852
3,386,-0.6709587,0.022514809,0.3974430561065674
3,387,-0.6458743,0.02508436,1.000815987586975
3,388,-0.6197191,0.026155233,0.11615807563066483
3,389,-0.5914609,0.028258208,0.9280140399932861
3,390,-0.562988,0.028472908,-0.1938387006521225
3,391,-0.5339192,0.029068792,0.2007685750722885
3,392,-0.5049376,0.028981626,-0.10970426350831985
3,393,-0.47547877,0.029458808,0.4113783836364746
3,394,-0.44585878,0.029619994,0.34722235798835754
3,395,-0.41604546,0.029813327,0.5140741467475891
3,396,-0.386949,0.02909647,0.0505785197019577
3,397,-0.35889557,0.028053436,-0.031083740293979645
3,398,-0.33063242,0.028263163,0.9302313327789307
3,399,-0.3035756,0.027056802,0.10759685933589935
3,400,-0.27870855,0.024867067,-0.4378708600997925
3,401,-0.25421768,0.024490856,0.8664306402206421
3,402,-0.23045056,0.023767125,0.7225227952003479
3,403,-0.20720218,0.023248378,0.9381438493728638
3,404,-0.18673414,0.020468036,-0.49865543842315674
3,405,-0.16810805,0.01862609,0.1839485913515091
3,406,-0.15199532,0.016112734,-0.2164025902748108
3,407,-0.13662715,0.015368165,1.0281673669815063
3,408,-0.12275681,0.013870344,0.530065655708313
3,409,-0.11112356,0.011633247,0.06352132558822632
3,410,-0.10184556,0.009277999,0.0047424593940377235
3,411,-0.09459497,0.0072505893,0.23786944150924683
3,412,-0.08899532,0.0055996515,0.4993790090084076
3,413,-0.0854347,0.0035606246,0.2482661008834839
3,414,-0.08284116,0.0025935373,0.967497706413269
3,415,-0.08128456,0.0015565954,0.9241665005683899
3,416,-0.08201329,-0.00072872813,0.09380883723497391
3,417,-0.083692715,-0.0016794244,0.9826767444610596
3,418,-0.08643721,-0.002744498,0.9043594598770142
3,419,-0.09037928,-0.0039420733,0.8125610947608948
3,420,-0.09563974,-0.005260464,0.7268510460853577
3,421,-0.103600405,-0.00796066,-0.20159731805324554
3,422,-0.11255189,-0.008951486,0.9262641072273254
3,423,-0.12403241,-0.011480521,-0.11346685886383057
3,424,-0.13794072,-0.013908307,-0.06591198593378067
3,425,-0.15338862,-0.015447895,0.49959227442741394
3,426,-0.17127804,-0.017889425,-0.13438883423805237
3,427,-0.19087934,-0.019601306,0.3101906180381775
3,428,-0.21220523,-0.021325886,0.251071035861969
3,429,-0.23538983,-0.023184592,0.10104990005493164
3,430,-0.2606584,-0.02526858,-0.12123700976371765
3,431,-0.28693613,-0.026277728,0.5097734332084656
3,432,-0.31463438,-0.027698252,0.13935795426368713
3,433,-0.34397048,-0.0293361,-0.11417917907238007
3,434,-0.3742925,-0.030322008,0.19802728295326233
3,435,-0.4048397,-0.030547196,0.5716917514801025
3,436,-0.43616235,-0.03132266,0.0643363669514656
3,437,-0.46718138,-0.031019045,0.6345969438552856
3,438,-0.4991564,-0.031974997,-0.35655879974365234
3,439,-0.53145987,-0.03230347,-0.09688033163547516
3,440,-0.56414133,-0.032681465,-0.29129675030708313
3,441,-0.5955809,-0.031439546,0.6257328391075134
3,442,-0.62498474,-0.029403867,1.0051686763763428
3,443,-0.6541265,-0.029141812,-0.32444655895233154
3,444,-0.68207127,-0.027944753,0.1619514673948288
3,445,-0.7093755,-0.027304225,-0.33583080768585205
3,446,-0.73591113,-0.026535613,-0.3691299259662628
3,447,-0.7608385,-0.0249274,0.08091636002063751
3,448,-0.78371686,-0.02287833,0.27748575806617737
3,449,-0.80506456,-0.02134772,-0.1521458625793457
3,450,-0.82424664,-0.01918211,0.19778785109519958
3,451,-0.84041727,-0.016170595,0.700121283531189
3,452,-0.8544141,-0.013996833,0.09304087609052658
3,453,-0.86621374,-0.011799607,0.06920801848173141
3,454,-0.87523824,-0.009024497,0.42309439182281494
3,455,-0.8821776,-0.0069393306,-0.05965553596615791
3,456,-0.8866483,-0.004470683,0.17919784784317017
3,457,-0.88905466,-0.0024063461,-0.10083002597093582
3,458,-0.8889115,0.00014319585,0.21710489690303802
3,459,-0.88582724,0.0030842293,0.47842636704444885
3,460,-0.8803435,0.005483739,0.12452470511198044
3,461,-0.8723751,0.0079684025,0.19425424933433533
3,462,-0.86179936,0.010575728,0.295565664768219
3,463,-0.8486094,0.013189952,0.32736536860466003
3,464,-0.8326362,0.015973184,0.47595563530921936
3,465,-0.81481326,0.017822905,-0.10000349581241608
3,466,-0.7935854,0.021227816,0.9921520352363586
3,467,-0.7698675,0.023717914,0.4529658854007721
3,468,-0.7446769,0.025190614,-0.14054250717163086
3,469,-0.7167232,0.02795371,0.8159500956535339
3,470,-0.68774074,0.028982464,-0.22666366398334503
3,471,-0.6579835,0.029757272,-0.2714024782180786
3,472,-0.6268903,0.031093167,0.23672771453857422
3,473,-0.5941699,0.0327204,0.5765893459320068
3,474,-0.56129473,0.032875154,-0.24705427885055542
3,475,-0.52723366,0.03406108,0.6025393605232239
3,476,-0.49319103,0.03404262,-0.030482109636068344
3,477,-0.4598166,0.033374418,-0.2936393618583679
3,478,-0.4270659,0.03275068,-0.09885529428720474
3,479,-0.39473754,0.032328367,0.194402277469635
3,480,-0.3631861,0.031551454,0.11043652892112732
3,481,-0.33129182,0.031894263,1.1791765689849854
3,482,-0.30012527,0.031166542,0.4239286482334137
3,483,-0.26997313,0.030152148,0.3592633008956909
3,484,-0.24004488,0.029928256,1.1003023386001587
3,485,-0.21145757,0.028587304,0.35889407992362976
3,486,-0.185665,0.025792576,-0.5207457542419434
3,487,-0.16187778,0.023787215,0.07783824950456619
3,488,-0.13990328,0.021974504,0.26549121737480164
3,489,-0.12002088,0.0198824,0.12727557122707367
3,490,-0.102154225,0.017866654,0.21596089005470276
3,491,-0.08648826,0.015665965,0.12188560515642166
3,492,-0.07202828,0.014459985,0.8068923950195312
3,493,-0.05943094,0.012597343,0.3861455023288727
3,494,-0.04876747,0.010663469,0.3509974479675293
3,495,-0.039077293,0.009690177,1.042729377746582
3,496,-0.03172003,0.0073572616,0.09995029121637344
3,497,-0.026914924,0.0048051067,-0.04231039062142372
3,498,-0.023101673,0.0038132519,1.0068182945251465
3,499,-0.02125469,0.0018469827,0.3518195152282715
3,500,-0.022511235,-0.0012565443,-0.40573838353157043
3,501,-0.02483773,-0.0023264957,0.9495664834976196
3,502,-0.028445868,-0.003608138,0.8076136708259583
3,503,-0.034583736,-0.0061378703,-0.0258864127099514
3,504,-0.042763878,-0.008180142,0.29618945717811584
3,505,-0.05293054,-0.010166663,0.3286231458187103
3,506,-0.06415344,-0.011222897,0.9415422677993774
3,507,-0.07714532,-0.012991881,0.4565715193748474
3,508,-0.092531085,-0.015385761,0.026310060173273087
3,509,-0.1103135,-0.017782414,0.00509370444342494
3,510,-0.12896025,-0.018646758,1.2567417621612549
3,511,-0.14984833,-0.020888077,0.04927089437842369
3,512,-0.17294982,-0.023101492,0.02546529844403267
3,513,-0.19781998,-0.024870155,0.26820796728134155
3,514,-0.22514221,-0.027322235,-0.2530345022678375
3,515,-0.25440753,-0.02926531,0.005349245388060808
3,516,-0.28467444,-0.030266916,0.5366169214248657
3,517,-0.31623846,-0.031564016,0.23019224405288696
3,518,-0.34924036,-0.03300189,0.012631118297576904
3,519,-0.3832451,-0.034004748,0.16400563716888428
3,520,-0.41716063,-0.033915516,0.7407017350196838
3,521,-0.45105734,-0.033896726,0.5357205867767334
3,522,-0.48441738,-0.033360045,0.7176389098167419
3,523,-0.5178839,-0.033466514,0.12447656691074371
3,524,-0.5515513,-0.0336674,-0.10535192489624023
3,525,-0.58416224,-0.032610938,0.564710259437561
3,526,-0.6161622,-0.031999953,0.1061682477593422
3,527,-0.6475392,-0.03137701,-0.04159644991159439
3,528,-0.67835987,-0.030820644,-0.23460979759693146
3,529,-0.7085525,-0.030192642,-0.327635794878006
3,530,-0.7360119,-0.027459431,0.9440974593162537
3,531,-0.7619982,-0.025986252,-0.00951254740357399
3,532,-0.7876464,-0.02564826,-0.8676175475120544
3,533,-0.8100875,-0.022441098,0.9516746401786804
3,534,-0.8305292,-0.020441689,0.07044963538646698
3,535,-0.8490694,-0.01854021,-0.05914796143770218
3,536,-0.8659277,-0.016858265,-0.2595258355140686
3,537,-0.8809477,-0.015020034,-0.20075246691703796
3,538,-0.893071,-0.012123265,0.46754372119903564
3,539,-0.90277046,-0.009699461,0.12421353906393051
3,540,-0.9092104,-0.0064399187,0.660373330116272
3,541,-0.9131812,-0.0039708256,0.1201712116599083
3,542,-0.91458225,-0.001401063,0.17940647900104523
3,543,-0.9134676,0.0011146952,0.14067597687244415
3,544,-0.9105408,0.0029267587,-0.3262859284877777
3,545,-0.90520203,0.0053387852,0.07946321368217468
3,546,-0.89849013,0.006711874,-0.602326512336731
3,547,-0.8884365,0.010053661,0.7243129014968872
3,548,-0.8764995,0.01193705,-0.225582093000412
3,549,-0.8625074,0.013992063,-0.08285841345787048
3,550,-0.8462622,0.016245186,0.08476556092500687
3,551,-0.82690567,0.01935652,0.7013102173805237
3,552,-0.8056452,0.021260433,-0.046483855694532394
3,553,-0.7827076,0.02293765,-0.1297336220741272
3,554,-0.7569471,0.025760481,0.7129270434379578
3,555,-0.72955,0.027397124,0.01734190434217453
3,556,-0.69930327,0.03024671,0.9342463612556458
3,557,-0.66816354,0.031139733,-0.24305208027362823
3,558,-0.63654923,0.031614304,-0.38399538397789
3,559,-0.6026773,0.033871956,0.9510939121246338
3,560,-0.5672774,0.035399888,0.6269277334213257
3,561,-0.53019464,0.037082728,0.904123842716217
3,562,-0.4932049,0.036989756,-0.09495766460895538
3,563,-0.45581394,0.037390936,0.41921326518058777
3,564,-0.4183689,0.037445035,0.3726579248905182
3,565,-0.38222033,0.036148574,-0.3468532860279083
3,566,-0.3471429,0.035077434,-0.028205445036292076
3,567,-0.31193367,0.035209224,0.929506778717041
3,568,-0.2781646,0.033769067,0.028519950807094574
3,569,-0.24591932,0.03224527,0.1033906489610672
3,570,-0.21516556,0.030753756,0.23895399272441864
3,571,-0.18566081,0.02950475,0.49866440892219543
3,572,-0.1579277,0.027733097,0.23365506529808044
3,573,-0.1324794,0.025448313,-0.04010821506381035
3,574,-0.10969342,0.022785977,-0.23813165724277496
3,575,-0.0888857,0.02080772,0.2583964467048645
3,576,-0.0705854,0.018300304,-0.06384861469268799
3,577,-0.05373449,0.016850911,0.6631770133972168
3,578,-0.03805987,0.015674615,0.8608612418174744
3,579,-0.025341624,0.012718247,-0.3150976598262787
3,580,-0.015518765,0.009822859,-0.26840630173683167
3,581,-0.007892236,0.007626529,0.20064039528369904
3,582,-0.0014651719,0.006427064,0.8665564060211182
3,583,0.0027850152,0.004250187,0.21539930999279022
3,584,0.005503713,0.0027186982,0.6456159949302673
3,585,0.0056823506,0.00017863745,-0.026934366673231125
3,586,0.003519689,-0.0021626616,0.10555849969387054
3,587,-0.0011208855,-0.0046405746,0.01463191770017147
3,588,-0.00727253,-0.006151644,0.6592774987220764
3,589,-0.014423579,-0.007151049,1.2593170404434204
3,590,-0.023811024,-0.009387445,0.17417611181735992
3,591,-0.034192093,-0.010381069,1.0781643390655518
3,592,-0.047063474,-0.012871381,-0.0023020878434181213
3,593,-0.062161922,-0.015098449,0.16536983847618103
3,594,-0.07998774,-0.01782582,-0.18047749996185303
3,595,-0.09960075,-0.019613005,0.4274545907974243
3,596,-0.12151274,-0.021911992,0.06015897914767265
3,597,-0.14614718,-0.02463443,-0.2578120529651642
3,598,-0.17273314,-0.02658597,0.20799748599529266
3,599,-0.20127408,-0.028540932,0.14454613626003265
3,600,-0.23210587,-0.03083179,-0.15528596937656403
3,601,-0.26347142,-0.031365555,0.9228387475013733
3,602,-0.29527217,-0.031800743,0.8824588656425476
3,603,-0.3282566,-0.03298444,0.2652987837791443
3,604,-0.36272588,-0.034469284,-0.06813879311084747
3,605,-0.39783406,-0.035108194,0.34756162762641907
3,606,-0.4335669,-0.035732836,0.19758179783821106
3,607,-0.46967298,-0.036106076,0.1958785355091095
3,608,-0.5055175,-0.03584451,0.44283169507980347
3,609,-0.540357,-0.0348395,0.7603689432144165
3,610,-0.57515466,-0.03479765,-0.055854905396699905
3,611,-0.6097334,-0.034578748,-0.11081825196743011
3,612,-0.6434266,-0.0336932,0.16446669399738312
3,613,-0.67627376,-0.03284714,-0.022276854142546654
3,614,-0.70777094,-0.031497154,0.16302825510501862
3,615,-0.7365689,-0.02879796,0.9247445464134216
3,616,-0.7626305,-0.02606158,0.8303844332695007
3,617,-0.7865331,-0.02390262,0.3439768850803375
3,618,-0.8081929,-0.02165979,0.31270265579223633
3,619,-0.8271289,-0.018935999,0.5595751404762268
3,620,-0.8441602,-0.017031288,-0.04663611575961113
3,621,-0.85904837,-0.014888184,0.06180844455957413
3,622,-0.87200546,-0.012957103,-0.12075266242027283
3,623,-0.8816335,-0.009628054,0.7776410579681396
3,624,-0.8889589,-0.007325346,0.06986576318740845
3,625,-0.89307076,-0.0041118828,0.6599379181861877
3,626,-0.8950091,-0.0019383156,-0.04261055216193199
3,627,-0.89475685,0.00025222098,-0.035595644265413284
3,628,-0.89114356,0.0036132792,0.745308518409729
3,629,-0.88512945,0.006014131,0.11323589086532593
3,630,-0.8766637,0.00846579,0.16091789305210114
3,631,-0.8654227,0.011240946,0.3968345820903778
3,632,-0.8519776,0.013445154,0.04454037547111511
3,633,-0.8366697,0.015307902,-0.14708030223846436
3,634,-0.8194132,0.017256485,-0.04610072821378708
3,635,-0.79953873,0.019874427,0.452862024307251
3,636,-0.7781083,0.02143043,-0.1900964081287384
3,637,-0.75480914,0.023299165,0.09336555749177933
3,638,-0.7286821,0.026127022,0.8196825385093689
3,639,-0.70004684,0.028635284,0.710237443447113
3,640,-0.66884196,0.031204853,0.8714340925216675
3,641,-0.63635683,0.032485146,0.15007610619068146
3,642,-0.6015577,0.034799144,0.989565372467041
3,643,-0.56467915,0.03687852,1.1269015073776245
3,644,-0.5265101,0.038169023,0.6554528474807739
3,645,-0.4879395,0.0385706,0.2531633973121643
3,646,-0.44952154,0.038417954,0.07619175314903259
3,647,-0.41159904,0.037922494,0.037038929760456085
3,648,-0.3738825,0.037716538,0.4122160077095032
3,649,-0.33728805,0.036594458,-0.024387169629335403
3,650,-0.30160546,0.035682585,0.2758878767490387
3,651,-0.26596746,0.035638012,1.0018144845962524
3,652,-0.23103026,0.03493721,0.6964812874794006
3,653,-0.19775449,0.033275776,0.17450156807899475
3,654,-0.16505152,0.032702975,1.0382009744644165
3,655,-0.1334218,0.031629723,0.7509897351264954
3,656,-0.10367862,0.029743172,0.277229368686676
3,657,-0.07588272,0.027795903,0.2885163128376007
3,658,-0.049707375,0.02617534,0.5432913899421692
3,659,-0.024535887,0.025171489,0.9789348840713501
3,660,-0.0017609055,0.022774981,0.06448226422071457
3,661,0.018617317,0.020378223,0.06880473345518112
3,662,0.037276704,0.018659387,0.5181770920753479
3,663,0.054529797,0.017253093,0.7187264561653137
3,664,0.06970934,0.015179542,0.2620471715927124
3,665,0.08277052,0.013061182,0.21811378002166748
3,666,0.09490838,0.01213786,1.0090616941452026
3,667,0.10535096,0.01044258,0.46937796473503113
3,668,0.11409089,0.008739931,0.44901612401008606
3,669,0.12051385,0.0064229616,0.02534451149404049
3,670,0.12523213,0.004718281,0.4224672317504883
3,671,0.12845352,0.0032213859,0.5524905323982239
3,672,0.13064258,0.0021890495,0.8562140464782715
3,673,0.13054939,-9.319414e-05,0.01879497431218624
3,674,0.1286793,-0.0018700777,0.35587960481643677
3,675,0.1259932,-0.002686098,1.176774024963379
3,676,0.11976793,-0.006225278,-0.8104331493377686
3,677,0.11175582,-0.0080121085,0.3690164089202881
3,678,0.10140065,-0.010355163,0.011833871714770794
3,679,0.089368485,-0.01203217,0.47213977575302124
3,680,0.07565787,-0.013710617,0.48815906047821045
3,681,0.059737694,-0.015920173,0.150881826877594
3,682,0.04234837,-0.017389322,0.6605409979820251
3,683,0.021645522,-0.020702848,-0.5557830333709717
3,684,-0.0010041232,-0.022649646,0.36528944969177246
3,685,-0.025696613,-0.02469249,0.3047628402709961
3,686,-0.052878413,-0.0271818,0.0021768363658338785
3,687,-0.08234622,-0.029467808,0.12173410505056381
3,688,-0.113741554,-0.031395327,0.3310544788837433
3,689,-0.14665699,-0.03291544,0.5571681261062622
3,690,-0.18068577,-0.034028783,0.7657110095024109
3,691,-0.21535619,-0.034670405,1.2036899328231812
3,692,-0.25186336,-0.036507186,0.10624013096094131
3,693,-0.2899593,-0.038095936,0.15394407510757446
3,694,-0.3293502,-0.03939088,0.21157124638557434
3,695,-0.36865562,-0.039305408,0.9741804599761963
3,696,-0.4089854,-0.040329788,0.06419789046049118
3,697,-0.45001093,-0.041025512,0.0980248674750328
3,698,-0.4922493,-0.0422384,-0.4436335265636444
3,699,-0.5350875,-0.042838197,-0.24334844946861267
3,700,-0.5763396,-0.041252047,1.0211936235427856
3,701,-0.6173986,-0.04105902,-0.13392220437526703
3,702,-0.6578605,-0.04046187,-0.0647357702255249
3,703,-0.6972755,-0.039415017,0.04460012912750244
3,704,-0.7356643,-0.03838878,-0.14546629786491394
3,705,-0.77282625,-0.037161943,-0.17234094440937042
3,706,-0.80765325,-0.034826994,0.423397958278656
3,707,-0.8404015,-0.03274825,0.13131998479366302
3,708,-0.8701005,-0.02969901,0.6767375469207764
3,709,-0.8962883,-0.026187755,0.9039139747619629
3,710,-0.92022806,-0.02393981,-0.00013258923718240112
3,711,-0.9420563,-0.02182822,-0.1394842565059662
3,712,-0.9616496,-0.019593306,-0.09449959546327591
3,713,-0.9790557,-0.017406136,-0.153965026140213
3,714,-0.99374974,-0.014694016,0.17611686885356903
3,715,-1.0044758,-0.010726085,1.0656049251556396
3,716,-1.0140308,-0.009554992,-0.8722684383392334
3,717,-1.0207052,-0.0066744257,0.2619546949863434
3,718,-1.0247422,-0.0040369974,0.09687978774309158
3,719,-1.0263246,-0.0015823783,-0.026473518460989
3,720,-1.0261387,0.00018599808,-0.4844825565814972
3,721,-1.0227126,0.0034260761,0.4967103600502014
3,722,-1.0163524,0.00636014,0.293870210647583
3,723,-1.0070727,0.0092797,0.28683701157569885
3,724,-0.9948353,0.012237387,0.31718507409095764
3,725,-0.9803512,0.014484113,-0.1483280211687088
3,726,-0.96338683,0.016964363,0.020234664902091026
3,727,-0.9437764,0.019610386,0.14975357055664062
3,728,-0.9215122,0.022264268,0.18216583132743835
3,729,-0.8966477,0.024864519,0.18391291797161102
3,730,-0.86932325,0.027324459,0.14041267335414886
3,731,-0.8389953,0.03032799,0.567404568195343
3,732,-0.8072751,0.03172018,-0.4238632023334503
3,733,-0.77240294,0.03487219,0.8480738997459412
3,734,-0.73476046,0.03764246,0.7151652574539185
3,735,-0.6955974,0.039163068,0.027142927050590515
3,736,-0.65389985,0.04169758,0.8673384785652161
3,737,-0.61171323,0.04218661,-0.3090188503265381
3,738,-0.56857455,0.043138698,0.19926638901233673
3,739,-0.5242318,0.044342745,0.5785011649131775
3,740,-0.4783843,0.045847494,1.0031973123550415
3,741,-0.43305287,0.04533143,-0.11866249144077301
3,742,-0.38851342,0.044539448,-0.08080493658781052
3,743,-0.34463972,0.043873698,0.21325576305389404
3,744,-0.30054465,0.04409506,1.124855637550354
3,745,-0.25770944,0.042835202,0.19397641718387604
3,746,-0.21660407,0.04110538,0.039666686207056046
3,747,-0.17598918,0.040614884,1.0184314250946045
3,748,-0.13629587,0.039693315,0.8253403902053833
3,749,-0.098766185,0.037529685,0.08685396611690521
3,750,-0.0630326,0.03573359,0.3966437578201294
3,751,-0.028334804,0.034697793,0.9464248418807983
3,752,0.003956101,0.032290906,0.0560564249753952
3,753,0.034178298,0.030222198,0.2874111533164978
3,754,0.063402236,0.029223934,0.9924037456512451
3,755,0.09117167,0.027769431,0.6669407486915588
3,756,0.11610431,0.024932649,-0.2864764928817749
3,757,0.14018708,0.024082774,1.1987346410751343
3,758,0.16263977,0.022452688,0.434709370136261
3,759,0.18413112,0.02149135,0.8312926292419434
3,760,0.20385584,0.019724725,0.2410343885421753
3,761,0.22295855,0.01910271,0.9499049782752991
3,762,0.24152502,0.018566474,0.9500423669815063
3,763,0.2575878,0.016062759,-0.4211753308773041
3,764,0.2724835,0.01489572,0.41528159379959106
3,765,0.2869169,0.014433428,0.8319435119628906
3,766,0.30122066,0.014303757,1.5424813032150269
3,767,0.31513825,0.013917593,0.7737866044044495
3,768,0.32909232,0.013954077,1.1858402490615845
3,769,0.3417171,0.012624766,0.03206658363342285
3,770,0.35443592,0.0127188135,0.9276478886604309
3,771,0.36699963,0.012563712,0.7065718770027161
3,772,0.37993157,0.012931948,1.46724271774292
3,773,0.3929999,0.013068321,0.7872173190116882
3,774,0.4048693,0.011869404,-0.16286218166351318
3,775,0.41736692,0.012497643,1.194037914276123
3,776,0.42927548,0.011908575,0.12950125336647034
3,777,0.44091335,0.011637867,0.2848763167858124
3,778,0.45250252,0.011589171,0.37673598527908325
4,1,-0.58436817,0.0011433205,0.4544268548488617
4,2,-0.5812716,0.0030965705,1.2463231086730957
4,3,-0.5763621,0.004909513,0.9217008948326111
4,4,-0.5696062,0.006755912,0.968216598033905
4,5,-0.5618432,0.007762963,0.44205978512763977
4,6,-0.55331916,0.008524031,0.31657588481903076
4,7,-0.5440016,0.009317561,0.3806145489215851
4,8,-0.5344231,0.009578438,0.07196734100580215
4,9,-0.52480876,0.00961436,-0.030164141207933426
4,10,-0.5139717,0.010837081,0.8090975284576416
4,11,-0.5017068,0.012264888,1.0910159349441528
4,12,-0.48810595,0.013600816,1.1458888053894043
4,13,-0.47476187,0.013344074,0.005967434030026197
4,14,-0.4616038,0.013158072,0.11931034177541733
4,15,-0.44839516,0.013208629,0.3418956995010376
4,16,-0.43564636,0.01274882,0.06629703938961029
4,17,-0.42280763,0.01283871,0.49460411071777344
4,18,-0.40930995,0.013497691,0.9356316924095154
4,19,-0.39622986,0.013080101,0.281920462846756
4,20,-0.3841511,0.012078773,-0.04609193280339241
4,21,-0.37166786,0.01248325,0.9467298984527588
4,22,-0.35983923,0.011828619,0.2972029745578766
4,23,-0.34918487,0.010654375,0.0034264647401869297
4,24,-0.33827972,0.010905148,1.2868667840957642
4,25,-0.3275108,0.010768932,0.7887832522392273
4,26,-0.31701443,0.010496385,0.743164598941803
4,27,-0.30789655,0.009117886,0.04905753210186958
4,28,-0.30077147,0.007125091,-0.32372966408729553
4,29,-0.2952178,0.005553665,-0.014624744653701782
4,30,-0.29102856,0.0041892543,0.1450323462486267
4,31,-0.28696224,0.0040663304,0.9888258576393127
4,32,-0.28419665,0.0027656013,0.21912264823913574
4,33,-0.2820705,0.002126146,0.670421838760376
4,34,-0.2818917,0.0001787893,-0.1935301125049591
4,35,-0.28430447,-0.002412771,-0.6223299503326416
4,36,-0.28686172,-0.00255725,1.0180106163024902
4,37,-0.28986135,-0.0029996363,0.7917321920394897
4,38,-0.29453453,-0.004673189,-0.04046096280217171
4,39,-0.30076844,-0.006233904,0.01680605486035347
4,40,-0.3073399,-0.006571465,0.807963490486145
4,41,-0.31560513,-0.008265238,-0.12216198444366455
4,42,-0.3254275,-0.009822367,-0.06430120766162872
4,43,-0.33609447,-0.0106669525,0.3704530894756317
4,44,-0.3482344,-0.01213992,-0.09312243014574051
4,45,-0.36095518,-0.01272078,0.44969066977500916
4,46,-0.37451205,-0.01355687,0.2239389717578888
4,47,-0.38808528,-0.0135732265,0.709923267364502
4,48,-0.40280274,-0.014717453,-0.10376064479351044
4,49,-0.41751203,-0.014709285,0.59629225730896
4,50,-0.43270767,-0.015195637,0.1972903460264206
4,51,-0.44876143,-0.01605376,-0.12323715537786484
4,52,-0.46421665,-0.0154552115,0.7700836062431335
4,53,-0.47861487,-0.014398226,1.0244959592819214
4,54,-0.4935715,-0.014956613,-0.14802101254463196
4,55,-0.507253,-0.013681513,1.0142656564712524
4,56,-0.52088404,-0.013631055,0.11533500254154205
4,57,-0.5347077,-0.013823716,-0.11486691981554031
4,58,-0.548332,-0.01362423,0.07745609432458878
4,59,-0.5602709,-0.011938902,1.1432143449783325
4,60,-0.5722995,-0.0120285535,-0.24275898933410645
4,61,-0.5831221,-0.010822575,0.5613478422164917
4,62,-0.5924256,-0.009303515,0.7166692614555359
4,63,-0.60165685,-0.00923125,-0.29351741075515747
4,64,-0.60889506,-0.007238192,0.9419722557067871
4,65,-0.61402625,-0.0051311604,0.9828454852104187
4,66,-0.6178974,-0.0038711503,0.3933947682380676
4,67,-0.6210614,-0.0031639847,0.0062144240364432335
4,68,-0.62406117,-0.002999798,-0.3709413409233093
4,69,-0.6259986,-0.001937438,0.21349802613258362
4,70,-0.6258525,0.00014607036,0.8850215077400208
4,71,-0.62450856,0.0013439953,0.295328825712204
4,72,-0.62124926,0.0032593012,0.779992938041687
4,73,-0.6157704,0.0054788524,0.9984021186828613
4,74,-0.6082223,0.0075481026,0.9244924187660217
4,75,-0.5985463,0.009675983,1.0661656856536865
4,76,-0.5881597,0.010386673,0.10220475494861603
4,77,-0.5761472,0.012012507,0.7630990743637085
4,78,-0.564488,0.0116591845,-0.49720364809036255
4,79,-0.551923,0.012565037,0.39996784925460815
4,80,-0.53886646,0.01305654,0.18621808290481567
4,81,-0.52473164,0.014134795,0.6425251364707947
4,82,-0.50981945,0.01491216,0.5125787258148193
4,83,-0.4939879,0.015831554,0.6818068027496338
4,84,-0.47687814,0.017109765,1.5122840404510498
4,85,-0.45985082,0.017027333,0.1778843253850937
4,86,-0.44296923,0.016881593,0.21964038908481598
4,87,-0.42619064,0.016778596,0.3305637240409851
4,88,-0.40911433,0.017076302,0.6786089539527893
4,89,-0.3920708,0.017043535,0.5393891930580139
4,90,-0.37448832,0.017582474,1.0090097188949585
4,91,-0.35748187,0.01700645,0.3369184732437134
4,92,-0.34174815,0.015733715,-0.051859769970178604
4,93,-0.3271923,0.0145558305,0.07955988496541977
4,94,-0.31373796,0.013454348,0.1918654888868332
4,95,-0.301571,0.012166933,0.12306918203830719
4,96,-0.28958425,0.011986752,0.9097311496734619
4,97,-0.27879062,0.010793629,0.2808835506439209
4,98,-0.26933718,0.009453433,0.22346900403499603
4,99,-0.2602523,0.009084886,0.9058640599250793
4,100,-0.25261095,0.0076413415,0.22160544991493225
4,101,-0.24703975,0.0055711954,-0.16955195367336273
4,102,-0.2419801,0.0050596404,0.8884856700897217
4,103,-0.23903453,0.002945576,-0.16291701793670654
4,104,-0.23787948,0.001155046,0.06250067055225372
4,105,-0.23882653,-0.000947039,-0.14141471683979034
4,106,-0.24160047,-0.0027739343,0.038940489292144775
4,107,-0.24687323,-0.0052727642,-0.41816821694374084
4,108,-0.25431615,-0.007442909,-0.2166789025068283
4,109,-0.26327607,-0.008959909,0.19333600997924805
4,110,-0.27258265,-0.009306591,0.9421575665473938
4,111,-0.28310356,-0.010520891,0.33024299144744873
4,112,-0.29439485,-0.011291307,0.5872237682342529
4,113,-0.30797544,-0.013580579,-0.46835872530937195
4,114,-0.32156274,-0.013587308,1.086422085762024
4,115,-0.33507422,-0.013511491,1.2052479982376099
4,116,-0.349809,-0.014734787,0.07763618975877762
4,117,-0.36562142,-0.015812414,0.11169487982988358
4,118,-0.38148883,-0.015867408,0.7239845395088196
4,119,-0.39846665,-0.016977817,-0.05105265602469444
4,120,-0.41541472,-0.016948061,0.6309062242507935
4,121,-0.4323122,-0.016897464,0.565205454826355
4,122,-0.44955903,-0.017246852,0.21782423555850983
4,123,-0.46643478,-0.016875753,0.6145612001419067
4,124,-0.48417863,-0.017743854,-0.2943122386932373
4,125,-0.50232077,-0.018142156,-0.06889307498931885
4,126,-0.5197539,-0.017433092,0.5790274143218994
4,127,-0.53594095,-0.01618708,0.8498990535736084
4,128,-0.5515331,-0.015592147,0.33492511510849
4,129,-0.56709296,-0.015559832,-0.11796513944864273
4,130,-0.5825999,-0.015506895,-0.1815633326768875
4,131,-0.59877074,-0.016170872,-0.7361193299293518
4,132,-0.6157064,-0.016935656,-0.882537841796875
4,133,-0.63176477,-0.0160584,0.13013795018196106
4,134,-0.6463566,-0.014591798,0.44634631276130676
4,135,-0.65926796,-0.01291138,0.5202699303627014
4,136,-0.67038757,-0.011119594,0.534752368927002
4,137,-0.68009716,-0.009709594,0.22954867780208588
4,138,-0.6889634,-0.008866247,-0.19182910025119781
4,139,-0.69717973,-0.008216332,-0.3600463271141052
4,140,-0.70484066,-0.0076609356,-0.4589436650276184
4,141,-0.71120805,-0.0063674087,0.0001379624882247299
4,142,-0.7158569,-0.0046488615,0.2563982307910919
4,143,-0.7181651,-0.0023082015,0.6515682935714722
4,144,-0.7187965,-0.0006313631,0.19936856627464294
4,145,-0.7183597,0.0004367628,-0.20907241106033325
4,146,-0.71610713,0.0022525876,0.29121431708335876
4,147,-0.71237326,0.0037338543,0.07759108394384384
4,148,-0.7075611,0.0048121945,-0.17532849311828613
4,149,-0.7002425,0.007318562,0.7970867156982422
4,150,-0.69178575,0.008456776,-0.08364704996347427
4,151,-0.6817569,0.010028857,0.24234890937805176
4,152,-0.6705428,0.0112141585,0.02874959260225296
4,153,-0.6582634,0.012279393,-0.000996992108412087
4,154,-0.64527243,0.012990949,-0.18078604340553284
4,155,-0.63160694,0.013665475,-0.14526428282260895
4,156,-0.61730665,0.014300274,-0.10744141042232513
4,157,-0.60258615,0.014720482,-0.1822536736726761
4,158,-0.58642775,0.016158411,0.5673685073852539
4,159,-0.56930685,0.01712088,0.3293575346469879
4,160,-0.5517915,0.01751539,0.03518182411789894
4,161,-0.5325649,0.019226583,1.072346806526184
4,162,-0.51337165,0.019193219,-0.067067950963974
4,163,-0.49435362,0.019018017,-0.06567362695932388
4,164,-0.4758413,0.01851231,-0.19109897315502167
4,165,-0.45705834,0.018782962,0.41840505599975586
4,166,-0.4382756,0.018782731,0.3303431570529938
4,167,-0.41991675,0.018358864,0.13939440250396729
4,168,-0.4023914,0.017525345,-0.04558791592717171
4,169,-0.38531238,0.017079037,0.29523125290870667
4,170,-0.36864227,0.016670115,0.3991541564464569
4,171,-0.35159293,0.01704935,1.0141187906265259
4,172,-0.33427712,0.0173158,1.0462008714675903
4,173,-0.3179468,0.016330337,0.23955492675304413
4,174,-0.30174497,0.016201833,0.8785889744758606
4,175,-0.28598386,0.015761105,0.7353489398956299
4,176,-0.27164507,0.014338805,0.14178085327148438
4,177,-0.258799,0.012846089,0.14804813265800476
4,178,-0.2462365,0.012562482,1.065386176109314
4,179,-0.2342163,0.012020206,0.8707134127616882
4,180,-0.22338487,0.010831427,0.4793689548969269
4,181,-0.21491058,0.008474298,-0.26521021127700806
4,182,-0.2080706,0.0068399752,0.24255318939685822
4,183,-0.20335853,0.0047120745,-0.06622722744941711
4,184,-0.20008521,0.0032733302,0.40684500336647034
4,185,-0.19900712,0.001078082,-0.08818003535270691
4,186,-0.19940175,-0.00039462675,0.3965505063533783
4,187,-0.20197392,-0.002572169,-0.07444881647825241
4,188,-0.20560956,-0.003635652,0.6609739661216736
4,189,-0.20999797,-0.004388401,0.8576957583427429
4,190,-0.21571761,-0.0057196403,0.4592256247997284
4,191,-0.22294089,-0.0072232746,0.32724982500076294
4,192,-0.23181438,-0.008873492,0.20744210481643677
4,193,-0.2429134,-0.01109901,-0.20406222343444824
4,194,-0.25553775,-0.012624351,0.22646202147006989
4,195,-0.26855308,-0.013015316,0.9397972822189331
4,196,-0.28254852,-0.013995446,0.500973105430603
4,197,-0.29804388,-0.015495371,0.10296708345413208
4,198,-0.31481194,-0.016768076,0.19519078731536865
4,199,-0.33218044,-0.017368484,0.5767278671264648
4,200,-0.3511278,-0.018947367,-0.14723855257034302
4,201,-0.37056714,-0.019439327,0.4964153468608856
4,202,-0.38975248,-0.019185338,0.9078876376152039
4,203,-0.4090213,-0.019268814,0.5957417488098145
4,204,-0.42886245,-0.019841172,0.18010106682777405
4,205,-0.44865358,-0.019791124,0.5006948709487915
4,206,-0.4689099,-0.020256314,0.06144961342215538
4,207,-0.4896082,-0.02069832,-0.022450566291809082
4,208,-0.51044583,-0.020837635,0.07678251713514328
4,209,-0.5315162,-0.021070343,-0.08939056843519211
4,210,-0.5520617,-0.020545498,0.31031349301338196
4,211,-0.5717231,-0.019661441,0.4472285509109497
4,212,-0.5911212,-0.019398095,-0.06422216445207596
4,213,-0.60969543,-0.018574253,0.2139206826686859
4,214,-0.6265918,-0.016896367,0.6928771138191223
4,215,-0.64266956,-0.016077785,0.03891138732433319
4,216,-0.6566564,-0.013986816,0.811206042766571
4,217,-0.6689023,-0.01224587,0.5128694772720337
4,218,-0.67859256,-0.00969028,1.1196097135543823
4,219,-0.6869544,-0.008361822,0.13829489052295685
4,220,-0.69329214,-0.0063377335,0.5649176239967346
4,221,-0.69693476,-0.0036426133,0.984456479549408
4,222,-0.69851494,-0.0015801697,0.5468173623085022
4,223,-0.69832706,0.00018787036,0.3437010943889618
4,224,-0.69680977,0.001517284,0.05209658667445183
4,225,-0.69401413,0.002795665,0.02465135231614113
4,226,-0.69071317,0.0033009613,-0.4785763919353485
4,227,-0.68624514,0.0044680084,-0.02297515980899334
4,228,-0.6805222,0.005722944,0.05527975782752037
4,229,-0.6735893,0.0069329096,0.05068892985582352
4,230,-0.66615736,0.0074319113,-0.3922319710254669
4,231,-0.65798,0.00817732,-0.1943230777978897
4,232,-0.64966166,0.008318341,-0.559838593006134
4,233,-0.6402838,0.00937786,0.09094985574483871
4,234,-0.630057,0.010226832,-0.00560153741389513
4,235,-0.6194348,0.010622184,-0.25972023606300354
4,236,-0.60715085,0.012283898,0.6352038383483887
4,237,-0.5942886,0.0128622465,-0.02783394604921341
4,238,-0.5804382,0.013850372,0.3079451322555542
4,239,-0.5656041,0.01483411,0.37300312519073486
4,240,-0.54940027,0.016203849,0.7036886811256409
4,241,-0.53268826,0.01671203,0.20990929007530212
4,242,-0.51440805,0.018280193,1.0388679504394531
4,243,-0.4960336,0.018374441,0.10877931118011475
4,244,-0.47768718,0.01834643,0.11899517476558685
4,245,-0.45943126,0.018255925,0.16849543154239655
4,246,-0.441374,0.018057259,0.18641583621501923
4,247,-0.42360175,0.017772269,0.2169731706380844
4,248,-0.40509504,0.01850671,0.9821462631225586
4,249,-0.3859585,0.019136535,1.1884193420410156
4,250,-0.36658937,0.019369124,0.8238698840141296
4,251,-0.34741974,0.019169642,0.6233506202697754
4,252,-0.32801077,0.019408965,1.3238298892974854
4,253,-0.31058004,0.017430736,-0.3960378170013428
4,254,-0.29446918,0.016110873,0.11415501683950424
4,255,-0.2796382,0.014830972,0.20426779985427856
4,256,-0.26626012,0.013378079,0.14518898725509644
4,257,-0.25493324,0.011326887,-0.20482663810253143
4,258,-0.24538085,0.009552387,0.019534727558493614
4,259,-0.23638198,0.008998868,0.8660944104194641
4,260,-0.22842771,0.007954263,0.5684605240821838
4,261,-0.22218609,0.006241627,0.1486423909664154
4,262,-0.21668339,0.005502705,0.8173090219497681
4,263,-0.2130133,0.0036700766,0.10500343888998032
4,264,-0.21124557,0.0017677344,0.06955314427614212
4,265,-0.21033485,0.00091072003,0.771691083908081
4,266,-0.21043076,-9.590082e-05,0.6746448874473572
4,267,-0.21314003,-0.0027092702,-0.3968037962913513
4,268,-0.21708591,-0.0039458876,0.5129917860031128
4,269,-0.22408944,-0.007003524,-0.7128875255584717
4,270,-0.23290059,-0.00881115,0.09893469512462616
4,271,-0.2443347,-0.011434103,-0.47250574827194214
4,272,-0.25749165,-0.01315694,0.09005485475063324
4,273,-0.271985,-0.014493335,0.30271247029304504
4,274,-0.28869843,-0.016713442,-0.3381158411502838
4,275,-0.30743462,-0.018736182,-0.2688158452510834
4,276,-0.32754314,-0.020108532,0.09174278378486633
4,277,-0.34843338,-0.020890223,0.40360164642333984
4,278,-0.37119615,-0.022762772,-0.4122953414916992
4,279,-0.39461666,-0.023420503,0.29725292325019836
4,280,-0.41863573,-0.024019064,0.22989629209041595
4,281,-0.44263947,-0.02400375,0.5263944864273071
4,282,-0.46732295,-0.024683485,-0.05232767015695572
4,283,-0.49244174,-0.025118787,-0.010156840085983276
4,284,-0.5162939,-0.023852125,1.0460491180419922
4,285,-0.54026556,-0.023971668,-0.04317356273531914
4,286,-0.5626123,-0.022346718,1.241506576538086
4,287,-0.584819,-0.02220675,-0.10131043195724487
4,288,-0.60735327,-0.022534264,-0.5227257609367371
4,289,-0.6294862,-0.022132913,-0.1468116194009781
4,290,-0.65089655,-0.021410318,-0.03884859010577202
4,291,-0.66987514,-0.018978624,1.105273723602295
4,292,-0.68759596,-0.017720843,0.1303870677947998
4,293,-0.7040453,-0.016449347,0.06036040931940079
4,294,-0.71870714,-0.014661863,0.3328483998775482
4,295,-0.7314227,-0.012715549,0.376758873462677
4,296,-0.7430409,-0.011618201,-0.24152988195419312
4,297,-0.7529204,-0.009879443,0.13951542973518372
4,298,-0.76088,-0.007959604,0.22161531448364258
4,299,-0.7659506,-0.00507062,0.8372712731361389
4,300,-0.769271,-0.0033204183,0.05901365354657173
4,301,-0.77037305,-0.001102033,0.3587871491909027
4,302,-0.76918674,0.0011862912,0.40133899450302124
4,303,-0.76523966,0.003947062,0.7206894159317017
4,304,-0.7588177,0.00642198,0.5448161363601685
4,305,-0.7504032,0.00841446,0.2474304437637329
4,306,-0.738916,0.0114872465,1.0563960075378418
4,307,-0.72635984,0.012556136,-0.2906714677810669
4,308,-0.71164703,0.014712813,0.48535260558128357
4,309,-0.6948719,0.016775131,0.48372334241867065
4,310,-0.676525,0.018346934,0.22868987917900085
4,311,-0.657564,0.018960997,-0.3287125527858734
4,312,-0.63755816,0.020005848,0.04462830722332001
4,313,-0.61746716,0.020090977,-0.502009391784668
4,314,-0.5956227,0.021844452,0.7058205604553223
4,315,-0.5717423,0.023880439,1.1078859567642212
4,316,-0.54701537,0.024726918,0.3244377374649048
4,317,-0.5218314,0.02518399,0.1877279132604599
4,318,-0.4962028,0.025628611,0.30525049567222595
4,319,-0.470748,0.025454802,0.02095317468047142
4,320,-0.44418794,0.026560081,1.0473556518554688
4,321,-0.41674468,0.027443256,0.9820918440818787
4,322,-0.38879904,0.02794565,0.8600971698760986
4,323,-0.36159834,0.027200706,0.15914751589298248
4,324,-0.33417907,0.027419263,0.9241945743560791
4,325,-0.30660522,0.02757385,1.0652676820755005
4,326,-0.27987623,0.02672899,0.44670408964157104
4,327,-0.25331658,0.026559642,1.1421194076538086
4,328,-0.22879905,0.024517534,-0.1532866209745407
4,329,-0.2055187,0.023280347,0.46443259716033936
4,330,-0.18525705,0.020261653,-0.652671754360199
4,331,-0.16700996,0.018247075,0.07277176529169083
4,332,-0.15121403,0.015795931,-0.17228199541568756
4,333,-0.13682742,0.014386615,0.5585503578186035
4,334,-0.12368724,0.013140184,0.6972601413726807
4,335,-0.1124114,0.011275836,0.3103395700454712
4,336,-0.10199475,0.010416653,1.062931776046753
4,337,-0.09327085,0.008723902,0.46075037121772766
4,338,-0.08643095,0.0068399035,0.3458467721939087
4,339,-0.08163281,0.0047981464,0.24978116154670715
4,340,-0.07914208,0.0024907293,0.07865849882364273
4,341,-0.07903054,0.00011153629,0.033782221376895905
4,342,-0.07984907,-0.00081852666,1.0876634120941162
4,343,-0.083029225,-0.0031801567,0.044655852019786835
4,344,-0.0871469,-0.004117678,0.9902154207229614
4,345,-0.0935067,-0.006359798,0.11528430134057999
4,346,-0.10200189,-0.008495193,0.17792271077632904
4,347,-0.11273983,-0.010737944,0.09407336264848709
4,348,-0.12454552,-0.011805689,0.8604152202606201
4,349,-0.1383366,-0.013791084,0.22808018326759338
4,350,-0.15341172,-0.015075119,0.66916424036026
4,351,-0.16986223,-0.016450513,0.5763177871704102
4,352,-0.18855123,-0.018689014,-0.03742348402738571
4,353,-0.20946933,-0.020918095,-0.07899050414562225
4,354,-0.23171341,-0.022244077,0.4642865061759949
4,355,-0.2543774,-0.022663986,1.1171936988830566
4,356,-0.27840033,-0.024022922,0.2985004484653473
4,357,-0.30439457,-0.025994252,-0.19583940505981445
4,358,-0.3312715,-0.026876932,0.43026202917099
4,359,-0.36023146,-0.028959949,-0.4795165956020355
4,360,-0.38952696,-0.029295512,0.5608181953430176
4,361,-0.4192927,-0.029765729,0.3389519155025482
4,362,-0.4491808,-0.02988811,0.4314733147621155
4,363,-0.4797161,-0.030535286,-0.062444720417261124
4,364,-0.510314,-0.03059792,0.1770246922969818
4,365,-0.53983074,-0.029516764,0.7871772050857544
4,366,-0.56834,-0.028509246,0.5905503034591675
4,367,-0.5950147,-0.026674693,1.024791955947876
4,368,-0.62118304,-0.026168356,-0.016795920208096504
4,369,-0.64553314,-0.02435012,0.7311758399009705
4,370,-0.6687237,-0.02319055,0.1768801063299179
4,371,-0.6908568,-0.022133136,0.0020258580334484577
4,372,-0.7102875,-0.019430682,1.0807245969772339
4,373,-0.7285572,-0.018269746,-0.11144678294658661
4,374,-0.7452794,-0.016722143,0.07030801475048065
4,375,-0.75925285,-0.013973485,0.8039516806602478
4,376,-0.7711704,-0.01191754,0.2880847156047821
4,377,-0.7804778,-0.009307421,0.6129292845726013
4,378,-0.78687006,-0.0063922578,0.7824546098709106
4,379,-0.7907325,-0.0038624455,0.5028377175331116
4,380,-0.7928056,-0.0020731166,-0.0043333470821380615
4,381,-0.79298735,-0.00018174044,0.056509990245103836
4,382,-0.79100555,0.0019817816,0.23731258511543274
4,383,-0.7866319,0.0043736473,0.3964083194732666
4,384,-0.7805601,0.006071818,-0.05075124278664589
4,385,-0.77275145,0.007808628,-0.0034092075657099485
4,386,-0.7618134,0.010938037,0.9533115029335022
4,387,-0.74887574,0.012937659,0.2408338189125061
4,388,-0.7333736,0.0155021725,0.667099118232727
4,389,-0.71715474,0.016218824,-0.5032299160957336
4,390,-0.69937843,0.017776314,0.12402256578207016
4,391,-0.6793955,0.019982936,0.6323551535606384
4,392,-0.65694726,0.022448258,0.8926182985305786
4,393,-0.6333646,0.023582662,0.10716795921325684
4,394,-0.60761994,0.02574465,0.9023618698120117
4,395,-0.58122176,0.02639819,0.020021293312311172
4,396,-0.55383444,0.027387293,0.37272027134895325
4,397,-0.52597696,0.027857488,0.16249258816242218
4,398,-0.4979417,0.028035248,0.10661595314741135
4,399,-0.4691942,0.028747506,0.6029974818229675
4,400,-0.44046375,0.028730456,0.2594497501850128
4,401,-0.4123656,0.028098153,-0.010156268253922462
4,402,-0.3849691,0.027396487,0.07812364399433136
4,403,-0.35836276,0.026606316,0.14655810594558716
4,404,-0.3326099,0.02575288,0.22380004823207855
4,405,-0.30814624,0.024463654,0.044061124324798584
4,406,-0.28454757,0.023598673,0.4271502196788788
4,407,-0.26114002,0.023407562,0.9679961800575256
4,408,-0.23966645,0.02147357,-0.10848783701658249
4,409,-0.21995194,0.019714504,0.08139829337596893
4,410,-0.20071264,0.019239303,1.0264424085617065
4,411,-0.18203364,0.018678986,1.0363965034484863
4,412,-0.16489372,0.017139923,0.39821821451187134
4,413,-0.14913319,0.01576053,0.5472719669342041
4,414,-0.13565789,0.013475303,-0.02085942029953003
4,415,-0.12454498,0.0111129135,-0.04438803717494011
4,416,-0.11516205,0.009382926,0.39835283160209656
4,417,-0.106631406,0.008530648,1.5307912826538086
4,418,-0.10017806,0.0064533427,0.19724398851394653
4,419,-0.09640114,0.003776926,-0.19231368601322174
4,420,-0.09423795,0.0021631857,0.5216253399848938
4,421,-0.09297552,0.0012624309,1.0341756343841553
4,422,-0.09430062,-0.0013251037,-0.12277048081159592
4,423,-0.09752519,-0.0032245682,0.33410611748695374
4,424,-0.10164352,-0.004118329,1.0149188041687012
4,425,-0.10842284,-0.006779324,-0.18421678245067596
4,426,-0.117566235,-0.009143394,0.0032280597370117903
4,427,-0.12836349,-0.010797262,0.46149495244026184
4,428,-0.1409184,-0.012554913,0.3728402256965637
4,429,-0.15593022,-0.015011817,-0.1179998442530632
4,430,-0.173137,-0.017206768,0.024311024695634842
4,431,-0.19216785,-0.01903085,0.23079785704612732
4,432,-0.21332279,-0.021154946,-0.018773559480905533
4,433,-0.23681301,-0.023490215,-0.21998807787895203
4,434,-0.2611668,-0.024353787,0.6877438426017761
4,435,-0.28699908,-0.025832267,0.1950920820236206
4,436,-0.314636,-0.027636908,-0.11695747077465057
4,437,-0.34388018,-0.029244194,-0.09381091594696045
4,438,-0.37383494,-0.029954774,0.38196590542793274
4,439,-0.40388316,-0.030048233,0.6615734100341797
4,440,-0.43354777,-0.029664611,0.8415396809577942
4,441,-0.4637773,-0.030229546,0.06817516684532166
4,442,-0.49321526,-0.029437961,0.825228214263916
4,443,-0.52301365,-0.029798396,-0.08858314156532288
4,444,-0.55285734,-0.029843682,-0.027264852076768875
4,445,-0.5824747,-0.029617364,0.004773660097271204
4,446,-0.6130926,-0.030617908,-0.9598811268806458
4,447,-0.6415473,-0.028454738,1.000861406326294
4,448,-0.6691416,-0.027594257,-0.0038597427774220705
4,449,-0.69417864,-0.025037041,1.097220778465271
4,450,-0.717381,-0.023202334,0.40697982907295227
4,451,-0.73937166,-0.021990675,-0.10747729241847992
4,452,-0.75993276,-0.020561075,-0.052015312016010284
4,453,-0.7791295,-0.019196736,-0.17556805908679962
4,454,-0.7965211,-0.017391609,0.047277070581912994
4,455,-0.81191206,-0.0153909465,0.11660152673721313
4,456,-0.824679,-0.012766963,0.4808955788612366
4,457,-0.83553255,-0.01085353,-0.03327346593141556
4,458,-0.8428734,-0.0073408433,1.0271626710891724
4,459,-0.847018,-0.0041445843,0.76760333776474
4,460,-0.84924287,-0.002224878,-0.09524805843830109
4,461,-0.8480735,0.0011693612,0.8815183043479919
4,462,-0.8449155,0.0031579807,-0.05228114500641823
4,463,-0.8409492,0.003966335,-0.830181360244751
4,464,-0.834628,0.0063211666,0.21220935881137848
4,465,-0.826194,0.008433985,0.06944189965724945
4,466,-0.8142896,0.011904341,1.2317259311676025
4,467,-0.7998632,0.014426392,0.40526098012924194
4,468,-0.78209406,0.017769182,1.2200945615768433
4,469,-0.7622625,0.019831542,0.20813485980033875
4,470,-0.74049443,0.021768076,0.19708037376403809
4,471,-0.71574414,0.024750274,0.9785767793655396
4,472,-0.68936026,0.02638389,0.18067800998687744
4,473,-0.66097695,0.028383292,0.5378668308258057
4,474,-0.6314784,0.029498547,0.0758931115269661
4,475,-0.6008155,0.03066295,0.24623697996139526
4,476,-0.5680786,0.03273691,1.0710420608520508
4,477,-0.53449607,0.033582527,0.34200695157051086
4,478,-0.4996847,0.03481139,0.7647645473480225
4,479,-0.46522346,0.034461237,-0.11396731436252594
4,480,-0.4296978,0.035525657,1.1833239793777466
4,481,-0.39336714,0.036330678,1.146103024482727
4,482,-0.35651004,0.0368571,0.9856646656990051
4,483,-0.32077664,0.035733398,0.051759570837020874
4,484,-0.28653863,0.034238026,-0.044232744723558426
4,485,-0.25416178,0.03237686,-0.152896910905838
4,486,-0.22355874,0.030603042,0.022658035159111023
4,487,-0.1940414,0.029517336,0.5818654894828796
4,488,-0.16680755,0.02723385,-0.13016274571418762
4,489,-0.14032833,0.026479209,0.959204912185669
4,490,-0.11591443,0.024413902,0.14427421987056732
4,491,-0.09374556,0.022168864,0.07021443545818329
4,492,-0.07413657,0.019608991,-0.1053939163684845
4,493,-0.056400917,0.017735653,0.3767220675945282
4,494,-0.040808037,0.01559288,0.21435049176216125
4,495,-0.02838892,0.012419118,-0.4616486728191376
4,496,-0.018224873,0.010164046,0.1572447568178177
4,497,-0.009765207,0.008459666,0.5279227495193481
4,498,-0.0036716415,0.0060935654,0.08855128288269043
4,499,0.0007887576,0.004460399,0.5777879953384399
4,500,0.0032782478,0.0024894902,0.35272279381752014
4,501,0.0027172826,-0.00056096516,-0.36705082654953003
4,502,0.0011564005,-0.0015608821,1.0280694961547852
4,503,-0.0018227091,-0.0029791095,0.7211716175079346
4,504,-0.006165418,-0.0043427087,0.7575756311416626
4,505,-0.011507699,-0.005342281,1.3622806072235107
4,506,-0.019232132,-0.0077244327,0.07757238298654556
4,507,-0.02936538,-0.010133249,0.058016058057546616
4,508,-0.041613694,-0.012248316,0.2501589059829712
4,509,-0.056961786,-0.01534809,-0.4128202497959137
4,510,-0.073273465,-0.016311677,1.0022828578948975
4,511,-0.09157305,-0.018299589,0.3012867867946625
4,512,-0.11179803,-0.020224981,0.32057464122772217
4,513,-0.13380069,-0.022002647,0.3886900544166565
4,514,-0.15826495,-0.02446427,-0.1068916991353035
4,515,-0.18458612,-0.026321178,0.24437206983566284
4,516,-0.21282099,-0.028234875,0.14179299771785736
4,517,-0.24290763,-0.03008664,0.10384398698806763
4,518,-0.2733619,-0.030454272,0.9982881546020508
4,519,-0.3049592,-0.031597313,0.37490352988243103
4,520,-0.33823034,-0.03327113,-0.09939812868833542
4,521,-0.37181336,-0.03358301,0.6718840599060059
4,522,-0.40647012,-0.034656763,0.017135294154286385
4,523,-0.44113255,-0.034662437,0.5698843598365784
4,524,-0.47581714,-0.03468459,0.39336851239204407
4,525,-0.5105751,-0.034757968,0.18917235732078552
4,526,-0.54432434,-0.03374923,0.7375932931900024
4,527,-0.57808185,-0.03375751,-0.10908317565917969
4,528,-0.6115995,-0.033517636,-0.1112876832485199
4,529,-0.64434594,-0.03274645,0.07921385020017624
4,530,-0.6763122,-0.03196628,-0.07050666958093643
4,531,-0.7056728,-0.029360577,1.022384762763977
4,532,-0.7329978,-0.027324967,0.4913020730018616
4,533,-0.75900084,-0.02600309,-0.0982268825173378
4,534,-0.7832657,-0.02426489,0.0772135779261589
4,535,-0.8055611,-0.022295423,0.14203044772148132
4,536,-0.8248301,-0.01926896,0.7700424194335938
4,537,-0.84214824,-0.017318113,-0.008798442780971527
4,538,-0.8572037,-0.015055463,0.14728647470474243
4,539,-0.86966693,-0.012463223,0.3249749541282654
4,540,-0.87973267,-0.010065716,0.1625152975320816
4,541,-0.88730466,-0.007572004,0.20175451040267944
4,542,-0.892263,-0.0049583274,0.2638790011405945
4,543,-0.89444274,-0.0021797477,0.36253708600997925
4,544,-0.8941751,0.00026765084,0.1368962824344635
4,545,-0.8918257,0.002349449,-0.10624474287033081
4,546,-0.887548,0.004277652,-0.20339928567409515
4,547,-0.88086146,0.006686591,0.1268259435892105
4,548,-0.87194204,0.008919394,0.025106029585003853
4,549,-0.8607446,0.011197476,0.07715535163879395
4,550,-0.84688705,0.0138575565,0.3607282340526581
4,551,-0.8301406,0.016746439,0.5512399673461914
4,552,-0.8100463,0.020094248,0.9062478542327881
4,553,-0.7878032,0.022243122,0.17022694647312164
4,554,-0.76360875,0.024194414,0.11387783288955688
4,555,-0.7373025,0.02630629,0.3089057505130768
4,556,-0.70899177,0.028310737,0.3394869267940521
4,557,-0.67915064,0.0298411,0.1403350979089737
4,558,-0.6479915,0.031159187,0.12888771295547485
4,559,-0.6157989,0.032192595,0.08131037652492523
4,560,-0.5829711,0.03282779,-0.031680893152952194
4,561,-0.54866225,0.034308825,0.6920609474182129
4,562,-0.5139628,0.034699433,0.13520580530166626
4,563,-0.47868237,0.035280444,0.4355139434337616
4,564,-0.44225413,0.036428235,0.9890963435173035
4,565,-0.40525424,0.03699989,0.783799409866333
4,566,-0.36869046,0.036563773,0.28862622380256653
4,567,-0.33339342,0.03529705,-0.09751956909894943
4,568,-0.29959425,0.033799183,-0.09832768887281418
4,569,-0.26585147,0.033742774,1.119065284729004
4,570,-0.23425603,0.031595442,-0.26745688915252686
4,571,-0.20436998,0.029886046,0.13216258585453033
4,572,-0.17518173,0.029188244,0.89790278673172
4,573,-0.14829057,0.02689116,-0.0896376371383667
4,574,-0.12262452,0.025666062,0.6877098679542542
4,575,-0.099159285,0.023465233,0.08793777972459793
4,576,-0.07801872,0.02114057,0.04368934780359268
4,577,-0.059296276,0.018722443,0.009137599729001522
4,578,-0.043234993,0.016061282,-0.13374118506908417
4,579,-0.029089225,0.014145767,0.3756571412086487
4,580,-0.017431345,0.011657882,0.0017337012104690075
4,581,-0.0083487015,0.009082643,-0.05243741720914841
4,582,-0.00092674245,0.007421959,0.5590211153030396
4,583,0.0052250307,0.0061517735,0.8198696374893188
4,584,0.010043564,0.0048185335,0.7776353359222412
4,585,0.0117837805,0.0017402166,-0.38630110025405884
4,586,0.01073737,-0.0010464112,-0.19212652742862701
4,587,0.0071781925,-0.0035591773,-0.009375321678817272
4,588,0.0012141765,-0.005964016,0.06305447220802307
4,589,-0.006738647,-0.007952823,0.3407840132713318
4,590,-0.016019884,-0.009281239,0.7807161211967468
4,591,-0.027854417,-0.011834532,-0.037453245371580124
4,592,-0.042915545,-0.01506113,-0.49021387100219727
4,593,-0.058961365,-0.01604582,0.996412456035614
4,594,-0.07702326,-0.018061897,0.29661017656326294
4,595,-0.09601871,-0.01899545,1.0558992624282837
4,596,-0.11654132,-0.020522607,0.5798917412757874
4,597,-0.13887593,-0.022334615,0.3578316867351532
4,598,-0.16217487,-0.023298929,0.8812226057052612
4,599,-0.18764955,-0.025474679,0.022771500051021576
4,600,-0.21414712,-0.026497565,0.727550745010376
4,601,-0.24254791,-0.028400792,0.06557439267635345
4,602,-0.27314964,-0.030601729,-0.22271902859210968
4,603,-0.30558062,-0.032430973,-0.08178979158401489
4,604,-0.3394184,-0.033837806,0.07612617313861847
4,605,-0.3746364,-0.035218,-0.04537560045719147
4,606,-0.41072637,-0.036089953,0.13896502554416656
4,607,-0.4479417,-0.037215333,-0.19661465287208557
4,608,-0.48624155,-0.038299847,-0.3479630947113037
4,609,-0.52341855,-0.037177004,0.9349576830863953
4,610,-0.5592637,-0.035845175,0.8887876272201538
4,611,-0.5955804,-0.036316715,-0.4923441708087921
4,612,-0.63139826,-0.03581786,-0.02454903908073902
4,613,-0.6662527,-0.034854393,0.11266151815652847
4,614,-0.69946414,-0.033211466,0.40358924865722656
4,615,-0.7321394,-0.03267524,-0.4816135764122009
4,616,-0.76333725,-0.03119786,0.008916807360947132
4,617,-0.7919024,-0.028565153,0.6571477651596069
4,618,-0.8172921,-0.025389653,0.9157191514968872
4,619,-0.83991724,-0.022625135,0.5573006272315979
4,620,-0.85926455,-0.019347334,0.8305210471153259
4,621,-0.87662095,-0.017356372,-0.0814099907875061
4,622,-0.8906123,-0.013991339,0.790190577507019
4,623,-0.9020926,-0.011480295,0.18789757788181305
4,624,-0.9110897,-0.0089971265,0.14421699941158295
4,625,-0.9174444,-0.0063546733,0.23198899626731873
4,626,-0.92111355,-0.0036691292,0.2483787089586258
4,627,-0.92124856,-0.00013499892,0.8072342276573181
4,628,-0.9185056,0.0027429624,0.3695390522480011
4,629,-0.91246945,0.0060361465,0.6514663696289062
4,630,-0.90404356,0.008425903,0.06079791113734245
4,631,-0.89208776,0.011955806,0.837952733039856
4,632,-0.8763978,0.015689991,1.0417004823684692
4,633,-0.8572474,0.01915037,0.8543010950088501
4,634,-0.83571184,0.021535596,0.18684668838977814
4,635,-0.8116026,0.024109252,0.3734481632709503
4,636,-0.78468,0.026922585,0.6081333756446838
4,637,-0.7544935,0.03018654,1.0774503946304321
4,638,-0.7217213,0.03277219,0.6594260931015015
4,639,-0.6862254,0.03549586,0.8824699521064758
4,640,-0.64891857,0.03730686,0.42607739567756653
4,641,-0.6101532,0.038765375,0.3604014217853546
4,642,-0.5702031,0.03995008,0.3618793785572052
4,643,-0.52997214,0.04023101,-0.04497519135475159
4,644,-0.48973557,0.040236562,-0.028164980933070183
4,645,-0.44825256,0.041483026,1.0037986040115356
4,646,-0.40582982,0.04242273,1.1618174314498901
4,647,-0.36421803,0.041611776,0.0360349677503109
4,648,-0.32263547,0.04158255,0.7474011778831482
4,649,-0.28199437,0.040641103,0.3174107074737549
4,650,-0.24307437,0.038919993,-0.04241364821791649
4,651,-0.20583703,0.037237346,0.1210564598441124
4,652,-0.16913798,0.03669904,1.0417686700820923
4,653,-0.13448042,0.034657564,0.09568790346384048
4,654,-0.100957565,0.03352285,0.7763840556144714
4,655,-0.069187,0.03177057,0.4226163625717163
4,656,-0.040198065,0.028988933,-0.22352899610996246
4,657,-0.013246981,0.026951084,0.2959957718849182
4,658,0.012208585,0.025455566,0.6683390736579895
4,659,0.035531584,0.023323,0.243838369846344
4,660,0.05723959,0.021708004,0.5805431604385376
4,661,0.076958425,0.019718833,0.31604060530662537
4,662,0.09464758,0.017689154,0.2693248987197876
4,663,0.111222975,0.016575396,0.8574252724647522
4,664,0.1251529,0.013929925,-0.18890219926834106
4,665,0.13662733,0.011474429,-0.08643154054880142
4,666,0.1462861,0.009658776,0.31817787885665894
4,667,0.15355071,0.0072646197,-0.08737541735172272
4,668,0.15889281,0.005342097,0.21125635504722595
4,669,0.1619485,0.00305569,-0.04339823126792908
4,670,0.16286142,0.00091291394,0.04528331384062767
4,671,0.16231643,-0.000544993,0.4997258186340332
4,672,0.16028967,-0.002026757,0.4850982129573822
4,673,0.1574565,-0.0028331713,0.9400460124015808
4,674,0.15313421,-0.004322291,0.4914080500602722
4,675,0.1471084,-0.00602581,0.3581833839416504
4,676,0.14017805,-0.0069303545,0.9039474725723267
4,677,0.13095325,-0.009224795,-0.008175233379006386
4,678,0.12051585,-0.010437398,0.7312942743301392
4,679,0.10819906,-0.012316796,0.3059859275817871
4,680,0.09315148,-0.015047584,-0.24089299142360687
4,681,0.07596095,-0.017190533,0.17337766289710999
4,682,0.057712458,-0.018248493,0.9182718396186829
4,683,0.036924273,-0.020788185,-0.05138025060296059
4,684,0.014784121,-0.02214015,0.7551406025886536
4,685,-0.01054981,-0.025333932,-0.4641590118408203
4,686,-0.037615612,-0.0270658,0.5112522840499878
4,687,-0.06617556,-0.028559944,0.659970760345459
4,688,-0.09716101,-0.03098545,0.01692548394203186
4,689,-0.12926634,-0.03210533,0.8497779369354248
4,690,-0.16286577,-0.033599433,0.5468374490737915
4,691,-0.19843066,-0.03556489,0.1613498032093048
4,692,-0.23593481,-0.037504155,0.0871305912733078
4,693,-0.27588403,-0.039949227,-0.3637291193008423
4,694,-0.31714693,-0.04126289,0.2519022524356842
4,695,-0.3597734,-0.04262647,0.058465033769607544
4,696,-0.40270853,-0.04293514,0.5807662606239319
4,697,-0.44654453,-0.043835986,-0.009277639910578728
4,698,-0.4910105,-0.04446595,-0.03812713548541069
4,699,-0.53584385,-0.044833384,-0.08227305859327316
4,700,-0.57980704,-0.043963216,0.5189015865325928
4,701,-0.6221075,-0.042300455,0.8287950158119202
4,702,-0.6633714,-0.041263875,0.20564888417720795
4,703,-0.70373344,-0.040362082,-0.07736846804618835
4,704,-0.7415008,-0.037767343,0.8723560571670532
4,705,-0.77772355,-0.036222737,0.01618373766541481
4,706,-0.8122546,-0.03453103,-0.02326372265815735
4,707,-0.8449654,-0.032710783,-0.05603975057601929
4,708,-0.8755736,-0.030608162,0.032520681619644165
4,709,-0.9038657,-0.028292144,0.09341947734355927
4,710,-0.92865366,-0.024787974,0.8211670517921448
4,711,-0.9509924,-0.022338724,0.07045557349920273
4,712,-0.9712271,-0.020234682,-0.19503673911094666
4,713,-0.98763096,-0.016403852,0.9303191304206848
4,714,-1.0013343,-0.013703338,0.1602167934179306
4,715,-1.0124583,-0.011123982,0.06865455210208893
4,716,-1.0210308,-0.008572423,0.04341570660471916
4,717,-1.0277544,-0.0067236056,-0.4289892315864563
4,718,-1.0306567,-0.0029022943,0.883708655834198
4,719,-1.0313348,-0.0006781064,-0.18182314932346344
4,720,-1.0302589,0.0010758137,-0.49549978971481323
4,721,-1.0267305,0.0035283875,-0.029465964064002037
4,722,-1.0203046,0.00642592,0.2681623101234436
4,723,-1.010016,0.010288575,0.9138578176498413
4,724,-0.99688894,0.013127001,0.2359752207994461
4,725,-0.98145646,0.0154325,-0.11072095483541489
4,726,-0.9633558,0.018100696,0.14443910121917725
4,727,-0.94261634,0.020739421,0.1449277698993683
4,728,-0.9195248,0.023091573,-0.017206333577632904
4,729,-0.8934952,0.026029604,0.41278520226478577
4,730,-0.86590207,0.027593156,-0.45023202896118164
4,731,-0.83607554,0.029826514,0.06273200362920761
4,732,-0.8036501,0.032425452,0.38922587037086487
4,733,-0.7679793,0.035670746,0.922286331653595
4,734,-0.73080647,0.037172865,-0.11393238604068756
4,735,-0.6918731,0.03893341,0.20310468971729279
4,736,-0.65154827,0.04032478,0.12149330973625183
4,737,-0.6100542,0.041494064,0.15536823868751526
4,738,-0.56783783,0.042216357,0.05408212170004845
4,739,-0.5239759,0.043861944,0.8765124678611755
4,740,-0.4799103,0.04406558,0.13387194275856018
4,741,-0.43623304,0.043677278,-0.041051458567380905
4,742,-0.393034,0.043199036,0.11301738023757935
4,743,-0.35013506,0.042898968,0.43621155619621277
4,744,-0.30812997,0.042005103,0.23279036581516266
4,745,-0.26673642,0.04139355,0.5961674451828003
4,746,-0.22622085,0.040515576,0.5756121873855591
4,747,-0.1870995,0.039121345,0.3678668439388275
4,748,-0.15005091,0.037048597,0.029109535738825798
4,749,-0.115244195,0.034806713,0.006046148017048836
4,750,-0.08337298,0.03187122,-0.3889513611793518
4,751,-0.053769093,0.029603887,0.10325074940919876
4,752,-0.026268743,0.02750035,0.2426716536283493
4,753,-0.00046577776,0.025802964,0.5299041271209717
4,754,0.02300793,0.023473706,0.1138264611363411
4,755,0.045430753,0.022422822,0.9621089696884155
4,756,0.0664688,0.021038042,0.7280240654945374
4,757,0.08518605,0.01871725,0.08644497394561768
4,758,0.102899864,0.017713815,0.9435805678367615
4,759,0.11877038,0.015870523,0.3590209186077118
4,760,0.13374487,0.014974483,0.9646234512329102
4,761,0.14776032,0.014015444,0.894939661026001
4,762,0.16034287,0.012582554,0.5503220558166504
4,763,0.17071468,0.010371807,0.0037013220135122538
4,764,0.1800961,0.009381429,0.7925743460655212
4,765,0.18728958,0.0071934746,-0.02936900034546852
4,766,0.19334301,0.0060534333,0.6504073143005371
4,767,0.19880533,0.0054623163,1.1029636859893799
4,768,0.2025496,0.0037442779,0.23356428742408752
4,769,0.2049159,0.002366295,0.4496658444404602
4,770,0.20578477,0.0008688712,0.3632490932941437
4,771,0.20538822,-0.00039654257,0.5154122114181519
4,772,0.20322725,-0.0021609706,0.18388281762599945
4,773,0.19905308,-0.0041741687,0.024251854047179222
4,774,0.19309463,-0.0059584584,0.18870067596435547
4,775,0.18599114,-0.0071034837,0.6314080953598022
4,776,0.17742608,-0.008565052,0.4395039975643158
4,777,0.16806038,-0.009365713,0.9023146629333496
4,778,0.15669532,-0.011365055,0.1263895183801651
4,779,0.1434252,-0.013270117,0.21584060788154602
4,780,0.12881027,-0.014614931,0.6182090044021606
4,781,0.113012224,-0.015798045,0.7550238966941833
4,782,0.095354,-0.017658224,0.331673264503479
4,783,0.0762821,-0.019071896,0.6564896106719971
4,784,0.055010796,-0.021271303,0.1569422334432602
4,785,0.03107922,-0.023931576,-0.1294928342103958
4,786,0.0045557143,-0.026523504,-0.0685252770781517
4,787,-0.023329146,-0.027884861,0.7589396834373474
4,788,-0.053613152,-0.030284006,0.06315673887729645
4,789,-0.08636191,-0.03274876,0.0019876069854944944
4,790,-0.121219166,-0.03485726,0.20537574589252472
4,791,-0.15709415,-0.03587499,0.8791820406913757
4,792,-0.19550125,-0.03840711,-0.20310160517692566
4,793,-0.23623993,-0.04073867,-0.16623741388320923
4,794,-0.2773766,-0.041136656,1.1393336057662964
4,795,-0.31980917,-0.042432584,0.2582184672355652
4,796,-0.36345595,-0.04364677,0.1471909135580063
4,797,-0.40712914,-0.043673173,0.7526642084121704
4,798,-0.45108682,-0.04395769,0.380891352891922
4,799,-0.49512085,-0.044034027,0.3088169991970062
4,800,-0.5392862,-0.044165343,0.05467227101325989
4,801,-0.58391094,-0.04462477,-0.3846927285194397
4,802,-0.6279847,-0.044073757,0.06742161512374878
4,803,-0.67125845,-0.04327373,0.019910646602511406
4,804,-0.7135753,-0.042316854,-0.07647068798542023
4,805,-0.75457555,-0.04100023,-0.021538617089390755
4,806,-0.79302496,-0.038449425,0.6358791589736938
4,807,-0.82935363,-0.036328696,0.20865345001220703
4,808,-0.863566,-0.034212343,0.08766564726829529
4,809,-0.8950937,-0.031527713,0.36965838074684143
4,810,-0.9241937,-0.029100003,0.12233345955610275
4,811,-0.9498495,-0.025655804,0.7416588664054871
4,812,-0.9729597,-0.023110226,0.100956492125988
4,813,-0.9943206,-0.021360854,-0.45925503969192505
4,814,-1.0128711,-0.018550588,0.22777017951011658
4,815,-1.0289257,-0.016054468,0.006242687348276377
4,816,-1.0418855,-0.012959891,0.39888837933540344
4,817,-1.05221,-0.010324535,0.09044886380434036
4,818,-1.0601199,-0.007909931,-0.05674225836992264
4,819,-1.0656333,-0.0055133887,-0.06771951913833618
4,820,-1.0680481,-0.002414826,0.40159010887145996
4,821,-1.0685534,-0.000505379,-0.3904424011707306
4,822,-1.0659262,0.002627223,0.4251541197299957
4,823,-1.0605787,0.005347467,0.14945930242538452
4,824,-1.0523877,0.0081910165,0.2303757518529892
4,825,-1.041691,0.010696826,0.004074663855135441
4,826,-1.0285219,0.013169064,-0.01828036457300186
4,827,-1.0126268,0.01589508,0.15329208970069885
4,828,-0.99301434,0.019612411,0.8205097317695618
4,829,-0.97084945,0.02216486,0.056937236338853836
4,830,-0.9449563,0.025893176,0.8624032735824585
4,831,-0.91709113,0.02786518,-0.27421048283576965
4,832,-0.8860544,0.031036753,0.5730689764022827
4,833,-0.8513041,0.034750268,1.2157347202301025
4,834,-0.8144582,0.03684592,0.010051176883280277
4,835,-0.77513826,0.039319955,0.3727090656757355
4,836,-0.7326372,0.042501017,0.9790230989456177
4,837,-0.68936473,0.043272525,-0.46368101239204407
4,838,-0.64456236,0.044802386,0.22482027113437653
4,839,-0.59858865,0.045973707,0.1892499178647995
4,840,-0.551712,0.046876695,0.23019710183143616
4,841,-0.50334096,0.04837099,0.8557987213134766
4,842,-0.45566502,0.047675926,-0.36215075850486755
4,843,-0.4084221,0.047242906,0.048641353845596313
4,844,-0.36052594,0.04789617,1.1662170886993408
4,845,-0.31230462,0.048221327,1.0318751335144043
4,846,-0.2653807,0.046923894,0.12217340618371964
4,847,-0.21878207,0.04659864,0.9489439725875854
4,848,-0.17284699,0.045935083,0.8780088424682617
4,849,-0.12869646,0.04415053,0.2578711211681366
4,850,-0.08600503,0.04269143,0.5712446570396423
4,851,-0.04613279,0.03987224,-0.2679619789123535
4,852,-0.008240934,0.037891857,0.33047521114349365
4,853,0.027632333,0.035873268,0.32043084502220154
4,854,0.060413357,0.032781024,-0.4005533754825592
4,855,0.09203941,0.03162605,0.8693852424621582
4,856,0.122760154,0.030720746,1.1068958044052124
4,857,0.15200953,0.029249378,0.5740000605583191
4,858,0.17907998,0.027070446,0.043726254254579544
4,859,0.20427097,0.025190987,0.17890173196792603
4,860,0.22755444,0.023283463,0.09170647710561752
4,861,0.24922556,0.02167112,0.21826405823230743
4,862,0.2704144,0.021188866,0.9006150364875793
4,863,0.289798,0.019383581,-0.05586099997162819
4,864,0.30698147,0.01718348,-0.39125123620033264
4,865,0.32367027,0.016688788,0.678652822971344
4,866,0.33896995,0.015299685,0.014706987887620926
4,867,0.35417774,0.015207792,0.815398633480072
4,868,0.36943436,0.0152565995,0.8436396718025208
4,869,0.38422856,0.014794212,0.43537625670433044
4,870,0.39858645,0.014357905,0.38585302233695984
4,871,0.4132745,0.014688031,0.8305957317352295
4,872,0.42831174,0.015037244,0.7744144201278687
4,873,0.44412363,0.0158119,0.986409604549408
4,874,0.46048814,0.016364511,0.762029230594635
5,1,-0.552305,0.00060873793,0.25943952798843384
5,2,-0.55133456,0.00097040687,0.097758948802948
5,3,-0.55021787,0.0011166956,-0.040993161499500275
5,4,-0.5490093,0.0012085151,-0.0717409998178482
5,5,-0.54858905,0.00042028126,-0.6524189710617065
5,6,-0.54741925,0.0011698205,0.3748585283756256
5,7,-0.5459775,0.0014417507,0.06228572130203247
5,8,-0.5443568,0.0016206539,0.0074593438766896725
5,9,-0.54193,0.0024268052,0.43371108174324036
5,10,-0.53870875,0.0032212446,0.43801626563072205
5,11,-0.53444856,0.004260155,0.6170830130577087
5,12,-0.52876246,0.0056860843,0.8963801860809326
5,13,-0.5232577,0.005504813,-0.14666472375392914
5,14,-0.5166566,0.0066010985,0.7325624823570251
5,15,-0.50902563,0.0076309484,0.7212751507759094
5,16,-0.50033724,0.0086884145,0.7778200507164001
5,17,-0.49077442,0.009562822,0.6991518139839172
5,18,-0.48113227,0.009642158,0.2167472541332245
5,19,-0.47191033,0.009221941,-0.06838544458150864
5,20,-0.46273914,0.009171179,0.22356568276882172
5,21,-0.45361257,0.0091265645,0.2728675901889801
5,22,-0.4445901,0.009022476,0.2779736816883087
5,23,-0.43465465,0.009935444,1.0246914625167847
5,24,-0.424332,0.010322654,0.6976019740104675
5,25,-0.41449296,0.009839039,0.1666204184293747
5,26,-0.40574047,0.008752499,-0.18852056562900543
5,27,-0.39769658,0.008043894,0.10468634963035583
5,28,-0.38907465,0.008621919,1.0539836883544922
5,29,-0.3809613,0.008113368,0.3154767155647278
5,30,-0.37405807,0.0069032223,-0.11514351516962051
5,31,-0.36831465,0.005743419,-0.050328437238931656
5,32,-0.36368826,0.004626406,0.0039654565043747425
5,33,-0.35951483,0.0041734357,0.4672548472881317
5,34,-0.3564238,0.0030910396,0.06608857959508896
5,35,-0.3545534,0.0018704074,-0.012482755817472935
5,36,-0.35394743,0.0006059702,-0.03349840268492699
5,37,-0.35320175,0.00074569264,0.905255138874054
5,38,-0.35362235,-0.00042061272,0.03782378137111664
5,39,-0.3548659,-0.0012435649,0.2648910880088806
5,40,-0.3568345,-0.0019685803,0.3247498571872711
5,41,-0.36014983,-0.003315342,-0.09837029129266739
5,42,-0.3649282,-0.004778369,-0.19046492874622345
5,43,-0.3706845,-0.0057563144,0.11176631599664688
5,44,-0.37737682,-0.006692329,0.11402583122253418
5,45,-0.38382268,-0.006445864,0.8721964359283447
5,46,-0.39212325,-0.0083005745,-0.5578954219818115
5,47,-0.4028845,-0.010761271,-1.1275756359100342
5,48,-0.4137116,-0.010827079,0.5465925931930542
5,49,-0.425416,-0.011704373,-0.045324280858039856
5,50,-0.4389265,-0.013510507,-0.7202426195144653
5,51,-0.45307946,-0.014152982,-0.00949371699243784
5,52,-0.467637,-0.01455754,0.08026713877916336
5,53,-0.4820607,-0.014423685,0.3677329421043396
5,54,-0.49565807,-0.013597381,0.7580227851867676
5,55,-0.50967216,-0.014014096,-0.13826969265937805
5,56,-0.5223548,-0.012682589,0.9572840332984924
5,57,-0.5349116,-0.012556771,0.09009847790002823
5,58,-0.547308,-0.012396434,0.0503380224108696
5,59,-0.5591286,-0.011820534,0.2654869854450226
5,60,-0.5694269,-0.01029832,0.8374966382980347
5,61,-0.57883656,-0.009409638,0.3640354871749878
5,62,-0.5875366,-0.008700017,0.19815407693386078
5,63,-0.59495413,-0.007417562,0.5372377634048462
5,64,-0.60250866,-0.0075545567,-0.4453881084918976
5,65,-0.61001146,-0.007502787,-0.3563612699508667
5,66,-0.61690044,-0.006888983,-0.01803746074438095
5,67,-0.62310284,-0.0062023727,-0.0027006103191524744
5,68,-0.62712467,-0.0040218495,0.9635179042816162
5,69,-0.6304114,-0.003286735,-0.019271446391940117
5,70,-0.63308805,-0.0026766423,-0.11824183166027069
5,71,-0.63550675,-0.0024187174,-0.365705281496048
5,72,-0.63654333,-0.0010365983,0.37232473492622375
5,73,-0.6365317,1.1619997e-05,0.14483338594436646
5,74,-0.635693,0.0008386777,-0.002552230842411518
5,75,-0.6339557,0.0017372941,0.04911046847701073
5,76,-0.63167876,0.0022769698,-0.18197603523731232
5,77,-0.628154,0.003524763,0.30088141560554504
5,78,-0.62375695,0.004397049,0.06727815419435501
5,79,-0.61828256,0.00547436,0.2249182164669037
5,80,-0.61186343,0.006419123,0.16276367008686066
5,81,-0.6048317,0.007031721,-0.027785394340753555
5,82,-0.59640557,0.008426119,0.5274422764778137
5,83,-0.5876828,0.008722796,-0.1633613407611847
5,84,-0.5782802,0.00940259,0.1347462236881256
5,85,-0.5674919,0.010788297,0.6516224145889282
5,86,-0.5565523,0.01093958,-0.11797665804624557
5,87,-0.54461086,0.011941426,0.5033982992172241
5,88,-0.5311389,0.013471989,0.9153839349746704
5,89,-0.5178451,0.013293779,-0.1565035730600357
5,90,-0.5047518,0.013093317,-0.10487483441829681
5,91,-0.49047822,0.014273569,0.8810195326805115
5,92,-0.47495264,0.015525573,1.2761552333831787
5,93,-0.4599207,0.015031941,-0.0867193415760994
5,94,-0.44520357,0.01471712,0.1065765768289566
5,95,-0.429569,0.015634561,1.05682373046875
5,96,-0.41428706,0.015281947,0.22886279225349426
5,97,-0.39909607,0.015190998,0.47618207335472107
5,98,-0.38458338,0.01451268,0.15592752397060394
5,99,-0.37080723,0.013776142,0.18407770991325378
5,100,-0.3572668,0.013540406,0.5803276896476746
5,101,-0.3454821,0.011784711,-0.37288984656333923
5,102,-0.33462772,0.010854396,0.22859328985214233
5,103,-0.3255723,0.009055415,-0.3042691648006439
5,104,-0.31729397,0.008278353,0.4148687422275543
5,105,-0.31034642,0.00694755,0.07971660792827606
5,106,-0.3042946,0.006051845,0.39786434173583984
5,107,-0.30020747,0.0040871245,-0.2907029390335083
5,108,-0.297169,0.0030384643,0.3360971510410309
5,109,-0.29529515,0.0018738639,0.27066680788993835
5,110,-0.2949522,0.00034294324,0.03372623398900032
5,111,-0.29634237,-0.0013901477,-0.0997265875339508
5,112,-0.29922476,-0.0028823859,0.055454086512327194
5,113,-0.30357027,-0.0043455027,0.06363903731107712
5,114,-0.3082298,-0.0046595256,0.8126253485679626
5,115,-0.3144327,-0.0062029,-0.025445254519581795
5,116,-0.32132095,-0.0068882285,0.5216498374938965
5,117,-0.32895353,-0.007632582,0.45421302318573
5,118,-0.33705103,-0.008097495,0.6089111566543579
5,119,-0.346038,-0.008986985,0.29181307554244995
5,120,-0.35524526,-0.009207255,0.6995627880096436
5,121,-0.3650151,-0.009769827,0.4313861131668091
5,122,-0.37601435,-0.010999258,-0.056276585906744
5,123,-0.3876411,-0.011626757,0.2957155704498291
5,124,-0.40032658,-0.012685479,-0.044718626886606216
5,125,-0.41366374,-0.01333715,0.1679595410823822
5,126,-0.42735204,-0.013688299,0.3056650757789612
5,127,-0.44028273,-0.012930677,0.9796555042266846
5,128,-0.45369703,-0.013414287,0.08984995633363724
5,129,-0.46726882,-0.013571792,0.24194945394992828
5,130,-0.48126397,-0.013995134,-0.0019167253049090505
5,131,-0.4951619,-0.013897921,0.2759140431880951
5,132,-0.5088529,-0.013690986,0.27996864914894104
5,133,-0.5227125,-0.013859604,-0.038706593215465546
5,134,-0.53687245,-0.014159907,-0.19577088952064514
5,135,-0.5495395,-0.012667048,0.9288883209228516
5,136,-0.56167907,-0.012139537,0.2221006453037262
5,137,-0.57362884,-0.011949806,-0.06349939107894897
5,138,-0.58395314,-0.010324298,0.8344590067863464
5,139,-0.59232724,-0.00837411,1.0286046266555786
5,140,-0.59947383,-0.007146619,0.4771146774291992
5,141,-0.60618913,-0.0067153205,-0.08857546001672745
5,142,-0.61146593,-0.0052768053,0.5502706170082092
5,143,-0.6159346,-0.0044686655,0.10449423640966415
5,144,-0.61951095,-0.0035763278,0.13909436762332916
5,145,-0.6220954,-0.0025844867,0.18825644254684448
5,146,-0.6230653,-0.0009698805,0.5910565853118896
5,147,-0.623586,-0.0005207283,-0.19054996967315674
5,148,-0.6236505,-6.448879e-05,-0.18831297755241394
5,149,-0.62258923,0.0010612768,0.2577296495437622
5,150,-0.6206954,0.0018938018,0.06730753928422928
5,151,-0.6172226,0.0034727915,0.5740129947662354
5,152,-0.6115568,0.0056657745,1.2102893590927124
5,153,-0.6053725,0.0061843307,-0.08900007605552673
5,154,-0.598109,0.007263468,0.3146451711654663
5,155,-0.5904028,0.007706229,-0.07428246736526489
5,156,-0.58136845,0.00903435,0.5536249876022339
5,157,-0.57048815,0.010880316,0.9432395100593567
5,158,-0.5591901,0.0112980725,0.04483010619878769
5,159,-0.54725665,0.011933416,0.24594399333000183
5,160,-0.5350997,0.012156988,0.030857238918542862
5,161,-0.52208966,0.013010047,0.5112134218215942
5,162,-0.50880814,0.013281548,0.18854592740535736
5,163,-0.49593395,0.012874182,-0.19764864444732666
5,164,-0.4837092,0.0122247655,-0.29477939009666443
5,165,-0.47159952,0.012109658,0.12223387509584427
5,166,-0.4594944,0.012105115,0.2559144198894501
5,167,-0.44744343,0.01205098,0.2824598550796509
5,168,-0.43566197,0.0117814485,0.19778501987457275
5,169,-0.42324325,0.012418713,0.8594449162483215
5,170,-0.4108446,0.012398663,0.48086461424827576
5,171,-0.39777556,0.013069041,1.0309518575668335
5,172,-0.3844675,0.013308036,0.7736124992370605
5,173,-0.37154487,0.01292265,0.4187083840370178
5,174,-0.35913575,0.01240913,0.39182910323143005
5,175,-0.3482667,0.010869053,-0.23736196756362915
5,176,-0.33834437,0.009922318,0.20563499629497528
5,177,-0.3296945,0.008649851,0.031008396297693253
5,178,-0.32205504,0.007639473,0.24217426776885986
5,179,-0.3145379,0.0075171343,0.8658720254898071
5,180,-0.3087606,0.0057772966,-0.1817820519208908
5,181,-0.3032438,0.0055168276,0.827704668045044
5,182,-0.29795483,0.0052889683,0.8713569641113281
5,183,-0.29336724,0.004587586,0.5764191150665283
5,184,-0.2892443,0.004122947,0.7520285844802856
5,185,-0.28671938,0.0025249242,0.01224780548363924
5,186,-0.28543508,0.0012842866,0.26010429859161377
5,187,-0.28525102,0.00018407268,0.3585791289806366
5,188,-0.28649178,-0.0012407699,0.14285510778427124
5,189,-0.2895613,-0.0030695198,-0.13110823929309845
5,190,-0.29289365,-0.0033323339,0.9011771082878113
5,191,-0.29769778,-0.004804148,0.08240286260843277
5,192,-0.30315635,-0.0054585706,0.6087270379066467
5,193,-0.3091186,-0.0059622424,0.6878268122673035
5,194,-0.316452,-0.007333398,0.08581551909446716
5,195,-0.3245445,-0.008092488,0.4642847180366516
5,196,-0.33380115,-0.009256675,0.1610398292541504
5,197,-0.34446692,-0.010665762,-0.040856894105672836
5,198,-0.3559105,-0.0114436,0.3346088230609894
5,199,-0.36850515,-0.012594628,0.036169517785310745
5,200,-0.38080192,-0.01229677,0.9463618397712708
5,201,-0.39436105,-0.013559143,-0.149236798286438
5,202,-0.40777186,-0.013410812,0.7290074825286865
5,203,-0.42187923,-0.01410737,0.10317850112915039
5,204,-0.43662685,-0.014747633,0.07389896363019943
5,205,-0.4517638,-0.0151369525,0.17039576172828674
5,206,-0.46601298,-0.014249183,0.9482476115226746
5,207,-0.48070434,-0.014691358,-0.008284596726298332
5,208,-0.49559566,-0.014891341,0.08055909723043442
5,209,-0.5103582,-0.014762569,0.22569891810417175
5,210,-0.5251672,-0.014809009,0.035225458443164825
5,211,-0.53949547,-0.014328266,0.31265339255332947
5,212,-0.5537385,-0.014243026,-0.02262740582227707
5,213,-0.56679744,-0.013058971,0.638877272605896
5,214,-0.57966447,-0.012867042,-0.08743695169687271
5,215,-0.591925,-0.012260562,0.1253114938735962
5,216,-0.6033801,-0.01145506,0.19775702059268951
5,217,-0.61383414,-0.010454084,0.2722083628177643
5,218,-0.6233354,-0.009501293,0.18950706720352173
5,219,-0.63164383,-0.008308395,0.30398988723754883
5,220,-0.63797325,-0.0063293986,0.7885157465934753
5,221,-0.64345634,-0.005483097,0.0034844486508518457
5,222,-0.64799446,-0.0045381365,0.043516337871551514
5,223,-0.65060055,-0.0026060997,0.6803829073905945
5,224,-0.65111727,-0.0005166998,0.7731767892837524
5,225,-0.6511747,-5.7479658e-05,-0.3160072863101959
5,226,-0.64902717,0.0021475614,0.8476068377494812
5,227,-0.64567775,0.003349425,0.18879564106464386
5,228,-0.6412213,0.004456442,0.14117048680782318
5,229,-0.6352399,0.0059814057,0.44065913558006287
5,230,-0.62693673,0.008303148,1.0811336040496826
5,231,-0.6163709,0.010565828,1.1816201210021973
5,232,-0.60378593,0.012584982,0.8882080316543579
5,233,-0.59087455,0.0129113775,-0.17948323488235474
5,234,-0.5765082,0.014366342,0.6358762383460999
5,235,-0.5617931,0.014715108,-0.03092684969305992
5,236,-0.54533964,0.016453443,0.9683366417884827
5,237,-0.52920586,0.01613379,-0.3217284679412842
5,238,-0.5129155,0.016290374,0.07635413855314255
5,239,-0.4970562,0.015859302,-0.23397456109523773
5,240,-0.48068416,0.016372038,0.47439607977867126
5,241,-0.46462438,0.016059784,0.005811776965856552
5,242,-0.44864714,0.015977241,0.23830735683441162
5,243,-0.43204454,0.0166026,0.788514256477356
5,244,-0.4160635,0.015981045,0.03766743093729019
5,245,-0.4007984,0.015265092,0.05109661817550659
5,246,-0.3855486,0.015249808,0.5900179147720337
5,247,-0.3706157,0.014932905,0.4594186544418335
5,248,-0.35693166,0.013684023,-0.09424443542957306
5,249,-0.3443876,0.012544062,0.03907069191336632
5,250,-0.3331745,0.011213101,-0.03379879891872406
5,251,-0.32291427,0.010260215,0.265914648771286
5,252,-0.3125699,0.010344375,1.1230714321136475
5,253,-0.30221355,0.010356336,0.9940338134765625
5,254,-0.29369876,0.008514804,-0.20036417245864868
5,255,-0.2869337,0.006765078,-0.10597428679466248
5,256,-0.28107354,0.005860159,0.4831046164035797
5,257,-0.27713996,0.0039335825,-0.17594924569129944
5,258,-0.27492964,0.0022103067,-0.02580503560602665
5,259,-0.27423462,0.0006950079,0.12098747491836548
5,260,-0.2741245,0.00011011986,0.7438109517097473
5,261,-0.27527234,-0.0011478415,0.29549896717071533
5,262,-0.27679598,-0.001523649,0.8793893456459045
5,263,-0.27939254,-0.002596548,0.4090496301651001
5,264,-0.28233176,-0.0029392366,0.8862388730049133
5,265,-0.28599992,-0.0036681595,0.6177806258201599
5,266,-0.28980297,-0.0038030394,1.3034805059432983
5,267,-0.2955227,-0.0057197292,-0.2023293524980545
5,268,-0.3026602,-0.0071375053,0.10827450454235077
5,269,-0.3107697,-0.0081095155,0.377558171749115
5,270,-0.32029644,-0.009526718,0.0485004186630249
5,271,-0.32975513,-0.0094586965,1.138944387435913
5,272,-0.34012207,-0.010366947,0.31000611186027527
5,273,-0.35148847,-0.011366384,0.20546528697013855
5,274,-0.36483568,-0.0133472,-0.49772268533706665
5,275,-0.3787983,-0.013962625,0.35385778546333313
5,276,-0.39244676,-0.013648444,0.910899817943573
5,277,-0.4071361,-0.014689353,-0.05496858432888985
5,278,-0.42248163,-0.015345508,0.13310123980045319
5,279,-0.43707395,-0.014592309,1.1070289611816406
5,280,-0.45184624,-0.014772292,0.3077932596206665
5,281,-0.46690553,-0.015059284,0.16467054188251495
5,282,-0.4824666,-0.015561074,-0.05242495238780975
5,283,-0.49807894,-0.015612346,0.1709579974412918
5,284,-0.5127095,-0.014630546,0.7820082306861877
5,285,-0.52605385,-0.013344319,0.9119217395782471
5,286,-0.53894794,-0.012894104,0.2878679037094116
5,287,-0.5506548,-0.011706883,0.7147617936134338
5,288,-0.56246537,-0.011810539,-0.20423588156700134
5,289,-0.5731074,-0.010642075,0.585083544254303
5,290,-0.5825895,-0.0094821155,0.5266724824905396
5,291,-0.59147906,-0.008889547,0.10162943601608276
5,292,-0.6003164,-0.008837344,-0.30225870013237
5,293,-0.6081123,-0.007795896,0.3140881061553955
5,294,-0.6137811,-0.005668814,1.3531601428985596
5,295,-0.6186944,-0.0049133156,0.058234695345163345
5,296,-0.62291855,-0.0042241327,-0.009599382057785988
5,297,-0.6265547,-0.0036362,-0.09732824563980103
5,298,-0.6291556,-0.002600867,0.1835881471633911
5,299,-0.63044494,-0.0012893801,0.3553175628185272
5,300,-0.63117176,-0.0007268189,-0.15008866786956787
5,301,-0.6309282,0.00024352927,0.11832157522439957
5,302,-0.6302475,0.0006807226,-0.23596002161502838
5,303,-0.62749404,0.002753465,0.8576359152793884
5,304,-0.6236618,0.003832195,0.20804733037948608
5,305,-0.6191787,0.0044831154,-0.05888780206441879
5,306,-0.6124885,0.0066901823,1.292779803276062
5,307,-0.604874,0.007614472,0.1769934892654419
5,308,-0.59698087,0.007893173,-0.21656100451946259
5,309,-0.5880378,0.008943058,0.33596915006637573
5,310,-0.5790942,0.008943624,-0.3198143243789673
5,311,-0.56901884,0.010075346,0.47828415036201477
5,312,-0.5578422,0.011176619,0.5077835917472839
5,313,-0.5454554,0.012386811,0.6358785033226013
5,314,-0.5322048,0.013250565,0.4666314125061035
5,315,-0.51817644,0.014028347,0.4754958152770996
5,316,-0.5039272,0.014249271,0.1743929535150528
5,317,-0.48977762,0.014149554,0.031823135912418365
5,318,-0.47579792,0.013979716,0.05559040606021881
5,319,-0.46225762,0.013540292,-0.054763395339250565
5,320,-0.45014703,0.012110599,-0.648151159286499
5,321,-0.4382603,0.011886745,0.2150573432445526
5,322,-0.427795,0.010465291,-0.5255892276763916
5,323,-0.41953838,0.008256614,-1.2410683631896973
5,324,-0.41199067,0.0075477078,0.039287712424993515
5,325,-0.40485948,0.0071312007,0.2700006067752838
5,326,-0.3986276,0.0062318626,-0.018338752910494804
5,327,-0.39333472,0.005292903,-0.015652991831302643
5,328,-0.38847607,0.0048586386,0.34535855054855347
5,329,-0.38387364,0.004602436,0.4864598512649536
5,330,-0.38024056,0.00363308,0.03210829943418503
5,331,-0.37635902,0.003881536,0.8605349659919739
5,332,-0.37336054,0.0029984687,0.12377911806106567
5,333,-0.37071845,0.002642092,0.4884305000305176
5,334,-0.36768317,0.0030352671,1.0279200077056885
5,335,-0.36626035,0.0014228184,-0.32350537180900574
5,336,-0.36606967,0.00019066888,-0.06362947076559067
5,337,-0.36605915,1.053293e-05,0.6385619044303894
5,338,-0.36740854,-0.0013494028,-0.14792443811893463
5,339,-0.36838698,-0.0009784315,1.0940598249435425
5,340,-0.36898822,-0.0006012322,0.9997839331626892
5,341,-0.36954984,-0.000561613,0.7720431685447693
5,342,-0.37091205,-0.0013622172,0.20938169956207275
5,343,-0.37308434,-0.0021722943,0.19696378707885742
5,344,-0.37631634,-0.0032319888,0.020794903859496117
5,345,-0.38073793,-0.004421585,-0.08038056641817093
5,346,-0.38625482,-0.0055168867,-0.037564653903245926
5,347,-0.39297196,-0.006717137,-0.1327137053012848
5,348,-0.39929646,-0.0063245017,0.898301899433136
5,349,-0.40563133,-0.0063348836,0.6002856492996216
5,350,-0.412782,-0.0071506696,0.033744145184755325
5,351,-0.42070058,-0.007918555,0.03201005235314369
5,352,-0.4301551,-0.009454517,-0.5176154971122742
5,353,-0.439986,-0.009830898,0.2102024406194687
5,354,-0.44917828,-0.009192288,0.8394334316253662
5,355,-0.45891523,-0.009736942,0.005915860645473003
5,356,-0.46951276,-0.010597512,-0.25232169032096863
5,357,-0.48010018,-0.01058742,0.2759731709957123
5,358,-0.4909726,-0.010872415,0.02687961421906948
5,359,-0.50249976,-0.011527157,-0.2736243009567261
5,360,-0.5142487,-0.011748956,-0.0424407422542572
5,361,-0.52606374,-0.011815,0.002714273752644658
5,362,-0.5367358,-0.010672025,0.7496588826179504
5,363,-0.545997,-0.009261262,0.8748412132263184
5,364,-0.55447733,-0.008480308,0.40872886776924133
5,365,-0.5624261,-0.007948741,0.20020520687103271
5,366,-0.5693553,-0.0069292337,0.48597389459609985
5,367,-0.57593584,-0.006580543,0.004395788069814444
5,368,-0.58154124,-0.005605385,0.38949349522590637
5,369,-0.58645785,-0.0049165976,0.17093604803085327
5,370,-0.59087914,-0.0044213156,0.0177520252764225
5,371,-0.59427345,-0.0033943118,0.3505469858646393
5,372,-0.5969082,-0.0026347446,0.15564632415771484
5,373,-0.59932995,-0.0024217148,-0.22157950699329376
5,374,-0.60095567,-0.0016257026,0.15526807308197021
5,375,-0.6019233,-0.0009676177,0.05540129169821739
5,376,-0.6014257,0.000497581,0.5887703895568848
5,377,-0.6002376,0.0011880771,0.07472199201583862
5,378,-0.5969798,0.0032578176,1.2633994817733765
5,379,-0.59215033,0.0048294547,0.6838092803955078
5,380,-0.58531034,0.006839975,1.0849254131317139
5,381,-0.5784657,0.0068446384,-0.303689181804657
5,382,-0.5703438,0.008121929,0.5784295797348022
5,383,-0.56117946,0.00916431,0.46196091175079346
5,384,-0.55137825,0.009801228,0.23710580170154572
5,385,-0.54106987,0.010308372,0.1993592530488968
5,386,-0.529722,0.011347914,0.6057124733924866
5,387,-0.5192948,0.010427192,-0.6444289684295654
5,388,-0.5093886,0.009906191,-0.3258141875267029
5,389,-0.49922994,0.010158679,0.23935467004776
5,390,-0.48870632,0.01052361,0.36502254009246826
5,391,-0.47698203,0.011724307,0.9746087789535522
5,392,-0.4653119,0.011670103,0.19618847966194153
5,393,-0.45390847,0.011403451,0.1121828705072403
5,394,-0.4416917,0.012216767,0.8881292939186096
5,395,-0.4309883,0.010703376,-0.6035011410713196
5,396,-0.42036012,0.010628181,0.4069879651069641
5,397,-0.4090732,0.011286913,0.9471357464790344
5,398,-0.39756852,0.011504685,0.7066088914871216
5,399,-0.3854867,0.012081818,1.1353784799575806
5,400,-0.37472618,0.010760506,-0.2099042534828186
5,401,-0.36480814,0.009918032,0.1582135409116745
5,402,-0.35533482,0.009473309,0.4677814543247223
5,403,-0.34681258,0.008522234,0.17199237644672394
5,404,-0.33931422,0.0074983505,0.16048215329647064
5,405,-0.3327571,0.0065571438,0.24772530794143677
5,406,-0.32782543,0.0049316455,-0.1807386577129364
5,407,-0.32388774,0.0039376784,0.26090872287750244
5,408,-0.32159692,0.0022908105,-0.15803399682044983
5,409,-0.3209265,0.0006704385,-0.13093318045139313
5,410,-0.32128432,-0.0003578449,0.266545832157135
5,411,-0.32188058,-0.00059625326,0.7916601300239563
5,412,-0.32317886,-0.0012982701,0.48013752698898315
5,413,-0.3255921,-0.0024132307,0.19949588179588318
5,414,-0.3289685,-0.003376388,0.2907232940196991
5,415,-0.33318523,-0.0042167283,0.35856375098228455
5,416,-0.3377034,-0.0045181722,0.7001643180847168
5,417,-0.3423881,-0.004684685,0.7710322141647339
5,418,-0.34837517,-0.0059870756,-0.006180739961564541
5,419,-0.35533527,-0.0069600805,0.1876523792743683
5,420,-0.36357585,-0.008240576,-0.04762352257966995
5,421,-0.37272003,-0.009144185,0.16732735931873322
5,422,-0.38265982,-0.009939782,0.19849814474582672
5,423,-0.39358115,-0.01092133,0.02951962873339653
5,424,-0.40537572,-0.01179457,0.051569242030382156
5,425,-0.4172564,-0.011880697,0.5213826298713684
5,426,-0.42842123,-0.011164804,1.0529836416244507
5,427,-0.44062296,-0.012201728,-0.22183510661125183
5,428,-0.45318228,-0.01255933,0.1722065806388855
5,429,-0.46604794,-0.01286567,0.14524322748184204
5,430,-0.47995254,-0.0139045995,-0.4062926471233368
5,431,-0.49434975,-0.014397216,-0.11080276966094971
5,432,-0.50914097,-0.014791224,-0.11661479622125626
5,433,-0.5236162,-0.014475231,0.2829281687736511
5,434,-0.5379754,-0.014359201,0.0772661417722702
5,435,-0.5521954,-0.014220083,0.020884471014142036
5,436,-0.5670777,-0.014882256,-0.5842564702033997
5,437,-0.5818633,-0.014785593,-0.1523367166519165
5,438,-0.5970634,-0.015200134,-0.5662022233009338
5,439,-0.61137545,-0.0143120345,0.22770994901657104
5,440,-0.62382704,-0.012451596,0.8064640760421753
5,441,-0.6351373,-0.011310258,0.26726794242858887
5,442,-0.6452835,-0.010146203,0.22869259119033813
5,443,-0.65434885,-0.009065301,0.1256018877029419
5,444,-0.66186017,-0.007511343,0.3988577425479889
5,445,-0.66704655,-0.0051863813,0.8783203363418579
5,446,-0.67269,-0.005643424,-1.096941351890564
5,447,-0.6773311,-0.0046410966,-0.05262995511293411
5,448,-0.680892,-0.0035609014,-0.02157042734324932
5,449,-0.6834506,-0.0025585915,-0.08939559012651443
5,450,-0.6846776,-0.0012270006,0.11875267326831818
5,451,-0.68359935,0.0010782622,0.762429416179657
5,452,-0.68056357,0.0030357982,0.5353894233703613
5,453,-0.67604244,0.0045211446,0.23409180343151093
5,454,-0.6689174,0.007125032,1.3813947439193726
5,455,-0.660622,0.008295442,0.07647790759801865
5,456,-0.65090644,0.009715546,0.2807523310184479
5,457,-0.6402063,0.010700193,0.03525524586439133
5,458,-0.6284185,0.011787781,0.15383970737457275
5,459,-0.6153329,0.013085631,0.3497298061847687
5,460,-0.60076386,0.014569045,0.536040186882019
5,461,-0.5854056,0.015358281,0.14376874268054962
5,462,-0.5698243,0.015581337,-0.15856261551380157
5,463,-0.55350333,0.016320916,0.2626657485961914
5,464,-0.53677213,0.01673121,0.12420732527971268
5,465,-0.5202547,0.016517436,-0.2083655744791031
5,466,-0.5026549,0.017599763,0.7382720112800598
5,467,-0.48437306,0.018281838,0.5593671798706055
5,468,-0.4658165,0.01855655,0.3788180351257324
5,469,-0.44619116,0.01962535,1.228692650794983
5,470,-0.4269206,0.019270567,0.14704596996307373
5,471,-0.40692836,0.019992223,0.9577460885047913
5,472,-0.3871161,0.01981225,0.4515324831008911
5,473,-0.3673256,0.019790491,0.6489989161491394
5,474,-0.34864834,0.01867726,0.010901649482548237
5,475,-0.33111385,0.017534487,0.07329172641038895
5,476,-0.31344408,0.017669754,1.0143687725067139
5,477,-0.2970997,0.01634438,0.09894999116659164
5,478,-0.2823665,0.014733197,-0.02678525634109974
5,479,-0.26878932,0.013577188,0.3329264521598816
5,480,-0.2568013,0.011988012,0.09408998489379883
5,481,-0.24603663,0.010764673,0.3804899752140045
5,482,-0.23614535,0.00989128,0.6506403088569641
5,483,-0.22855094,0.007594412,-0.2656111717224121
5,484,-0.22385663,0.004694312,-0.6433904767036438
5,485,-0.21984705,0.004009578,0.8482536673545837
5,486,-0.21795891,0.001888142,-0.09716817736625671
5,487,-0.21880527,-0.0008463554,-0.5001121163368225
5,488,-0.22150014,-0.0026948825,0.08795648068189621
5,489,-0.22597773,-0.0044775954,0.12356613576412201
5,490,-0.2317221,-0.0057443655,0.4536043107509613
5,491,-0.23952794,-0.0078058424,-0.09440602362155914
5,492,-0.24866275,-0.009134819,0.3685806393623352
5,493,-0.2582981,-0.0096353525,0.8903397917747498
5,494,-0.2691494,-0.0108512845,0.3802039623260498
5,495,-0.28071138,-0.011561978,0.6784451007843018
5,496,-0.2933982,-0.012686831,0.35988491773605347
5,497,-0.30746517,-0.014066974,0.14157338440418243
5,498,-0.3217865,-0.014321327,0.8369520902633667
5,499,-0.3376994,-0.015912907,-0.1125175729393959
5,500,-0.35346735,-0.015767943,0.9786999225616455
5,501,-0.370621,-0.017153645,-0.10959938913583755
5,502,-0.38760355,-0.016982544,0.8523867726325989
5,503,-0.40449357,-0.016890021,0.7229508757591248
5,504,-0.4221024,-0.017608829,0.10372944921255112
5,505,-0.43987232,-0.01776992,0.3922819197177887
5,506,-0.4575926,-0.017720288,0.44733259081840515
5,507,-0.4758214,-0.018228808,-0.011135712265968323
5,508,-0.49429977,-0.018478358,0.0717034712433815
5,509,-0.51275384,-0.018454047,0.16251355409622192
5,510,-0.5308427,-0.018088873,0.297664612531662
5,511,-0.54844576,-0.01760305,0.2876646816730499
5,512,-0.5660697,-0.017623967,-0.1380639672279358
5,513,-0.58222073,-0.01615099,0.7702032923698425
5,514,-0.5967781,-0.014557369,0.77081298828125
5,515,-0.61097395,-0.014195849,-0.12195104360580444
5,516,-0.6232258,-0.012251862,0.8641010522842407
5,517,-0.6348658,-0.011640017,-0.08285469561815262
5,518,-0.64539856,-0.0105327405,0.1921229064464569
5,519,-0.65406823,-0.008669651,0.6465223431587219
5,520,-0.66028416,-0.0062159244,1.2853922843933105
5,521,-0.66415954,-0.003875346,0.8959508538246155
5,522,-0.6671488,-0.00298928,-0.09144926816225052
5,523,-0.66955453,-0.0024056847,-0.30670586228370667
5,524,-0.6707183,-0.0011638027,0.1212397962808609
5,525,-0.6706604,5.7964087e-05,0.10256405919790268
5,526,-0.66945016,0.0012102145,0.05648168548941612
5,527,-0.6658304,0.0036197687,0.900160551071167
5,528,-0.65976757,0.0060628145,0.9389234185218811
5,529,-0.6524164,0.007351179,0.19684478640556335
5,530,-0.64411604,0.008300366,0.004615950398147106
5,531,-0.63499933,0.009116736,-0.04529682919383049
5,532,-0.62373,0.01126934,0.8883777260780334
5,533,-0.61257124,0.011158747,-0.566889762878418
5,534,-0.5999338,0.012637455,0.5462068319320679
5,535,-0.5853075,0.014626313,0.9475577473640442
5,536,-0.56892765,0.016379844,0.8622366189956665
5,537,-0.55194795,0.01697971,0.17396359145641327
5,538,-0.53338027,0.018567659,0.917057454586029
5,539,-0.5147496,0.01863067,-0.00689257076010108
5,540,-0.49610507,0.018644523,0.05347606539726257
5,541,-0.47752014,0.018584952,0.09759850800037384
5,542,-0.45957005,0.0179501,-0.1935739368200302
5,543,-0.4411695,0.018400546,0.6184759736061096
5,544,-0.42304656,0.018122932,0.22288276255130768
5,545,-0.40488136,0.018165208,0.5233555436134338
5,546,-0.3861079,0.018773466,0.9866225719451904
5,547,-0.36705548,0.019052427,0.8541005849838257
5,548,-0.34764883,0.019406648,0.990407407283783
5,549,-0.32971498,0.017933847,-0.1424054056406021
5,550,-0.312166,0.017548973,0.659091591835022
5,551,-0.29578295,0.016383048,0.2104041576385498
5,552,-0.27947858,0.016304374,1.0340356826782227
5,553,-0.26473203,0.014746561,0.07583604753017426
5,554,-0.25117093,0.013561102,0.37779107689857483
5,555,-0.23913038,0.012040562,0.20179018378257751
5,556,-0.22894976,0.010180625,0.015914296731352806
5,557,-0.2207825,0.008167251,-0.05350296571850777
5,558,-0.21438491,0.0063975854,0.13447421789169312
5,559,-0.21035276,0.004032143,-0.24328187108039856
5,560,-0.20752408,0.0028286905,0.5433709025382996
5,561,-0.20612358,0.0014005079,0.4018469750881195
5,562,-0.20641573,-0.00029215426,0.22959865629673004
5,563,-0.20863159,-0.002215866,0.07471828907728195
5,564,-0.2126783,-0.004046709,0.1301703304052353
5,565,-0.21874586,-0.00606756,-0.008454635739326477
5,566,-0.22687502,-0.008129162,-0.053912315517663956
5,567,-0.23648132,-0.009606302,0.31053897738456726
5,568,-0.24802798,-0.011546659,-0.02903117798268795
5,569,-0.25997636,-0.011948382,0.9583664536476135
5,570,-0.27407208,-0.0140957115,-0.24661411345005035
5,571,-0.28987485,-0.015802765,-0.003704373026266694
5,572,-0.30736813,-0.01749327,-0.051813755184412
5,573,-0.32640076,-0.019032618,-0.01932360604405403
5,574,-0.34687084,-0.02047008,-0.028834054246544838
5,575,-0.36734736,-0.020476535,0.8385174870491028
5,576,-0.38766053,-0.020313172,0.8618674874305725
5,577,-0.40822074,-0.020560214,0.4963122606277466
5,578,-0.42960188,-0.021381138,0.018156928941607475
5,579,-0.4512203,-0.021618433,0.3055837154388428
5,580,-0.4727953,-0.021575006,0.3880073130130768
5,581,-0.49488133,-0.022086037,-0.08765283972024918
5,582,-0.517127,-0.022245642,0.037006963044404984
5,583,-0.54013145,-0.023004489,-0.47354087233543396
5,584,-0.56300086,-0.022869434,0.007406857796013355
5,585,-0.5850374,-0.02203654,0.35871076583862305
5,586,-0.60522366,-0.020186242,0.9280755519866943
5,587,-0.6253805,-0.020156853,-0.3844657242298126
5,588,-0.64504,-0.01965946,-0.1694423109292984
5,589,-0.66473854,-0.019698557,-0.6199268102645874
5,590,-0.6819099,-0.017171357,1.0947072505950928
5,591,-0.6964381,-0.014528159,1.0812602043151855
5,592,-0.70838994,-0.011951853,0.8915483951568604
5,593,-0.7177274,-0.009337504,0.8655473589897156
5,594,-0.7242168,-0.006489393,0.9820441007614136
5,595,-0.7290129,-0.004796106,0.18523846566677094
5,596,-0.73202217,-0.0030092432,0.22795380651950836
5,597,-0.73272425,-0.00070209015,0.5625747442245483
5,598,-0.7318818,0.0008424489,0.051321353763341904
5,599,-0.7282787,0.003603072,0.8654571771621704
5,600,-0.7228282,0.005450511,0.2713359296321869
5,601,-0.7154523,0.007375878,0.3456895351409912
5,602,-0.7062675,0.009184867,0.2988174259662628
5,603,-0.6958208,0.010446639,-0.027129674330353737
5,604,-0.6841645,0.011656301,-0.016865331679582596
5,605,-0.67128944,0.0128750885,0.04038514196872711
5,606,-0.65724957,0.014039897,0.06201113387942314
5,607,-0.6424543,0.014795253,-0.14692211151123047
5,608,-0.62540156,0.017052762,0.9232409596443176
5,609,-0.6060971,0.01930447,1.095239281654358
5,610,-0.5859941,0.020102981,0.12404821068048477
5,611,-0.56450814,0.021485964,0.6118296980857849
5,612,-0.5426166,0.021891525,0.06634002178907394
5,613,-0.5209623,0.021654319,-0.2531753480434418
5,614,-0.49908555,0.021876762,0.161477729678154
5,615,-0.47660387,0.022481682,0.5257361531257629
5,616,-0.45313302,0.023470854,0.8936448693275452
5,617,-0.43007496,0.02305806,0.07451508939266205
5,618,-0.40630946,0.023765499,0.933133602142334
5,619,-0.3828243,0.023485167,0.3875325620174408
5,620,-0.35886383,0.023960466,1.4895334243774414
5,621,-0.33471203,0.024151806,0.9181130528450012
5,622,-0.31108332,0.02362871,0.5459648966789246
5,623,-0.28855386,0.02252945,0.25920286774635315
5,624,-0.26781008,0.020743793,-0.11020981520414352
5,625,-0.24824004,0.019570038,0.37456631660461426
5,626,-0.23056538,0.017674657,-0.03812472149729729
5,627,-0.21331614,0.017249243,1.125564694404602
5,628,-0.19674478,0.016571362,0.8849561214447021
5,629,-0.1811649,0.015579875,0.7236922383308411
5,630,-0.16684778,0.014317128,0.584679901599884
5,631,-0.15463981,0.01220797,0.05609801784157753
5,632,-0.14390983,0.0107299825,0.5051840543746948
5,633,-0.13556692,0.008342906,-0.0776456743478775
5,634,-0.1290842,0.0064827134,0.2905898690223694
5,635,-0.12445516,0.0046290373,0.30746617913246155
5,636,-0.12160844,0.0028467183,0.36362913250923157
5,637,-0.11988968,0.0017187658,0.8050085306167603
5,638,-0.120605305,-0.0007156282,-0.06290708482265472
5,639,-0.12338899,-0.0027836883,0.18005262315273285
5,640,-0.12867913,-0.005290131,-0.11718367785215378
5,641,-0.13588858,-0.007209446,0.2644706666469574
5,642,-0.1453267,-0.009438128,0.04429324343800545
5,643,-0.1570504,-0.011723704,-0.012955894693732262
5,644,-0.17087765,-0.013827249,0.08271367102861404
5,645,-0.18609986,-0.015222209,0.5224539041519165
5,646,-0.20324995,-0.017150091,0.12833979725837708
5,647,-0.22231184,-0.019061897,0.09178129583597183
5,648,-0.24183804,-0.019526199,1.0213544368743896
5,649,-0.2624225,-0.02058446,0.5414221882820129
5,650,-0.28475535,-0.02233285,0.010713113471865654
5,651,-0.30906522,-0.024309866,-0.22338953614234924
5,652,-0.33408463,-0.025019417,0.5270985960960388
5,653,-0.36052462,-0.026439982,-0.04970255121588707
5,654,-0.38853738,-0.028012745,-0.26527661085128784
5,655,-0.41766047,-0.02912311,-0.08326341211795807
5,656,-0.44740865,-0.029748159,0.10412023961544037
5,657,-0.47772413,-0.03031549,-0.0005787400878034532
5,658,-0.50760406,-0.029879948,0.5190117955207825
5,659,-0.5368892,-0.029285135,0.4764854609966278
5,660,-0.56581557,-0.02892638,0.1727355718612671
5,661,-0.5940948,-0.02827926,0.22089384496212006
5,662,-0.6219051,-0.027810263,-0.037193965166807175
5,663,-0.6487339,-0.026828818,0.16985885798931122
5,664,-0.6744725,-0.025738595,0.11573231220245361
5,665,-0.6988127,-0.024340201,0.2033890336751938
5,666,-0.7208312,-0.022018472,0.7115395665168762
5,667,-0.741585,-0.020753806,-0.0865071639418602
5,668,-0.760915,-0.01932999,-0.06467702239751816
5,669,-0.77834165,-0.017426698,0.18001067638397217
5,670,-0.7928197,-0.014478012,0.8124900460243225
5,671,-0.8059216,-0.013101955,-0.2870846390724182
5,672,-0.81713325,-0.011211627,0.011425049975514412
5,673,-0.8251119,-0.007978693,0.8700844645500183
5,674,-0.82962525,-0.004513341,1.0163408517837524
5,675,-0.83088136,-0.0012560831,0.8474441766738892
5,676,-0.83001983,0.0008615355,0.08387964963912964
5,677,-0.82682425,0.0031955545,0.23075434565544128
5,678,-0.8212415,0.005582773,0.2759706974029541
5,679,-0.81466365,0.0065778475,-0.6348026990890503
5,680,-0.80466986,0.00999381,1.2488555908203125
5,681,-0.79222983,0.012440036,0.38617709279060364
5,682,-0.77767587,0.014553935,0.20685036480426788
5,683,-0.76120216,0.016473701,0.12894922494888306
5,684,-0.7433471,0.017855056,-0.16903431713581085
5,685,-0.7237853,0.019561814,0.1169719398021698
5,686,-0.7016534,0.022131879,0.7715365290641785
5,687,-0.6777823,0.023871107,0.31094932556152344
5,688,-0.6532734,0.024508895,-0.3185279071331024
5,689,-0.62781936,0.025454065,-0.002029792405664921
5,690,-0.60221386,0.025605515,-0.4116879999637604
5,691,-0.57452416,0.027689677,1.3979274034500122
5,692,-0.5455465,0.02897769,0.6050378084182739
5,693,-0.5152747,0.030271757,0.753052830696106
5,694,-0.48488963,0.030385071,0.11715877056121826
5,695,-0.45360634,0.031283297,0.7919273376464844
5,696,-0.4222992,0.03130714,0.3632919490337372
5,697,-0.39280686,0.029492334,-0.7111319303512573
5,698,-0.3640762,0.02873067,0.129532128572464
5,699,-0.33647698,0.027599212,0.013207954354584217
5,700,-0.31073165,0.025745327,-0.34868553280830383
5,701,-0.28660616,0.024125483,-0.08644070476293564
5,702,-0.2633171,0.023289055,0.5300055742263794
5,703,-0.24064189,0.022675222,0.7639115452766418
5,704,-0.22004132,0.020600572,-0.13220824301242828
5,705,-0.20140667,0.018634647,0.005910485051572323
5,706,-0.18400578,0.017400894,0.5490739941596985
5,707,-0.16889203,0.0151137505,-0.10564858466386795
5,708,-0.15506668,0.013825341,0.5983311533927917
5,709,-0.14197567,0.013091012,1.1382050514221191
5,710,-0.13091789,0.01105778,0.1622726321220398
5,711,-0.12182246,0.009095432,0.23153263330459595
5,712,-0.11516931,0.0066531547,-0.07159021496772766
5,713,-0.1104971,0.0046722093,0.2475423961877823
5,714,-0.108031295,0.00246581,0.10499724000692368
5,715,-0.10771332,0.00031797387,0.14800873398780823
5,716,-0.10946564,-0.0017523139,0.20021319389343262
5,717,-0.11386781,-0.0044021774,-0.18897460401058197
5,718,-0.11937803,-0.0055102156,0.8316722512245178
5,719,-0.12737253,-0.007994504,-0.09527115523815155
5,720,-0.13763446,-0.010261928,0.03484565019607544
5,721,-0.15061127,-0.012976817,-0.2833265960216522
5,722,-0.16562751,-0.01501624,0.139797642827034
5,723,-0.18254554,-0.016918035,0.19725824892520905
5,724,-0.2004727,-0.017927147,0.750187337398529
5,725,-0.22032733,-0.019854642,0.08922728896141052
5,726,-0.24197167,-0.021644337,0.12252042442560196
5,727,-0.2652332,-0.023261504,0.16837622225284576
5,728,-0.28989148,-0.024658298,0.23511241376399994
5,729,-0.3155452,-0.025653733,0.411502867937088
5,730,-0.3427873,-0.02724208,-0.08487039804458618
5,731,-0.3714,-0.028612692,-0.053370341658592224
5,732,-0.40093043,-0.029530438,0.12299507111310959
5,733,-0.43211797,-0.031187529,-0.5051360726356506
5,734,-0.4634178,-0.031299833,0.37681344151496887
5,735,-0.4951468,-0.031729016,0.013150166720151901
5,736,-0.5264786,-0.031331766,0.4069215953350067
5,737,-0.5578924,-0.031413823,-0.06910338252782822
5,738,-0.5892591,-0.03136673,-0.13976791501045227
5,739,-0.61986816,-0.030609077,0.17891836166381836
5,740,-0.6496941,-0.029825909,0.04742911458015442
5,741,-0.67871326,-0.02901918,-0.0777285024523735
5,742,-0.7065897,-0.027876424,0.013955001719295979
5,743,-0.7326577,-0.026067989,0.3359377980232239
5,744,-0.75710064,-0.024442969,0.10524514317512512
5,745,-0.7799623,-0.022861648,-0.020126672461628914
5,746,-0.8007188,-0.020756504,0.24429257214069366
5,747,-0.81812817,-0.017409382,1.0320714712142944
5,748,-0.8328042,-0.014676025,0.5338712930679321
5,749,-0.845711,-0.012906804,-0.15417368710041046
5,750,-0.856238,-0.010527026,0.2151697427034378
5,751,-0.8641921,-0.007954145,0.31468066573143005
5,752,-0.8698644,-0.0056722937,0.09950348734855652
5,753,-0.87351865,-0.0036542267,-0.09094619750976562
5,754,-0.8751983,-0.0016796662,-0.12913233041763306
5,755,-0.8749913,0.00020701275,-0.19188213348388672
5,756,-0.87250346,0.0024878269,0.07138553261756897
5,757,-0.867869,0.00463446,-0.011883951723575592
5,758,-0.8611178,0.0067512374,-0.020052563399076462
5,759,-0.852339,0.008778763,-0.0619647353887558
5,760,-0.8399754,0.012363629,1.1070845127105713
5,761,-0.8255359,0.01443954,0.029091903939843178
5,762,-0.8091677,0.016368182,-0.025781845673918724
5,763,-0.7910982,0.018069483,-0.12528285384178162
5,764,-0.7712074,0.019890793,0.015715768560767174
5,765,-0.7481257,0.023081724,1.3597197532653809
5,766,-0.7221447,0.025980959,0.8931753635406494
5,767,-0.69540006,0.026744645,-0.42593684792518616
5,768,-0.66820705,0.027192999,-0.5225743651390076
5,769,-0.6392759,0.02893113,0.45818042755126953
5,770,-0.608437,0.030838935,0.7050236463546753
5,771,-0.5769702,0.031466767,-0.0010717822005972266
5,772,-0.5444679,0.032502312,0.42464521527290344
5,773,-0.5106579,0.033810046,0.7675440311431885
5,774,-0.4768561,0.03380181,0.059195779263973236
5,775,-0.44336936,0.03348674,0.0229017473757267
5,776,-0.4107001,0.032669246,-0.14770910143852234
5,777,-0.37773696,0.032963153,0.7496997714042664
5,778,-0.34575456,0.031982403,0.0524226538836956
5,779,-0.3151319,0.030622661,-0.05886485055088997
5,780,-0.28582627,0.029305646,0.09769357740879059
5,781,-0.2582936,0.02753267,-0.0914066880941391
5,782,-0.23254594,0.02574766,0.0008335356833413243
5,783,-0.20905337,0.023492575,-0.2261204570531845
5,784,-0.18731862,0.021734739,0.17760446667671204
5,785,-0.16619942,0.021119202,1.1226768493652344
5,786,-0.14690906,0.019290356,0.2445259392261505
5,787,-0.12908268,0.017826376,0.5314164161682129
5,788,-0.11237172,0.016710961,0.799643337726593
5,789,-0.098060235,0.014311484,-0.02679697796702385
5,790,-0.086318605,0.01174163,-0.11816959083080292
5,791,-0.07742958,0.008889023,-0.2906412184238434
5,792,-0.06962808,0.007801496,0.896885335445404
5,793,-0.064248174,0.005379908,0.01604592241346836
5,794,-0.061264742,0.0029834316,0.03815283626317978
5,795,-0.05976139,0.001503353,0.6518765091896057
5,796,-0.060811352,-0.0010499619,-0.06225726753473282
5,797,-0.06317163,-0.0023602787,0.7654637098312378
5,798,-0.0678793,-0.004707666,0.07190141826868057
5,799,-0.07484454,-0.0069652414,0.1271788328886032
5,800,-0.084265865,-0.009421325,-0.012559447437524796
5,801,-0.094969556,-0.010703689,0.7587845921516418
5,802,-0.108258314,-0.013288761,-0.1239018514752388
5,803,-0.12387046,-0.015612151,0.030610691756010056
5,804,-0.14237462,-0.018504158,-0.3750992715358734
5,805,-0.16314453,-0.020769903,0.006437264382839203
5,806,-0.18603846,-0.022893941,0.05497420206665993
5,807,-0.21098138,-0.02494292,0.047771524637937546
5,808,-0.23798044,-0.026999054,-0.026940807700157166
5,809,-0.26640823,-0.028427789,0.3071555197238922
5,810,-0.29584408,-0.029435853,0.490061491727829
5,811,-0.3256974,-0.029853307,0.773909866809845
5,812,-0.35565212,-0.029954724,0.8647802472114563
5,813,-0.38560656,-0.029954445,0.8048388957977295
5,814,-0.41550064,-0.029894086,0.7106612920761108
5,815,-0.44646633,-0.03096568,-0.18332932889461517
5,816,-0.47818625,-0.031719934,-0.12060530483722687
5,817,-0.5099321,-0.031745862,0.20907458662986755
5,818,-0.54145294,-0.031520844,0.21832793951034546
5,819,-0.5727873,-0.03133434,0.03510699421167374
5,820,-0.60378575,-0.030998485,-0.021147768944501877
5,821,-0.63328034,-0.029494556,0.6055408716201782
5,822,-0.6614193,-0.028138924,0.36518922448158264
5,823,-0.6882945,-0.026875198,0.1728479117155075
5,824,-0.71361953,-0.025325032,0.24306423962116241
5,825,-0.7372786,-0.023659024,0.21119724214076996
5,826,-0.7595878,-0.022309225,-0.09684876352548599
5,827,-0.7795826,-0.019994823,0.45911651849746704
5,828,-0.79767287,-0.018090231,0.1119554191827774
5,829,-0.8126521,-0.014979244,0.8528912663459778
5,830,-0.8252374,-0.012585272,0.325157105922699
5,831,-0.8355764,-0.010339029,0.18687312304973602
5,832,-0.8439362,-0.008359801,-0.022435789927840233
5,833,-0.8503122,-0.0063759885,-0.043744541704654694
5,834,-0.85413134,-0.0038191942,0.3202371597290039
5,835,-0.85598963,-0.0018582898,-0.0875663235783577
5,836,-0.8558536,0.00013600381,-0.07037084549665451
5,837,-0.8528763,0.0029773198,0.49467992782592773
5,838,-0.8479214,0.004954928,-0.07298561930656433
5,839,-0.8406589,0.007262469,0.1607609987258911
5,840,-0.83010525,0.010553687,0.8373096585273743
5,841,-0.81624544,0.013859788,0.8785502314567566
5,842,-0.7997383,0.016507177,0.4825518727302551
5,843,-0.78125006,0.018488213,0.092585489153862
5,844,-0.76069164,0.020558422,0.21638494729995728
5,845,-0.7375877,0.023103973,0.6090293526649475
5,846,-0.7125843,0.0250034,0.26833096146583557
5,847,-0.6860029,0.026581429,0.15690666437149048
5,848,-0.6575427,0.028460225,0.47225719690322876
5,849,-0.6277808,0.029761896,0.2159390151500702
5,850,-0.59705955,0.030721249,0.12709826231002808
5,851,-0.56575775,0.03130177,0.022676629945635796
5,852,-0.5340532,0.03170456,0.05829339101910591
5,853,-0.5013444,0.03270884,0.6172544956207275
5,854,-0.46780673,0.033537664,0.6637388467788696
5,855,-0.43347284,0.03433387,0.8084642291069031
5,856,-0.39879882,0.03467403,0.6719334125518799
5,857,-0.3639657,0.034833126,0.71558678150177
5,858,-0.33048883,0.03347687,-0.13616478443145752
5,859,-0.297778,0.032710813,0.4017331302165985
5,860,-0.26591885,0.031859156,0.47692590951919556
5,861,-0.23497841,0.030940449,0.5513861775398254
5,862,-0.20574014,0.02923827,0.13463643193244934
5,863,-0.1784315,0.02730864,0.07272951304912567
5,864,-0.1537752,0.024656294,-0.3346988558769226
5,865,-0.13148464,0.022290561,-0.0847168117761612
5,866,-0.11076489,0.020719754,0.4914725422859192
5,867,-0.0921561,0.018608797,0.16818925738334656
5,868,-0.076316446,0.015839655,-0.2427193969488144
5,869,-0.06261746,0.0136989895,0.19606512784957886
5,870,-0.051657256,0.010960201,-0.18851296603679657
5,871,-0.042859197,0.008798059,0.20526544749736786
5,872,-0.03585914,0.0070000533,0.45423829555511475
5,873,-0.03195059,0.0039085513,-0.40396958589553833
5,874,-0.030849405,0.0011011855,-0.2125610113143921
5,875,-0.03108428,-0.00023487626,0.7688263058662415
5,876,-0.034019966,-0.002935685,-0.14111395180225372
5,877,-0.039087918,-0.005067953,0.2364819496870041
5,878,-0.046092417,-0.007004499,0.3641901910305023
5,879,-0.054531526,-0.008439107,0.6943528056144714
5,880,-0.06524429,-0.010712761,0.12864409387111664
5,881,-0.07782226,-0.0125779705,0.3913697898387909
5,882,-0.09152147,-0.013699212,0.8739556670188904
5,883,-0.10829895,-0.016777476,-0.44793668389320374
5,884,-0.1266053,-0.018306354,0.5602211356163025
5,885,-0.14697146,-0.020366155,0.1746874451637268
5,886,-0.16865766,-0.021686194,0.6272432804107666
5,887,-0.19168764,-0.02302998,0.5619820356369019
5,888,-0.21658169,-0.02489405,0.1558837741613388
5,889,-0.24315152,-0.026569836,0.20987287163734436
5,890,-0.27067885,-0.027527345,0.6042239665985107
5,891,-0.29845703,-0.02777818,0.9794802665710449
5,892,-0.3279671,-0.029510068,-0.11254242062568665
5,893,-0.35859588,-0.030628782,0.17715419828891754
5,894,-0.38981876,-0.03122289,0.3956611156463623
5,895,-0.4217069,-0.031888142,0.2075861394405365
5,896,-0.45451042,-0.03280353,-0.10869615525007248
5,897,-0.4870245,-0.03251408,0.5359424352645874
5,898,-0.51852065,-0.03149615,0.8611268997192383
5,899,-0.5490262,-0.030505562,0.6857802271842957
5,900,-0.57811755,-0.02909136,0.8157875537872314
5,901,-0.6065452,-0.028427659,0.17108716070652008
5,902,-0.6332871,-0.02674185,0.713407576084137
5,903,-0.65815824,-0.024871176,0.7085186243057251
5,904,-0.6827048,-0.024546571,-0.43826913833618164
5,905,-0.705823,-0.023118204,0.18658065795898438
5,906,-0.7261416,-0.020318585,1.1480361223220825
5,907,-0.74442947,-0.018287897,0.4022555947303772
5,908,-0.7614811,-0.017051663,-0.20098358392715454
5,909,-0.7756661,-0.014185029,0.8200974464416504
5,910,-0.788491,-0.012824906,-0.23685753345489502
5,911,-0.7993442,-0.010853158,0.12510327994823456
5,912,-0.8081114,-0.008767234,0.16384415328502655
5,913,-0.8149518,-0.0068403776,0.028553161770105362
5,914,-0.81938255,-0.0044307746,0.328168660402298
5,915,-0.82037485,-0.0009922698,1.001854419708252
5,916,-0.8200703,0.00030454132,-0.4309230446815491
5,917,-0.8175901,0.0024802303,0.15595392882823944
5,918,-0.81344444,0.0041456698,-0.1763656884431839
5,919,-0.8077051,0.0057393126,-0.2109551727771759
5,920,-0.7999441,0.0077609783,0.09309554845094681
5,921,-0.79022646,0.009717627,0.07563182711601257
5,922,-0.7778985,0.01232799,0.5447835922241211
5,923,-0.76376593,0.014132578,0.051358748227357864
5,924,-0.7474353,0.016330648,0.3657775819301605
5,925,-0.7287773,0.018658005,0.514623761177063
5,926,-0.7098804,0.018896854,-0.8030937910079956
5,927,-0.6895611,0.020319281,0.06460674107074738
5,928,-0.66693056,0.022630585,0.7449195981025696
5,929,-0.64310765,0.023822928,0.10011764615774155
5,930,-0.61839074,0.024716927,0.011174452491104603
5,931,-0.59336245,0.025028279,-0.2600296139717102
5,932,-0.5675851,0.025777314,0.15307936072349548
5,933,-0.5409583,0.026626825,0.3470469117164612
5,934,-0.51380885,0.027149467,0.2616695165634155
5,935,-0.48588184,0.027927002,0.5672991275787354
5,936,-0.45745364,0.028428199,0.5223132371902466
5,937,-0.42857176,0.028881887,0.6310186982154846
5,938,-0.39998946,0.028582301,0.269001305103302
5,939,-0.37173334,0.02825612,0.38652491569519043
5,940,-0.34448743,0.027245907,0.059853989630937576
5,941,-0.31812602,0.026361404,0.26341044902801514
5,942,-0.29249686,0.02562915,0.4753580093383789
5,943,-0.2673758,0.02512105,0.7264052629470825
5,944,-0.24315575,0.024220044,0.5579614639282227
5,945,-0.22077698,0.022378769,0.015032732859253883
5,946,-0.19906269,0.021714287,0.8712804317474365
5,947,-0.17982851,0.019234184,-0.275201678276062
5,948,-0.16256692,0.017261593,0.11489412933588028
5,949,-0.1486233,0.01394362,-0.7396276593208313
5,950,-0.13668424,0.011939064,0.16735577583312988
5,951,-0.12582232,0.010861922,0.8104053139686584
5,952,-0.11653771,0.009284604,0.49779024720191956
5,953,-0.1086946,0.007843116,0.6048502326011658
5,954,-0.10295243,0.005742172,0.17821064591407776
5,955,-0.0993376,0.003614829,0.16957396268844604
5,956,-0.097010426,0.0023271714,0.734764814376831
5,957,-0.09708592,-7.549618e-05,-0.0051975976675748825
5,958,-0.098891534,-0.0018056091,0.4430638253688812
5,959,-0.10381147,-0.0049199387,-0.482363224029541
5,960,-0.110851765,-0.007040294,0.17292161285877228
5,961,-0.11923092,-0.008379157,0.682776689529419
5,962,-0.12976916,-0.0105382465,0.12178506702184677
5,963,-0.14282629,-0.013057132,-0.13730375468730927
5,964,-0.15778215,-0.014955868,0.25017428398132324
5,965,-0.17502066,-0.017238513,-0.03835051506757736
5,966,-0.19321595,-0.01819529,0.8043029308319092
5,967,-0.21316724,-0.019951286,0.22376273572444916
5,968,-0.23502766,-0.021860413,0.06457027047872543
5,969,-0.25835824,-0.02333058,0.2891514003276825
5,970,-0.28259632,-0.024238087,0.5856099724769592
5,971,-0.30903167,-0.026435336,-0.3620944321155548
5,972,-0.33654237,-0.027510693,0.283362478017807
5,973,-0.36606547,-0.02952311,-0.45465028285980225
5,974,-0.3963596,-0.030294113,0.2446695864200592
5,975,-0.42698702,-0.030627439,0.3986404538154602
5,976,-0.45692444,-0.029937413,0.9363418817520142
5,977,-0.48681724,-0.029892806,0.3608910143375397
5,978,-0.51728094,-0.030463668,-0.19703969359397888
5,979,-0.5475852,-0.030304244,0.1378694474697113
5,980,-0.57813936,-0.030554181,-0.286452978849411
5,981,-0.6086664,-0.030527038,-0.25339260697364807
5,982,-0.6371382,-0.028471785,0.949433445930481
5,983,-0.6640567,-0.026918516,0.4787293076515198
5,984,-0.68937445,-0.025317729,0.38550058007240295
5,985,-0.7132935,-0.023919063,0.13731402158737183
5,986,-0.7361136,-0.022820126,-0.16547749936580658
5,987,-0.7568365,-0.020722857,0.4061390161514282
5,988,-0.7758873,-0.019050863,0.04133223742246628
5,989,-0.79338455,-0.017497217,-0.10864701122045517
5,990,-0.8082039,-0.014819334,0.5788488984107971
5,991,-0.82035923,-0.012155349,0.5196684002876282
5,992,-0.83112186,-0.010762617,-0.3669264018535614
5,993,-0.84139156,-0.0102697285,-1.0534474849700928
5,994,-0.8497913,-0.008399723,-0.1122896745800972
5,995,-0.85584074,-0.006049479,0.18398906290531158
5,996,-0.8596342,-0.003793504,0.1044873595237732
5,997,-0.8615142,-0.0018799817,-0.13402368128299713
5,998,-0.8605636,0.00095064385,0.47238636016845703
5,999,-0.857433,0.0031305635,0.04110104963183403
