episode,step,position,velocity,action
1,1,-0.5299162,-0.0001315613,-0.11863531172275543
1,2,-0.52859586,0.001320362,0.9363635182380676
1,3,-0.52764994,0.00094590563,-0.2746220827102661
1,4,-0.5262399,0.0014100409,0.2891681492328644
1,5,-0.5257469,0.00049298396,-0.6245766282081604
1,6,-0.5251826,0.00056429626,0.03680108115077019
1,7,-0.52310646,0.0020761748,1.0489662885665894
1,8,-0.5211156,0.001990846,-0.054424386471509933
1,9,-0.5194561,0.0016595081,-0.20847612619400024
1,10,-0.51777786,0.0016782325,0.03319584205746651
1,11,-0.51477885,0.002999008,0.9096201062202454
1,12,-0.51118094,0.0035979126,0.4433642327785492
1,13,-0.50723594,0.003945021,0.2934805452823639
1,14,-0.5027609,0.004475047,0.4351319968700409
1,15,-0.4972901,0.0054707886,0.7679492831230164
1,16,-0.49121803,0.006072076,0.5322652459144592
1,17,-0.48457426,0.006643785,0.542788565158844
1,18,-0.479005,0.0055692457,-0.5216823816299438
1,19,-0.47341788,0.0055871424,0.23423540592193604
1,20,-0.46841374,0.0050041433,-0.1387082189321518
1,21,-0.46387154,0.004542212,-0.03328767791390419
1,22,-0.45916128,0.0047102547,0.4090692102909088
1,23,-0.45529625,0.0038650448,-0.2432887703180313
1,24,-0.4518504,0.003445847,0.059662625193595886
1,25,-0.44898668,0.002863741,-0.032092463225126266
1,26,-0.44550362,0.0034830456,0.7828227281570435
1,27,-0.44139865,0.0041049845,0.8015393018722534
1,28,-0.43733722,0.004061435,0.37781471014022827
1,29,-0.43270504,0.0046321773,0.8070048093795776
1,30,-0.4290917,0.0036133537,-0.23035813868045807
1,31,-0.4253088,0.0037828845,0.5792506337165833
1,32,-0.42250574,0.002803071,-0.16884998977184296
1,33,-0.42034593,0.002159817,0.06891607493162155
1,34,-0.41799247,0.0023534447,0.637133002281189
1,35,-0.4167418,0.001250676,-0.2159368246793747
1,36,-0.41486382,0.0018779542,0.943366289138794
1,37,-0.41361764,0.0012461845,0.11290402710437775
1,38,-0.41308886,0.00052877073,0.06170666590332985
1,39,-0.4130045,8.4371735e-05,0.24621710181236267
1,40,-0.41338772,-0.00038323697,0.2311428189277649
1,41,-0.41359553,-0.0002077983,0.6580290794372559
1,42,-0.41431713,-0.00072159944,0.19755299389362335
1,43,-0.4165698,-0.002252678,-0.48404648900032043
1,44,-0.42111146,-0.004541673,-1.020836591720581
1,45,-0.42647094,-0.005359481,-0.040804293006658554
1,46,-0.4325679,-0.0060969573,-0.012854489497840405
1,47,-0.4407867,-0.008218793,-0.9650391936302185
1,48,-0.44920713,-0.008420446,0.2753793001174927
1,49,-0.45788938,-0.00868226,0.1943352222442627
1,50,-0.46700707,-0.009117695,0.03613351657986641
1,51,-0.4756796,-0.008672528,0.5783787965774536
1,52,-0.48538792,-0.009708325,-0.4517599046230316
1,53,-0.49596754,-0.010579616,-0.3902243673801422
1,54,-0.50603074,-0.010063185,0.48228511214256287
1,55,-0.5173902,-0.011359429,-0.7763627171516418
1,56,-0.5282358,-0.010845619,0.3735809028148651
1,57,-0.53910583,-0.0108700665,-0.03948260843753815
1,58,-0.5512052,-0.012099412,-0.8970713019371033
1,59,-0.56459785,-0.0133926,-1.099631667137146
1,60,-0.5783083,-0.013710453,-0.4163808822631836
1,61,-0.5915401,-0.013231836,0.04675677791237831
1,62,-0.6034254,-0.011885294,0.5603353381156921
1,63,-0.6153589,-0.011933486,-0.4274567663669586
1,64,-0.62709165,-0.011732762,-0.31921178102493286
1,65,-0.6381262,-0.011034563,-0.043725162744522095
1,66,-0.64977884,-0.011652665,-0.973504900932312
1,67,-0.6590708,-0.009291972,0.9578545689582825
1,68,-0.66770077,-0.008630006,-0.21755562722682953
1,69,-0.6763384,-0.008637626,-0.7033562064170837
1,70,-0.68375605,-0.0074176826,0.07604321837425232
1,71,-0.6904921,-0.006736057,-0.31591230630874634
1,72,-0.69483525,-0.004343134,0.7952450513839722
1,73,-0.697105,-0.0022697565,0.5632327795028687
1,74,-0.6985827,-0.0014776959,-0.30084314942359924
1,75,-0.6981491,0.00043365272,0.4389469027519226
1,76,-0.6968827,0.001266335,-0.2782871127128601
1,77,-0.6958745,0.001008214,-1.1752649545669556
1,78,-0.69401413,0.0018603614,-0.2554421126842499
1,79,-0.69041437,0.0035997455,0.344148725271225
1,80,-0.68569195,0.0047224145,-0.05124998465180397
1,81,-0.6800253,0.005666689,-0.14938369393348694
1,82,-0.67384815,0.0061771385,-0.41344010829925537
1,83,-0.66538894,0.008459236,0.795332670211792
1,84,-0.65739805,0.007990881,-1.270540714263916
1,85,-0.64914286,0.008255198,-0.4749647080898285
1,86,-0.64037526,0.008767625,-0.2713663876056671
1,87,-0.6301808,0.010194457,0.37920936942100525
1,88,-0.6185386,0.01164218,0.4412728250026703
1,89,-0.6058397,0.012698917,0.23618391156196594
1,90,-0.5910644,0.01477533,0.9772302508354187
1,91,-0.5766168,0.014447564,-0.5535401701927185
1,92,-0.56224704,0.014369774,-0.3158344030380249
1,93,-0.54699713,0.015249896,0.39393970370292664
1,94,-0.53014076,0.016856387,0.9540979266166687
1,95,-0.5136416,0.016499138,-0.2708745300769806
1,96,-0.49631548,0.017326113,0.6010951399803162
1,97,-0.4787414,0.017574074,0.3015719950199127
1,98,-0.46300274,0.015738659,-1.1818923950195312
1,99,-0.44774067,0.015262065,-0.016414659097790718
1,100,-0.4323931,0.015347577,0.4330326318740845
1,101,-0.41632345,0.01606965,0.9317420721054077
1,102,-0.40008873,0.016234728,0.6372169256210327
1,103,-0.3843137,0.015775017,0.29704248905181885
1,104,-0.3680532,0.016260514,1.0817315578460693
1,105,-0.35264271,0.015410476,0.18311707675457
1,106,-0.3372475,0.015395223,0.807628870010376
1,107,-0.32203102,0.015216463,0.764800488948822
1,108,-0.3069531,0.0150779225,0.8551693558692932
1,109,-0.29201806,0.014935051,0.9133127927780151
1,110,-0.27771693,0.01430111,0.6443513631820679
1,111,-0.26373145,0.013985494,0.9105014204978943
1,112,-0.25077054,0.012960909,0.4886035621166229
1,113,-0.23875676,0.012013781,0.5854334831237793
1,114,-0.22825488,0.010501882,0.24916693568229675
1,115,-0.21869625,0.009558635,0.6621152758598328
1,116,-0.20978014,0.008916103,0.8922862410545349
1,117,-0.20138508,0.008395064,1.026883602142334
1,118,-0.1944282,0.0069568763,0.41284534335136414
1,119,-0.18868256,0.0057456456,0.5836098790168762
1,120,-0.18493888,0.0037436832,0.07207037508487701
1,121,-0.18183136,0.0031075242,0.9925557971000671
1,122,-0.1795539,0.00227746,0.8714088201522827
1,123,-0.17886741,0.00068648136,0.37000760436058044
1,124,-0.17993365,-0.0010662345,0.2639404833316803
1,125,-0.18213095,-0.0021973026,0.6756395697593689
1,126,-0.18666078,-0.004529831,-0.13101154565811157
1,127,-0.19251367,-0.005852895,0.5300648808479309
1,128,-0.1994516,-0.0069379206,0.6729955673217773
1,129,-0.20808001,-0.008628414,0.25011029839515686
1,130,-0.21894054,-0.010860539,-0.13573740422725677
1,131,-0.23028092,-0.011340382,1.258352279663086
1,132,-0.24361424,-0.013333314,-0.04410646855831146
1,133,-0.2578393,-0.014225047,0.6465316414833069
1,134,-0.27301747,-0.01517818,0.5570068359375
1,135,-0.29010338,-0.017085915,-0.13363385200500488
1,136,-0.30987316,-0.019769795,-0.7149374485015869
1,137,-0.33108732,-0.021214146,0.03399781137704849
1,138,-0.35216635,-0.021079047,1.0578421354293823
1,139,-0.37403956,-0.021873213,0.29042690992355347
1,140,-0.39565334,-0.021613782,0.8959113359451294
1,141,-0.41820198,-0.022548636,0.0008976744138635695
1,142,-0.4413935,-0.023191499,0.0896725133061409
1,143,-0.4666953,-0.025301808,-1.100645661354065
1,144,-0.4927942,-0.02609889,-0.24825049936771393
1,145,-0.51873726,-0.025943074,0.2576809525489807
1,146,-0.54512435,-0.026387086,-0.2717011272907257
1,147,-0.5714565,-0.026332146,-0.07092664390802383
1,148,-0.59695995,-0.02550348,0.31397637724876404
1,149,-0.622002,-0.025042059,-0.056236814707517624
1,150,-0.64766014,-0.025658105,-0.8955984115600586
1,151,-0.6719581,-0.02429793,0.3006986677646637
1,152,-0.69481516,-0.022857074,0.24302341043949127
1,153,-0.7173113,-0.022496166,-0.5783265233039856
1,154,-0.73726743,-0.019956127,0.7784006595611572
1,155,-0.75489044,-0.017622983,0.5587589144706726
1,156,-0.76993084,-0.015040408,0.6558486819267273
1,157,-0.78312993,-0.013199073,0.10497904568910599
1,158,-0.7937458,-0.010615901,0.5516498684883118
1,159,-0.8023422,-0.00859638,0.1386951059103012
1,160,-0.80850065,-0.006158483,0.3883953094482422
1,161,-0.8122466,-0.003745952,0.3510580360889435
1,162,-0.8144495,-0.0022028706,-0.24079066514968872
1,163,-0.81505084,-0.00060132367,-0.20892228186130524
1,164,-0.814093,0.0009578174,-0.23912371695041656
1,165,-0.8118866,0.0022064138,-0.4430760443210602
1,166,-0.8077548,0.0041317935,0.015241908840835094
1,167,-0.800359,0.0073958,0.9211593270301819
1,168,-0.7900568,0.010302196,0.7073957920074463
1,169,-0.77946234,0.0105944965,-1.2915120124816895
1,170,-0.766725,0.012737343,0.2712250053882599
1,171,-0.7511459,0.015579127,0.7838447093963623
1,172,-0.7342739,0.016871989,-0.1895003467798233
1,173,-0.717425,0.016848939,-1.0167412757873535
1,174,-0.6982114,0.019213624,0.6610240936279297
1,175,-0.67685604,0.021355305,0.5941091179847717
1,176,-0.6544657,0.022390392,-0.04951420798897743
1,177,-0.63116056,0.023305131,-0.02782852202653885
1,178,-0.6070319,0.024128696,0.020518962293863297
1,179,-0.5823843,0.024647586,-0.06689613312482834
1,180,-0.5587981,0.023586195,-1.2253444194793701
1,181,-0.5353373,0.023460725,-0.25931647419929504
1,182,-0.5105911,0.024746211,0.7983102798461914
1,183,-0.4852129,0.025378201,0.4863484799861908
1,184,-0.46011332,0.025099589,0.005763270426541567
1,185,-0.43609312,0.0240202,-0.40408068895339966
1,186,-0.41147614,0.02461699,0.8303799033164978
1,187,-0.3887975,0.022678638,-0.7421331405639648
1,188,-0.36637467,0.022422811,0.4852335751056671
1,189,-0.3456538,0.020720877,-0.37732845544815063
1,190,-0.3250092,0.020644616,0.7972231507301331
1,191,-0.3046265,0.020382708,0.7606360912322998
1,192,-0.2842705,0.020356013,1.082533597946167
1,193,-0.2649138,0.019356698,0.43023693561553955
1,194,-0.2461512,0.0187626,0.7713831067085266
1,195,-0.22841407,0.017737128,0.5488689541816711
1,196,-0.2118208,0.016593274,0.5278737545013428
1,197,-0.19582762,0.01599317,0.9412600994110107
1,198,-0.18139741,0.014430212,0.3452584743499756
1,199,-0.16760606,0.013791348,1.0129975080490112
1,200,-0.15655662,0.01104944,-0.36755847930908203
1,201,-0.14623648,0.010320146,1.1174784898757935
1,202,-0.13667959,0.009556894,1.2673126459121704
1,203,-0.1291178,0.0075617894,0.19843915104866028
1,204,-0.12370426,0.0054135374,0.11101864278316498
1,205,-0.12074957,0.0029546893,-0.08602476865053177
1,206,-0.12008284,0.00066673337,0.03319983929395676
1,207,-0.12077802,-0.0006951766,0.6517421007156372
1,208,-0.12231088,-0.0015328567,1.1403329372406006
1,209,-0.12690696,-0.004596082,-0.4864298701286316
1,210,-0.13360035,-0.006693394,0.14912045001983643
1,211,-0.14139764,-0.007797279,0.798658013343811
1,212,-0.15003297,-0.00863532,0.9602578282356262
1,213,-0.16020136,-0.0101683885,0.47862762212753296
1,214,-0.17149223,-0.011290879,0.729532778263092
1,215,-0.1835654,-0.012073154,0.9294009804725647
1,216,-0.19630018,-0.012734786,0.9791791439056396
1,217,-0.21037863,-0.014078459,0.4901374876499176
1,218,-0.22497548,-0.014596853,1.5529454946517944
1,219,-0.2428355,-0.017860033,-0.8741975426673889
1,220,-0.2623154,-0.019479891,0.16371029615402222
1,221,-0.28210676,-0.019791374,0.9690300822257996
1,222,-0.3025957,-0.02048896,0.6395140886306763
1,223,-0.32329148,-0.020695785,0.8879353404045105
1,224,-0.3454182,-0.022126729,-0.011624457314610481
1,225,-0.36861005,-0.02319185,0.1389969289302826
1,226,-0.39408547,-0.025475428,-0.7750630974769592
1,227,-0.41956514,-0.02547968,0.6285606622695923
1,228,-0.4446041,-0.025038967,0.8055737614631653
1,229,-0.46963474,-0.025030635,0.3968407213687897
1,230,-0.49421915,-0.0245844,0.5661332011222839
1,231,-0.5184531,-0.024233958,0.38033604621887207
1,232,-0.54263437,-0.024181254,0.06086254492402077
1,233,-0.5660518,-0.023417404,0.4141075909137726
1,234,-0.5883891,-0.022337323,0.5083621740341187
1,235,-0.6110094,-0.022620292,-0.5105624794960022
1,236,-0.63196355,-0.020954149,0.6787007451057434
1,237,-0.6530283,-0.021064749,-0.6060633659362793
1,238,-0.67371684,-0.020688549,-0.38020768761634827
1,239,-0.6940622,-0.020345306,-0.4966453015804291
1,240,-0.7133384,-0.019276224,-0.10292931646108627
1,241,-0.7317005,-0.018362122,-0.28888875246047974
1,242,-0.7479872,-0.016286723,0.4093758463859558
1,243,-0.7629863,-0.014999065,-0.18066707253456116
1,244,-0.77646583,-0.013479527,-0.08364540338516235
1,245,-0.78682727,-0.010361412,0.9322322010993958
1,246,-0.79453725,-0.007710006,0.584050714969635
1,247,-0.80089706,-0.0063598454,-0.3102686405181885
1,248,-0.8069089,-0.006011823,-1.0356428623199463
1,249,-0.8110273,-0.004118372,0.010243279859423637
1,250,-0.8134101,-0.002382828,-0.10852337628602982
1,251,-0.8153205,-0.0019103898,-0.9583142995834351
1,252,-0.81533575,-1.52434095e-05,-0.01598469167947769
1,253,-0.81366026,0.0016755005,-0.1523018181324005
1,254,-0.809594,0.0040662596,0.31975966691970825
1,255,-0.8031265,0.006467453,0.3399178087711334
1,256,-0.7950336,0.008092949,-0.15583039820194244
1,257,-0.78511435,0.009919244,0.005449492949992418
1,258,-0.77333355,0.011780799,0.06352949887514114
1,259,-0.75981903,0.01351449,0.02069973573088646
1,260,-0.7443047,0.015514342,0.24853870272636414
1,261,-0.7267977,0.01750704,0.3038177788257599
1,262,-0.70836526,0.018432459,-0.3372824490070343
1,263,-0.6885754,0.019789899,0.02771393582224846
1,264,-0.66674715,0.021828216,0.5672615766525269
1,265,-0.64499545,0.021751683,-0.7449658513069153
1,266,-0.62212676,0.022868682,0.15101103484630585
1,267,-0.59900504,0.023121743,-0.3167899250984192
1,268,-0.57502687,0.023978151,0.19711589813232422
1,269,-0.55023235,0.024794543,0.28814008831977844
1,270,-0.5267383,0.023494083,-1.0380299091339111
1,271,-0.50236064,0.024377631,0.5733345746994019
1,272,-0.4766422,0.025718452,1.14528226852417
1,273,-0.45101124,0.025630938,0.17566439509391785
1,274,-0.4263827,0.024628535,-0.30819228291511536
1,275,-0.4032144,0.023168297,-0.4942724406719208
1,276,-0.3794295,0.023784915,1.1351951360702515
1,277,-0.3559411,0.023488404,0.5009074211120605
1,278,-0.33254454,0.02339655,0.7421509027481079
1,279,-0.31067973,0.021864815,-0.11733654886484146
1,280,-0.289312,0.021367716,0.6622644662857056
1,281,-0.2680603,0.021251708,1.1912693977355957
1,282,-0.24738935,0.020670952,0.7689987421035767
1,283,-0.22784455,0.019544797,0.4775710701942444
1,284,-0.20873812,0.019106433,1.0639523267745972
1,285,-0.19015731,0.018580804,1.1812671422958374
1,286,-0.17334701,0.0168103,0.22240789234638214
1,287,-0.15851869,0.014828324,0.1250143200159073
1,288,-0.14612779,0.012390893,-0.14322350919246674
1,289,-0.13450526,0.011622532,0.9968248009681702
1,290,-0.12368194,0.010823317,1.6102155447006226
1,291,-0.115159,0.008522945,0.019666893407702446
1,292,-0.10840116,0.006757838,0.39145180583000183
1,293,-0.103395194,0.005005966,0.411394864320755
1,294,-0.100848116,0.0025470804,-0.05212876573204994
1,295,-0.099950016,0.0008981028,0.4916507601737976
1,296,-0.1004023,-0.00045229055,0.6920390725135803
1,297,-0.101742044,-0.0013397384,1.334166169166565
1,298,-0.10406147,-0.0023194281,0.9365051984786987
1,299,-0.107407555,-0.0033460835,0.9016713500022888
1,300,-0.11280469,-0.005397134,0.21352285146713257
1,301,-0.119127534,-0.006322846,0.9549959301948547
1,302,-0.12731837,-0.008190835,0.3160335421562195
1,303,-0.13800173,-0.010683358,-0.11511920392513275
1,304,-0.15091446,-0.01291274,0.039606861770153046
1,305,-0.16475587,-0.013841409,0.8796378374099731
1,306,-0.1796939,-0.01493802,0.7361199259757996
1,307,-0.19596168,-0.016267799,0.5437822341918945
1,308,-0.21372391,-0.017762229,0.39057254791259766
1,309,-0.23311797,-0.019394055,0.24777445197105408
1,310,-0.2535334,-0.020415435,0.5945112705230713
1,311,-0.2749426,-0.021409215,0.5448498129844666
1,312,-0.29660153,-0.02165892,0.9646694660186768
1,313,-0.3195923,-0.022990774,0.16136997938156128
1,314,-0.34272894,-0.023136659,0.8602792024612427
1,315,-0.36827397,-0.025545022,-0.7449542880058289
1,316,-0.3951894,-0.02691543,-0.1647828370332718
1,317,-0.4228435,-0.027654078,0.13385142385959625
1,318,-0.45163348,-0.028789993,-0.26113656163215637
1,319,-0.4811289,-0.029495405,-0.11323653906583786
1,320,-0.5105546,-0.029425696,0.25824782252311707
1,321,-0.54019916,-0.029644541,-0.08069335669279099
1,322,-0.5698687,-0.029669518,-0.09961817413568497
1,323,-0.6006923,-0.030823607,-1.3245142698287964
1,324,-0.6297533,-0.029061032,0.7930090427398682
1,325,-0.6593902,-0.029636893,-0.9057541489601135
1,326,-0.6878357,-0.028445475,0.13394616544246674
1,327,-0.7151014,-0.027265754,-0.001879119430668652
1,328,-0.7423753,-0.02727388,-0.9111205339431763
1,329,-0.76862043,-0.026245104,-0.331170916557312
1,330,-0.79260325,-0.023982795,0.390480637550354
1,331,-0.8147581,-0.022154849,0.01492239534854889
1,332,-0.8352603,-0.02050214,-0.17580585181713104
1,333,-0.8541143,-0.018854007,-0.24222691357135773
1,334,-0.869761,-0.015646685,0.7434254288673401
1,335,-0.8823357,-0.012574706,0.6119239926338196
1,336,-0.89421004,-0.011874292,-1.0711100101470947
1,337,-0.904484,-0.010273935,-0.4272829592227936
1,338,-0.9122424,-0.007758449,0.16075873374938965
1,339,-0.91787994,-0.0056375326,-0.11798152327537537
1,340,-0.92187077,-0.0039908485,-0.4450196325778961
1,341,-0.9234979,-0.0016271521,0.02555081993341446
1,342,-0.9235925,-9.462174e-05,-0.5315287709236145
1,343,-0.92145926,0.0021332314,-0.06815172731876373
1,344,-0.9166423,0.0048169433,0.23965109884738922
1,345,-0.9097014,0.0069408724,-0.12450473010540009
1,346,-0.9000319,0.009669504,0.29221105575561523
1,347,-0.8896021,0.0104297865,-1.3595412969589233
1,348,-0.87747854,0.012123576,-0.354644775390625
1,349,-0.86274,0.014738581,0.2880767583847046
1,350,-0.84488684,0.017853139,0.6584438681602478
1,351,-0.8250448,0.019842003,-0.043093327432870865
1,352,-0.8026561,0.022388697,0.3877693712711334
1,353,-0.7772148,0.025441295,0.7971445918083191
1,354,-0.74893695,0.028277881,0.7418316602706909
1,355,-0.71942526,0.029511688,-0.22027719020843506
1,356,-0.68884563,0.030579606,-0.21182918548583984
1,357,-0.6573703,0.03147531,-0.19567108154296875
1,358,-0.6240891,0.033281203,0.5528811812400818
1,359,-0.58960253,0.034486603,0.30872392654418945
1,360,-0.5550676,0.034534957,-0.29563090205192566
1,361,-0.52044374,0.034623876,-0.09783180058002472
1,362,-0.48699987,0.033443864,-0.7708984017372131
1,363,-0.45387635,0.03312351,-0.030942292883992195
1,364,-0.4203717,0.03350462,0.6001480221748352
1,365,-0.38671017,0.033661537,0.6125362515449524
1,366,-0.3525467,0.034163486,1.500750184059143
1,367,-0.31854206,0.034004644,0.712319552898407
1,368,-0.28616655,0.032375503,-0.12426330894231796
1,369,-0.2544681,0.031698424,0.637902557849884
1,370,-0.22372484,0.03074327,0.567374050617218
1,371,-0.1940999,0.029624935,0.5595969557762146
1,372,-0.16506296,0.029036935,1.0258339643478394
1,373,-0.13693635,0.028126618,0.8595869541168213
1,374,-0.11050192,0.02643443,0.3998714089393616
1,375,-0.086122885,0.024379035,0.20565877854824066
1,376,-0.064070925,0.022051962,0.05996447801589966
1,377,-0.042972922,0.021098003,1.0458191633224487
1,378,-0.023357546,0.019615376,0.6644185781478882
1,379,-0.005379759,0.017977787,0.5708503127098083
1,380,0.011598354,0.016978113,1.008703589439392
1,381,0.027533691,0.015935337,0.9704741835594177
1,382,0.04229735,0.014763658,0.8798648118972778
1,383,0.055968475,0.013671125,0.9249118566513062
1,384,0.06860965,0.012641177,0.9565957188606262
1,385,0.080273785,0.011664141,0.9801294207572937
1,386,0.09101007,0.010736285,1.1809321641921997
1,387,0.10083896,0.009828889,1.2667341232299805
1,388,0.10886008,0.0080211265,0.3858080804347992
1,389,0.11601335,0.0071532642,1.1383987665176392
1,390,0.12025383,0.004240482,-0.3751163184642792
1,391,0.123655245,0.0034014115,1.2445825338363647
1,392,0.125995,0.0023397522,0.8455232381820679
1,393,0.12718439,0.0011893974,0.782113790512085
1,394,0.12614204,-0.001042356,0.05897669866681099
1,395,0.12405685,-0.0020851893,0.8535231947898865
1,396,0.11982012,-0.004236732,0.1182052418589592
1,397,0.11381324,-0.006006882,0.3800445795059204
1,398,0.104781285,-0.009031955,-0.44625934958457947
1,399,0.094871834,-0.009909454,1.2327533960342407
1,400,0.08336994,-0.011501891,0.5379915833473206
1,401,0.070730224,-0.012639716,0.8562585115432739
1,402,0.05709251,-0.013637715,0.9639541506767273
1,403,0.041041333,-0.016051175,0.03330575302243233
1,404,0.023686657,-0.017354676,0.7850486040115356
1,405,0.003925669,-0.019760987,0.05825314298272133
1,406,-0.017515756,-0.021441426,0.5462586879730225
1,407,-0.040286727,-0.02277097,0.7780037522315979
1,408,-0.06547481,-0.02518808,0.043102432042360306
1,409,-0.093200855,-0.02772605,-0.057362597435712814
1,410,-0.12295726,-0.029756403,0.2483743578195572
1,411,-0.15412922,-0.031171966,0.6108488440513611
1,412,-0.18731563,-0.03318641,0.1486889272928238
1,413,-0.22111759,-0.033801958,1.0075167417526245
1,414,-0.25569025,-0.034572672,0.7994098663330078
1,415,-0.29084444,-0.03515419,0.812231719493866
1,416,-0.3273103,-0.03646585,0.1970396339893341
1,417,-0.3647571,-0.037446793,0.27173325419425964
1,418,-0.40221053,-0.037453428,0.7600659132003784
1,419,-0.44079694,-0.0385864,-0.1616997867822647
1,420,-0.47913435,-0.038337417,0.575752854347229
1,421,-0.51651645,-0.03738212,0.8585280776023865
1,422,-0.55400896,-0.037492495,-0.03817538544535637
1,423,-0.591843,-0.03783403,-0.37953099608421326
1,424,-0.62904114,-0.037198115,0.08510078489780426
1,425,-0.6666625,-0.037621394,-0.8006495237350464
1,426,-0.70413136,-0.03746887,-0.5918769240379333
1,427,-0.7409091,-0.03677774,-0.39842215180397034
1,428,-0.77655977,-0.03565069,-0.25983870029449463
1,429,-0.81076,-0.034200236,-0.1798839122056961
1,430,-0.843464,-0.032704003,-0.26719367504119873
1,431,-0.87360364,-0.030139616,0.3446587920188904
1,432,-0.9030747,-0.02947104,-1.5508824586868286
1,433,-0.9287758,-0.0257011,1.1476030349731445
1,434,-0.95284194,-0.02406614,-0.47261789441108704
1,435,-0.9732645,-0.020422585,0.8286986947059631
1,436,-0.9923254,-0.019060938,-0.7180739641189575
1,437,-1.0101893,-0.01786382,-0.8460567593574524
1,438,-1.0268422,-0.016652942,-0.8491539359092712
1,439,-1.0414568,-0.014614637,-0.3046901524066925
1,440,-1.0550718,-0.0136150075,-1.5711129903793335
1,441,-1.0665551,-0.011483346,-0.24509401619434357
1,442,-1.0756749,-0.009119693,-0.08808858692646027
1,443,-1.0821458,-0.006470915,0.10526394098997116
1,444,-1.0859007,-0.0037549047,0.1531587392091751
1,445,-1.0876985,-0.0017978417,-0.350736141204834
1,446,-1.0872684,0.0004300813,-0.16909733414649963
1,447,-1.085849,0.00141933,-0.9951395392417908
1,448,-1.08182,0.0040290155,0.08431558310985565
1,449,-1.07511,0.006710075,0.12968848645687103
1,450,-1.0659312,0.0091787465,-0.015045525506138802
1,451,-1.0545685,0.011362708,-0.20806099474430084
1,452,-1.0402663,0.0143022295,0.2934214472770691
1,453,-1.0245297,0.015736526,-0.710108757019043
1,454,-1.0065219,0.018007757,-0.148660346865654
1,455,-0.9849555,0.021566447,0.7181870341300964
1,456,-0.9624325,0.02252299,-1.0388195514678955
1,457,-0.93764305,0.024789447,-0.10209598392248154
1,458,-0.9113024,0.026340676,-0.5433045625686646
1,459,-0.88116664,0.030135779,1.0398085117340088
1,460,-0.84773505,0.033431605,0.7330577969551086
1,461,-0.8125938,0.03514124,-0.23731668293476105
1,462,-0.77529544,0.037298363,0.1674458235502243
1,463,-0.7370428,0.038252644,-0.5060693621635437
1,464,-0.6976125,0.039430287,-0.21067507565021515
1,465,-0.6560185,0.041594025,0.611407458782196
1,466,-0.61324596,0.04277255,0.14086292684078217
1,467,-0.56988513,0.0433608,-0.05068465694785118
1,468,-0.52659035,0.043294787,-0.2746977210044861
1,469,-0.48326945,0.043320883,0.00243964116089046
1,470,-0.43902612,0.04424334,0.8161253333091736
1,471,-0.39494422,0.044081893,0.31071022152900696
1,472,-0.3507527,0.044191506,0.70049649477005
1,473,-0.3074983,0.04325442,0.20129403471946716
1,474,-0.2652452,0.042253096,0.33883821964263916
1,475,-0.22422121,0.041023977,0.3468542695045471
1,476,-0.18512616,0.03909506,0.01766320690512657
1,477,-0.14665535,0.03847081,1.0154160261154175
1,478,-0.10894646,0.037708893,1.2586263418197632
1,479,-0.07362353,0.03532293,-0.012205512262880802
1,480,-0.04062834,0.03299519,0.07435203343629837
1,481,-0.0086146025,0.032013737,1.086870789527893
1,482,0.021640027,0.03025463,0.49337226152420044
1,483,0.050899923,0.029259896,1.049527645111084
1,484,0.07894459,0.02804467,0.8371232748031616
1,485,0.10536142,0.026416825,0.5349127054214478
1,486,0.1309021,0.025540676,1.008191466331482
1,487,0.15563308,0.024730984,1.3299708366394043
1,488,0.17748697,0.021853892,-0.4297806918621063
1,489,0.19854712,0.021060156,0.9067769050598145
1,490,0.21871474,0.020167615,0.7846207618713379
1,491,0.23689255,0.018177807,-0.005954398307949305
1,492,0.25340346,0.016510919,0.15194071829319
1,493,0.26931617,0.015912708,0.8090118169784546
1,494,0.2844864,0.015170247,0.6566641330718994
1,495,0.29901755,0.014531148,0.6695675253868103
1,496,0.3120201,0.013002534,0.020784525200724602
1,497,0.32504022,0.0130201215,1.053330659866333
1,498,0.3373864,0.012346187,0.48582378029823303
1,499,0.34863383,0.011247417,0.15087172389030457
1,500,0.35998648,0.011352651,0.9053593873977661
1,501,0.3713544,0.011367921,0.7957871556282043
1,502,0.38256148,0.011207066,0.6277936697006226
1,503,0.39297894,0.0104174735,0.15793819725513458
1,504,0.40394163,0.010962704,1.0248515605926514
1,505,0.41453987,0.010598231,0.3425372242927551
1,506,0.42474407,0.010204197,0.27292877435684204
1,507,0.4347326,0.009988514,0.3432711660861969
1,508,0.4452597,0.010527114,0.7981531620025635
1,509,0.4549893,0.009729614,-0.14356738328933716
2,1,-0.4786671,0.0002814858,0.410241037607193
2,2,-0.47855616,0.000110949215,0.11028756946325302
2,3,-0.47764748,0.0009086789,0.7563481330871582
2,4,-0.47701618,0.00063129887,0.04410942271351814
2,5,-0.4777116,-0.00069541717,-0.6523217558860779
2,6,-0.4788121,-0.0011005239,-0.04135916009545326
2,7,-0.48011827,-0.0013061776,0.08615778386592865
2,8,-0.48261842,-0.0025001436,-0.5791909098625183
2,9,-0.48524427,-0.0026258444,0.12058545649051666
2,10,-0.4880331,-0.0027888264,0.08269502967596054
2,11,-0.4921452,-0.004112139,-0.7047170400619507
2,12,-0.4959698,-0.0038245858,0.34873655438423157
2,13,-0.5002842,-0.004314366,-0.18853338062763214
2,14,-0.50418836,-0.00390417,0.3899417519569397
2,15,-0.5090013,-0.004812954,-0.5088586807250977
2,16,-0.5142466,-0.0052452474,-0.21523162722587585
2,17,-0.51806194,-0.0038153797,1.0358835458755493
2,18,-0.5224801,-0.0044181445,-0.3741602301597595
2,19,-0.52818096,-0.005700872,-0.8495581150054932
2,20,-0.5331101,-0.004929154,0.4915682077407837
2,21,-0.536965,-0.003854951,0.668585479259491
2,22,-0.539804,-0.0028389813,0.6104997992515564
2,23,-0.5437463,-0.0039423234,-0.816555380821228
2,24,-0.54736084,-0.0036145614,0.11783166229724884
2,25,-0.55229735,-0.0049364967,-1.2384933233261108
2,26,-0.5572233,-0.004925992,-0.13631239533424377
2,27,-0.56249166,-0.0052683204,-0.3960566520690918
2,28,-0.5667644,-0.004272753,0.4696880877017975
2,29,-0.5714488,-0.004684399,-0.4896562695503235
2,30,-0.5754537,-0.004004869,0.2145906537771225
2,31,-0.5780365,-0.0025827996,0.6898161768913269
2,32,-0.5806168,-0.0025802788,-0.26929971575737
2,33,-0.5842715,-0.003654726,-1.458282470703125
2,34,-0.5859933,-0.0017218005,0.9869257807731628
2,35,-0.58754295,-0.001549679,-0.1954062432050705
2,36,-0.5880264,-0.00048347557,0.39303871989250183
2,37,-0.5895297,-0.0015032714,-1.1240588426589966
2,38,-0.5906695,-0.0011397956,-0.08519214391708374
2,39,-0.5901536,0.00051591947,0.7707147002220154
2,40,-0.5885066,0.0016469829,0.4234749376773834
2,41,-0.5868174,0.0016892066,-0.2943427860736847
2,42,-0.5849238,0.0018935511,-0.17797181010246277
2,43,-0.5826288,0.0022950345,-0.03724273294210434
2,44,-0.57880527,0.0038235313,0.7253881096839905
2,45,-0.57423276,0.0045725396,0.22456644475460052
2,46,-0.5684175,0.0058152927,0.5763046741485596
2,47,-0.561762,0.006655529,0.33673855662345886
2,48,-0.55550116,0.0062608053,-0.45354849100112915
2,49,-0.5493077,0.006193466,-0.2041613608598709
2,50,-0.5427434,0.00656432,0.11881866306066513
2,51,-0.5367319,0.00601146,-0.4642437696456909
2,52,-0.52933913,0.007392777,0.8552294373512268
2,53,-0.5214054,0.007933755,0.331951767206192
2,54,-0.5126606,0.008744749,0.5516291260719299
2,55,-0.503518,0.009142636,0.3199388384819031
2,56,-0.49487865,0.008639331,-0.2351938784122467
2,57,-0.48795447,0.0069241966,-1.0353763103485107
2,58,-0.48046845,0.007486026,0.5524348020553589
2,59,-0.47468776,0.005780703,-0.9218315482139587
2,60,-0.46970645,0.0049813036,-0.28925445675849915
2,61,-0.46593574,0.0037707137,-0.5387706160545349
2,62,-0.46226728,0.0036684456,0.21870067715644836
2,63,-0.4586291,0.0036381772,0.28475117683410645
2,64,-0.4552694,0.0033597054,0.1371477097272873
2,65,-0.45239908,0.002870312,0.012996976263821125
2,66,-0.44873595,0.0036631352,0.8818464279174805
2,67,-0.44712958,0.0016063723,-1.1659296751022339
2,68,-0.44468054,0.0024490396,0.9407793283462524
2,69,-0.4417461,0.002934465,0.7145320773124695
2,70,-0.4394398,0.002306279,-0.013627858832478523
2,71,-0.43839538,0.0010444156,-0.4249037206172943
2,72,-0.4383105,8.486633e-05,-0.2183065116405487
2,73,-0.4377612,0.00054932025,0.7314395308494568
2,74,-0.43675974,0.0010014425,0.7258750796318054
2,75,-0.43649277,0.00026697805,-0.06034258380532265
2,76,-0.43720955,-0.00071677094,-0.22524259984493256
2,77,-0.43797976,-0.00077020115,0.39150673151016235
2,78,-0.43931246,-0.0013326873,0.048412472009658813
2,79,-0.44233513,-0.0030226607,-0.709693968296051
2,80,-0.44487208,-0.0025369483,0.7261135578155518
2,81,-0.44839996,-0.0035278657,-0.27062755823135376
2,82,-0.45229498,-0.003895014,0.1280474066734314
2,83,-0.45687342,-0.0045784446,-0.10181421786546707
2,84,-0.46203,-0.0051565813,-0.054021332412958145
2,85,-0.46763685,-0.0056068683,0.005905071273446083
2,86,-0.47390318,-0.006266316,-0.1611347496509552
2,87,-0.48069352,-0.006790347,-0.10179562866687775
2,88,-0.48758346,-0.0068899407,0.14753854274749756
2,89,-0.49547085,-0.007887401,-0.4852469265460968
2,90,-0.50206894,-0.00659811,1.0096744298934937
2,91,-0.50785846,-0.0057895463,0.6466168165206909
2,92,-0.5131677,-0.005309244,0.3988736867904663
2,93,-0.51845294,-0.005285292,0.06811510771512985
2,94,-0.5225858,-0.0041328687,0.79401034116745
2,95,-0.5264274,-0.0038415876,0.19925227761268616
2,96,-0.53035414,-0.003926769,-0.07093048095703125
2,97,-0.5340066,-0.003652475,0.149088054895401
2,98,-0.5375326,-0.0035260401,0.032259389758110046
2,99,-0.5410833,-0.0035506454,-0.08605247735977173
2,100,-0.5442489,-0.0031656302,0.1692943572998047
2,101,-0.5463691,-0.0021201682,0.5937902331352234
2,102,-0.5483756,-0.0020065142,-0.037993669509887695
2,103,-0.5498191,-0.0014435347,0.2515495717525482
2,104,-0.5507852,-0.0009660762,0.1873391717672348
2,105,-0.55177355,-0.0009883719,-0.1506451815366745
2,106,-0.55312943,-0.0013559043,-0.38572776317596436
2,107,-0.5527642,0.00036528608,1.0099555253982544
2,108,-0.5526255,0.00013872894,-0.2966791093349457
2,109,-0.55298287,-0.000357402,-0.4757041037082672
2,110,-0.5522,0.00078286964,0.613450825214386
2,111,-0.5524264,-0.00022638318,-0.8156660199165344
2,112,-0.55233085,9.555391e-05,0.07066622376441956
2,113,-0.55090123,0.0014296094,0.7458877563476562
2,114,-0.54847157,0.002429646,0.5303314328193665
2,115,-0.5456887,0.002782853,0.11122278869152069
2,116,-0.54226065,0.003428015,0.3197391927242279
2,117,-0.53862363,0.0036370403,0.04608961194753647
2,118,-0.5353169,0.0033067376,-0.2953006327152252
2,119,-0.53186095,0.0034559492,0.04089588299393654
2,120,-0.5280321,0.0038288392,0.20728662610054016
2,121,-0.5242693,0.0037628403,-0.06616540253162384
2,122,-0.5204185,0.0038507585,0.05525963380932808
2,123,-0.5163323,0.0040862123,0.17287017405033112
2,124,-0.51277924,0.0035531041,-0.3190761208534241
2,125,-0.50952476,0.0032544986,-0.14498208463191986
2,126,-0.5077665,0.001758294,-0.927120566368103
2,127,-0.5053879,0.002378574,0.4926517903804779
2,128,-0.50373596,0.0016519261,-0.3934229612350464
2,129,-0.5028709,0.00086504297,-0.4253334105014801
2,130,-0.5025677,0.00030319582,-0.270992249250412
2,131,-0.5013234,0.0012443037,0.7324907779693604
2,132,-0.49931034,0.002013053,0.6237935423851013
2,133,-0.49822307,0.0010872902,-0.495840460062027
2,134,-0.49729103,0.00093203294,0.023251162841916084
2,135,-0.4976083,-0.00031728705,-0.7014777660369873
2,136,-0.49662033,0.0009879819,1.039268970489502
2,137,-0.49628577,0.00033455397,-0.30087360739707947
2,138,-0.49613723,0.00014853953,0.012402652762830257
2,139,-0.49670404,-0.00056680664,-0.3397449851036072
2,140,-0.49621376,0.0004902901,0.8390589952468872
2,141,-0.4960289,0.00018487795,-0.06683702766895294
2,142,-0.4959894,3.948397e-05,0.04076294228434563
2,143,-0.4966467,-0.00065727974,-0.32662010192871094
2,144,-0.49672443,-7.771446e-05,0.5209904313087463
2,145,-0.49685103,-0.00012660515,0.10163242369890213
2,146,-0.49611318,0.0007378571,0.7099034190177917
2,147,-0.49429464,0.0018185499,0.857734203338623
2,148,-0.49286884,0.0014257937,-0.11550546437501907
2,149,-0.49148455,0.0013842863,0.1257605403661728
2,150,-0.49066824,0.00081633,-0.21831469237804413
2,151,-0.4898798,0.00078844186,0.1457928866147995
2,152,-0.4892947,0.0005850821,0.032734405249357224
2,153,-0.48883557,0.00045914878,0.08726219832897186
2,154,-0.48791853,0.0009170483,0.478767454624176
2,155,-0.48876858,-0.00085004285,-1.4665265083312988
2,156,-0.4885684,0.00020019693,0.8739941120147705
2,157,-0.48732638,0.0012420025,0.8693667054176331
2,158,-0.4864616,0.0008647592,-0.07049127668142319
2,159,-0.48455262,0.0019090014,0.881463348865509
2,160,-0.48429775,0.0002548657,-0.907972514629364
2,161,-0.48491687,-0.00061911927,-0.38660648465156555
2,162,-0.48560286,-0.0006859886,0.14839619398117065
2,163,-0.4856327,-2.9820114e-05,0.6270141005516052
2,164,-0.48487282,0.0007598672,0.7158784866333008
2,165,-0.48378327,0.0010895425,0.41297802329063416
2,166,-0.48387235,-8.909011e-05,-0.5871506333351135
2,167,-0.4837535,0.000118836935,0.33678025007247925
2,168,-0.483523,0.00023048058,0.27318134903907776
2,169,-0.48364338,-0.00012037604,-0.034007977694272995
2,170,-0.48339725,0.00024615217,0.4436510503292084
2,171,-0.48195186,0.0014453711,1.1589323282241821
2,172,-0.48163998,0.0003118869,-0.5479629039764404
2,173,-0.4815814,5.8584516e-05,0.04037213325500488
2,174,-0.4833371,-0.001755712,-1.2701719999313354
2,175,-0.48554298,-0.0022058906,-0.0992998406291008
2,176,-0.48855713,-0.0030141415,-0.3489679992198944
2,177,-0.49175623,-0.003199107,0.051575351506471634
2,178,-0.49467948,-0.002923236,0.3428846597671509
2,179,-0.4984507,-0.0037712187,-0.4209066331386566
2,180,-0.50234675,-0.0038960679,0.04238838702440262
2,181,-0.50642693,-0.0040801656,-0.016543634235858917
2,182,-0.5106886,-0.004261696,-0.0351988822221756
2,183,-0.5157998,-0.005111239,-0.5018273591995239
2,184,-0.5224695,-0.0066697258,-1.6711702346801758
2,185,-0.52889436,-0.006424833,0.1689080446958542
2,186,-0.53480476,-0.0059104236,0.31646284461021423
2,187,-0.5403124,-0.0055076266,0.2125120460987091
2,188,-0.5454772,-0.005164813,0.14500942826271057
2,189,-0.55048704,-0.005009812,-0.00597954448312521
2,190,-0.55453604,-0.004049011,0.5062382817268372
2,191,-0.55823743,-0.0037013998,0.07727643102407455
2,192,-0.5616704,-0.0034330129,0.0060428436845541
2,193,-0.5640677,-0.0023973105,0.5005236268043518
2,194,-0.5655281,-0.0014603627,0.42278382182121277
2,195,-0.5668893,-0.0013611824,-0.14297403395175934
2,196,-0.5672151,-0.00032580568,0.47440657019615173
2,197,-0.56688315,0.00033192232,0.22102557122707367
2,198,-0.56573206,0.0011511104,0.33031123876571655
2,199,-0.5654168,0.00031523118,-0.7673587203025818
2,200,-0.56388247,0.0015343669,0.6042149662971497
2,201,-0.5625577,0.0013247649,-0.3406631648540497
2,202,-0.56208885,0.00046882068,-0.7649809122085571
2,203,-0.5611031,0.0009857708,0.15261048078536987
2,204,-0.55866045,0.002442643,0.7841219305992126
2,205,-0.5556485,0.0030119647,0.20456252992153168
2,206,-0.55090046,0.004748024,0.9973708987236023
2,207,-0.54573643,0.0051640114,0.14096903800964355
2,208,-0.53934646,0.006389978,0.7067041397094727
2,209,-0.53290206,0.006444384,-0.042438507080078125
2,210,-0.52505606,0.007845979,0.8878864049911499
2,211,-0.5172551,0.007800966,-0.0372951403260231
2,212,-0.510378,0.006877119,-0.5841814875602722
2,213,-0.50347364,0.0069043594,0.08424670249223709
2,214,-0.49681377,0.006659866,-0.0624312199652195
2,215,-0.49004626,0.0067675193,0.20554982125759125
2,216,-0.48256144,0.007484821,0.6456807255744934
2,217,-0.47492364,0.0076377965,0.3066522777080536
2,218,-0.46678934,0.0081343185,0.57352614402771
2,219,-0.4583255,0.008463842,0.5023564100265503
2,220,-0.44923154,0.00909397,0.7443698048591614
2,221,-0.4395423,0.009689238,0.7656044960021973
2,222,-0.42929378,0.010248521,0.7886980175971985
2,223,-0.41960022,0.009693558,0.09528452903032303
2,224,-0.4096695,0.0099307215,0.6697063446044922
2,225,-0.3996701,0.009999405,0.6044091582298279
2,226,-0.39001438,0.009655711,0.3763379454612732
2,227,-0.3805426,0.009471775,0.5275627374649048
2,228,-0.37221324,0.008329348,-0.06809325516223907
2,229,-0.3647796,0.0074336547,0.13404573500156403
2,230,-0.3573201,0.0074594836,0.7816094756126404
2,231,-0.351118,0.006202115,-0.04090613126754761
2,232,-0.3454973,0.0056206794,0.4368075430393219
2,233,-0.34008583,0.005411487,0.7092759013175964
2,234,-0.33683497,0.0032508585,-0.5685081481933594
2,235,-0.33568576,0.001149218,-0.5153719186782837
2,236,-0.3352652,0.00042057232,0.4048202633857727
2,237,-0.33578748,-0.0005222728,0.2637973725795746
2,238,-0.33637246,-0.0005849792,0.8483498096466064
2,239,-0.33689636,-0.00052388466,0.9284095764160156
2,240,-0.33785033,-0.0009539743,0.5987353324890137
2,241,-0.34012288,-0.002272534,0.0023774136789143085
2,242,-0.3447175,-0.0045946357,-0.6763149499893188
2,243,-0.35012043,-0.0054029324,0.31322628259658813
2,244,-0.3552665,-0.0051460764,1.5297372341156006
2,245,-0.36162686,-0.006360343,-0.003170174779370427
2,246,-0.37065476,-0.009027889,-1.0093228816986084
2,247,-0.3792899,-0.008635142,1.0752121210098267
2,248,-0.3882004,-0.00891052,0.5156297087669373
2,249,-0.39832428,-0.01012387,-0.1503722071647644
2,250,-0.40879428,-0.0104699945,0.3809815049171448
2,251,-0.42160344,-0.012809159,-0.9967023134231567
2,252,-0.43482396,-0.013220508,0.22782380878925323
2,253,-0.44780543,-0.012981462,0.5980091691017151
2,254,-0.46041805,-0.012612607,0.6216127276420593
2,255,-0.47320572,-0.012787673,0.1973050981760025
2,256,-0.48673537,-0.013529663,-0.24365364015102386
2,257,-0.5006973,-0.013961938,-0.10424177348613739
2,258,-0.51413554,-0.013438203,0.46357354521751404
2,259,-0.52801454,-0.013879001,-0.2465551793575287
2,260,-0.5425445,-0.01452992,-0.4560239017009735
2,261,-0.55687743,-0.014332934,0.036646485328674316
2,262,-0.5704238,-0.013546332,0.35828453302383423
2,263,-0.5847701,-0.014346277,-0.766652524471283
2,264,-0.5986414,-0.013871304,0.01250638347119093
2,265,-0.6106408,-0.011999448,0.8758524060249329
2,266,-0.62312037,-0.012479529,-0.7503353357315063
2,267,-0.63468015,-0.011559782,0.12291710823774338
2,268,-0.64563185,-0.010951689,-0.1397891640663147
2,269,-0.6559354,-0.010303567,-0.16454504430294037
2,270,-0.66524875,-0.009313333,0.01571868173778057
2,271,-0.67432153,-0.009072775,-0.5267532467842102
2,272,-0.6811372,-0.0068156766,0.7765374779701233
2,273,-0.68831486,-0.0071776356,-1.106105923652649
2,274,-0.69392854,-0.005613668,0.2521752715110779
2,275,-0.697248,-0.0033194683,0.714398980140686
2,276,-0.69997394,-0.0027259863,-0.433849036693573
2,277,-0.7020127,-0.0020387948,-0.3831700384616852
2,278,-0.7037381,-0.0017253798,-0.6411384344100952
2,279,-0.703842,-0.00010387131,0.22351497411727905
2,280,-0.7039368,-9.4805866e-05,-0.8518924713134766
2,281,-0.7031616,0.0007752374,-0.2783137559890747
2,282,-0.7016379,0.0015236643,-0.35606643557548523
2,283,-0.699894,0.0017439205,-0.7016319036483765
2,284,-0.696859,0.0030350036,0.019769348204135895
2,285,-0.6913698,0.0054892255,0.8083316087722778
2,286,-0.6845267,0.0068430617,0.09867362678050995
2,287,-0.675858,0.008668631,0.4433023929595947
2,288,-0.6659783,0.009879734,0.07230467349290848
2,289,-0.65566003,0.010318255,-0.3981001377105713
2,290,-0.645877,0.009783006,-1.5629172325134277
2,291,-0.63582826,0.010048743,-0.42061278223991394
2,292,-0.6241089,0.011719362,0.5631400346755981
2,293,-0.610411,0.013697922,0.8240700960159302
2,294,-0.5963397,0.014071271,-0.18027184903621674
2,295,-0.58217233,0.014167376,-0.2967546880245209
2,296,-0.5675616,0.014610728,0.004205428995192051
2,297,-0.55212885,0.015432778,0.3288552761077881
2,298,-0.5349824,0.017146492,1.191483736038208
2,299,-0.5174527,0.017529666,0.19854247570037842
2,300,-0.4989105,0.01854224,0.7057777643203735
2,301,-0.4809265,0.017983979,-0.24884486198425293
2,302,-0.46290767,0.018018836,0.23601770401000977
2,303,-0.44384152,0.019066164,1.1658295392990112
2,304,-0.4258008,0.018040704,-0.28864791989326477
2,305,-0.40873545,0.01706535,-0.16823165118694305
2,306,-0.3921544,0.016581051,0.2401517778635025
2,307,-0.3764017,0.015752692,0.08808162808418274
2,308,-0.36190236,0.014499336,-0.12327291816473007
2,309,-0.34734082,0.014561527,0.8186066746711731
2,310,-0.33367297,0.013667847,0.24500508606433868
2,311,-0.31985372,0.013819235,1.0081210136413574
2,312,-0.3074124,0.012441334,0.03786490485072136
2,313,-0.2968861,0.010526304,-0.26995569467544556
2,314,-0.2872635,0.009622569,0.44567734003067017
2,315,-0.27861115,0.008652373,0.43833544850349426
2,316,-0.27024645,0.008364699,0.9258167147636414
2,317,-0.26223674,0.008009715,0.9116151332855225
2,318,-0.2547905,0.007446222,0.8013020753860474
2,319,-0.2478723,0.006918225,0.8510311841964722
2,320,-0.24255556,0.005316727,0.15904290974140167
2,321,-0.23812388,0.004431687,0.6545206308364868
2,322,-0.23413037,0.0039935103,0.9670574069023132
2,323,-0.23088823,0.00324214,0.7712525129318237
2,324,-0.22844356,0.0024446761,0.7509360313415527
2,325,-0.22654526,0.0018982963,0.9260964393615723
2,326,-0.22611083,0.00043442842,0.32042422890663147
2,327,-0.22755976,-0.0014489285,0.04212894290685654
2,328,-0.23093046,-0.0033706948,0.01196445431560278
2,329,-0.23547636,-0.0045458996,0.4989737570285797
2,330,-0.24175389,-0.006277533,0.11338555067777634
2,331,-0.24930857,-0.0075546796,0.3957786560058594
2,332,-0.2574395,-0.008130932,0.8376667499542236
2,333,-0.26632833,-0.008888826,0.6885620355606079
2,334,-0.27686822,-0.010539895,0.06167810410261154
2,335,-0.28923398,-0.01236577,-0.09320076555013657
2,336,-0.30235067,-0.01311668,0.5770286917686462
2,337,-0.31697115,-0.014620469,0.02425818145275116
2,338,-0.3324034,-0.01543224,0.42705199122428894
2,339,-0.34919143,-0.016788049,0.000540704233571887
2,340,-0.36719245,-0.018001027,0.02413642592728138
2,341,-0.3855168,-0.018324336,0.5381106734275818
2,342,-0.40634736,-0.020830585,-1.103691577911377
2,343,-0.42776376,-0.021416392,0.1837037205696106
2,344,-0.4499587,-0.02219494,-0.04643187299370766
2,345,-0.4716973,-0.021738576,0.6694554686546326
2,346,-0.49457714,-0.022879833,-0.5023782849311829
2,347,-0.51917434,-0.02459722,-1.277525544166565
2,348,-0.5453047,-0.026130402,-1.1402837038040161
2,349,-0.5721936,-0.026888937,-0.6141421794891357
2,350,-0.60019857,-0.02800494,-0.9861168265342712
2,351,-0.6266149,-0.02641637,0.6794092059135437
2,352,-0.6531561,-0.026541153,-0.5901083946228027
2,353,-0.68024987,-0.027093753,-1.6577764749526978
2,354,-0.7055684,-0.025318509,0.428755521774292
2,355,-0.7285752,-0.023006845,0.6757840514183044
2,356,-0.75022435,-0.021649152,-0.05637204647064209
2,357,-0.77060825,-0.02038388,-0.20431329309940338
2,358,-0.7895571,-0.01894884,-0.16838514804840088
2,359,-0.80708027,-0.017523143,-0.24265941977500916
2,360,-0.82268053,-0.015600246,0.029308605939149857
2,361,-0.8363979,-0.013717354,-0.04742436483502388
2,362,-0.84947616,-0.0130782565,-0.9182876944541931
2,363,-0.861174,-0.011697831,-0.4616762399673462
2,364,-0.8709227,-0.009748708,-0.1143827810883522
2,365,-0.8784101,-0.0074874074,0.06853298842906952
2,366,-0.8834077,-0.004997636,0.20232312381267548
2,367,-0.8859734,-0.002565682,0.15182366967201233
2,368,-0.8863862,-0.0004128217,-0.04024830833077431
2,369,-0.88409925,0.002286999,0.3234333395957947
2,370,-0.87914205,0.0049571744,0.30900952219963074
2,371,-0.87119347,0.007948594,0.5349839329719543
2,372,-0.86105067,0.010142776,0.02310410514473915
2,373,-0.8488723,0.012178335,-0.056431472301483154
2,374,-0.83458626,0.014286065,0.024882806465029716
2,375,-0.81979173,0.014794533,-1.103564977645874
2,376,-0.8026093,0.017182406,0.2982878088951111
2,377,-0.78355587,0.01905343,0.00958512257784605
2,378,-0.76344955,0.020106291,-0.47007232904434204
2,379,-0.74058115,0.022868395,0.7429884672164917
2,380,-0.71575683,0.024824305,0.2940399646759033
2,381,-0.6896432,0.026113657,-0.048884183168411255
2,382,-0.6618975,0.027745713,0.29172611236572266
2,383,-0.63208926,0.029808197,0.7031644582748413
2,384,-0.6027231,0.02936616,-0.8276171684265137
2,385,-0.5729865,0.029736664,-0.14491412043571472
2,386,-0.5429716,0.030014863,-0.06056951731443405
2,387,-0.51138526,0.031586368,0.9508599042892456
2,388,-0.48040295,0.03098232,-0.3416445553302765
2,389,-0.45022634,0.030176623,-0.3217560946941376
2,390,-0.41927433,0.030952001,0.880825400352478
2,391,-0.38766962,0.03160472,0.9482919573783875
2,392,-0.35571608,0.031953532,0.8935090899467468
2,393,-0.3249786,0.030737493,-0.006319668609648943
2,394,-0.29538527,0.029593326,0.1725911945104599
2,395,-0.26604134,0.029343922,0.8877208232879639
2,396,-0.23802276,0.028018579,0.279857337474823
2,397,-0.21066828,0.027354486,0.8167772889137268
2,398,-0.1844282,0.026240077,0.6018021106719971
2,399,-0.15902855,0.025399651,0.8577218055725098
2,400,-0.13434973,0.02467881,1.065087914466858
2,401,-0.11117934,0.023170393,0.5275049805641174
2,402,-0.08932798,0.021851355,0.6954584717750549
2,403,-0.06969912,0.019628862,0.12551526725292206
2,404,-0.05101581,0.018683314,1.2285277843475342
2,405,-0.034260254,0.016755555,0.36201223731040955
2,406,-0.020124309,0.014135946,-0.08853475004434586
2,407,-0.0076736365,0.012450672,0.5401145815849304
2,408,0.0037312347,0.011404871,0.9690247178077698
2,409,0.013213247,0.009482012,0.3846564292907715
2,410,0.021577857,0.00836461,0.9204227924346924
2,411,0.02773034,0.0061524827,0.18842418491840363
2,412,0.032839164,0.0051088235,0.9651298522949219
2,413,0.03696011,0.004120946,1.2690919637680054
2,414,0.04009641,0.0031362982,1.1249818801879883
2,415,0.04149313,0.0013967198,0.49490436911582947
2,416,0.041249786,-0.00024334216,0.5603960752487183
2,417,0.039935496,-0.0013142898,0.9399563074111938
2,418,0.03721545,-0.0027200484,0.7175471186637878
2,419,0.033155844,-0.0040596058,0.7632518410682678
2,420,0.028108595,-0.0050472487,1.4105827808380127
2,421,0.021901987,-0.006206607,0.8878390192985535
2,422,0.014700775,-0.0072012125,1.038966178894043
2,423,0.0059054983,-0.008795277,0.6023364663124084
2,424,-0.004141134,-0.010046633,0.8321682214736938
2,425,-0.016051564,-0.01191043,0.4240068197250366
2,426,-0.028959097,-0.012907532,1.380001425743103
2,427,-0.043268263,-0.014309168,0.7259570956230164
2,428,-0.059625592,-0.016357329,0.28720420598983765
2,429,-0.07749973,-0.017874144,0.628863513469696
2,430,-0.09646973,-0.018969996,0.8912549018859863
2,431,-0.11633576,-0.019866027,1.1494865417480469
2,432,-0.1376803,-0.02134455,0.580505907535553
2,433,-0.16111134,-0.023431035,0.1355172097682953
2,434,-0.185256,-0.02414466,1.0165256261825562
2,435,-0.21008582,-0.024829822,0.959051787853241
2,436,-0.23549476,-0.025408939,0.960382342338562
2,437,-0.26130533,-0.02581056,1.409043788909912
2,438,-0.28764966,-0.026344325,0.8244131803512573
2,439,-0.31522766,-0.027577983,0.2612282335758209
2,440,-0.34303185,-0.027804188,0.8245115280151367
2,441,-0.371939,-0.028907154,0.12401372194290161
2,442,-0.4023774,-0.030438388,-0.2884160876274109
2,443,-0.43243504,-0.030057628,0.8466755747795105
2,444,-0.4634382,-0.031003173,-0.1802065670490265
2,445,-0.49492934,-0.031491123,-0.026128219440579414
2,446,-0.52722585,-0.03229649,-0.3937412202358246
2,447,-0.5587343,-0.031508476,0.507208526134491
2,448,-0.59000885,-0.031274527,-0.019387591630220413
2,449,-0.6216726,-0.031663742,-0.5893337726593018
2,450,-0.6518467,-0.03017416,0.5097301006317139
2,451,-0.6808354,-0.028988745,0.1647404432296753
2,452,-0.70896435,-0.028128948,-0.18415269255638123
2,453,-0.73718375,-0.02821941,-0.9400990605354309
2,454,-0.76278836,-0.02560463,0.7468518018722534
2,455,-0.7856871,-0.022898728,0.7080096006393433
2,456,-0.80584526,-0.020158188,0.6474946141242981
2,457,-0.8245312,-0.01868595,-0.2670486867427826
2,458,-0.8411384,-0.016607234,0.07737225294113159
2,459,-0.85601604,-0.01487763,-0.20515750348567963
2,460,-0.8697272,-0.013711158,-0.6223233938217163
2,461,-0.8806659,-0.0109386975,0.41233089566230774
2,462,-0.89060456,-0.009938644,-0.7962592244148254
2,463,-0.89886093,-0.008256399,-0.3646170198917389
2,464,-0.9055772,-0.006716273,-0.4775930345058441
2,465,-0.9108926,-0.005315414,-0.5845876336097717
2,466,-0.9137719,-0.0028793116,0.09481365978717804
2,467,-0.91475606,-0.000984158,-0.27148622274398804
2,468,-0.91253406,0.0022220144,0.6006156206130981
2,469,-0.9080852,0.0044488283,-0.04795682430267334
2,470,-0.9019084,0.0061768047,-0.37163498997688293
2,471,-0.8932347,0.008673666,0.15373410284519196
2,472,-0.8838118,0.009422947,-0.9925001859664917
2,473,-0.872256,0.011555781,-0.04854190722107887
2,474,-0.8585973,0.0136586875,-0.04041484743356705
2,475,-0.8424181,0.016179232,0.2734309434890747
2,476,-0.8240902,0.018327894,0.07051581889390945
2,477,-0.80505997,0.019030238,-0.8388413786888123
2,478,-0.78493017,0.020129781,-0.5129077434539795
2,479,-0.76234883,0.022581317,0.4575011432170868
2,480,-0.7380812,0.024267623,0.029935698956251144
2,481,-0.7125287,0.025552511,-0.14333628118038177
2,482,-0.68595564,0.026573071,-0.2145037204027176
2,483,-0.6583458,0.027609818,-0.08890147507190704
2,484,-0.6300976,0.028248211,-0.22993917763233185
2,485,-0.6004094,0.029688248,0.4365440309047699
2,486,-0.5691059,0.031303447,0.6961345076560974
2,487,-0.536713,0.032392904,0.4994763135910034
2,488,-0.50572175,0.030991236,-1.1328139305114746
2,489,-0.47537377,0.03034797,-0.3395017683506012
2,490,-0.44644248,0.0289313,-0.7041619420051575
2,491,-0.41759184,0.02885064,0.32857269048690796
2,492,-0.38848627,0.029105559,0.6910922527313232
2,493,-0.3594066,0.029079687,0.6399662494659424
2,494,-0.3304417,0.02896488,0.711625337600708
2,495,-0.30195418,0.02848752,0.5943954586982727
2,496,-0.27409765,0.027856518,0.6076768636703491
2,497,-0.24781829,0.026279366,0.08280318975448608
2,498,-0.2220504,0.025767887,0.8859052658081055
2,499,-0.19707353,0.024976859,0.7829911112785339
2,500,-0.17267233,0.024401207,1.0449219942092896
2,501,-0.14918958,0.023482755,0.8357036709785461
2,502,-0.12699261,0.022196963,0.6453092098236084
2,503,-0.105616406,0.02137621,1.2035410404205322
2,504,-0.085297756,0.020318648,0.878662109375
2,505,-0.066169724,0.019128036,0.8186543583869934
2,506,-0.04799259,0.018177131,1.6392930746078491
2,507,-0.030789593,0.017202998,1.3631561994552612
2,508,-0.015642665,0.015146929,0.28884899616241455
2,509,-0.0016911596,0.013951506,0.8678830862045288
2,510,0.010779685,0.012470845,0.6795380711555481
2,511,0.021995932,0.011216247,0.8293965458869934
2,512,0.030847529,0.008851596,0.08660542964935303
2,513,0.037557535,0.0067100045,0.2318071871995926
2,514,0.043010186,0.0054526515,0.8178631663322449
2,515,0.04721382,0.0042036306,0.8201313018798828
2,516,0.050442487,0.0032286665,1.0846858024597168
2,517,0.05244693,0.002004444,0.8314712643623352
2,518,0.053139567,0.0006926366,0.7715408802032471
2,519,0.05183662,-0.0013029465,0.3151441514492035
2,520,0.04949834,-0.002338283,0.9563301801681519
2,521,0.04618757,-0.0033107703,1.1073241233825684
2,522,0.04073532,-0.0054522497,0.2230396270751953
2,523,0.03224898,-0.008486337,-0.3684881627559662
2,524,0.022774335,-0.009474646,1.1575379371643066
2,525,0.011128154,-0.011646181,0.21508842706680298
2,526,-0.0015398805,-0.012668034,0.9845027327537537
2,527,-0.016437652,-0.014897771,0.18015743792057037
2,528,-0.033142995,-0.016705342,0.45959311723709106
2,529,-0.051407117,-0.018264122,0.619247555732727
2,530,-0.07156797,-0.020160848,0.38240158557891846
2,531,-0.09306263,-0.021494666,0.7391870617866516
2,532,-0.1154605,-0.022397865,1.002873182296753
2,533,-0.14010736,-0.024646867,0.06834409385919571
2,534,-0.1662658,-0.026158443,0.513879120349884
2,535,-0.1943401,-0.02807429,0.18636515736579895
2,536,-0.22300139,-0.0286613,1.0762065649032593
2,537,-0.25329986,-0.030298486,0.21594201028347015
2,538,-0.28442416,-0.031124283,0.6576446294784546
2,539,-0.31780118,-0.03337701,-0.4059489667415619
2,540,-0.35162875,-0.033827588,0.6644676327705383
2,541,-0.38629603,-0.03466729,0.262408047914505
2,542,-0.4215622,-0.035266154,0.26802384853363037
2,543,-0.45714423,-0.03558202,0.29167333245277405
2,544,-0.4928476,-0.035703372,0.24917589128017426
2,545,-0.5281132,-0.035265576,0.44540202617645264
2,546,-0.56253517,-0.034421995,0.5398156046867371
2,547,-0.59728,-0.03474487,-0.40949007868766785
2,548,-0.6329768,-0.03569675,-1.2379910945892334
2,549,-0.6665246,-0.03354783,0.8954848051071167
2,550,-0.70047456,-0.03394997,-0.9610262513160706
2,551,-0.7329433,-0.03246874,0.14402897655963898
2,552,-0.76544315,-0.032499854,-1.453262209892273
2,553,-0.79709905,-0.031655896,-0.5432515144348145
2,554,-0.82637846,-0.029279394,0.3651888370513916
2,555,-0.8538305,-0.02745205,-0.09590893238782883
2,556,-0.8806915,-0.026861032,-1.0031585693359375
2,557,-0.9062489,-0.025557406,-0.5939381718635559
2,558,-0.9281942,-0.021945318,0.8881843686103821
2,559,-0.9486502,-0.020455966,-0.568674623966217
2,560,-0.9671957,-0.018545488,-0.32070666551589966
2,561,-0.98268193,-0.01548625,0.42059794068336487
2,562,-0.99641037,-0.013728455,-0.463683545589447
2,563,-1.007514,-0.011103648,0.10251237452030182
2,564,-1.0163327,-0.008818725,-0.13158805668354034
2,565,-1.0228215,-0.006488758,-0.10621564090251923
2,566,-1.026428,-0.0036063949,0.25936323404312134
2,567,-1.0276067,-0.001178723,-0.04498447850346565
2,568,-1.0264434,0.0011633642,-0.10239756107330322
2,569,-1.0220748,0.004368497,0.47331807017326355
2,570,-1.0154035,0.0066713276,-0.12671498954296112
2,571,-1.0063881,0.009015492,-0.09631453454494476
2,572,-0.9953672,0.011020839,-0.31729361414909363
2,573,-0.9824789,0.012888296,-0.40158846974372864
2,574,-0.9686376,0.013841323,-1.01890230178833
2,575,-0.9526564,0.015981192,-0.19401389360427856
2,576,-0.93343025,0.019226125,0.5632094740867615
2,577,-0.9122829,0.02114739,-0.28968918323516846
2,578,-0.8893537,0.022929212,-0.34412437677383423
2,579,-0.8637265,0.025627173,0.31536877155303955
2,580,-0.83608633,0.027640173,-0.07851430028676987
2,581,-0.80656725,0.029519077,-0.09082890301942825
2,582,-0.7754141,0.031153144,-0.1615515649318695
2,583,-0.74281913,0.03259496,-0.18147869408130646
2,584,-0.7091229,0.033696238,-0.28459298610687256
2,585,-0.67376626,0.03535662,0.2264549285173416
2,586,-0.63761264,0.03615363,-0.19435660541057587
2,587,-0.599241,0.038371645,0.9196583032608032
2,588,-0.5607563,0.03848468,-0.2996162474155426
2,589,-0.5219637,0.03879264,0.01990208774805069
2,590,-0.4833723,0.038591404,-0.12598149478435516
2,591,-0.4446069,0.038765397,0.31664004921913147
2,592,-0.40727422,0.03733268,-0.5638713240623474
2,593,-0.3696001,0.037674118,0.7975136637687683
2,594,-0.3330069,0.03659321,0.022288719192147255
2,595,-0.29712892,0.03587796,0.42504361271858215
2,596,-0.2626026,0.03452631,0.14612255990505219
2,597,-0.22851805,0.03408455,0.8811612129211426
2,598,-0.19521217,0.033305876,0.7709975242614746
2,599,-0.1624897,0.032722473,1.125737190246582
2,600,-0.13063562,0.031854086,0.8936094045639038
2,601,-0.100664966,0.029970657,0.2846843898296356
2,602,-0.07252076,0.028144201,0.37360456585884094
2,603,-0.045317627,0.027203135,1.003175139427185
2,604,-0.019293943,0.026023684,0.8649874925613403
2,605,0.0056503136,0.024944257,0.9442573189735413
2,606,0.027242977,0.021592664,-0.5679685473442078
2,607,0.047843985,0.020601008,2.021294593811035
2,608,0.06586677,0.018022785,-0.06928743422031403
2,609,0.0829382,0.017071433,1.064365029335022
2,610,0.098898895,0.015960695,0.8748501539230347
2,611,0.11395771,0.015058814,0.9925912022590637
2,612,0.12678707,0.01282935,0.08390513807535172
2,613,0.1387951,0.012008023,1.3749942779541016
2,614,0.14978935,0.010994249,0.8484116196632385
2,615,0.15995261,0.010163266,0.9472142457962036
2,616,0.16939822,0.009445615,1.1461137533187866
2,617,0.17742744,0.008029222,0.5117784738540649
2,618,0.18426721,0.0068397615,0.6431117057800293
2,619,0.18985096,0.005583751,0.5810877084732056
2,620,0.19409354,0.004242578,0.5094549059867859
2,621,0.19715412,0.0030605728,0.6040142774581909
2,622,0.19952814,0.0023740274,0.9258466958999634
2,623,0.20108132,0.001553176,0.8296558260917664
2,624,0.20207575,0.000994427,1.0018748044967651
2,625,0.20188206,-0.00019368272,0.577599287033081
2,626,0.20099288,-0.0008891838,0.9065566062927246
2,627,0.19883339,-0.0021594903,0.5258792042732239
2,628,0.19507718,-0.003756216,0.314360648393631
2,629,0.1896343,-0.0054428875,0.26485928893089294
2,630,0.18308766,-0.0065466366,0.668321430683136
2,631,0.17590874,-0.0071789105,1.482664704322815
2,632,0.16706589,-0.008842853,0.33062899112701416
2,633,0.15668665,-0.010379239,0.43742212653160095
2,634,0.1452591,-0.011427547,0.7870299220085144
2,635,0.1330652,-0.012193902,1.0533170700073242
2,636,0.11943113,-0.013634061,0.575517475605011
2,637,0.104731776,-0.014699356,0.850631594657898
2,638,0.08831504,-0.016416734,0.44015660881996155
2,639,0.070825785,-0.017489253,0.8934993147850037
2,640,0.05064962,-0.020176165,-0.16208912432193756
2,641,0.029502261,-0.02114736,1.4011279344558716
2,642,0.006568752,-0.02293351,0.46937620639801025
2,643,-0.017637191,-0.024205944,0.8180531859397888
2,644,-0.04340593,-0.025768738,0.6224709749221802
2,645,-0.070579685,-0.027173756,0.7158779501914978
2,646,-0.0990847,-0.028505016,0.7419381141662598
2,647,-0.12848008,-0.029395377,1.2313916683197021
2,648,-0.15934555,-0.03086547,0.5643261671066284
2,649,-0.19093077,-0.03158522,1.1475226879119873
2,650,-0.22311696,-0.0321862,1.400272011756897
2,651,-0.25668836,-0.03357138,0.3835872709751129
2,652,-0.2913453,-0.034656953,0.47272711992263794
2,653,-0.32690653,-0.035561245,0.46670085191726685
2,654,-0.363083,-0.03617646,0.5172291994094849
2,655,-0.39986026,-0.036777247,0.37139394879341125
2,656,-0.43783206,-0.0379718,-0.19178606569766998
2,657,-0.4772767,-0.039444663,-0.5577925443649292
2,658,-0.51613325,-0.038856525,0.6229580044746399
2,659,-0.5535458,-0.037412513,1.0336164236068726
2,660,-0.5918278,-0.038282022,-0.7292054295539856
2,661,-0.6299623,-0.038134523,-0.24043500423431396
2,662,-0.6665708,-0.036608435,0.4945524036884308
2,663,-0.7013172,-0.034746427,0.548195481300354
2,664,-0.7342311,-0.03291392,0.374581903219223
2,665,-0.76536804,-0.03113695,0.20018522441387177
2,666,-0.7945243,-0.02915628,0.2148367017507553
2,667,-0.8215573,-0.027032968,0.2052106410264969
2,668,-0.84692705,-0.025369776,-0.1903810054063797
2,669,-0.87110704,-0.024179986,-0.5816017389297485
2,670,-0.8935032,-0.022396132,-0.2502304017543793
2,671,-0.912823,-0.019319834,0.5582470893859863
2,672,-0.92929876,-0.016475737,0.3629981279373169
2,673,-0.94465876,-0.015359988,-0.8196656107902527
2,674,-0.9583576,-0.013698822,-0.4809858500957489
2,675,-0.96814466,-0.009787088,1.0393880605697632
2,676,-0.9770017,-0.008857065,-1.1065912246704102
2,677,-0.984914,-0.007912294,-1.5931555032730103
2,678,-0.9905258,-0.005611754,-0.10396356135606766
2,679,-0.9936808,-0.003154965,-0.004777559544891119
2,680,-0.99316055,0.00052024896,0.8049101233482361
2,681,-0.991155,0.0020054895,-0.6546542048454285
2,682,-0.986691,0.004464049,-0.004126890562474728
2,683,-0.9796922,0.0069987737,0.05053235962986946
2,684,-0.969719,0.009973231,0.3503652811050415
2,685,-0.95761764,0.012101353,-0.20309875905513763
2,686,-0.944606,0.0130116185,-1.3105874061584473
2,687,-0.9292837,0.015322315,-0.047886352986097336
2,688,-0.9112722,0.018011458,0.22929036617279053
2,689,-0.8912136,0.020058615,-0.16523754596710205
2,690,-0.8694199,0.021793718,-0.33075466752052307
2,691,-0.8460992,0.023320671,-0.4172263741493225
2,692,-0.82076055,0.025338626,-0.027147937566041946
2,693,-0.79447776,0.026282813,-0.6672182679176331
2,694,-0.7656948,0.028782941,0.45658114552497864
2,695,-0.7356713,0.030023485,-0.2798022925853729
2,696,-0.7039931,0.031678174,0.11286450922489166
2,697,-0.67189574,0.03209733,-0.5791476964950562
2,698,-0.63807267,0.03382307,0.43322882056236267
2,699,-0.6039704,0.034102287,-0.37503883242607117
2,700,-0.56950164,0.034468748,-0.15366792678833008
2,701,-0.53424186,0.035259802,0.2985807955265045
2,702,-0.4982761,0.035965748,0.41742441058158875
2,703,-0.4620036,0.036272515,0.33100149035453796
2,704,-0.42518595,0.036817648,0.6696494221687317
2,705,-0.38873613,0.036449812,0.23972399532794952
2,706,-0.35238132,0.036354803,0.5927255749702454
2,707,-0.3162677,0.03611362,0.6581478714942932
2,708,-0.2801445,0.03612318,0.9774661064147949
2,709,-0.24550742,0.034637097,0.12117871642112732
2,710,-0.21130337,0.03420405,0.9459842443466187
2,711,-0.17892982,0.032373555,0.12253224849700928
2,712,-0.14794828,0.030981546,0.504252016544342
2,713,-0.11864747,0.02930081,0.3846888244152069
2,714,-0.09126566,0.027381806,0.2828611135482788
2,715,-0.06484344,0.026422225,0.9648642539978027
2,716,-0.041949037,0.0228944,-0.7166526317596436
2,717,-0.020359527,0.02158951,0.7835595011711121
2,718,0.00023464461,0.020594172,1.0968152284622192
2,719,0.019828817,0.019594172,1.1263231039047241
2,720,0.03817686,0.018348042,0.8329654335975647
2,721,0.05554128,0.01736442,1.026186227798462
2,722,0.07102609,0.015484805,0.39050763845443726
2,723,0.08554968,0.014523598,0.9881695508956909
2,724,0.09839598,0.012846299,0.4938771426677704
2,725,0.11020777,0.0118117845,0.9049025774002075
2,726,0.12061407,0.0104063,0.6394109725952148
2,727,0.12925236,0.008638294,0.3800733685493469
2,728,0.13707626,0.007823896,1.2644882202148438
2,729,0.14369884,0.0066225887,0.7268458008766174
2,730,0.14955015,0.0058513186,1.6248900890350342
2,731,0.15464889,0.0050987354,1.0118646621704102
2,732,0.15811174,0.003462844,0.39989471435546875
2,733,0.16036855,0.0022568118,0.6786394715309143
2,734,0.1613373,0.000968748,0.61876380443573
2,735,0.16159321,0.00025591007,1.1628657579421997
2,736,0.16113718,-0.0004560341,1.0051482915878296
2,737,0.15959337,-0.0015438044,0.7505104541778564
2,738,0.15733068,-0.0022626983,1.449936866760254
2,739,0.15387309,-0.003457594,0.6878434419631958
2,740,0.14806601,-0.0058070654,-0.07409343123435974
2,741,0.1412394,-0.0068266047,0.8252330422401428
2,742,0.13363388,-0.007605521,1.1575324535369873
2,743,0.12522659,-0.008407295,1.2919063568115234
2,744,0.11542365,-0.009802939,0.6200010776519775
2,745,0.10423755,-0.011186103,0.6456323266029358
2,746,0.09116235,-0.0130752,0.32644012570381165
2,747,0.07718006,-0.013982288,1.1586534976959229
2,748,0.061454453,-0.015725607,0.4599774181842804
2,749,0.043982852,-0.0174716,0.4744269847869873
2,750,0.025532983,-0.018449869,1.6234456300735474
2,751,0.006090445,-0.019442538,1.097862958908081
2,752,-0.014444191,-0.020534636,0.9383227229118347
2,753,-0.03597648,-0.02153229,1.164438009262085
2,754,-0.059038036,-0.023061557,0.6374574303627014
2,755,-0.08327651,-0.024238475,0.8559824228286743
2,756,-0.10858926,-0.025312753,0.8987383842468262
2,757,-0.13555957,-0.026970312,0.4739702045917511
2,758,-0.16459556,-0.029035982,0.15361978113651276
2,759,-0.1943329,-0.029737342,1.3746227025985718
2,760,-0.22493164,-0.030598743,0.8170925974845886
2,761,-0.25655615,-0.031624526,0.6175373196601868
2,762,-0.28907612,-0.032519974,0.5999366641044617
2,763,-0.3234303,-0.034354188,-0.14457055926322937
2,764,-0.3593074,-0.03587712,-0.07352271676063538
2,765,-0.39583907,-0.036531653,0.3522430658340454
2,766,-0.43207988,-0.036240812,0.8171679377555847
2,767,-0.46787158,-0.03579168,0.7512885332107544
2,768,-0.5052178,-0.037346184,-0.7589970231056213
2,769,-0.5419463,-0.036728486,0.5036562085151672
2,770,-0.577815,-0.035868734,0.4814780056476593
2,771,-0.6144509,-0.036635887,-0.7813233733177185
2,772,-0.65018,-0.035729125,0.15585188567638397
2,773,-0.68483067,-0.03465066,0.10117259621620178
2,774,-0.71768916,-0.032858513,0.41967618465423584
2,775,-0.74776804,-0.03007889,0.9365447163581848
2,776,-0.77671605,-0.028947987,-0.28431436419487
2,777,-0.80351746,-0.026801398,0.2836397588253021
2,778,-0.829308,-0.025790537,-0.5668926239013672
2,779,-0.8533557,-0.024047734,-0.161229208111763
2,780,-0.8754673,-0.022111574,-0.10193648934364319
2,781,-0.89527935,-0.019812038,0.08269264549016953
2,782,-0.9143466,-0.019067215,-1.2792083024978638
2,783,-0.9316545,-0.017307922,-0.36317750811576843
2,784,-0.94646776,-0.014813219,0.09559644758701324
2,785,-0.9585099,-0.012042189,0.25620806217193604
2,786,-0.9676772,-0.009167247,0.3086051940917969
2,787,-0.9742248,-0.006547625,0.12694977223873138
2,788,-0.97861093,-0.0043861317,-0.1858925074338913
2,789,-0.9792651,-0.0006541386,0.8564853072166443
2,790,-0.9787172,0.00054789835,-0.8308171629905701
2,791,-0.9750114,0.0037057893,0.4736422002315521
2,792,-0.9685005,0.006510914,0.2423451542854309
2,793,-0.95979035,0.008710131,-0.15428806841373444
2,794,-0.94771177,0.0120786065,0.6359559297561646
2,795,-0.93335474,0.014357037,-0.07403203845024109
2,796,-0.9178297,0.015525055,-0.791727602481842
2,797,-0.90059555,0.017234143,-0.40332186222076416
2,798,-0.8812991,0.019296456,-0.1331811100244522
2,799,-0.8594758,0.021823307,0.22009190917015076
2,800,-0.8370386,0.022437232,-1.8627796173095703
2,801,-0.81344724,0.023591325,-0.5768489837646484
2,802,-0.78800946,0.025437795,-0.04241244122385979
2,803,-0.7610617,0.026947761,-0.18106260895729065
2,804,-0.73199415,0.029067546,0.32378435134887695
2,805,-0.7012048,0.030789375,0.17247213423252106
2,806,-0.6690385,0.03216632,0.07135871797800064
2,807,-0.6361415,0.03289699,-0.21722891926765442
2,808,-0.60391635,0.032225117,-1.2385104894638062
2,809,-0.5712194,0.032696936,-0.08316641300916672
2,810,-0.5380284,0.033190947,0.0920472964644432
2,811,-0.504709,0.03331942,0.013522753491997719
2,812,-0.47123984,0.033469185,0.19424016773700714
2,813,-0.4377197,0.033520143,0.29469117522239685
2,814,-0.40581653,0.03190318,-0.6533143520355225
2,815,-0.37586308,0.029953452,-0.7230862975120544
2,816,-0.3469821,0.028880976,-0.0002528631885070354
2,817,-0.31820086,0.028781231,0.7758435010910034
2,818,-0.29060936,0.027591495,0.17006440460681915
2,819,-0.26322272,0.02738662,0.9357977509498596
2,820,-0.23609631,0.027126418,1.1686054468154907
2,821,-0.21052147,0.025574833,0.23140358924865723
2,822,-0.18700844,0.023513028,-0.029361983761191368
2,823,-0.16449772,0.022510717,0.742975652217865
2,824,-0.14321959,0.021278122,0.6460768580436707
2,825,-0.123616256,0.019603336,0.39865541458129883
2,826,-0.10580969,0.017806565,0.3555198013782501
2,827,-0.09002343,0.015786259,0.23652999103069305
2,828,-0.07563318,0.014390243,0.6755769848823547
2,829,-0.06306319,0.012569996,0.41044938564300537
2,830,-0.051448587,0.011614603,1.041104793548584
2,831,-0.041066848,0.010381738,0.8249437808990479
2,832,-0.03177932,0.009287528,0.9245609641075134
2,833,-0.023618251,0.008161069,0.9081251621246338
2,834,-0.017968304,0.0056499476,-0.011596263386309147
2,835,-0.013546817,0.0044214875,0.845272421836853
2,836,-0.0114463875,0.00210043,0.11791877448558807
2,837,-0.0119613735,-0.00051498605,-0.07792654633522034
2,838,-0.01347475,-0.0015133766,1.1020305156707764
2,839,-0.016033778,-0.0025590286,0.9682038426399231
2,840,-0.019589914,-0.003556137,1.090773105621338
2,841,-0.024685582,-0.0050956686,0.637434720993042
2,842,-0.030774398,-0.006088816,1.0205837488174438
2,843,-0.038053486,-0.007279088,0.8660542368888855
2,844,-0.04660166,-0.008548176,0.8097593188285828
2,845,-0.05655514,-0.009953482,0.7135348320007324
2,846,-0.067472726,-0.010917585,1.1768022775650024
2,847,-0.07933927,-0.011866543,1.163470983505249
2,848,-0.09227697,-0.012937691,0.9055802822113037
2,849,-0.10693864,-0.014661667,0.4538935124874115
2,850,-0.1236332,-0.016694564,0.22636623680591583
2,851,-0.14267924,-0.019046044,-0.014317337423563004
2,852,-0.16273111,-0.020051861,0.8457585573196411
2,853,-0.18363659,-0.02090548,0.9028907418251038
2,854,-0.20609747,-0.022460885,0.38314464688301086
2,855,-0.22909553,-0.02299806,1.0259207487106323
2,856,-0.25252602,-0.023430485,1.0005418062210083
2,857,-0.27678394,-0.024257923,0.6592119932174683
2,858,-0.3012284,-0.024444463,1.0678364038467407
2,859,-0.3269878,-0.025759388,0.1545819640159607
2,860,-0.35337383,-0.026386008,0.5092899799346924
2,861,-0.38105467,-0.027680857,-0.048622556030750275
2,862,-0.40902197,-0.027967293,0.5002390146255493
2,863,-0.43660256,-0.027580583,0.8194761872291565
2,864,-0.46400532,-0.02740277,0.5486022233963013
2,865,-0.49214983,-0.02814452,-0.19811713695526123
2,866,-0.52062947,-0.028479649,-0.06640760600566864
2,867,-0.54846954,-0.02784005,0.44124555587768555
2,868,-0.5759772,-0.027507646,0.09736446291208267
2,869,-0.60363674,-0.027659556,-0.36208900809288025
2,870,-0.63048226,-0.026845539,0.14632195234298706
2,871,-0.65523493,-0.024752667,0.8699416518211365
2,872,-0.67763627,-0.022401338,0.9263468980789185
2,873,-0.70011336,-0.022477075,-0.7935582399368286
2,874,-0.72096163,-0.020848244,0.24398767948150635
2,875,-0.73977304,-0.018811392,0.42774292826652527
2,876,-0.75718546,-0.01741241,-0.07402827590703964
2,877,-0.77280885,-0.01562338,0.1180209144949913
2,878,-0.7867518,-0.013942961,-0.012891707010567188
2,879,-0.8004198,-0.01366803,-1.0089290142059326
2,880,-0.81192106,-0.01150124,0.2141200453042984
2,881,-0.8219865,-0.010065442,-0.3112576901912689
2,882,-0.8299027,-0.007916233,0.13228769600391388
2,883,-0.8349766,-0.0050739013,0.5699843168258667
2,884,-0.8388147,-0.003838067,-0.5162508487701416
2,885,-0.84024644,-0.0014317691,0.2527383267879486
2,886,-0.8400236,0.00022284998,-0.2525578439235687
2,887,-0.83749694,0.002526617,0.18085584044456482
2,888,-0.8342455,0.0032514262,-0.8643876910209656
2,889,-0.8287668,0.0054786853,0.14687547087669373
2,890,-0.82054013,0.008226703,0.5105619430541992
2,891,-0.8101089,0.010431241,0.17370863258838654
2,892,-0.79698026,0.013128659,0.5357180237770081
2,893,-0.78196955,0.015010714,0.03596245497465134
2,894,-0.7649588,0.017010754,0.1670326441526413
2,895,-0.7469279,0.018030874,-0.42399725317955017
2,896,-0.7273946,0.019533312,-0.03333493694663048
2,897,-0.7073385,0.02005606,-0.6081746220588684
2,898,-0.68694204,0.020396478,-0.6459317207336426
2,899,-0.66560626,0.02133581,-0.1581994742155075
2,900,-0.64292175,0.022684513,0.2103818655014038
2,901,-0.6195545,0.023367224,-0.12881378829479218
2,902,-0.5963424,0.023212127,-0.576577365398407
2,903,-0.5712478,0.025094595,0.8941408395767212
2,904,-0.54510224,0.026145551,0.4632028043270111
2,905,-0.5188902,0.026212053,-0.06310824304819107
2,906,-0.49310136,0.02578883,-0.2586067020893097
2,907,-0.46897635,0.024125012,-0.9569380283355713
2,908,-0.44452983,0.024446521,0.4862304925918579
2,909,-0.42004147,0.024488362,0.41954147815704346
2,910,-0.39674067,0.023300797,-0.28221216797828674
2,911,-0.3740636,0.02267706,0.20326560735702515
2,912,-0.35217685,0.021886768,0.19598793983459473
2,913,-0.3300198,0.022157028,1.005463719367981
2,914,-0.3085871,0.021432707,0.43151938915252686
2,915,-0.28715748,0.021429641,1.268190622329712
2,916,-0.2660804,0.021077055,0.850477397441864
2,917,-0.2461385,0.019941907,0.40651369094848633
2,918,-0.22654544,0.019593067,1.346451759338379
2,919,-0.20739688,0.019148564,1.1036410331726074
2,920,-0.18945985,0.017937042,0.5466578006744385
2,921,-0.17310345,0.016356392,0.3508574664592743
2,922,-0.15754804,0.015555415,0.9129518270492554
2,923,-0.1432653,0.014282731,0.6354904770851135
2,924,-0.1302403,0.013024999,0.6765965223312378
2,925,-0.11806228,0.012178028,0.9764108657836914
2,926,-0.10788889,0.010173391,0.22679008543491364
2,927,-0.09858569,0.009303202,1.1617130041122437
2,928,-0.09064844,0.007937243,0.6836638450622559
2,929,-0.084355064,0.0062933774,0.5095062851905823
2,930,-0.08006831,0.0042867507,0.27583128213882446
2,931,-0.077674635,0.0023936809,0.3567688465118408
2,932,-0.077570386,0.00010425006,0.09533374011516571
2,933,-0.07996854,-0.0023981521,-0.0465269610285759
2,934,-0.08400833,-0.004039785,0.5245122909545898
2,935,-0.08944771,-0.0054393774,0.6809539794921875
2,936,-0.09579761,-0.0063499063,1.0381382703781128
2,937,-0.1043004,-0.008502786,0.1630573868751526
2,938,-0.11506063,-0.010760223,0.08078305423259735
2,939,-0.12820211,-0.013141485,-0.01915149763226509
2,940,-0.14330748,-0.015105373,0.2356511801481247
2,941,-0.15933582,-0.016028339,0.8996866941452026
2,942,-0.17608394,-0.016748123,1.243281602859497
2,943,-0.19370516,-0.017621217,0.8574190735816956
2,944,-0.21205914,-0.018353982,0.9045751690864563
2,945,-0.23092405,-0.018864913,1.2330526113510132
2,946,-0.25050107,-0.019577023,0.807723879814148
2,947,-0.27061817,-0.020117113,0.8577123880386353
2,948,-0.29180905,-0.02119089,0.4310729205608368
2,949,-0.31316674,-0.021357697,0.9565770030021667
2,950,-0.33449993,-0.021333175,1.0395002365112305
2,951,-0.3578849,-0.023384996,-0.4722907245159149
2,952,-0.38223508,-0.024350168,0.15140970051288605
2,953,-0.40709502,-0.024859948,0.34596797823905945
2,954,-0.4327909,-0.025695894,0.013433421030640602
2,955,-0.45839208,-0.025601171,0.5115926265716553
2,956,-0.4855864,-0.027194323,-0.7381436824798584
2,957,-0.5145652,-0.028978799,-1.145614743232727
2,958,-0.54434377,-0.029778546,-0.4880025386810303
2,959,-0.5751394,-0.03079563,-0.7817142605781555
2,960,-0.6055427,-0.030403297,0.004877627361565828
2,961,-0.6359568,-0.030414091,-0.4128013849258423
2,962,-0.6651302,-0.0291734,0.27591565251350403
2,963,-0.69322723,-0.02809702,0.031001316383481026
2,964,-0.72123194,-0.028004685,-0.7504504323005676
2,965,-0.74836236,-0.027130423,-0.3484380841255188
2,966,-0.7736475,-0.025285153,0.18960781395435333
2,967,-0.7971801,-0.023532653,0.032090384513139725
2,968,-0.8188859,-0.021705821,-0.0015334305353462696
2,969,-0.8383767,-0.019490764,0.18593838810920715
2,970,-0.85560066,-0.01722396,0.16102448105812073
2,971,-0.8711913,-0.015590649,-0.3099695146083832
2,972,-0.8839938,-0.012802503,0.41908589005470276
2,973,-0.8944542,-0.010460402,0.09054090827703476
2,974,-0.90227497,-0.007820756,0.26503580808639526
2,975,-0.9093252,-0.007050191,-0.997903048992157
2,976,-0.9155862,-0.0062610083,-1.5953590869903564
2,977,-0.9210395,-0.0054533575,-1.8070919513702393
2,978,-0.9244233,-0.0033837701,-0.16899104416370392
2,979,-0.9262737,-0.0018504473,-0.5326722860336304
2,980,-0.9254743,0.0007994053,0.2083735466003418
2,981,-0.92213434,0.003339938,0.13691645860671997
2,982,-0.91649306,0.005641261,-0.016514815390110016
2,983,-0.9083177,0.008175377,0.1492382138967514
2,984,-0.8989119,0.009405765,-0.7038314342498779
2,985,-0.88662827,0.012283649,0.4141361713409424
2,986,-0.87198704,0.014641252,0.09472676366567612
2,987,-0.85530317,0.016683867,-0.07993492484092712
2,988,-0.8364084,0.01889481,0.07592830061912537
2,989,-0.8166348,0.019773599,-0.7585256099700928
2,990,-0.7964358,0.020199025,-1.0213942527770996
2,991,-0.77447206,0.02196373,-0.04041201248764992
2,992,-0.7508694,0.023602642,-0.0466478168964386
2,993,-0.72525394,0.025615433,0.2915254831314087
2,994,-0.6988021,0.026451813,-0.3903026878833771
2,995,-0.6718067,0.026995445,-0.47381338477134705
2,996,-0.6442906,0.027516095,-0.3697635233402252
2,997,-0.61440766,0.029882975,0.9875594973564148
2,998,-0.5831457,0.031261954,0.47087085247039795
2,999,-0.5508708,0.032274928,0.3791622817516327
3,1,-0.43659452,-0.0006156087,0.022665876895189285
3,2,-0.43635526,0.0002392434,1.1944209337234497
3,3,-0.43674734,-0.00039209082,0.010364752262830734
3,4,-0.43827233,-0.0015249769,-0.32589706778526306
3,5,-0.4396935,-0.0014211846,0.4911831021308899
3,6,-0.44065925,-0.0009657404,0.7187395691871643
3,7,-0.44164914,-0.0009898831,0.39433667063713074
3,8,-0.4423348,-0.00068564765,0.6084566116333008
3,9,-0.44310763,-0.0007728417,0.34417757391929626
3,10,-0.44366926,-0.0005616282,0.5393649339675903
3,11,-0.44358763,8.162463e-05,0.8246639370918274
3,12,-0.4446642,-0.0010765672,-0.3759027123451233
3,13,-0.4468218,-0.0021575862,-0.32968467473983765
3,14,-0.44865927,-0.0018374576,0.59391850233078
3,15,-0.450042,-0.0013827399,0.674694299697876
3,16,-0.45097616,-0.0009341611,0.6638587117195129
3,17,-0.45208734,-0.0011111827,0.2422327846288681
3,18,-0.45223075,-0.0001434138,1.3795011043548584
3,19,-0.45227283,-4.2078234e-05,0.4216771125793457
3,20,-0.45313755,-0.00086470664,-0.1945044845342636
3,21,-0.45302677,0.000110760884,1.0479298830032349
3,22,-0.45194134,0.0010854161,1.3279638290405273
3,23,-0.45288923,-0.00094788487,-1.0385217666625977
3,24,-0.45457417,-0.0016849446,-0.14047102630138397
3,25,-0.45655805,-0.0019838822,0.1433701068162918
3,26,-0.45767793,-0.0011198942,0.908940315246582
3,27,-0.45923516,-0.0015572384,0.0358971543610096
3,28,-0.4599701,-0.0007349171,0.8680362105369568
3,29,-0.45991275,5.7349243e-05,0.8443924784660339
3,30,-0.4602581,-0.00034535312,0.04802814871072769
3,31,-0.46095487,-0.0006967675,0.08052463829517365
3,32,-0.4609502,4.680538e-06,0.779011070728302
3,33,-0.4606148,0.0003354072,0.5318864583969116
3,34,-0.45927975,0.0013350622,0.9794859886169434
3,35,-0.45859513,0.00068463123,-0.11401741951704025
3,36,-0.45780668,0.00078844174,0.39216914772987366
3,37,-0.4582127,-0.00040603985,-0.4694923162460327
3,38,-0.45816544,4.7265396e-05,0.6270412802696228
3,39,-0.45838937,-0.00022394175,0.144264817237854
3,40,-0.45759928,0.00079010124,1.0983699560165405
3,41,-0.45680153,0.0007977475,0.33294305205345154
3,42,-0.4563933,0.00040824147,0.07208468019962311
3,43,-0.45763668,-0.001243381,-0.7673261761665344
3,44,-0.45957407,-0.0019373954,-0.13501419126987457
3,45,-0.46113992,-0.0015658305,0.5658686757087708
3,46,-0.46405846,-0.002918528,-0.5913281440734863
3,47,-0.46875906,-0.004700609,-0.8919330835342407
3,48,-0.47394308,-0.005184029,-0.049316976219415665
3,49,-0.47912773,-0.005184642,0.246952623128891
3,50,-0.48409012,-0.004962397,0.3698595464229584
3,51,-0.49084812,-0.0067580184,-1.0806924104690552
3,52,-0.49648374,-0.0056356336,0.9117463231086731
3,53,-0.50174165,-0.0052578948,0.3872516453266144
3,54,-0.506879,-0.0051373322,0.18958231806755066
3,55,-0.5128168,-0.0059377947,-0.4500776529312134
3,56,-0.51913375,-0.0063169478,-0.19886812567710876
3,57,-0.5253715,-0.006237773,0.07510748505592346
3,58,-0.5324378,-0.0070662824,-0.5612030625343323
3,59,-0.5394427,-0.0070049153,-0.0032785453367978334
3,60,-0.54524595,-0.0058032,0.721953809261322
3,61,-0.55162203,-0.0063760937,-0.49008890986442566
3,62,-0.55817413,-0.006552075,-0.2572721838951111
3,63,-0.564946,-0.0067718416,-0.31907811760902405
3,64,-0.5729085,-0.007962532,-1.297515869140625
3,65,-0.5808346,-0.007926091,-0.22135616838932037
3,66,-0.5882238,-0.007389174,0.07316939532756805
3,67,-0.5956103,-0.007386497,-0.31932029128074646
3,68,-0.60396093,-0.008350602,-1.6327975988388062
3,69,-0.61162996,-0.0076690367,0.05644737184047699
3,70,-0.6192941,-0.0076641603,-0.4318062365055084
3,71,-0.6254783,-0.006184211,0.5147016644477844
3,72,-0.6307817,-0.0053033857,0.08571304380893707
3,73,-0.6354082,-0.004626534,-0.07549291104078293
3,74,-0.6398337,-0.0044254675,-0.41457849740982056
3,75,-0.6433954,-0.00356174,0.006350335199385881
3,76,-0.6457066,-0.0023111738,0.247538760304451
3,77,-0.64754844,-0.0018418367,-0.2840840220451355
3,78,-0.6491954,-0.0016469301,-0.475626677274704
3,79,-0.64950466,-0.00030928865,0.2785320580005646
3,80,-0.6484912,0.0010134336,0.2671481668949127
3,81,-0.64635915,0.002132053,0.13579261302947998
3,82,-0.64326257,0.0030965754,0.042994290590286255
3,83,-0.6390496,0.004212962,0.15870770812034607
3,84,-0.6334431,0.0056064785,0.36322909593582153
3,85,-0.62725204,0.0061911033,-0.14958566427230835
3,86,-0.6191456,0.008106493,0.7669723033905029
3,87,-0.6102047,0.008940881,0.0850396379828453
3,88,-0.6006472,0.009557479,-0.017108967527747154
3,89,-0.589017,0.01163021,1.070720911026001
3,90,-0.5755107,0.01350627,0.9257113933563232
3,91,-0.56031305,0.015197609,0.8690473437309265
3,92,-0.5446666,0.015646458,0.11603222787380219
3,93,-0.52848893,0.016177628,0.24884411692619324
3,94,-0.5119594,0.016529568,0.21017636358737946
3,95,-0.49660152,0.015357863,-0.7229512929916382
3,96,-0.4814379,0.015163617,0.0053411815315485
3,97,-0.46710688,0.014331003,-0.3448334336280823
3,98,-0.45293477,0.01417212,0.17518724501132965
3,99,-0.43872675,0.014208021,0.3746131956577301
3,100,-0.42561725,0.013109497,-0.31255966424942017
3,101,-0.41299337,0.012623874,0.15913450717926025
3,102,-0.40188935,0.011104005,-0.470310777425766
3,103,-0.39187807,0.010011281,-0.1333678811788559
3,104,-0.38152087,0.010357207,0.8722137212753296
3,105,-0.3719552,0.009565668,0.16138185560703278
3,106,-0.36498803,0.006967168,-1.2437469959259033
3,107,-0.35868523,0.006302791,0.3205461800098419
3,108,-0.35317704,0.005508196,0.26160895824432373
3,109,-0.34867656,0.004500493,0.1436663568019867
3,110,-0.34579852,0.0028780482,-0.24661144614219666
3,111,-0.34269163,0.0031068868,1.1896036863327026
3,112,-0.3399284,0.0027632327,0.6316777467727661
3,113,-0.3381309,0.0017975004,0.22876013815402985
3,114,-0.33615372,0.001977161,1.0455281734466553
3,115,-0.33529532,0.0008584099,0.14277133345603943
3,116,-0.33560246,-0.00030713578,0.11520306766033173
3,117,-0.33873647,-0.0031340017,-0.9936413168907166
3,118,-0.34227154,-0.0035350518,0.6102869510650635
3,119,-0.34668946,-0.004417932,0.27399158477783203
3,120,-0.35114545,-0.004455973,0.8182416558265686
3,121,-0.3557704,-0.0046249684,0.7116485834121704
3,122,-0.36091158,-0.0051411563,0.46001002192497253
3,123,-0.3681867,-0.007275129,-0.6411240100860596
3,124,-0.3780601,-0.009873387,-0.9829596281051636
3,125,-0.38836664,-0.010306532,0.41602957248687744
3,126,-0.39985362,-0.011486975,-0.12919758260250092
3,127,-0.41182142,-0.011967801,0.2840609550476074
3,128,-0.4236936,-0.011872167,0.6122269630432129
3,129,-0.43546376,-0.011770166,0.5600811243057251
3,130,-0.44714466,-0.011680901,0.49506884813308716
3,131,-0.4588249,-0.011680259,0.3793555796146393
3,132,-0.4698311,-0.011006201,0.7712076902389526
3,133,-0.48088372,-0.011052599,0.23674173653125763
3,134,-0.4922783,-0.011394595,-0.015005720779299736
3,135,-0.5043545,-0.012076154,-0.29800084233283997
3,136,-0.51688963,-0.012535157,-0.20983366668224335
3,137,-0.53032804,-0.013438418,-0.5686304569244385
3,138,-0.5434423,-0.0131142875,0.18244265019893646
3,139,-0.5549962,-0.0115538575,0.9411278963088989
3,140,-0.56709427,-0.012098083,-0.5195724368095398
3,141,-0.5793755,-0.012281213,-0.3389470875263214
3,142,-0.58974034,-0.010364837,1.011853814125061
3,143,-0.5999106,-0.010170288,-0.19884291291236877
3,144,-0.6098471,-0.009936539,-0.2224024087190628
3,145,-0.6198107,-0.009963591,-0.44447991251945496
3,146,-0.62900466,-0.009193953,0.03868410736322403
3,147,-0.63688713,-0.007882474,0.35602959990501404
3,148,-0.6443163,-0.0074291998,-0.2534169554710388
3,149,-0.65108234,-0.006765999,-0.14834605157375336
3,150,-0.65602314,-0.0049408344,0.5947842597961426
3,151,-0.66054374,-0.0045206174,-0.3646976053714752
3,152,-0.6642576,-0.003713836,-0.12777049839496613
3,153,-0.668256,-0.0039984076,-0.8723215460777283
3,154,-0.67078525,-0.0025292437,0.27864667773246765
3,155,-0.6721659,-0.0013806169,0.053501445800065994
3,156,-0.6721442,2.1687947e-05,0.21638530492782593
3,157,-0.670801,0.0013432052,0.16262482106685638
3,158,-0.6684877,0.0023132546,-0.0656212642788887
3,159,-0.66565526,0.0028324833,-0.3556947410106659
3,160,-0.66254854,0.0031067196,-0.506152331829071
3,161,-0.65785414,0.0046944204,0.38366466760635376
3,162,-0.65243214,0.005421995,-0.16822431981563568
3,163,-0.64756775,0.0048643677,-1.0711755752563477
3,164,-0.6410669,0.0065008383,0.4853261411190033
3,165,-0.63282865,0.008238237,0.5830071568489075
3,166,-0.623316,0.009512682,0.31320250034332275
3,167,-0.61359245,0.009723538,-0.3506125807762146
3,168,-0.6026232,0.010969196,0.38591739535331726
3,169,-0.5907805,0.011842729,0.1909235566854477
3,170,-0.579062,0.011718537,-0.41643381118774414
3,171,-0.566174,0.012888034,0.5036264657974243
3,172,-0.5516767,0.014497261,0.8605200052261353
3,173,-0.5383724,0.0133043155,-0.9355202913284302
3,174,-0.52449274,0.013879663,0.3097214996814728
3,175,-0.5113149,0.013177809,-0.47237247228622437
3,176,-0.49952424,0.01179068,-0.8633478283882141
3,177,-0.48716626,0.012357977,0.49846646189689636
3,178,-0.474831,0.012335242,0.16664335131645203
3,179,-0.46274158,0.012089427,0.07909297943115234
3,180,-0.45205826,0.010683338,-0.6347939968109131
3,181,-0.44201645,0.010041807,-0.07272490859031677
3,182,-0.4322857,0.009730756,0.1964845508337021
3,183,-0.42362207,0.008663626,-0.26054367423057556
3,184,-0.41509217,0.008529897,0.40326929092407227
3,185,-0.40776342,0.007328758,-0.2677570581436157
3,186,-0.39978606,0.007977373,1.0088937282562256
3,187,-0.39211273,0.0076733152,0.4022214710712433
3,188,-0.3855094,0.0066033346,-0.07280698418617249
3,189,-0.37877077,0.0067386413,0.7610711455345154
3,190,-0.37209132,0.0066794474,0.6621081233024597
3,191,-0.3654167,0.0066746185,0.7285028696060181
3,192,-0.35891253,0.0065041836,0.6479347944259644
3,193,-0.35209385,0.006818676,1.2304956912994385
3,194,-0.3456188,0.0064750332,0.5910924673080444
3,195,-0.34035966,0.0052591576,0.03763094171881676
3,196,-0.33726877,0.0030909025,-0.5747597217559814
3,197,-0.3356631,0.0016056733,-0.10626907646656036
3,198,-0.33514667,0.00051644543,0.1645277738571167
3,199,-0.3358168,-0.0006701343,0.10180806368589401
3,200,-0.33637267,-0.00055588345,0.9661973714828491
3,201,-0.3380129,-0.001640238,0.164776012301445
3,202,-0.33985424,-0.0018413282,0.7466669678688049
3,203,-0.3430139,-0.0031596632,-0.005992455407977104
3,204,-0.34733075,-0.004316849,0.08794298022985458
3,205,-0.35171708,-0.004386321,0.7945204377174377
3,206,-0.3574227,-0.0057056155,-0.05770255625247955
3,207,-0.36393797,-0.006515256,0.25712868571281433
3,208,-0.37091935,-0.006981381,0.45737719535827637
3,209,-0.37893352,-0.008014181,0.04844919964671135
3,210,-0.38726398,-0.008330466,0.4899757206439972
3,211,-0.39644545,-0.009181459,0.09549806267023087
3,212,-0.40577105,-0.009325581,0.5243788957595825
3,213,-0.4155711,-0.009800034,0.26064416766166687
3,214,-0.42542592,-0.009854815,0.4942116439342499
3,215,-0.43565997,-0.0102340495,0.2309754341840744
3,216,-0.4459506,-0.010290614,0.39690130949020386
3,217,-0.45531833,-0.009367723,1.0341510772705078
3,218,-0.46396157,-0.008643229,0.8220160007476807
3,219,-0.4729741,-0.009012533,0.05039472505450249
3,220,-0.4822781,-0.009304014,0.057830944657325745
3,221,-0.49257153,-0.010293431,-0.45353639125823975
3,222,-0.5023175,-0.0097459555,0.5198956727981567
3,223,-0.5128465,-0.010529065,-0.4157388210296631
3,224,-0.52431846,-0.011471915,-0.5748148560523987
3,225,-0.53514767,-0.010829208,0.4248724579811096
3,226,-0.5461005,-0.01095281,-0.14013369381427765
3,227,-0.55588955,-0.0097890645,0.6634068489074707
3,228,-0.56568295,-0.009793414,-0.1641010046005249
3,229,-0.5741224,-0.0084394775,0.692762017250061
3,230,-0.5824519,-0.00832946,-0.17830747365951538
3,231,-0.5890872,-0.0066353083,0.8366956114768982
3,232,-0.59673446,-0.0076472987,-1.682194471359253
3,233,-0.6038725,-0.0071380087,-0.02322501130402088
3,234,-0.6113262,-0.007453729,-0.6079804301261902
3,235,-0.61713475,-0.005808561,0.6631874442100525
3,236,-0.62133014,-0.004195384,0.6138847470283508
3,237,-0.6250778,-0.0037476192,-0.18317584693431854
3,238,-0.627488,-0.002410244,0.3919900059700012
3,239,-0.63012636,-0.0026383412,-0.6631421446800232
3,240,-0.63250935,-0.0023830135,-0.3533989191055298
3,241,-0.63433146,-0.0018221271,-0.160991370677948
3,242,-0.63556874,-0.0012372703,-0.15363161265850067
3,243,-0.6371912,-0.0016224667,-0.8061781525611877
3,244,-0.63792723,-0.0007360335,0.03392266482114792
3,245,-0.63700414,0.00092308526,0.5455790162086487
3,246,-0.63520074,0.0018034214,0.030739424750208855
3,247,-0.6323805,0.0028202282,0.1302282065153122
3,248,-0.6279287,0.0044517927,0.5534041523933411
3,249,-0.6223594,0.0055692615,0.231805220246315
3,250,-0.61621726,0.006142151,-0.10468367487192154
3,251,-0.6088142,0.007403064,0.3834521174430847
3,252,-0.60069203,0.008122134,0.057928815484046936
3,253,-0.5913178,0.009374238,0.45269671082496643
3,254,-0.5819423,0.009375475,-0.33544546365737915
3,255,-0.5736315,0.008310821,-1.485495924949646
3,256,-0.5658398,0.0077916905,-0.5953125357627869
3,257,-0.5585265,0.0073133027,-0.5295656323432922
3,258,-0.5505396,0.007986924,0.27476146817207336
3,259,-0.5432004,0.0073392205,-0.5663596391677856
3,260,-0.53622234,0.006978012,-0.33875709772109985
3,261,-0.52916425,0.0070580724,-0.009729130193591118
3,262,-0.5232332,0.005931059,-0.7791683673858643
3,263,-0.5175692,0.00566402,-0.17619816958904266
3,264,-0.51135546,0.0062137274,0.396618127822876
3,265,-0.504398,0.0069574486,0.5570168495178223
3,266,-0.49734694,0.007051046,0.15834908187389374
3,267,-0.49088404,0.0064629107,-0.2609667479991913
3,268,-0.4839439,0.0069401152,0.4814474582672119
3,269,-0.4759674,0.00797651,0.8887368440628052
3,270,-0.4680148,0.007952594,0.22140386700630188
3,271,-0.46004158,0.007973227,0.29038870334625244
3,272,-0.4526657,0.007375898,-0.0823553055524826
3,273,-0.44446495,0.008200732,0.9018840789794922
3,274,-0.43578014,0.008684826,0.7146920561790466
3,275,-0.42667606,0.009104069,0.7135268449783325
3,276,-0.41877759,0.007898475,-0.32591572403907776
3,277,-0.4119257,0.006851894,-0.1822100728750229
3,278,-0.4054385,0.006487197,0.3048476278781891
3,279,-0.40002552,0.0054130023,-0.13762390613555908
3,280,-0.39514953,0.004875976,0.2457931935787201
3,281,-0.39125404,0.0038955,-0.027181705459952354
3,282,-0.38724437,0.0040096524,0.7205764651298523
3,283,-0.38324377,0.0040005976,0.6568801999092102
3,284,-0.3800392,0.0032045813,0.15054354071617126
3,285,-0.3778487,0.0021904788,0.01974445767700672
3,286,-0.37642294,0.0014257794,0.19595034420490265
3,287,-0.37491882,0.0015041303,0.7644355297088623
3,288,-0.37466523,0.00025358974,-0.11469998210668564
3,289,-0.3745746,9.061987e-05,0.6114908456802368
3,290,-0.37584233,-0.001267738,-0.18502579629421234
3,291,-0.37730986,-0.0014675221,0.5816357731819153
3,292,-0.37836385,-0.0010539879,0.9838792681694031
3,293,-0.38188127,-0.0035174233,-0.9388744831085205
3,294,-0.38664085,-0.0047595897,-0.14067797362804413
3,295,-0.39110222,-0.004461379,0.8644914031028748
3,296,-0.395631,-0.0045287586,0.6002549529075623
3,297,-0.40031826,-0.004687287,0.5185519456863403
3,298,-0.4049566,-0.0046383403,0.635077178478241
3,299,-0.4092489,-0.004292288,0.811466634273529
3,300,-0.41393965,-0.004690764,0.29495012760162354
3,301,-0.4188326,-0.0048929416,0.4036739468574524
3,302,-0.42304468,-0.004212086,0.969152569770813
3,303,-0.42662466,-0.0035799716,0.9165893197059631
3,304,-0.43093738,-0.0043127253,-0.010442569851875305
3,305,-0.43520585,-0.0042684553,0.48687633872032166
3,306,-0.43961716,-0.004411299,0.3415740132331848
3,307,-0.4457977,-0.0061805584,-0.7640267014503479
3,308,-0.45312393,-0.0073262067,-0.37828269600868225
3,309,-0.46148387,-0.00835994,-0.3394005000591278
3,310,-0.4698397,-0.008355821,0.3115265965461731
3,311,-0.47992453,-0.010084835,-0.8850445747375488
3,312,-0.48999706,-0.010072531,0.2259495109319687
3,313,-0.49992794,-0.009930869,0.26216593384742737
3,314,-0.50897896,-0.009051016,0.7048235535621643
3,315,-0.51852626,-0.009547295,-0.25777724385261536
3,316,-0.5287753,-0.010249018,-0.44245365262031555
3,317,-0.53929424,-0.010518961,-0.20584340393543243
3,318,-0.5486418,-0.009347587,0.7024672627449036
3,319,-0.5567797,-0.008137853,0.681391716003418
3,320,-0.5661691,-0.009389407,-1.2260128259658813
3,321,-0.57515466,-0.008985606,0.05692705139517784
3,322,-0.5834957,-0.008341025,0.17296789586544037
3,323,-0.591462,-0.007966324,-0.048074811697006226
3,324,-0.5988352,-0.0073731486,0.05847308039665222
3,325,-0.60522616,-0.0063910023,0.28176817297935486
3,326,-0.6123213,-0.0070951763,-0.8735193014144897
3,327,-0.6183468,-0.006025506,0.274720162153244
3,328,-0.62378705,-0.005440256,-0.07721980661153793
3,329,-0.6271789,-0.003391888,0.8721457719802856
3,330,-0.62943816,-0.002259281,0.24546515941619873
3,331,-0.63034856,-0.0009103948,0.37890785932540894
3,332,-0.63129056,-0.0009419735,-0.5457245707511902
3,333,-0.6308468,0.00044375772,0.39468035101890564
3,334,-0.62920976,0.0016370547,0.2684953212738037
3,335,-0.62681323,0.0023965028,-0.012965799309313297
3,336,-0.62249416,0.004319055,0.7738364338874817
3,337,-0.6169157,0.005578442,0.35233673453330994
3,338,-0.6121465,0.004769213,-1.2968050241470337
3,339,-0.6056062,0.0065403213,0.7431889772415161
3,340,-0.599957,0.0056491913,-1.1541141271591187
3,341,-0.59269524,0.0072617535,0.6965808868408203
3,342,-0.5862379,0.0064573367,-0.8792912364006042
3,343,-0.57959396,0.0066439635,-0.1869378536939621
3,344,-0.5715498,0.008044201,0.6548307538032532
3,345,-0.5626885,0.008861271,0.30578404664993286
3,346,-0.55503476,0.0076537724,-1.0351407527923584
3,347,-0.54653966,0.008495116,0.40394866466522217
3,348,-0.53686523,0.009674412,0.6715840697288513
3,349,-0.52859133,0.008273885,-1.0492711067199707
3,350,-0.5199698,0.0086215,0.20678170025348663
3,351,-0.5101842,0.009785571,0.7941921949386597
3,352,-0.5000032,0.010181004,0.33067697286605835
3,353,-0.48970133,0.010301882,0.1984645575284958
3,354,-0.47951463,0.010186711,0.09241481870412827
3,355,-0.46915838,0.010356234,0.33279430866241455
3,356,-0.45872074,0.010437644,0.3252667486667633
3,357,-0.4472666,0.011454125,1.1107243299484253
3,358,-0.43720108,0.010065535,-0.5473928451538086
3,359,-0.42820132,0.008999768,-0.2833438813686371
3,360,-0.41890132,0.009299994,0.6706538200378418
3,361,-0.4105584,0.008342924,-0.12312508374452591
3,362,-0.40250435,0.00805405,0.3618483245372772
3,363,-0.39383867,0.0086656865,1.0093929767608643
3,364,-0.38602903,0.0078096427,0.06184183061122894
3,365,-0.37928692,0.006742129,-0.043188199400901794
3,366,-0.3722916,0.0069953348,0.8680326342582703
3,367,-0.3663899,0.005901698,0.0017310321563854814
3,368,-0.36125872,0.0051311795,0.24354763329029083
3,369,-0.35604843,0.0052102753,0.832721471786499
3,370,-0.35054255,0.0055058994,1.1751632690429688
3,371,-0.34503517,0.005507378,0.82791668176651
3,372,-0.33993065,0.005104521,0.582153856754303
3,373,-0.334635,0.0052956627,1.0538084506988525
3,374,-0.3294827,0.0051522725,0.7994269132614136
3,375,-0.3242054,0.005277306,1.0559722185134888
3,376,-0.3188761,0.0053293253,0.9732456803321838
3,377,-0.31360412,0.0052719796,0.9222342371940613
3,378,-0.30937824,0.00422588,0.28448644280433655
3,379,-0.30659378,0.0027844638,0.03793618828058243
3,380,-0.30433577,0.002257991,0.6590082049369812
3,381,-0.3030101,0.0013256755,0.3974042534828186
3,382,-0.30231425,0.0006958533,0.6043035984039307
3,383,-0.30232143,-7.1956692e-06,0.5582283139228821
3,384,-0.30325642,-0.000934997,0.4083651304244995
3,385,-0.30545366,-0.0021972326,0.18172277510166168
3,386,-0.30917564,-0.0037219725,-0.0019743985030800104
3,387,-0.3131831,-0.0040074503,0.80937260389328
3,388,-0.31880954,-0.0056264354,-0.09573682397603989
3,389,-0.3263258,-0.007516273,-0.299155056476593
3,390,-0.33518067,-0.008854868,0.037389084696769714
3,391,-0.34522942,-0.010048732,0.09680787473917007
3,392,-0.3562213,-0.010991868,0.22113308310508728
3,393,-0.3669689,-0.010747625,0.9649883508682251
3,394,-0.37751117,-0.010542279,0.8915435075759888
3,395,-0.38761437,-0.010103197,1.1147642135620117
3,396,-0.3972094,-0.009595025,1.0842430591583252
3,397,-0.40697986,-0.009770467,0.49995216727256775
3,398,-0.416665,-0.009685122,0.6281682848930359
3,399,-0.42563844,-0.00897344,1.0558124780654907
3,400,-0.43536994,-0.009731495,-0.022588038817048073
3,401,-0.44528124,-0.009911306,0.31613674759864807
3,402,-0.45548165,-0.010200419,0.19525252282619476
3,403,-0.4671941,-0.011712465,-0.6698107123374939
3,404,-0.47897664,-0.011782516,0.2339792400598526
3,405,-0.49000964,-0.0110330125,0.7221135497093201
3,406,-0.50130385,-0.011294201,-0.00646431278437376
3,407,-0.51233864,-0.011034763,0.2843502163887024
3,408,-0.5235708,-0.011232129,-0.07528737187385559
3,409,-0.5345199,-0.010949106,0.18882226943969727
3,410,-0.5456052,-0.011085251,-0.1453595757484436
3,411,-0.5566048,-0.010999623,-0.05286664515733719
3,412,-0.5678488,-0.01124399,-0.32767218351364136
3,413,-0.5783886,-0.010539786,0.2488684505224228
3,414,-0.5885669,-0.010178319,-0.0317394845187664
3,415,-0.59686244,-0.008295523,0.9324096441268921
3,416,-0.6048888,-0.008026347,-0.18392513692378998
3,417,-0.6123197,-0.0074309,-0.00546879880130291
3,418,-0.620593,-0.008273321,-1.1261570453643799
3,419,-0.6289527,-0.008359668,-0.5357205271720886
3,420,-0.63711363,-0.008160919,-0.3855437636375427
3,421,-0.6439535,-0.006839862,0.3240371644496918
3,422,-0.65075856,-0.006805044,-0.5655714273452759
3,423,-0.6556,-0.0048414217,0.6885916590690613
3,424,-0.65856606,-0.0029660175,0.6073789000511169
3,425,-0.66060495,-0.0020389082,-0.03847479075193405
3,426,-0.66304433,-0.0024394076,-0.9329050779342651
3,427,-0.6656443,-0.0025999567,-0.7841013073921204
3,428,-0.6681936,-0.0025492955,-0.655152440071106
3,429,-0.66951203,-0.0013184479,0.12005230039358139
3,430,-0.66995776,-0.00044574338,-0.12468606233596802
3,431,-0.6691677,0.0007900506,0.11535573750734329
3,432,-0.6681254,0.0010423352,-0.5367396473884583
3,433,-0.66753274,0.00059264037,-1.2278600931167603
3,434,-0.6659076,0.0016251374,-0.009181944653391838
3,435,-0.6644478,0.0014598193,-0.8003373742103577
3,436,-0.66247284,0.001974931,-0.3400667905807495
3,437,-0.66098624,0.0014866157,-1.2353144884109497
3,438,-0.659924,0.0010622445,-0.9505667686462402
3,439,-0.65936756,0.00055641856,-1.1797518730163574
3,440,-0.65815246,0.0012151027,-0.22110635042190552
3,441,-0.65641403,0.0017384085,-0.30577582120895386
3,442,-0.6531096,0.003304419,0.39736315608024597
3,443,-0.648127,0.004982613,0.48741137981414795
3,444,-0.6417479,0.006379117,0.322743684053421
3,445,-0.63308215,0.008665719,0.9459478259086609
3,446,-0.62410855,0.008973618,-0.3323616087436676
3,447,-0.6141025,0.010006093,0.1933484971523285
3,448,-0.60406697,0.010035513,-0.42736583948135376
3,449,-0.59316796,0.010898999,0.17721262574195862
3,450,-0.58196515,0.011202826,-0.14277465641498566
3,451,-0.5692655,0.01269968,0.7075597047805786
3,452,-0.55616695,0.013098545,0.03828985616564751
3,453,-0.54277384,0.013393106,0.03379209712147713
3,454,-0.52929026,0.013483559,-0.03552045300602913
3,455,-0.51691324,0.012377029,-0.7661423683166504
3,456,-0.50549144,0.01142182,-0.6033803820610046
3,457,-0.4929708,0.012520636,0.8230361938476562
3,458,-0.48086783,0.012102964,-0.12552380561828613
3,459,-0.46890375,0.011964086,0.12048469483852386
3,460,-0.45633903,0.01256471,0.6726658344268799
3,461,-0.44292742,0.01341161,0.8986214399337769
3,462,-0.42988256,0.013044859,0.15492990612983704
3,463,-0.41768727,0.012195302,-0.10393916070461273
3,464,-0.40635794,0.01132932,-0.05662902817130089
3,465,-0.39603573,0.0103222,-0.0972209945321083
3,466,-0.38595334,0.0100824,0.46249428391456604
3,467,-0.37681225,0.00914109,0.04129413887858391
3,468,-0.3688665,0.007945735,-0.08646220713853836
3,469,-0.36124447,0.007622036,0.5303753614425659
3,470,-0.35498387,0.0062606074,-0.12756530940532684
3,471,-0.34963605,0.005347804,0.1990422159433365
3,472,-0.34403455,0.0056015095,1.5669491291046143
3,473,-0.33934027,0.0046942974,0.2502158582210541
3,474,-0.33549783,0.0038424355,0.30717772245407104
3,475,-0.33309662,0.0024012162,-0.06943480670452118
3,476,-0.33054766,0.0025489668,1.3164643049240112
3,477,-0.32915673,0.0013909482,0.14018014073371887
3,478,-0.32830092,0.0008557978,0.5612382292747498
3,479,-0.3282663,3.4641682e-05,0.37413614988327026
3,480,-0.32989326,-0.0016269651,-0.18602003157138824
3,481,-0.33260223,-0.002708968,0.19359402358531952
3,482,-0.33516657,-0.0025643345,1.0835388898849487
3,483,-0.34026042,-0.0050938306,-0.7935535311698914
3,484,-0.34584105,-0.005580641,0.5466267466545105
3,485,-0.3530727,-0.007231653,-0.25341692566871643
3,486,-0.36084583,-0.007773135,0.4549355208873749
3,487,-0.3682917,-0.007445857,1.2461401224136353
3,488,-0.37616777,-0.007876077,0.4619300663471222
3,489,-0.3836499,-0.0074821203,0.9759926795959473
3,490,-0.3928446,-0.009194713,-0.46236133575439453
3,491,-0.401678,-0.008833407,0.878003716468811
3,492,-0.41042995,-0.0087519735,0.6503915786743164
3,493,-0.4185145,-0.008084528,1.2249208688735962
3,494,-0.4268491,-0.008334605,0.3500435948371887
3,495,-0.43589476,-0.009045662,0.0029467912390828133
3,496,-0.44559237,-0.009697604,-0.0011495993239805102
3,497,-0.45486233,-0.009269953,0.6715822815895081
3,498,-0.46420115,-0.009338838,0.2953280210494995
3,499,-0.47424877,-0.010047608,-0.1770942658185959
3,500,-0.48528042,-0.011031672,-0.41019314527511597
3,501,-0.4964807,-0.011200265,0.07877489179372787
3,502,-0.50663865,-0.010157953,0.830315351486206
3,503,-0.5175693,-0.01093068,-0.4303871691226959
3,504,-0.52886426,-0.0112949805,-0.21272124350070953
3,505,-0.5398957,-0.011031456,0.1493566781282425
3,506,-0.5512572,-0.011361458,-0.301453560590744
3,507,-0.5612458,-0.00998863,0.7770856022834778
3,508,-0.5717627,-0.010516909,-0.5400208830833435
3,509,-0.58166957,-0.009906874,0.16670778393745422
3,510,-0.59068894,-0.0090193655,0.30278506875038147
3,511,-0.59896487,-0.008275907,0.1624489277601242
3,512,-0.6056313,-0.0066664093,0.6993702054023743
3,513,-0.6123457,-0.006714377,-0.4380134642124176
3,514,-0.6191218,-0.006776099,-0.479658842086792
3,515,-0.62397724,-0.004855481,0.809307336807251
3,516,-0.6291766,-0.0051993765,-0.7236047387123108
3,517,-0.6335322,-0.00435558,0.04342392832040787
3,518,-0.6385782,-0.005045945,-1.0885258913040161
3,519,-0.6415776,-0.0029994505,0.800765335559845
3,520,-0.64419204,-0.0026144548,-0.3209911286830902
3,521,-0.64515144,-0.000959397,0.5134729146957397
3,522,-0.6442908,0.00086065667,0.6189861297607422
3,523,-0.6438563,0.0004345322,-0.874443769454956
3,524,-0.6440393,-0.00018297494,-1.1366075277328491
3,525,-0.6448123,-0.0007730348,-0.9825577735900879
3,526,-0.6444187,0.00039358417,0.18494756519794464
3,527,-0.6435789,0.0008398136,-0.2934725284576416
3,528,-0.6415882,0.0019906643,0.18020319938659668
3,529,-0.6375722,0.004016006,0.7725231051445007
3,530,-0.63363034,0.0039419048,-0.608228862285614
3,531,-0.6287065,0.004923849,0.1144084483385086
3,532,-0.62277997,0.0059265434,0.15158991515636444
3,533,-0.6158931,0.006886862,0.15159159898757935
3,534,-0.609156,0.0067371144,-0.5554296970367432
3,535,-0.60222846,0.006927554,-0.29614460468292236
3,536,-0.5948156,0.007412838,-0.0659899115562439
3,537,-0.5868099,0.008005735,0.04188369959592819
3,538,-0.5783827,0.00842719,-0.033195145428180695
3,539,-0.56932086,0.009061831,0.15040655434131622
3,540,-0.5586547,0.01066611,0.8416245579719543
3,541,-0.5491393,0.009515427,-0.9420782327651978
3,542,-0.5396377,0.009501636,-0.13677188754081726
3,543,-0.53024,0.009397669,-0.14947499334812164
3,544,-0.5207334,0.009506611,0.0394243448972702
3,545,-0.5113609,0.009372556,-0.07504350692033768
3,546,-0.50319713,0.008163751,-0.7446941137313843
3,547,-0.49596748,0.007229661,-0.5207820534706116
3,548,-0.48744482,0.008522663,1.2496145963668823
3,549,-0.47805202,0.009392802,0.760508120059967
3,550,-0.4683726,0.009679418,0.41810324788093567
3,551,-0.45784074,0.010531863,0.843165934085846
3,552,-0.4466375,0.011203232,0.7742413878440857
3,553,-0.43626645,0.010371046,-0.1733943372964859
3,554,-0.4257035,0.010562943,0.5596144199371338
3,555,-0.416241,0.009462508,-0.25115323066711426
3,556,-0.4070125,0.009228512,0.3715587258338928
3,557,-0.40014067,0.0068718335,-1.0036810636520386
3,558,-0.39403182,0.0061088377,0.09461001306772232
3,559,-0.38827294,0.005758883,0.39834097027778625
3,560,-0.3827213,0.0055516222,0.5200210809707642
3,561,-0.37808156,0.0046397424,0.07568446546792984
3,562,-0.37451464,0.003566933,-0.010511119849979877
3,563,-0.37186098,0.0026536507,0.11196152865886688
3,564,-0.37032056,0.0015404248,-0.009393984451889992
3,565,-0.36881113,0.0015094391,0.7190094590187073
3,566,-0.36760902,0.0012021138,0.541538655757904
3,567,-0.36737105,0.00023796067,0.1090225800871849
3,568,-0.36700082,0.0003702417,0.8410404324531555
3,569,-0.36756852,-0.00056770135,0.1292087882757187
3,570,-0.3692079,-0.0016393636,0.0375305637717247
3,571,-0.3715049,-0.0022970152,0.3062134385108948
3,572,-0.3737189,-0.0022139768,0.7897142767906189
3,573,-0.3755972,-0.0018783158,0.9481757283210754
3,574,-0.37814787,-0.0025506655,0.2676990032196045
3,575,-0.38083562,-0.0026877392,0.6130121350288391
3,576,-0.38368288,-0.002847255,0.5858484506607056
3,577,-0.38904896,-0.00536608,-1.1243287324905396
3,578,-0.39594656,-0.006897598,-0.3663836419582367
3,579,-0.40369794,-0.007751375,0.05358968302607536
3,580,-0.41255134,-0.008853411,-0.14803127944469452
3,581,-0.42165175,-0.009100398,0.3803660273551941
3,582,-0.43121505,-0.009563308,0.19321878254413605
3,583,-0.4412716,-0.010056558,0.12719450891017914
3,584,-0.4518602,-0.010588601,0.052768364548683167
3,585,-0.4644827,-0.012622497,-1.2684834003448486
3,586,-0.47700536,-0.012522655,0.3605952262878418
3,587,-0.49052617,-0.0135208005,-0.43322139978408813
3,588,-0.50339335,-0.012867156,0.6008548736572266
3,589,-0.5171815,-0.013788134,-0.513019859790802
3,590,-0.53054047,-0.013358935,0.31821683049201965
3,591,-0.5444432,-0.013902706,-0.39722010493278503
3,592,-0.5591655,-0.014722275,-0.6505330204963684
3,593,-0.57375526,-0.014589775,-0.08916328102350235
3,594,-0.5884118,-0.014656553,-0.29435545206069946
3,595,-0.60248446,-0.01407263,0.06725499778985977
3,596,-0.6162055,-0.013721076,-0.1563875824213028
3,597,-0.629171,-0.012965477,0.046632569283246994
3,598,-0.6423727,-0.013201722,-0.676577091217041
3,599,-0.6547347,-0.012361966,-0.02154514752328396
3,600,-0.6659769,-0.011242188,0.10762237012386322
3,601,-0.67534333,-0.009366463,0.5600429177284241
3,602,-0.6851106,-0.009767283,-1.008945345878601
3,603,-0.69521344,-0.010102789,-1.363797664642334
3,604,-0.7044462,-0.009232772,-0.24065329134464264
3,605,-0.7113783,-0.006932094,0.6732601523399353
3,606,-0.71847534,-0.0070970645,-1.191969633102417
3,607,-0.72399944,-0.0055241,0.12882556021213531
3,608,-0.727749,-0.0037495282,0.2403242141008377
3,609,-0.72928977,-0.0015407973,0.5143632292747498
3,610,-0.7288264,0.00046339154,0.371708482503891
3,611,-0.7280309,0.00079545705,-0.74114990234375
3,612,-0.72429657,0.0037343728,1.3898512125015259
3,613,-0.71949583,0.004800747,-0.23303216695785522
3,614,-0.71379626,0.0056995507,-0.32486599683761597
3,615,-0.7082464,0.0055498774,-1.3897812366485596
3,616,-0.7007574,0.0074890293,0.41602709889411926
3,617,-0.6932746,0.0074827597,-0.8488566279411316
3,618,-0.68574023,0.007534367,-0.7778090238571167
3,619,-0.6757286,0.01001159,0.8723687529563904
3,620,-0.66426545,0.011463151,0.23319067060947418
3,621,-0.6507613,0.013504126,0.6780065298080444
3,622,-0.6355061,0.015255241,0.5469073057174683
3,623,-0.62033904,0.015167069,-0.6078662872314453
3,624,-0.6035778,0.016761243,0.5858439803123474
3,625,-0.5877224,0.015855348,-1.3134125471115112
3,626,-0.5708181,0.016904308,0.38066211342811584
3,627,-0.55261195,0.018206196,0.6326177716255188
3,628,-0.5340955,0.018516403,0.06192198768258095
3,629,-0.5156122,0.018483326,-0.07452648878097534
3,630,-0.4974906,0.018121578,-0.2012362778186798
3,631,-0.479091,0.018399617,0.315766304731369
3,632,-0.46083567,0.018255312,0.1256747841835022
3,633,-0.443452,0.017383669,-0.26913076639175415
3,634,-0.42687637,0.016575627,-0.141810342669487
3,635,-0.41038185,0.01649452,0.4227832853794098
3,636,-0.39448184,0.015900027,0.15893475711345673
3,637,-0.37880254,0.015679305,0.482414186000824
3,638,-0.36304533,0.01575721,0.7533635497093201
3,639,-0.34694624,0.016099082,1.2396045923233032
3,640,-0.33191225,0.015033994,0.13243535161018372
3,641,-0.31822842,0.013683831,0.006366162095218897
3,642,-0.30653843,0.011689979,-0.3661258816719055
3,643,-0.29593128,0.01060715,0.28832489252090454
3,644,-0.28540194,0.010529338,1.0727823972702026
3,645,-0.27574003,0.009661901,0.513888418674469
3,646,-0.26627043,0.009469589,1.246789813041687
3,647,-0.2580493,0.008221134,0.3302944004535675
3,648,-0.25019416,0.007855148,0.9477046132087708
3,649,-0.2446346,0.005559571,-0.3115651607513428
3,650,-0.24016874,0.0044658617,0.5084695816040039
3,651,-0.23657906,0.0035896727,0.6683270931243896
3,652,-0.23338573,0.0031933398,1.7655181884765625
3,653,-0.23095796,0.0024277712,0.7641891241073608
3,654,-0.22915824,0.0017997185,0.8636540174484253
3,655,-0.22902599,0.00013224978,0.17643919587135315
3,656,-0.23058604,-0.0015600546,0.1603015661239624
3,657,-0.23356001,-0.0029739721,0.3409311771392822
3,658,-0.2395288,-0.005968799,-0.7225446105003357
3,659,-0.24726927,-0.0077404715,0.07344657182693481
3,660,-0.255501,-0.00823173,0.901241660118103
3,661,-0.26407862,-0.008577621,0.9699744582176208
3,662,-0.27463922,-0.01056059,-0.15155404806137085
3,663,-0.28672713,-0.01208791,0.11403864622116089
3,664,-0.29976556,-0.0130384145,0.4534969925880432
3,665,-0.31317633,-0.013410764,0.7887015342712402
3,666,-0.32675198,-0.013575653,0.8736882209777832
3,667,-0.3404287,-0.013676727,0.8606336116790771
3,668,-0.35431364,-0.013884925,0.7316505312919617
3,669,-0.36930004,-0.014986392,0.07619594782590866
3,670,-0.385312,-0.016011963,0.060522276908159256
3,671,-0.40151274,-0.016200759,0.5459067225456238
3,672,-0.41819018,-0.01667745,0.2790786921977997
3,673,-0.4353007,-0.017110538,0.22957740724086761
3,674,-0.452999,-0.017698284,0.04451381787657738
3,675,-0.47097352,-0.017974516,0.16621047258377075
3,676,-0.4882141,-0.017240593,0.7513161897659302
3,677,-0.5061107,-0.017896606,-0.26075080037117004
3,678,-0.5253047,-0.01919392,-0.7774751782417297
3,679,-0.54576296,-0.020458251,-0.8514174818992615
3,680,-0.5655861,-0.019823145,0.3126642107963562
3,681,-0.5840901,-0.018504038,0.6700231432914734
3,682,-0.6028401,-0.01875001,-0.46478036046028137
3,683,-0.6203286,-0.01748847,0.44854044914245605
3,684,-0.63764334,-0.017314712,-0.3610510528087616
3,685,-0.65373075,-0.016087411,0.25903767347335815
3,686,-0.6691921,-0.015461343,-0.21687918901443481
3,687,-0.68358815,-0.014396077,0.0051377639174461365
3,688,-0.6967803,-0.013192151,0.033032555133104324
3,689,-0.70737296,-0.010592644,0.9055293202400208
3,690,-0.7175355,-0.010162557,-0.5862990617752075
3,691,-0.72618675,-0.008651241,0.0916486606001854
3,692,-0.73357797,-0.007391224,-0.1117110624909401
3,693,-0.7394696,-0.005891605,0.017922241240739822
3,694,-0.744028,-0.004558411,-0.1166774332523346
3,695,-0.7481543,-0.0041263,-0.735481858253479
3,696,-0.7509059,-0.002751593,-0.1232881098985672
3,697,-0.75227046,-0.0013645915,-0.1258087158203125
3,698,-0.7511829,0.0010875756,0.579013466835022
3,699,-0.74860805,0.00257484,-0.060041774064302444
3,700,-0.74314547,0.0054625813,0.8836290240287781
3,701,-0.735134,0.008011473,0.679191529750824
3,702,-0.72528076,0.009853253,0.23975327610969543
3,703,-0.7139347,0.011346043,0.047193411737680435
3,704,-0.7017389,0.012195847,-0.3342643678188324
3,705,-0.68798524,0.013753625,0.18961477279663086
3,706,-0.6726158,0.015369406,0.28816911578178406
3,707,-0.65636605,0.016249748,-0.13361883163452148
3,708,-0.6394002,0.016965838,-0.1690288633108139
3,709,-0.6222638,0.017136395,-0.4537263810634613
3,710,-0.6043158,0.017947953,0.054886266589164734
3,711,-0.5854527,0.01886317,0.21049144864082336
3,712,-0.56761026,0.017842395,-0.9880139827728271
3,713,-0.54946494,0.01814535,-0.01744855009019375
3,714,-0.5316533,0.017811658,-0.3516635298728943
3,715,-0.5129987,0.01865459,0.5216867327690125
3,716,-0.49576348,0.017235212,-0.8932609558105469
3,717,-0.47877675,0.01698674,-0.026633188128471375
3,718,-0.4620042,0.016772527,0.08062643557786942
3,719,-0.44488072,0.017123483,0.540194034576416
3,720,-0.42810583,0.016774882,0.15754079818725586
3,721,-0.4108174,0.017288407,0.8133112192153931
3,722,-0.39318386,0.017633567,0.7833159565925598
3,723,-0.37554792,0.01763595,0.6371550559997559
3,724,-0.3583026,0.017245336,0.4557446837425232
3,725,-0.34257996,0.015722645,-0.22210447490215302
3,726,-0.3273255,0.015254474,0.5491445660591125
3,727,-0.31361157,0.013713912,-0.10140834748744965
3,728,-0.30096492,0.012646658,0.2703534662723541
3,729,-0.28915608,0.011808831,0.4736817479133606
3,730,-0.27746415,0.011691933,1.112605333328247
3,731,-0.26627627,0.0111878775,0.7858107089996338
3,732,-0.25708005,0.009196208,-0.16520267724990845
3,733,-0.24929136,0.007788687,0.256730854511261
3,734,-0.2430433,0.006248055,0.1948060244321823
3,735,-0.23846404,0.0045792605,0.1303940862417221
3,736,-0.23474509,0.003718961,0.6845271587371826
3,737,-0.23150134,0.003243747,0.9533687829971313
3,738,-0.23014057,0.0013607679,0.025299305096268654
3,739,-0.22958887,0.0005517019,0.7455852031707764
3,740,-0.23082976,-0.0012408904,0.09165606647729874
3,741,-0.23489447,-0.0040647145,-0.5997843742370605
3,742,-0.23971674,-0.0048222677,0.76465904712677
3,743,-0.24533772,-0.005620986,0.7214638590812683
3,744,-0.25266722,-0.007329495,0.09624568372964859
3,745,-0.26031223,-0.0076450235,1.2675341367721558
3,746,-0.2688526,-0.0085403705,0.5868592262268066
3,747,-0.27880973,-0.009957129,0.2088066190481186
3,748,-0.2905782,-0.011768471,-0.09069909155368805
3,749,-0.30382934,-0.013251168,0.08403528481721878
3,750,-0.31875235,-0.014922996,-0.09360190480947495
3,751,-0.3336885,-0.0149361575,0.9521960020065308
3,752,-0.34876385,-0.015075351,0.8062132596969604
3,753,-0.36520132,-0.016437462,-0.07343289256095886
3,754,-0.38198432,-0.016782993,0.5321611166000366
3,755,-0.39984748,-0.017863158,-0.03314661607146263
3,756,-0.41883615,-0.018988675,-0.1457042545080185
3,757,-0.43709767,-0.018261522,1.1217615604400635
3,758,-0.45663086,-0.019533185,-0.4201078712940216
3,759,-0.47630975,-0.019678889,0.23545564711093903
3,760,-0.49534416,-0.019034404,0.665309727191925
3,761,-0.51404333,-0.018699164,0.3645981252193451
3,762,-0.53171414,-0.017670793,0.7333512306213379
3,763,-0.54869556,-0.016981415,0.4190119802951813
3,764,-0.56594115,-0.017245593,-0.30148375034332275
3,765,-0.5822141,-0.016272979,0.4372658133506775
3,766,-0.598939,-0.016724855,-0.5928196907043457
3,767,-0.6144169,-0.015477888,0.45780909061431885
3,768,-0.6302281,-0.015811177,-0.6706864237785339
3,769,-0.6457906,-0.015562485,-0.358305960893631
3,770,-0.6608596,-0.015069035,-0.2684009373188019
3,771,-0.676428,-0.015568427,-1.4376682043075562
3,772,-0.69238997,-0.015961945,-1.4630022048950195
3,773,-0.70759714,-0.015207158,-0.3051573634147644
3,774,-0.7211513,-0.013554138,0.22803522646427155
3,775,-0.7335026,-0.012351319,-0.12906605005264282
3,776,-0.7446409,-0.01113824,-0.17279988527297974
3,777,-0.75313914,-0.008498264,0.7340113520622253
3,778,-0.75971544,-0.006576281,0.2221999615430832
3,779,-0.7640507,-0.004335272,0.40970319509506226
3,780,-0.7670972,-0.0030464325,-0.24144583940505981
3,781,-0.7683394,-0.0012421978,0.09075883030891418
3,782,-0.7678688,0.00047058417,0.02517181821167469
3,783,-0.7657071,0.0021617585,0.012514524161815643
3,784,-0.7621724,0.0035346758,-0.19159932434558868
3,785,-0.756057,0.006115384,0.6268693208694458
3,786,-0.74792314,0.008133901,0.2753320634365082
3,787,-0.7381905,0.009732645,0.02697298862040043
3,788,-0.7257314,0.012459121,0.8172852396965027
3,789,-0.71255624,0.013175157,-0.47249457240104675
3,790,-0.6983097,0.014246529,-0.18074555695056915
3,791,-0.682598,0.015711712,0.14268441498279572
3,792,-0.6656349,0.01696315,0.06910191476345062
3,793,-0.64770347,0.017931413,-0.04337531328201294
3,794,-0.62982774,0.017875753,-0.6433926820755005
3,795,-0.61123437,0.01859337,-0.043788328766822815
3,796,-0.5919697,0.019264653,0.014373695477843285
3,797,-0.57210267,0.019867092,0.062162838876247406
3,798,-0.5519239,0.0201788,-0.03385952487587929
3,799,-0.53066427,0.021259591,0.5790724158287048
3,800,-0.50796914,0.02269513,0.9217004776000977
3,801,-0.48523244,0.02273669,0.1058257520198822
3,802,-0.4636773,0.021555144,-0.5962875485420227
3,803,-0.44209462,0.02158265,0.31633326411247253
3,804,-0.4205298,0.021564815,0.3915826976299286
3,805,-0.39990476,0.020625062,-0.11933007836341858
3,806,-0.3791717,0.020733057,0.6763701438903809
3,807,-0.3588543,0.020317419,0.4226595163345337
3,808,-0.33847734,0.020376962,0.8302901983261108
3,809,-0.31853876,0.019938584,0.5865029096603394
3,810,-0.2987125,0.019826256,0.886956512928009
3,811,-0.279022,0.01969049,0.9505409002304077
3,812,-0.26038986,0.018632155,0.4105187654495239
3,813,-0.24203293,0.018356929,1.112070918083191
3,814,-0.22476485,0.017268073,0.5203803777694702
3,815,-0.20794965,0.016815204,1.0781946182250977
3,816,-0.19166353,0.016286114,1.47492516040802
3,817,-0.17674947,0.014914066,0.4839629828929901
3,818,-0.16344047,0.013309001,0.3677595257759094
3,819,-0.15083691,0.012603547,1.0744293928146362
3,820,-0.14063229,0.010204629,-0.10035880655050278
3,821,-0.13188776,0.00874452,0.5471171736717224
3,822,-0.12524681,0.0066409507,0.1355222910642624
3,823,-0.12040888,0.0048379274,0.3483782410621643
3,824,-0.118486635,0.0019222418,-0.384683758020401
3,825,-0.11740811,0.0010785254,1.830249547958374
3,826,-0.11807732,-0.00066920905,0.3991897702217102
3,827,-0.120203376,-0.002126052,0.5919600129127502
3,828,-0.12316863,-0.0029652563,1.102815866470337
3,829,-0.12799656,-0.004827932,0.3123927414417267
3,830,-0.13382591,-0.0058293445,0.8776873350143433
3,831,-0.14103942,-0.007213504,0.6113680005073547
3,832,-0.14975452,-0.008715105,0.5186206102371216
3,833,-0.15942635,-0.009671815,0.8634721636772156
3,834,-0.17096353,-0.0115371775,0.23607192933559418
3,835,-0.18391596,-0.012952436,0.5087109804153442
3,836,-0.1979802,-0.014064231,0.6781527996063232
3,837,-0.21285531,-0.0148751205,0.8406434059143066
3,838,-0.22855031,-0.01569501,0.7916591167449951
3,839,-0.24747692,-0.018926611,-0.8643892407417297
3,840,-0.26708713,-0.019610217,0.7723081707954407
3,841,-0.28820714,-0.021120017,0.15313471853733063
3,842,-0.31053647,-0.022329345,0.2753286361694336
3,843,-0.3328572,-0.022320703,1.0561926364898682
3,844,-0.35639766,-0.02354048,0.08932138234376907
3,845,-0.37981784,-0.023420194,0.8815768361091614
3,846,-0.4038767,-0.02405884,0.27105477452278137
3,847,-0.42844957,-0.024572875,0.24313226342201233
3,848,-0.4522264,-0.023776842,1.3299763202667236
3,849,-0.47661185,-0.024385467,-0.05160805210471153
3,850,-0.49984854,-0.023236703,1.0151317119598389
3,851,-0.5227477,-0.022899173,0.3436712622642517
3,852,-0.5444905,-0.0217428,0.7751712799072266
3,853,-0.56512755,-0.020637032,0.6327885985374451
3,854,-0.5855138,-0.020386236,-0.03991004079580307
3,855,-0.6060856,-0.020571828,-0.4315263330936432
3,856,-0.62612975,-0.02004414,-0.056445688009262085
3,857,-0.644089,-0.01795926,0.8853113055229187
3,858,-0.66222924,-0.018140232,-0.7100656032562256
3,859,-0.67900246,-0.016773213,0.23800399899482727
3,860,-0.69582605,-0.016823608,-0.7827724814414978
3,861,-0.71118116,-0.015355111,0.15566837787628174
3,862,-0.7259975,-0.014816348,-0.5300111770629883
3,863,-0.73965746,-0.013659979,-0.18003256618976593
3,864,-0.7518347,-0.012177239,-0.017729181796312332
3,865,-0.7635467,-0.011712007,-0.743923008441925
3,866,-0.77263695,-0.009090268,0.6490471363067627
3,867,-0.7805617,-0.007924736,-0.35551926493644714
3,868,-0.7860848,-0.0055231075,0.4397970139980316
3,869,-0.78956974,-0.0034849711,0.17782120406627655
3,870,-0.790968,-0.0013982789,0.19796079397201538
3,871,-0.7906289,0.000339072,-0.039804305881261826
3,872,-0.78769845,0.0029304726,0.5307414531707764
3,873,-0.7838576,0.0038408632,-0.5796888470649719
3,874,-0.7790412,0.004816397,-0.5226959586143494
3,875,-0.7726889,0.0063522584,-0.13191543519496918
3,876,-0.7655464,0.007142558,-0.6058651804924011
3,877,-0.75824314,0.0073032537,-0.9991463422775269
3,878,-0.7505618,0.00768139,-0.8266107439994812
3,879,-0.7420594,0.008502359,-0.5018277764320374
3,880,-0.73256946,0.009489953,-0.35737404227256775
3,881,-0.72164905,0.010920416,-0.02410285733640194
3,882,-0.7091641,0.012484988,0.11003933846950531
3,883,-0.695097,0.014067029,0.1740540862083435
3,884,-0.67905676,0.01604029,0.49534907937049866
3,885,-0.6617027,0.017354054,0.12642565369606018
3,886,-0.6442665,0.017436227,-0.6161511540412903
3,887,-0.6273299,0.016936593,-0.9233361482620239
3,888,-0.60914284,0.018187037,0.32330450415611267
3,889,-0.5898584,0.0192844,0.30853432416915894
3,890,-0.57048833,0.01937008,-0.27199989557266235
3,891,-0.5502612,0.020227138,0.3376965820789337
3,892,-0.5307591,0.01950213,-0.6165087223052979
3,893,-0.5107491,0.020009996,0.3027787208557129
3,894,-0.49078327,0.019965833,0.03478999063372612
3,895,-0.47045952,0.020323759,0.4024297893047333
3,896,-0.45053625,0.01992327,-0.0024207932874560356
3,897,-0.4315301,0.019006154,-0.24901586771011353
3,898,-0.41312504,0.018405043,0.053771451115608215
3,899,-0.39403346,0.019091574,1.0550358295440674
3,900,-0.37606525,0.017968215,-0.11726982891559601
3,901,-0.35785687,0.018208373,0.8739233613014221
3,902,-0.34028846,0.017568411,0.3683408498764038
3,903,-0.32276684,0.017521622,0.8398538827896118
3,904,-0.3058927,0.016874122,0.5128339529037476
3,905,-0.29041857,0.015474136,0.07945270836353302
3,906,-0.2750541,0.01536447,1.1014643907546997
3,907,-0.26172522,0.013328892,-0.2263219803571701
3,908,-0.25030506,0.011420146,-0.09372401237487793
3,909,-0.23928927,0.011015781,0.9488649964332581
3,910,-0.228738,0.0105512785,0.9456814527511597
3,911,-0.21901372,0.009724277,0.7380833625793457
3,912,-0.21149935,0.007514368,-0.15360140800476074
3,913,-0.20710652,0.0043928386,-0.738737165927887
3,914,-0.20473528,0.00237124,0.007452650927007198
3,915,-0.20326662,0.0014686638,0.7603349089622498
3,916,-0.2031303,0.00013630869,0.4780343472957611
3,917,-0.20505634,-0.0019260325,-0.008232831954956055
3,918,-0.20830852,-0.003252175,0.4770316183567047
3,919,-0.21208821,-0.0037796916,1.2491421699523926
3,920,-0.21746033,-0.005372119,0.2789166569709778
3,921,-0.2238769,-0.006416566,0.6281029582023621
3,922,-0.23153174,-0.007654846,0.47916004061698914
3,923,-0.24053001,-0.008998271,0.384904682636261
3,924,-0.2504056,-0.009875609,0.6663686037063599
3,925,-0.26060838,-0.010202756,1.0294595956802368
3,926,-0.27208903,-0.011480671,0.33077123761177063
3,927,-0.28529993,-0.013210899,-0.011909129098057747
3,928,-0.29951146,-0.014211531,0.4254777133464813
3,929,-0.31433436,-0.014822888,0.630357027053833
3,930,-0.32951126,-0.015176883,0.7429371476173401
3,931,-0.34497443,-0.015463164,0.7256707549095154
3,932,-0.36033598,-0.015361535,0.9187391996383667
3,933,-0.3766943,-0.016358318,0.11954393237829208
3,934,-0.3928278,-0.01613353,0.8608338236808777
3,935,-0.40903094,-0.016203146,0.5908003449440002
3,936,-0.4260425,-0.017011555,0.02268863469362259
3,937,-0.44324535,-0.017202845,0.353321373462677
3,938,-0.46108425,-0.017838905,-0.026151971891522408
3,939,-0.47788927,-0.016805034,0.9999902844429016
3,940,-0.49553216,-0.017642876,-0.33073002099990845
3,941,-0.5118853,-0.016353127,1.1045209169387817
3,942,-0.5288025,-0.0169172,-0.31749439239501953
3,943,-0.5469691,-0.0181666,-0.8589501976966858
3,944,-0.56506556,-0.018096432,-0.06997695565223694
3,945,-0.58372664,-0.018661065,-0.5832211375236511
3,946,-0.602749,-0.019022366,-0.5398789048194885
3,947,-0.6213052,-0.018556207,-0.08127069473266602
3,948,-0.63781536,-0.016510157,0.8824669718742371
3,949,-0.6538713,-0.016055932,-0.2571568787097931
3,950,-0.6689146,-0.015043296,0.04018356651067734
3,951,-0.68320805,-0.014293434,-0.20387430489063263
3,952,-0.6962399,-0.013031839,0.07316457480192184
3,953,-0.7086472,-0.012407277,-0.408753365278244
3,954,-0.7185973,-0.00995013,0.7596533298492432
3,955,-0.72815156,-0.009554252,-0.6564071774482727
3,956,-0.7354732,-0.007321673,0.5286157727241516
3,957,-0.7415738,-0.0061006,-0.17541666328907013
3,958,-0.7451618,-0.0035879423,0.6612610816955566
3,959,-0.74657273,-0.0014109773,0.4232860803604126
3,960,-0.7473236,-0.000750822,-0.5934640765190125
3,961,-0.7476504,-0.00032679774,-0.7538272738456726
3,962,-0.74662375,0.0010266035,-0.13552172482013702
3,963,-0.7440093,0.0026144655,0.024806970730423927
3,964,-0.7398243,0.004185049,0.02357330173254013
3,965,-0.7351449,0.004679395,-0.6773231625556946
3,966,-0.72932625,0.0058186715,-0.2286263108253479
3,967,-0.72057235,0.008753881,0.9922398924827576
3,968,-0.71077216,0.00980017,-0.23101729154586792
3,969,-0.69911855,0.011653591,0.3481582701206207
3,970,-0.68666464,0.01245393,-0.3040429353713989
3,971,-0.6720544,0.014610236,0.6543406248092651
3,972,-0.6560925,0.015961865,0.1831042319536209
3,973,-0.63788366,0.018208886,0.8528514504432678
3,974,-0.619197,0.018686635,-0.24179446697235107
3,975,-0.59843093,0.020766098,0.9148434996604919
3,976,-0.576303,0.022127938,0.5368666052818298
3,977,-0.55501914,0.021283893,-0.8251209855079651
3,978,-0.532603,0.022416107,0.5979406237602234
3,979,-0.50884634,0.023756655,0.8486829400062561
3,980,-0.4845651,0.024281232,0.42345646023750305
3,981,-0.45996657,0.02459854,0.40626171231269836
3,982,-0.4357452,0.024221348,0.06477070599794388
3,983,-0.41072124,0.025023956,0.9692720174789429
3,984,-0.38684064,0.023880595,-0.20857779681682587
3,985,-0.36381045,0.0230302,0.09783744812011719
3,986,-0.34102273,0.022787727,0.607045590877533
3,987,-0.3194242,0.021598514,0.07510653138160706
3,988,-0.29776302,0.02166118,1.0275510549545288
3,989,-0.27682003,0.020942971,0.5659498572349548
3,990,-0.2568947,0.019925317,0.4457903206348419
3,991,-0.23726298,0.01963173,1.0128140449523926
3,992,-0.2194494,0.017813576,0.049888238310813904
3,993,-0.20211333,0.017336067,1.0004081726074219
3,994,-0.18592946,0.016183862,0.6014292240142822
3,995,-0.17036667,0.015562793,1.0976314544677734
3,996,-0.1569776,0.013389087,0.004541017580777407
3,997,-0.1453084,0.011669182,0.3386389911174774
3,998,-0.13488366,0.0104247425,0.6811728477478027
3,999,-0.12525702,0.009626643,1.0984758138656616
4,1,-0.5778539,-0.00029632347,-0.466166228055954
4,2,-0.57841146,-0.00055756135,-0.4442380964756012
4,3,-0.5781269,0.00028457987,0.2885974943637848
4,4,-0.5770995,0.0010274311,0.22380785644054413
4,5,-0.57433975,0.0027597782,0.8885414004325867
4,6,-0.57229257,0.002047153,-0.7278096675872803
4,7,-0.5698106,0.002481912,0.047235406935214996
4,8,-0.566306,0.0035046265,0.45148971676826477
4,9,-0.5633871,0.0029189005,-0.6034363508224487
4,10,-0.5596141,0.0037729722,0.3709116280078888
4,11,-0.5559048,0.0037093004,-0.22217433154582977
4,12,-0.5508787,0.005026111,0.7165961265563965
4,13,-0.54582965,0.0050490634,-0.12094578146934509
4,14,-0.5409732,0.004856459,-0.23947487771511078
4,15,-0.5359727,0.0050004655,0.009171812795102596
4,16,-0.5312179,0.004754849,-0.22559987008571625
4,17,-0.5269991,0.0042187823,-0.3954699635505676
4,18,-0.5223317,0.0046673785,0.2820627689361572
4,19,-0.517675,0.004656708,-0.0007783742621541023
4,20,-0.5122637,0.0054112677,0.5326573848724365
4,21,-0.50724804,0.005015664,-0.20707163214683533
4,22,-0.503855,0.0033930824,-1.2152421474456787
4,23,-0.50053835,0.0033166206,0.04768674075603485
4,24,-0.4969714,0.003566956,0.2821004390716553
4,25,-0.49260238,0.0043690223,0.667706310749054
4,26,-0.48860043,0.0040019373,-0.08996450155973434
4,27,-0.48444542,0.004155016,0.27672284841537476
4,28,-0.47973678,0.004708637,0.5643974542617798
4,29,-0.47496474,0.0047720345,0.26094257831573486
4,30,-0.47032598,0.0046387687,0.15346454083919525
4,31,-0.46593472,0.0043912646,0.10022895038127899
4,32,-0.4610691,0.0048656217,0.6031224131584167
4,33,-0.45706886,0.0040002554,-0.2660929262638092
4,34,-0.45480502,0.0022638526,-0.8271564245223999
4,35,-0.45284986,0.001955144,0.13572648167610168
4,36,-0.45003492,0.0028149472,0.9242966771125793
4,37,-0.4474941,0.0025408396,0.1821025013923645
4,38,-0.4454334,0.0020606865,0.057124052196741104
4,39,-0.44402793,0.0014054772,-0.04955131933093071
4,40,-0.44308022,0.00094772404,0.08891769498586655
4,41,-0.44241077,0.0006694371,0.21316443383693695
4,42,-0.44267166,-0.00026087707,-0.2182711511850357
4,43,-0.4435257,-0.0008540439,0.0052277022041380405
4,44,-0.4458669,-0.0023412246,-0.5949279069900513
4,45,-0.4484401,-0.002573201,0.23049543797969818
4,46,-0.45119047,-0.0027503816,0.2544967830181122
4,47,-0.4551784,-0.0039879377,-0.46583640575408936
4,48,-0.4587308,-0.0035523684,0.630084216594696
4,49,-0.46361685,-0.00488605,-0.566824197769165
4,50,-0.46753663,-0.0039197695,0.9424804449081421
4,51,-0.47154984,-0.0040132017,0.21670302748680115
4,52,-0.47556067,-0.004010837,0.2607649862766266
4,53,-0.48071417,-0.0051534954,-0.5224120616912842
4,54,-0.48648345,-0.0057692695,-0.19668400287628174
4,55,-0.4933233,-0.006839841,-0.5285210609436035
4,56,-0.5001725,-0.0068491744,0.14494705200195312
4,57,-0.50734586,-0.0071733473,-0.0990803986787796
4,58,-0.51382685,-0.0064810216,0.5427829623222351
4,59,-0.52002335,-0.006196523,0.23851847648620605
4,60,-0.52625984,-0.006236523,-0.008789734914898872
4,61,-0.53238785,-0.0061279945,0.05904703959822655
4,62,-0.5385253,-0.0061374092,-0.05021689087152481
4,63,-0.54509103,-0.0065657576,-0.3601730763912201
4,64,-0.55187845,-0.0067874077,-0.255153626203537
4,65,-0.5594032,-0.0075247562,-0.6327946782112122
4,66,-0.5661437,-0.00674049,0.34416627883911133
4,67,-0.5724939,-0.0063501983,0.048046909272670746
4,68,-0.57800126,-0.0055073327,0.31831058859825134
4,69,-0.58384514,-0.0058439,-0.4951847195625305
4,70,-0.5895401,-0.005694975,-0.20031100511550903
4,71,-0.59523255,-0.0056924,-0.32584378123283386
4,72,-0.5995057,-0.0042731524,0.5907467603683472
4,73,-0.6034825,-0.003976756,-0.17866528034210205
4,74,-0.6076866,-0.0042040725,-0.5471508502960205
4,75,-0.6109412,-0.0032546222,0.21697299182415009
4,76,-0.61465347,-0.0037122993,-0.7368499040603638
4,77,-0.6178468,-0.0031933328,-0.10365494340658188
4,78,-0.6206794,-0.002832598,-0.22449646890163422
4,79,-0.6233505,-0.0026710955,-0.37090158462524414
4,80,-0.62549,-0.0021394826,-0.13693898916244507
4,81,-0.6265759,-0.0010858881,0.20083685219287872
4,82,-0.6265204,5.5476805e-05,0.2541753947734833
4,83,-0.6259499,0.0005704676,-0.16314302384853363
4,84,-0.6236878,0.0022620915,0.6239972710609436
4,85,-0.62045264,0.0032351452,0.15574359893798828
4,86,-0.617063,0.0033896798,-0.3744608163833618
4,87,-0.613113,0.0039500026,-0.08767324686050415
4,88,-0.6085016,0.0046113613,-0.0013052280992269516
4,89,-0.6037132,0.0047883885,-0.30192074179649353
4,90,-0.59740955,0.0063036676,0.6134591102600098
4,91,-0.5915966,0.0058129365,-0.6931993365287781
4,92,-0.58550894,0.0060876496,-0.15449394285678864
4,93,-0.57921547,0.0062934845,-0.17055101692676544
4,94,-0.5740068,0.005208677,-1.0949392318725586
4,95,-0.5698402,0.004166619,-0.9457861185073853
4,96,-0.5650978,0.0047423565,0.15335871279239655
4,97,-0.5594594,0.0056383945,0.3903990685939789
4,98,-0.55332154,0.006137851,0.1540137082338333
4,99,-0.54636645,0.0069550932,0.3964109718799591
4,100,-0.53865117,0.0077152634,0.3930301368236542
4,101,-0.5304069,0.008244266,0.2774319052696228
4,102,-0.52159005,0.008816825,0.34766823053359985
4,103,-0.5125199,0.009070143,0.17892220616340637
4,104,-0.5039058,0.008614144,-0.2486148625612259
4,105,-0.4956784,0.008227371,-0.15944115817546844
4,106,-0.48665157,0.009026818,0.6724037528038025
4,107,-0.4766865,0.009965069,0.8098581433296204
4,108,-0.46694514,0.009741356,0.08464592695236206
4,109,-0.45769462,0.009250517,-0.04531921073794365
4,110,-0.44978952,0.0079050865,-0.5695757269859314
4,111,-0.44156462,0.008224917,0.5792577266693115
4,112,-0.43371764,0.007846976,0.1540822684764862
4,113,-0.4266886,0.007029041,-0.10131005197763443
4,114,-0.41998398,0.006704643,0.2614881098270416
4,115,-0.41303626,0.0069477363,0.6718334555625916
4,116,-0.4069434,0.006092835,-0.02720237709581852
4,117,-0.40122202,0.005721395,0.3238162398338318
4,118,-0.39688298,0.004339046,-0.3233354389667511
4,119,-0.39322087,0.0036621024,0.16713333129882812
4,120,-0.38924813,0.003972729,0.8424792289733887
4,121,-0.38606423,0.0031838994,0.12782607972621918
4,122,-0.38416293,0.0019012947,-0.18674349784851074
4,123,-0.38316202,0.0010009177,0.07677286118268967
4,124,-0.38209695,0.0010650795,0.7243686318397522
4,125,-0.38144255,0.00065440364,0.4126664698123932
4,126,-0.38153687,-9.433366e-05,0.19027240574359894
4,127,-0.3824417,-0.0009048351,0.1486668884754181
4,128,-0.38526443,-0.0028227218,-0.5937119126319885
4,129,-0.38778776,-0.0025233452,0.8715723156929016
4,130,-0.39100054,-0.003212772,0.20080506801605225
4,131,-0.39469686,-0.0036963327,0.32326993346214294
4,132,-0.39928672,-0.0045898696,0.03287447243928909
4,133,-0.40582004,-0.006533316,-0.688378632068634
4,134,-0.41171843,-0.0058983904,1.0862290859222412
4,135,-0.41844663,-0.006728196,-0.004246192518621683
4,136,-0.42608446,-0.007637841,-0.08934617042541504
4,137,-0.43543944,-0.009354979,-0.6641114950180054
4,138,-0.4451843,-0.009744845,0.1757647544145584
4,139,-0.45481724,-0.009632949,0.46306395530700684
4,140,-0.46476656,-0.009949324,0.13055583834648132
4,141,-0.4743485,-0.009581932,0.5375643372535706
4,142,-0.4837416,-0.009393138,0.37121930718421936
4,143,-0.49493298,-0.011191355,-1.1390488147735596
4,144,-0.50732756,-0.012394604,-0.6590139865875244
4,145,-0.519996,-0.012668458,-0.10124554485082626
4,146,-0.53130126,-0.011305244,0.9268230199813843
4,147,-0.54326785,-0.011966567,-0.4793910086154938
4,148,-0.55519646,-0.011928628,-0.07299593836069107
4,149,-0.56708,-0.011883546,-0.12769705057144165
4,150,-0.57875544,-0.0116753895,-0.07801922410726547
4,151,-0.58935314,-0.010597722,0.4439184069633484
4,152,-0.6001106,-0.010757449,-0.4331284761428833
4,153,-0.61179924,-0.011688636,-1.0511901378631592
4,154,-0.622714,-0.010914762,0.0800417885184288
4,155,-0.63261855,-0.009904554,0.1851663589477539
4,156,-0.6415128,-0.008894262,0.13809548318386078
4,157,-0.64972925,-0.008216457,-0.12548142671585083
4,158,-0.6568733,-0.0071440064,0.09925703704357147
4,159,-0.66454417,-0.007670867,-1.2485531568527222
4,160,-0.6704054,-0.0058612316,0.5225092172622681
4,161,-0.675878,-0.0054725776,-0.4514293670654297
4,162,-0.6799483,-0.004070281,0.19967736303806305
4,163,-0.68236977,-0.0024215186,0.3457787334918976
4,164,-0.6842045,-0.0018347243,-0.37297993898391724
4,165,-0.6856002,-0.0013957282,-0.47965309023857117
4,166,-0.6856539,-5.3698408e-05,0.11619213968515396
4,167,-0.6848825,0.0007714288,-0.22864700853824615
4,168,-0.68358016,0.0013023823,-0.4213505983352661
4,169,-0.68262345,0.0009567064,-1.3989850282669067
4,170,-0.68060625,0.0020172137,-0.05829820781946182
4,171,-0.67880315,0.0018030733,-0.8990895748138428
4,172,-0.6762252,0.0025779484,-0.23170119524002075
4,173,-0.6731557,0.0030694588,-0.4090711176395416
4,174,-0.66922957,0.003926137,-0.1518283188343048
4,175,-0.66364795,0.00558164,0.39845919609069824
4,176,-0.6570088,0.006639105,0.025151045992970467
4,177,-0.6489259,0.0080829365,0.31317034363746643
4,178,-0.640145,0.008780901,-0.1466660350561142
4,179,-0.6311092,0.009035834,-0.40097567439079285
4,180,-0.6210503,0.010058899,0.15376295149326324
4,181,-0.61126214,0.009788172,-0.6608309745788574
4,182,-0.6008015,0.010460602,0.015004928223788738
4,183,-0.58902913,0.011772392,0.4919548034667969
4,184,-0.57636994,0.012659212,0.26615822315216064
4,185,-0.56266665,0.013703263,0.43327954411506653
4,186,-0.5490851,0.013581595,-0.2760043144226074
4,187,-0.5359863,0.013098804,-0.4491681754589081
4,188,-0.5214879,0.014498388,0.8711329698562622
4,189,-0.50763196,0.013855935,-0.4177478849887848
4,190,-0.49375403,0.013877939,0.09447337687015533
4,191,-0.48111904,0.012635006,-0.6795981526374817
4,192,-0.46897465,0.012144383,-0.11525754630565643
4,193,-0.45692107,0.012053592,0.2113727629184723
4,194,-0.44511142,0.011809636,0.16853226721286774
4,195,-0.4336969,0.011414541,0.12542377412319183
4,196,-0.4221419,0.011554999,0.5377184152603149
4,197,-0.41096804,0.01117387,0.24540190398693085
4,198,-0.40037704,0.010590989,0.16391099989414215
4,199,-0.38946524,0.010911786,0.8160369992256165
4,200,-0.37828127,0.011183971,0.834170401096344
4,201,-0.36858067,0.009700589,-0.28513118624687195
4,202,-0.35929883,0.009281858,0.46829795837402344
4,203,-0.34985125,0.009447566,0.8991095423698425
4,204,-0.34276634,0.007084907,-0.7451760768890381
4,205,-0.33570457,0.0070617925,0.8450508117675781
4,206,-0.32940617,0.0062984014,0.38157716393470764
4,207,-0.32401946,0.0053867158,0.309173583984375
4,208,-0.32019177,0.0038276904,-0.10001622140407562
4,209,-0.31649226,0.0036995031,0.8696228265762329
4,210,-0.31387576,0.0026164884,0.24817118048667908
4,211,-0.31212306,0.0017527029,0.40493154525756836
4,212,-0.31201816,0.000104914485,-0.1106652095913887
4,213,-0.31200492,1.3245808e-05,0.9271703362464905
4,214,-0.3121191,-0.00011416981,0.9033923149108887
4,215,-0.31336424,-0.001245146,0.23389217257499695
4,216,-0.31479487,-0.001430629,0.8591998815536499
4,217,-0.3161911,-0.0013962329,1.2336370944976807
4,218,-0.31854463,-0.002353533,0.33320489525794983
4,219,-0.32144806,-0.0029034321,0.5952191352844238
4,220,-0.32442892,-0.0029808641,0.8983051776885986
4,221,-0.32750598,-0.0030770607,0.8735110759735107
4,222,-0.3310258,-0.0035198417,0.629695475101471
4,223,-0.33531803,-0.0042922315,0.3952640891075134
4,224,-0.34035987,-0.005041846,0.3923947215080261
4,225,-0.34563443,-0.0052745515,0.7156057953834534
4,226,-0.35068122,-0.005046773,1.0227192640304565
4,227,-0.3564049,-0.0057236706,0.37506362795829773
4,228,-0.36434826,-0.007943348,-0.6784298419952393
4,229,-0.37320316,-0.008854887,0.15861333906650543
4,230,-0.38281482,-0.009611665,0.22220468521118164
4,231,-0.39368537,-0.010870553,-0.1560802161693573
4,232,-0.40501577,-0.011330387,0.32669103145599365
4,233,-0.4175349,-0.012519122,-0.21200285851955414
4,234,-0.43004006,-0.012505185,0.5307071805000305
4,235,-0.44287026,-0.012830189,0.24500617384910583
4,236,-0.4557271,-0.0128568495,0.3819347023963928
4,237,-0.46810576,-0.012378667,0.6558071374893188
4,238,-0.4796389,-0.011533154,0.8398600220680237
4,239,-0.4912922,-0.011653292,0.1390708088874817
4,240,-0.50313747,-0.011845247,0.03331004083156586
4,241,-0.5151127,-0.011975257,0.01556907407939434
4,242,-0.5271556,-0.01204291,-0.002676276257261634
4,243,-0.53869176,-0.011536183,0.32003405690193176
4,244,-0.550143,-0.011451266,-0.01882745511829853
4,245,-0.56059533,-0.010452358,0.5333574414253235
4,246,-0.57122123,-0.010625871,-0.3002784550189972
4,247,-0.5825255,-0.011304238,-0.6895474791526794
4,248,-0.59342897,-0.010903479,-0.025928553193807602
4,249,-0.60334986,-0.009920912,0.30844202637672424
4,250,-0.61235416,-0.009004316,0.21610143780708313
4,251,-0.6210187,-0.008664546,-0.21203812956809998
4,252,-0.62823033,-0.0072116554,0.4883986711502075
4,253,-0.634168,-0.0059376825,0.3347063958644867
4,254,-0.63888097,-0.004712935,0.2737347483634949
4,255,-0.64199704,-0.0031160614,0.4995936155319214
4,256,-0.643297,-0.001299998,0.6310872435569763
4,257,-0.64521843,-0.0019214309,-2.1898465156555176
4,258,-0.6467598,-0.0015413502,-0.34130871295928955
4,259,-0.648437,-0.0016771972,-0.6924537420272827
4,260,-0.65029633,-0.0018593002,-0.7311035990715027
4,261,-0.65163964,-0.0013432819,-0.2743320167064667
4,262,-0.65197325,-0.00033358988,0.04855168238282204
4,263,-0.64986765,0.002105594,1.0749437808990479
4,264,-0.6474434,0.0024242238,-0.4039333462715149
4,265,-0.644378,0.0030653996,-0.17762459814548492
4,266,-0.63892645,0.0054515526,1.017255425453186
4,267,-0.63355577,0.0053706784,-0.6191189289093018
4,268,-0.6274894,0.006066394,-0.07605790346860886
4,269,-0.6219176,0.0055717966,-0.8408156633377075
4,270,-0.6152869,0.0066307313,0.22145958244800568
4,271,-0.607755,0.007531856,0.14806845784187317
4,272,-0.59895873,0.008796274,0.42661988735198975
4,273,-0.5890671,0.0098916255,0.35663652420043945
4,274,-0.57880616,0.0102609275,-0.07903958112001419
4,275,-0.5690494,0.009756734,-0.6109058260917664
4,276,-0.5592152,0.009834232,-0.1748841255903244
4,277,-0.5486294,0.010585809,0.3233081102371216
4,278,-0.53935605,0.009273362,-1.087401032447815
4,279,-0.5298733,0.009482726,0.06081878021359444
4,280,-0.5203672,0.009506089,-0.01579631119966507
4,281,-0.51111597,0.009251222,-0.15375372767448425
4,282,-0.50141466,0.0097013125,0.3624599575996399
4,283,-0.49168915,0.0097255055,0.1269674301147461
4,284,-0.48166654,0.010022619,0.3573799729347229
4,285,-0.47228405,0.009382479,-0.2176511138677597
4,286,-0.4631228,0.009161233,0.10806385427713394
4,287,-0.45462927,0.008493539,-0.14440561830997467
4,288,-0.44599378,0.008635488,0.43702518939971924
4,289,-0.4379075,0.008086294,0.018399421125650406
4,290,-0.42895684,0.008950665,1.3868969678878784
4,291,-0.42206627,0.006890552,-0.9065308570861816
4,292,-0.41541442,0.0066518593,0.3407200872898102
4,293,-0.40973744,0.005676986,-0.11843995749950409
4,294,-0.40564054,0.004096906,-0.4950866401195526
4,295,-0.40097222,0.0046683326,0.9585092067718506
4,296,-0.39614093,0.0048312796,0.7080275416374207
4,297,-0.39143327,0.0047076675,0.5394646525382996
4,298,-0.38919106,0.002242195,-1.2209852933883667
4,299,-0.38659263,0.002598424,0.8914610147476196
4,300,-0.38391665,0.002675975,0.7176060080528259
4,301,-0.382096,0.001820667,0.10794384777545929
4,302,-0.38127345,0.00082254753,0.021041762083768845
4,303,-0.3814424,-0.00016896278,0.029193412512540817
4,304,-0.38152552,-8.310998e-05,0.7466664910316467
4,305,-0.38145006,7.545888e-05,0.7947654724121094
4,306,-0.38113925,0.00031081514,0.8463006019592285
4,307,-0.38138625,-0.00024700997,0.3189275860786438
4,308,-0.38215205,-0.0007657931,0.34383144974708557
4,309,-0.38244715,-0.000295092,1.0743114948272705
4,310,-0.38362703,-0.001179875,0.09499906748533249
4,311,-0.3855973,-0.0019702564,0.15255075693130493
4,312,-0.38811624,-0.0025189589,0.30466288328170776
4,313,-0.39055064,-0.0024343887,0.7152948975563049
4,314,-0.39261156,-0.0020609277,0.8966909050941467
4,315,-0.39463025,-0.002018686,0.6663711071014404
4,316,-0.39797252,-0.0033422697,-0.25351494550704956
4,317,-0.40210426,-0.0041317334,0.08705760538578033
4,318,-0.40655112,-0.004446866,0.3840230405330658
4,319,-0.41060147,-0.0040503372,0.8376380205154419
4,320,-0.4147598,-0.004158358,0.4822138249874115
4,321,-0.41957697,-0.0048171435,0.09538614004850388
4,322,-0.42461106,-0.0050340886,0.3670782148838043
4,323,-0.42994672,-0.005335659,0.2866491377353668
4,324,-0.43592435,-0.005977624,0.03414706885814667
4,325,-0.44109228,-0.0051679453,0.9731209874153137
4,326,-0.44683072,-0.00573845,0.027996407821774483
4,327,-0.45320633,-0.0063755987,-0.044309575110673904
4,328,-0.46011025,-0.006903911,-0.0028560194186866283
4,329,-0.46688536,-0.006775124,0.4013846814632416
4,330,-0.47364306,-0.006757706,0.29381296038627625
4,331,-0.4795668,-0.00592376,0.8048085570335388
4,332,-0.48607966,-0.006512863,-0.17321506142616272
4,333,-0.49151164,-0.0054319887,0.9077825546264648
4,334,-0.4986839,-0.0071722707,-1.3832342624664307
4,335,-0.50729245,-0.00860855,-0.8330609202384949
4,336,-0.51609766,-0.008805194,-0.04959668591618538
4,337,-0.52376413,-0.007666442,0.7966702580451965
4,338,-0.531628,-0.007863867,-0.13244333863258362
4,339,-0.54046005,-0.008832064,-0.6856071352958679
4,340,-0.54813075,-0.00767069,0.6899791955947876
4,341,-0.55441004,-0.0062793004,0.805043637752533
4,342,-0.5602281,-0.005818092,0.15363524854183197
4,343,-0.5668397,-0.0066116145,-0.7117933034896851
4,344,-0.5731813,-0.0063415584,-0.03556147962808609
4,345,-0.5803342,-0.007152906,-0.7878978848457336
4,346,-0.5875292,-0.0071949842,-0.3103613555431366
4,347,-0.5929931,-0.0054638986,0.8363610506057739
4,348,-0.59702045,-0.0040273736,0.6132128238677979
4,349,-0.60066295,-0.0036424717,-0.10754580050706863
4,350,-0.60393924,-0.0032762678,-0.13776150345802307
4,351,-0.6070776,-0.0031383766,-0.30589690804481506
4,352,-0.6096909,-0.0026133093,-0.06299985200166702
4,353,-0.61167127,-0.0019803802,-0.0037381076253950596
4,354,-0.6115343,0.00013695507,0.9763001799583435
4,355,-0.610486,0.0010483266,0.1729854941368103
4,356,-0.6076756,0.0028103567,0.7451536059379578
4,357,-0.6037253,0.003950296,0.3440186679363251
4,358,-0.6004428,0.0032824967,-0.8419851064682007
4,359,-0.5963933,0.0040495517,0.1305440366268158
4,360,-0.59330213,0.0030911812,-1.1495449542999268
4,361,-0.59047705,0.0028250595,-0.523396909236908
4,362,-0.5865293,0.003947758,0.4163133502006531
4,363,-0.5823487,0.004180616,-0.15754853188991547
4,364,-0.5784839,0.0038648038,-0.5027725100517273
4,365,-0.5740789,0.00440499,0.08693689852952957
4,366,-0.5692088,0.0048701093,0.05864259600639343
4,367,-0.56531686,0.0038919423,-0.8794504404067993
4,368,-0.5609676,0.0043492117,0.09680010378360748
4,369,-0.55635446,0.004613133,-0.010505538433790207
4,370,-0.55130506,0.005049404,0.12733246386051178
4,371,-0.5463657,0.004939402,-0.21170668303966522
4,372,-0.5426983,0.0036673713,-0.9617664217948914
4,373,-0.53767043,0.0050278883,0.8115658760070801
4,374,-0.53257656,0.005093862,-0.026355132460594177
4,375,-0.52825946,0.004317122,-0.562710165977478
4,376,-0.52240735,0.005852076,1.2808128595352173
4,377,-0.515908,0.006499374,0.437488853931427
4,378,-0.50945455,0.0064534578,0.007839885540306568
4,379,-0.50431234,0.0051422142,-0.803462564945221
4,380,-0.50007474,0.004237616,-0.5066870450973511
4,381,-0.49601856,0.0040561846,-0.0034317965619266033
4,382,-0.493669,0.0023495688,-1.003066897392273
4,383,-0.49182695,0.001842064,-0.18888866901397705
4,384,-0.4907106,0.0011163541,-0.3251878619194031
4,385,-0.48886636,0.0018442131,0.6494135856628418
4,386,-0.4868774,0.001988947,0.26983723044395447
4,387,-0.4853941,0.001483328,-0.15384362637996674
4,388,-0.48400143,0.0013926538,0.13015606999397278
4,389,-0.48249346,0.0015079743,0.27440181374549866
4,390,-0.48083648,0.0016569764,0.30434077978134155
4,391,-0.4782037,0.002632756,0.8637452721595764
4,392,-0.47594,0.0022637246,-0.019746633246541023
4,393,-0.47405896,0.0018810234,-0.017651190981268883
4,394,-0.47344372,0.0006152394,-0.5970677733421326
4,395,-0.47218853,0.0012551884,0.6764627695083618
4,396,-0.47145015,0.00073837297,-0.08851027488708496
4,397,-0.47004905,0.0014011076,0.7015039324760437
4,398,-0.46947455,0.00057450536,-0.28446975350379944
4,399,-0.46861085,0.000863695,0.46222662925720215
4,400,-0.46837726,0.00023358165,-0.14638124406337738
4,401,-0.4675174,0.0008598437,0.6923543810844421
4,402,-0.46757525,-5.7838377e-05,-0.3327021896839142
4,403,-0.46845645,-0.0008811979,-0.27010565996170044
4,404,-0.46904412,-0.00058767374,0.4701386094093323
4,405,-0.47152418,-0.0024800652,-0.990037202835083
4,406,-0.47585723,-0.004333042,-0.9760028719902039
4,407,-0.48007995,-0.004222725,0.31143718957901
4,408,-0.4842886,-0.0042086453,0.22636307775974274
4,409,-0.4883341,-0.0040454804,0.3048721253871918
4,410,-0.49179405,-0.0034599702,0.5663347840309143
4,411,-0.49584395,-0.004049911,-0.23451149463653564
4,412,-0.49958986,-0.0037459186,0.3412756025791168
4,413,-0.502611,-0.0030211366,0.6031288504600525
4,414,-0.5048038,-0.002192806,0.6570900678634644
4,415,-0.5076643,-0.0028605482,-0.3512363135814667
4,416,-0.5104672,-0.002802859,0.11810129880905151
4,417,-0.51280445,-0.0023372802,0.3760269582271576
4,418,-0.51586634,-0.0030618706,-0.42909812927246094
4,419,-0.51851666,-0.0026503343,0.31301620602607727
4,420,-0.5209853,-0.0024686202,0.14655232429504395
4,421,-0.5232293,-0.0022439926,0.16281895339488983
4,422,-0.5256917,-0.002462389,-0.1437501460313797
4,423,-0.52784675,-0.0021550602,0.19442133605480194
4,424,-0.5302284,-0.0023816184,-0.17227803170681
4,425,-0.53202635,-0.0017979558,0.35596251487731934
4,426,-0.534196,-0.002169679,-0.28994882106781006
4,427,-0.53778625,-0.003590213,-1.166538953781128
4,428,-0.54154116,-0.0037549015,-0.18070827424526215
4,429,-0.5450437,-0.0035025654,0.07855537533760071
4,430,-0.54798895,-0.0029452576,0.2643878757953644
4,431,-0.54925144,-0.0012624945,1.1131923198699951
4,432,-0.5512235,-0.001972108,-0.6012123823165894
4,433,-0.55448866,-0.0032651594,-1.0769423246383667
4,434,-0.5570935,-0.0026048652,0.2859676480293274
4,435,-0.5592467,-0.0021532276,0.1338997632265091
4,436,-0.5608984,-0.0016517001,0.15645146369934082
4,437,-0.56166166,-0.0007632606,0.40618374943733215
4,438,-0.5606401,0.0010215911,1.145423173904419
4,439,-0.56084126,-0.00020117036,-1.1764038801193237
4,440,-0.5601355,0.0007057997,0.4188214838504791
4,441,-0.55882204,0.001313426,0.2227661907672882
4,442,-0.55793387,0.00088814093,-0.4593120813369751
4,443,-0.55692923,0.0010046649,-0.09368937462568283
4,444,-0.55533075,0.0015984948,0.22951190173625946
4,445,-0.55238444,0.002946346,0.7401471734046936
4,446,-0.5488959,0.0034885206,0.21770021319389343
4,447,-0.5440773,0.004818622,0.7603700757026672
4,448,-0.53840923,0.0056680166,0.463934987783432
4,449,-0.5327709,0.0056383857,-0.09378175437450409
4,450,-0.5267598,0.006011071,0.2026023119688034
4,451,-0.5212906,0.0054692077,-0.3770470917224884
4,452,-0.51557475,0.005715837,0.17596010863780975
4,453,-0.5114191,0.0041556624,-1.0562975406646729
4,454,-0.50684416,0.0045749466,0.34040769934654236
4,455,-0.5022144,0.0046297777,0.12029179185628891
4,456,-0.49807712,0.004137238,-0.22151106595993042
4,457,-0.4941173,0.0039598416,0.009219183586537838
4,458,-0.49057576,0.0035415427,-0.13165056705474854
4,459,-0.48758054,0.002995217,-0.1993720382452011
4,460,-0.48402774,0.0035527877,0.5514547228813171
4,461,-0.48065156,0.0033761964,0.07966320216655731
4,462,-0.47609657,0.0045549828,1.188469648361206
4,463,-0.47191414,0.004182416,-0.01166981365531683
4,464,-0.46821395,0.0037002086,-0.06408268958330154
4,465,-0.46458653,0.0036274213,0.22712694108486176
4,466,-0.46029252,0.004294009,0.7379140257835388
4,467,-0.45633277,0.0039597517,0.09179360419511795
4,468,-0.4524414,0.0038913742,0.28846701979637146
4,469,-0.4480073,0.0044341087,0.7149139642715454
4,470,-0.44374403,0.004263241,0.26081421971321106
4,471,-0.44035235,0.0033916684,-0.18558277189731598
4,472,-0.43691102,0.0034413305,0.4450269043445587
4,473,-0.43296608,0.0039449306,0.7643028497695923
4,474,-0.4295278,0.0034382816,0.1098344698548317
4,475,-0.4258142,0.0037135675,0.6476602554321289
4,476,-0.42309082,0.0027234023,-0.1781696379184723
4,477,-0.4210122,0.0020786347,0.06511440128087997
4,478,-0.4189238,0.0020883917,0.5113786458969116
4,479,-0.41767508,0.001248727,-0.04496104642748833
4,480,-0.41672266,0.0009524102,0.32320553064346313
4,481,-0.4158068,0.00091584475,0.5008946061134338
4,482,-0.41432333,0.0014834609,0.9080262780189514
4,483,-0.41326994,0.0010533818,0.24992378056049347
4,484,-0.41320178,6.8153335e-05,-0.11519207060337067
4,485,-0.4142913,-0.0010895181,-0.22983171045780182
4,486,-0.41567186,-0.0013805565,0.34276920557022095
4,487,-0.41690257,-0.0012307259,0.6301422715187073
4,488,-0.41883507,-0.0019325003,0.05656822770833969
4,489,-0.42122135,-0.0023862629,0.2127288281917572
4,490,-0.4237411,-0.0025197563,0.4148816466331482
4,491,-0.42612612,-0.0023850081,0.5816858410835266
4,492,-0.42847905,-0.0023529362,0.501828670501709
4,493,-0.43303573,-0.0045566917,-1.0137734413146973
4,494,-0.43766072,-0.0046249838,0.40173712372779846
4,495,-0.44215223,-0.004491511,0.5139278173446655
4,496,-0.44669145,-0.0045392076,0.3713948726654053
4,497,-0.45091617,-0.004224724,0.590789794921875
4,498,-0.4542592,-0.003343028,0.9483375549316406
4,499,-0.45806193,-0.0038027505,0.03772139176726341
4,500,-0.46112347,-0.0030615448,0.8197143077850342
4,501,-0.4643612,-0.003237732,0.1930927187204361
4,502,-0.46713352,-0.0027723252,0.6049025058746338
4,503,-0.46977988,-0.0026463664,0.3649504780769348
4,504,-0.47432813,-0.0045482568,-1.0366806983947754
4,505,-0.47982782,-0.005499699,-0.38883790373802185
4,506,-0.48548236,-0.005654539,0.11499971151351929
4,507,-0.49054968,-0.00506731,0.5816531181335449
4,508,-0.49637958,-0.005829897,-0.34341639280319214
4,509,-0.50174886,-0.0053692693,0.4430297911167145
4,510,-0.50709414,-0.0053453012,0.12515012919902802
4,511,-0.5131294,-0.0060352515,-0.3774774968624115
4,512,-0.519483,-0.0063535627,-0.1598692387342453
4,513,-0.5250192,-0.0055362377,0.5654618144035339
4,514,-0.530605,-0.0055857943,-0.04013989120721817
4,515,-0.5358905,-0.0052854903,0.16517412662506104
4,516,-0.54069203,-0.004801533,0.2611933648586273
4,517,-0.5447585,-0.0040664673,0.4046150743961334
4,518,-0.54902095,-0.004262475,-0.23639929294586182
4,519,-0.5542446,-0.0052236514,-0.7677718997001648
4,520,-0.5584593,-0.0042147073,0.5196163058280945
4,521,-0.5625707,-0.0041113948,-0.105109803378582
4,522,-0.56632817,-0.0037574922,0.04151904582977295
4,523,-0.5696311,-0.0033029094,0.08999288082122803
4,524,-0.5723534,-0.0027223506,0.15760837495326996
4,525,-0.5746497,-0.0022962952,0.0411318764090538
4,526,-0.5752757,-0.0006260364,0.8592480421066284
4,527,-0.5754229,-0.00014718581,0.06188277527689934
4,528,-0.57465255,0.0007703407,0.3536064028739929
4,529,-0.5738618,0.000790757,-0.2406611442565918
4,530,-0.5728656,0.0009961805,-0.11341473460197449
4,531,-0.5710328,0.0018327904,0.31230172514915466
4,532,-0.57034546,0.0006873463,-1.2348202466964722
4,533,-0.56991345,0.00043203056,-0.40317854285240173
4,534,-0.569282,0.0006314726,-0.09786759316921234
4,535,-0.56845087,0.00083114393,-0.0945875346660614
4,536,-0.56730676,0.0011441244,-0.014930672943592072
4,537,-0.56565356,0.001653184,0.12145883589982986
4,538,-0.5627073,0.0029462343,0.6523171067237854
4,539,-0.5605162,0.0021911499,-0.6984840035438538
4,540,-0.55838615,0.0021300244,-0.22496023774147034
4,541,-0.5556016,0.0027845323,0.2627173662185669
4,542,-0.5512832,0.0043184063,0.8628143668174744
4,543,-0.54780257,0.0034806072,-0.6967957019805908
4,544,-0.5447904,0.0030121978,-0.4331856369972229
4,545,-0.54185796,0.0029324077,-0.1590801477432251
4,546,-0.5402887,0.0015692831,-1.0096654891967773
4,547,-0.54009426,0.00019440512,-1.410051941871643
4,548,-0.54127616,-0.0011819293,-1.0757545232772827
4,549,-0.5420021,-0.00072591926,0.2156611829996109
4,550,-0.543754,-0.0017519022,-0.7759583592414856
4,551,-0.5454734,-0.0017193921,-0.07904130220413208
4,552,-0.5472344,-0.0017610207,-0.13704702258110046
4,553,-0.5489866,-0.0017521793,-0.11218490451574326
4,554,-0.54961205,-0.00062541704,0.6243583559989929
4,555,-0.549953,-0.00034093033,0.05972343310713768
4,556,-0.5508122,-0.00085918006,-0.4771336019039154
4,557,-0.5507753,3.6878264e-05,0.4614562690258026
4,558,-0.55071574,5.9532354e-05,-0.12062935531139374
4,559,-0.55087745,-0.00016171609,-0.282934308052063
4,560,-0.54995096,0.000926484,0.5892255306243896
4,561,-0.54910237,0.0008485831,-0.18355761468410492
4,562,-0.54692304,0.0021793412,0.7597783803939819
4,563,-0.54460937,0.0023136544,-0.02698400802910328
4,564,-0.5429796,0.0016297676,-0.5609079599380493
4,565,-0.5399784,0.0030012263,0.8174562454223633
4,566,-0.53689206,0.0030863031,-0.025147244334220886
4,567,-0.5329641,0.003927924,0.494631826877594
4,568,-0.5286683,0.0042958325,0.1984517127275467
4,569,-0.52447623,0.004192079,-0.0945155993103981
4,570,-0.5191099,0.005366346,0.7784574031829834
4,571,-0.5131346,0.0059753237,0.42842897772789
4,572,-0.50727874,0.0058558774,-0.027318593114614487
4,573,-0.50159186,0.005686873,-0.03110181912779808
4,574,-0.49586985,0.0057220054,0.13337618112564087
4,575,-0.48885557,0.0070142783,1.0167057514190674
4,576,-0.48177084,0.007084736,0.2203734666109085
4,577,-0.47483698,0.006933869,0.10801295191049576
4,578,-0.46830675,0.0065302113,-0.02616475149989128
4,579,-0.46207157,0.0062351837,0.07850910723209381
4,580,-0.4547952,0.0072763455,1.3773380517959595
4,581,-0.44789106,0.0069041536,0.09345217794179916
4,582,-0.44058785,0.007303195,0.6413200497627258
4,583,-0.43320164,0.007386206,0.4661184251308441
4,584,-0.4255511,0.007650556,0.622698962688446
4,585,-0.4185751,0.0069759754,0.0334792360663414
4,586,-0.41232583,0.0062492774,0.032007891684770584
4,587,-0.40657422,0.0057516135,0.2143130749464035
4,588,-0.40127182,0.005302399,0.27370044589042664
4,589,-0.3967917,0.004480133,0.04982097074389458
4,590,-0.39272234,0.004069362,0.3450053036212921
4,591,-0.38891038,0.0038119452,0.46608713269233704
4,592,-0.3851631,0.0037472933,0.612164318561554
4,593,-0.38392448,0.0012386161,-1.4627999067306519
4,594,-0.3837425,0.00018198485,-0.026307381689548492
4,595,-0.38488317,-0.0011406685,-0.2028244584798813
4,596,-0.3861435,-0.0012603427,0.5939491391181946
4,597,-0.3892432,-0.003099677,-0.5582596063613892
4,598,-0.39301783,-0.0037746574,0.20374834537506104
4,599,-0.39746985,-0.004452012,0.1847631335258484
4,600,-0.40261322,-0.0051433807,0.15479068458080292
4,601,-0.40985575,-0.0072425297,-0.8076996803283691
4,602,-0.41733703,-0.007481279,0.3985763490200043
4,603,-0.42410183,-0.006764812,1.0319758653640747
4,604,-0.43256366,-0.008461828,-0.6412142515182495
4,605,-0.4405658,-0.008002118,0.7560120224952698
4,606,-0.44820756,-0.0076417723,0.6511152386665344
4,607,-0.45564646,-0.007438896,0.5090010762214661
4,608,-0.4626581,-0.0070116534,0.6222419142723083
4,609,-0.47055054,-0.007892419,-0.28416818380355835
4,610,-0.4787655,-0.008214959,0.049096278846263885
4,611,-0.48664188,-0.0078763915,0.4492027461528778
4,612,-0.49391004,-0.007268169,0.5898878574371338
4,613,-0.50068974,-0.006779696,0.4738960862159729
4,614,-0.50661176,-0.005922049,0.6862196922302246
4,615,-0.51250404,-0.005892278,0.10474542528390884
4,616,-0.517164,-0.0046599675,0.8770037293434143
4,617,-0.52337223,-0.006208225,-1.1990288496017456
4,618,-0.53108215,-0.007709924,-1.078587532043457
4,619,-0.53778905,-0.0067068916,0.6312747001647949
4,620,-0.5440706,-0.0062815277,0.21264609694480896
4,621,-0.5516987,-0.0076280856,-1.1693819761276245
4,622,-0.5581541,-0.0064554084,0.6414517164230347
4,623,-0.5647798,-0.0066256984,-0.2859940528869629
4,624,-0.5710928,-0.006312964,0.003107752650976181
4,625,-0.5774843,-0.006391546,-0.28905561566352844
4,626,-0.58418036,-0.0066960184,-0.47123730182647705
4,627,-0.5896429,-0.0054625357,0.5210785865783691
4,628,-0.5942509,-0.0046080565,0.24158841371536255
4,629,-0.59835446,-0.004103521,-0.014264481142163277
4,630,-0.60217905,-0.0038245951,-0.18470260500907898
4,631,-0.6068546,-0.004675586,-0.9565992951393127
4,632,-0.6118554,-0.0050007585,-0.6287463903427124
4,633,-0.61674714,-0.0048917807,-0.36349329352378845
4,634,-0.6209891,-0.0042419294,-0.02646971121430397
4,635,-0.6249051,-0.0039160107,-0.26277390122413635
4,636,-0.6272572,-0.0023521348,0.5438140630722046
4,637,-0.62748516,-0.0002279306,0.9061571955680847
4,638,-0.62723404,0.0002510984,-0.19171112775802612
4,639,-0.6268588,0.0003752679,-0.4270888864994049
4,640,-0.625772,0.0010867612,-0.0337529182434082
4,641,-0.6248518,0.00092018186,-0.613956868648529
4,642,-0.62468386,0.00016795525,-1.0224210023880005
4,643,-0.6223465,0.0023373414,0.9485432505607605
4,644,-0.6194524,0.0028941154,-0.11536594480276108
4,645,-0.6147079,0.004744525,0.7609161138534546
4,646,-0.6088912,0.005816706,0.2648928463459015
4,647,-0.6026161,0.0062750964,-0.11623002588748932
4,648,-0.59642,0.0061960877,-0.4440690577030182
4,649,-0.5898008,0.00661922,-0.07912856340408325
4,650,-0.5828678,0.0069329524,-0.11968322098255157
4,651,-0.5760032,0.006864625,-0.3403378427028656
4,652,-0.5683777,0.007625548,0.2463379204273224
4,653,-0.5602652,0.008112488,0.10140501707792282
4,654,-0.55273086,0.007534351,-0.5683872103691101
4,655,-0.54474777,0.0079831015,0.1536918431520462
4,656,-0.53712535,0.0076224334,-0.3461194634437561
4,657,-0.52945334,0.0076719923,-0.03457515686750412
4,658,-0.52102876,0.008424578,0.4724525809288025
4,659,-0.51242083,0.008607943,0.1350930631160736
4,660,-0.50335246,0.009068388,0.3628423810005188
4,661,-0.4930453,0.010307175,0.9270280003547668
4,662,-0.4831704,0.009874897,-0.13563208281993866
4,663,-0.47351196,0.009658439,0.057341210544109344
4,664,-0.46332198,0.010189975,0.6038500666618347
4,665,-0.4525645,0.01075749,0.6780877709388733
4,666,-0.44121602,0.011348486,0.7464867830276489
4,667,-0.4295066,0.011709419,0.6483551859855652
4,668,-0.41969353,0.009813078,-0.7999898195266724
4,669,-0.4112265,0.008467012,-0.38622337579727173
4,670,-0.40426052,0.006965996,-0.44939783215522766
4,671,-0.39686882,0.0073916833,0.8678173422813416
4,672,-0.390682,0.0061868136,-0.18475200235843658
4,673,-0.38396588,0.006716146,1.0674971342086792
4,674,-0.3792305,0.0047353692,-0.6425936818122864
4,675,-0.37596336,0.003267143,-0.27933260798454285
4,676,-0.37226763,0.0036957252,1.1483319997787476
4,677,-0.3685071,0.0037605474,0.7741446495056152
4,678,-0.36441547,0.004091625,0.9684994220733643
4,679,-0.36075273,0.0036627366,0.4800819456577301
4,680,-0.35717383,0.0035788952,0.7263315916061401
4,681,-0.35404027,0.0031335729,0.5011001229286194
4,682,-0.35150066,0.0025396142,0.41572898626327515
4,683,-0.34908125,0.0024194075,0.7426303625106812
4,684,-0.34817412,0.0009071226,-0.17492325603961945
4,685,-0.347172,0.00100212,0.9005231857299805
4,686,-0.34708834,8.366319e-05,0.22921596467494965
4,687,-0.34872353,-0.0016352073,-0.30403217673301697
4,688,-0.35098425,-0.002260715,0.41781002283096313
4,689,-0.3542642,-0.0032799598,0.14551620185375214
4,690,-0.35930505,-0.0050408663,-0.3632141649723053
4,691,-0.36607727,-0.006772206,-0.3656163215637207
4,692,-0.37541696,-0.00933969,-0.953037440776825
4,693,-0.38502008,-0.009603125,0.541122555732727
4,694,-0.39502457,-0.010004495,0.40552571415901184
4,695,-0.40579855,-0.010773983,0.11405628174543381
4,696,-0.41659656,-0.010798015,0.5607959628105164
4,697,-0.4276494,-0.011052853,0.3559775948524475
4,698,-0.43812743,-0.010478018,0.8563728928565979
4,699,-0.44967932,-0.011551874,-0.2932148873806
4,700,-0.46156013,-0.011880813,0.1472826898097992
4,701,-0.47259635,-0.011036206,0.8714766502380371
4,702,-0.48551357,-0.012917234,-1.8694751262664795
4,703,-0.49869272,-0.013179148,0.015402814373373985
4,704,-0.5133618,-0.014669068,-0.8688658475875854
4,705,-0.5271782,-0.013816423,0.6196070313453674
4,706,-0.5409691,-0.013790861,-0.0008556111715734005
4,707,-0.55581707,-0.014847999,-0.7915710210800171
4,708,-0.56961656,-0.013799461,0.5381852984428406
4,709,-0.5836931,-0.014076544,-0.4140812158584595
4,710,-0.5975509,-0.013857837,-0.15304207801818848
4,711,-0.61055124,-0.013000294,0.20496058464050293
4,712,-0.62380993,-0.013258685,-0.6021097302436829
4,713,-0.6354651,-0.011655168,0.575469434261322
4,714,-0.6469696,-0.011504538,-0.44847193360328674
4,715,-0.65700644,-0.010036823,0.37560972571372986
4,716,-0.6649599,-0.007953455,0.7395395040512085
4,717,-0.6707474,-0.0057875062,0.7581565380096436
4,718,-0.67524445,-0.0044970266,0.14824119210243225
4,719,-0.6777911,-0.0025466976,0.5678763389587402
4,720,-0.6793338,-0.0015426845,-0.07441752403974533
4,721,-0.6791035,0.00023031165,0.4313429892063141
4,722,-0.6772914,0.0018120975,0.3048977553844452
4,723,-0.6732794,0.004012018,0.7250909805297852
4,724,-0.6683615,0.0049178945,-0.11958654224872589
4,725,-0.66195166,0.006409828,0.29334789514541626
4,726,-0.6560337,0.005917937,-1.7192294597625732
4,727,-0.6487697,0.007263999,0.2524837553501129
4,728,-0.6412137,0.007555986,-0.4165913760662079
4,729,-0.63295627,0.008257467,-0.10829375684261322
4,730,-0.6234525,0.009503766,0.2938343286514282
4,731,-0.61319596,0.0102565205,0.010001791641116142
4,732,-0.60218334,0.01101262,0.0614553764462471
4,733,-0.59032047,0.0118628675,0.17753812670707703
4,734,-0.5794605,0.010859945,-1.0320230722427368
4,735,-0.5683079,0.011152615,-0.08288971334695816
4,736,-0.5568061,0.011501812,0.00992273073643446
4,737,-0.54653096,0.010275107,-0.9835655689239502
4,738,-0.5363679,0.010163053,-0.18927307426929474
4,739,-0.5252375,0.011130365,0.581044614315033
4,740,-0.51513845,0.010099082,-0.6957153677940369
4,741,-0.5047489,0.010389578,0.23596061766147614
4,742,-0.49444202,0.010306866,0.03905811160802841
4,743,-0.48446906,0.009972949,-0.07701385021209717
4,744,-0.47513974,0.009329321,-0.23388554155826569
4,745,-0.4654344,0.0097053405,0.49212244153022766
4,746,-0.45608523,0.009349171,0.05190179497003555
4,747,-0.44713262,0.008952629,0.07090267539024353
4,748,-0.43833214,0.008800476,0.2775513231754303
4,749,-0.43008867,0.008243458,0.05035382881760597
4,750,-0.42197517,0.008113493,0.3747986853122711
4,751,-0.41398615,0.007989021,0.4173017144203186
4,752,-0.4053045,0.008681662,1.0740132331848145
4,753,-0.3980193,0.0072851903,-0.3518472909927368
4,754,-0.39051506,0.0075042597,0.7591953873634338
4,755,-0.38428333,0.0062317112,-0.20048491656780243
4,756,-0.3783337,0.005949656,0.48843711614608765
4,757,-0.37240368,0.005930005,0.6904517412185669
4,758,-0.36734834,0.005055352,0.14721639454364777
4,759,-0.36258388,0.0047644535,0.5590221285820007
4,760,-0.35845712,0.0041267495,0.34899336099624634
4,761,-0.35537395,0.0030831601,0.0966164767742157
4,762,-0.35322303,0.0021509351,0.18438756465911865
4,763,-0.35236892,0.0008541028,-0.04928700253367424
4,764,-0.35260522,-0.00023631174,0.09204693138599396
4,765,-0.35284168,-0.00023644205,0.8178738355636597
4,766,-0.35580352,-0.0029618377,-1.0251953601837158
4,767,-0.3591891,-0.0033855848,0.5214920043945312
4,768,-0.3624705,-0.003281408,0.8585721254348755
4,769,-0.36541387,-0.0029433551,1.5520474910736084
4,770,-0.36948678,-0.0040728906,0.008546857163310051
4,771,-0.3742061,-0.00471931,0.3124539256095886
4,772,-0.37981004,-0.0056039453,0.13245022296905518
4,773,-0.38512397,-0.005313929,0.8901979327201843
4,774,-0.3902973,-0.0051733237,0.7663673758506775
4,775,-0.39727944,-0.00698214,-0.5569936633110046
4,776,-0.40657538,-0.009295953,-0.9259548783302307
4,777,-0.41601878,-0.009443408,0.47486838698387146
4,778,-0.42634016,-0.010321364,-0.05669374391436577
4,779,-0.43745926,-0.011119084,-0.05239139497280121
4,780,-0.44884995,-0.0113906935,0.24484731256961823
4,781,-0.46082896,-0.011979026,-0.021601781249046326
4,782,-0.4745929,-0.013763931,-0.8779388070106506
4,783,-0.48903263,-0.014439745,-0.2063951939344406
4,784,-0.5038888,-0.014856145,-0.1050790324807167
4,785,-0.519035,-0.015146223,-0.09489258378744125
4,786,-0.53571546,-0.016680451,-1.1273283958435059
4,787,-0.55177027,-0.016054833,0.356508731842041
4,788,-0.56869686,-0.016926562,-0.721842885017395
4,789,-0.58449566,-0.015798783,0.527050256729126
4,790,-0.59999514,-0.015499501,-0.1032717376947403
4,791,-0.61409765,-0.0141025055,0.5526835322380066
4,792,-0.62897116,-0.014873534,-0.9609749913215637
4,793,-0.64349306,-0.014521886,-0.28369826078414917
4,794,-0.65751773,-0.014024693,-0.2551666796207428
4,795,-0.67206484,-0.014547103,-1.019978404045105
4,796,-0.68531513,-0.013250271,0.14652584493160248
4,797,-0.6962503,-0.010935169,0.7661677598953247
4,798,-0.7059298,-0.0096795065,0.011934374459087849
4,799,-0.7139381,-0.008008293,0.24727314710617065
4,800,-0.7220952,-0.008157071,-1.0314226150512695
4,801,-0.72870356,-0.006608385,0.09760056436061859
4,802,-0.73375744,-0.005053884,0.07430864125490189
4,803,-0.7372598,-0.0035023785,0.051788076758384705
4,804,-0.73971844,-0.0024586127,-0.30079564452171326
4,805,-0.74081355,-0.0010951388,-0.09748281538486481
4,806,-0.74120444,-0.00039086008,-0.5413051843643188
4,807,-0.7392647,0.0019397333,0.5413512587547302
4,808,-0.7361599,0.0031048283,-0.22792623937129974
4,809,-0.7313336,0.0048262817,0.15540939569473267
4,810,-0.72654825,0.004785382,-1.0986599922180176
4,811,-0.7206273,0.0059209424,-0.1961652934551239
4,812,-0.71219105,0.008436245,0.7480969429016113
4,813,-0.7030094,0.009181602,-0.39654844999313354
4,814,-0.6925758,0.010433588,-0.01970704272389412
4,815,-0.6797266,0.0128492415,0.8012744784355164
4,816,-0.6643046,0.0154219875,0.9627565145492554
4,817,-0.6468644,0.017440218,0.6626654863357544
4,818,-0.62822783,0.018636586,0.19520141184329987
4,819,-0.6082989,0.019928953,0.34698083996772766
4,820,-0.5866125,0.021686349,0.7526401281356812
4,821,-0.5629564,0.023656143,1.2991420030593872
4,822,-0.539961,0.022995425,-0.6368093490600586
4,823,-0.51658547,0.023375515,0.17161431908607483
4,824,-0.49386114,0.022724345,-0.39904916286468506
4,825,-0.47062302,0.023238117,0.4910053014755249
4,826,-0.44792363,0.022699373,-0.09539791941642761
4,827,-0.42551267,0.022410948,0.18284988403320312
4,828,-0.40266022,0.022852454,0.7777209281921387
4,829,-0.38219503,0.020465184,-1.0436359643936157
4,830,-0.36244777,0.019747248,0.20737892389297485
4,831,-0.34257165,0.019876128,0.8606516718864441
4,832,-0.32363808,0.018933555,0.23291262984275818
4,833,-0.30529356,0.018344533,0.548226535320282
4,834,-0.28697175,0.018321801,1.2012279033660889
4,835,-0.26964715,0.017324599,0.421438068151474
4,836,-0.25348476,0.016162392,0.37563613057136536
4,837,-0.23763368,0.015851084,1.0685856342315674
4,838,-0.22217377,0.015459915,1.0717363357543945
4,839,-0.20718598,0.014987777,0.9952034950256348
4,840,-0.19273064,0.014455346,1.317489743232727
4,841,-0.17980221,0.012928427,0.37780746817588806
4,842,-0.1694062,0.01039601,-0.2582552134990692
4,843,-0.16101256,0.008393643,0.12111006677150726
4,844,-0.15336072,0.0076518417,0.9814457297325134
4,845,-0.14766301,0.005697716,0.19060954451560974
4,846,-0.14330876,0.0043542543,0.6101495623588562
4,847,-0.14098853,0.0023202244,0.15897415578365326
4,848,-0.13968231,0.0013062193,0.8437893390655518
4,849,-0.13957018,0.00011212426,0.7263985872268677
4,850,-0.14024208,-0.0006719107,1.277140736579895
4,851,-0.14187515,-0.0016330555,0.8805577158927917
4,852,-0.1444491,-0.0025739502,0.8907046318054199
4,853,-0.1490068,-0.0045577046,0.19010573625564575
4,854,-0.15561663,-0.0066098226,0.13481980562210083
4,855,-0.16295892,-0.007342299,1.2486358880996704
4,856,-0.17100838,-0.008049452,1.209718108177185
4,857,-0.18071982,-0.009711445,0.34411051869392395
4,858,-0.19156301,-0.010843194,0.6731614470481873
4,859,-0.20426376,-0.012700758,0.1605594903230667
4,860,-0.21750963,-0.013245872,1.2537063360214233
4,861,-0.23124188,-0.013732249,1.058828592300415
4,862,-0.24557124,-0.014329356,0.8833770751953125
4,863,-0.26161137,-0.016040128,0.09395339339971542
4,864,-0.2787781,-0.017166723,0.42811310291290283
4,865,-0.2972943,-0.018516168,0.21734948456287384
4,866,-0.3163689,-0.019074628,0.6742725968360901
4,867,-0.3372172,-0.020848306,-0.2117691934108734
4,868,-0.35883793,-0.021620713,0.3691638708114624
4,869,-0.38014466,-0.021306714,1.0070441961288452
4,870,-0.4029818,-0.022837132,-0.324945330619812
4,871,-0.425733,-0.022751201,0.6472968459129333
4,872,-0.44840798,-0.022674987,0.5331382155418396
4,873,-0.4719094,-0.02350144,-0.1781950145959854
4,874,-0.49499592,-0.02308653,0.5340197682380676
4,875,-0.5175816,-0.022585664,0.47674858570098877
4,876,-0.5407565,-0.02317494,-0.36276674270629883
4,877,-0.5639319,-0.02317538,-0.08604337275028229
4,878,-0.5872025,-0.023270601,-0.26465481519699097
4,879,-0.60939026,-0.02218776,0.4058018922805786
4,880,-0.63100386,-0.021613587,-0.04145478457212448
4,881,-0.65162265,-0.020618768,0.13543152809143066
4,882,-0.670282,-0.018659344,0.6817858219146729
4,883,-0.68815434,-0.01787231,-0.18528425693511963
4,884,-0.70542866,-0.017274296,-0.3910881280899048
4,885,-0.72163016,-0.01620152,-0.1495445817708969
4,886,-0.7370346,-0.015404469,-0.40156295895576477
4,887,-0.7509183,-0.0138837285,0.018090544268488884
4,888,-0.7647263,-0.013807941,-1.2554043531417847
4,889,-0.77597624,-0.01124994,0.6021275520324707
4,890,-0.78602636,-0.010050132,-0.3448612689971924
4,891,-0.7951011,-0.009074754,-0.530478298664093
4,892,-0.8017139,-0.0066128024,0.4289886951446533
4,893,-0.80600506,-0.004291181,0.3129860758781433
4,894,-0.8092959,-0.003290816,-0.5821599364280701
4,895,-0.8110175,-0.0017216237,-0.21377459168434143
4,896,-0.8119986,-0.0009811069,-0.7718432545661926
4,897,-0.81155497,0.0004436361,-0.318879097700119
4,898,-0.8100116,0.0015433603,-0.5341187119483948
4,899,-0.80683005,0.0031815693,-0.17010332643985748
4,900,-0.8005259,0.006304143,0.8299185037612915
4,901,-0.79387563,0.006650289,-1.381225824356079
4,902,-0.7868313,0.007044292,-0.9454306960105896
4,903,-0.7777598,0.009071547,0.16793569922447205
4,904,-0.7662759,0.01148392,0.4570502042770386
4,905,-0.75254846,0.013727454,0.3866867423057556
4,906,-0.73811996,0.0144285,-0.589475691318512
4,907,-0.72269744,0.015422546,-0.3373856544494629
4,908,-0.7058175,0.016879892,0.03421616181731224
4,909,-0.688439,0.017378487,-0.5339931845664978
4,910,-0.6691751,0.01926391,0.4659325182437897
4,911,-0.6494115,0.019763602,-0.3718349039554596
4,912,-0.62798154,0.021429934,0.4966546893119812
4,913,-0.6065207,0.021460861,-0.49280786514282227
4,914,-0.5848405,0.021680214,-0.2641112506389618
4,915,-0.5637442,0.021096272,-0.6937823295593262
4,916,-0.54224247,0.021501713,0.07005129009485245
4,917,-0.5205834,0.02165907,0.011735393665730953
4,918,-0.49874607,0.021837324,0.13391231000423431
4,919,-0.47742233,0.021323744,-0.21823838353157043
4,920,-0.45663014,0.02079218,-0.12423083186149597
4,921,-0.43595028,0.020679861,0.257715106010437
4,922,-0.41626313,0.019687152,-0.22859647870063782
4,923,-0.39613813,0.020124989,0.8193434476852417
4,924,-0.37676114,0.019376997,0.12322515994310379
4,925,-0.35877925,0.017981894,-0.21939650177955627
4,926,-0.3421114,0.016667837,-0.08511286228895187
4,927,-0.3255003,0.016611097,0.825437068939209
4,928,-0.310151,0.015349301,0.09201087057590485
4,929,-0.2947954,0.015355623,1.1273221969604492
4,930,-0.28035864,0.014436754,0.44369468092918396
4,931,-0.26765278,0.012705865,-0.04282373934984207
4,932,-0.25606832,0.011584454,0.4100281298160553
4,933,-0.24597695,0.010091362,0.2032036930322647
4,934,-0.23763059,0.008346357,0.06976759433746338
4,935,-0.22975093,0.007879661,0.9496592283248901
4,936,-0.22264397,0.007106957,0.7710661888122559
4,937,-0.2164159,0.006228068,0.7225809097290039
4,938,-0.21196198,0.00445391,0.14479291439056396
4,939,-0.20801944,0.0039425455,1.3184483051300049
4,940,-0.20460567,0.003413761,1.0012681484222412
4,941,-0.20213917,0.002466505,0.7309216260910034
4,942,-0.2006053,0.0015338592,0.7477279305458069
4,943,-0.19963221,0.00097308686,1.2212798595428467
4,944,-0.19984671,-0.0002145057,0.5848684906959534
4,945,-0.20186457,-0.00201785,0.17376238107681274
4,946,-0.20469286,-0.002828286,0.8299831748008728
4,947,-0.2080644,-0.003371548,1.0846980810165405
4,948,-0.21245831,-0.004393911,0.6708160042762756
4,949,-0.21861564,-0.0061573265,0.16382402181625366
4,950,-0.22608425,-0.007468613,0.4466952979564667
4,951,-0.23406057,-0.007976329,0.9593061208724976
4,952,-0.24358673,-0.009526156,0.2391732931137085
4,953,-0.25453475,-0.01094803,0.293195903301239
4,954,-0.26642373,-0.011888978,0.5766153931617737
4,955,-0.28155577,-0.015132051,-1.1624820232391357
4,956,-0.29723245,-0.01567667,0.7435540556907654
4,957,-0.31328136,-0.016048923,0.7986514568328857
4,958,-0.33032718,-0.017045822,0.31859081983566284
4,959,-0.34868613,-0.018358948,0.03769805282354355
4,960,-0.3675554,-0.018869294,0.49474623799324036
4,961,-0.38605276,-0.01849734,1.5599955320358276
4,962,-0.40596208,-0.019909328,-0.2729458510875702
4,963,-0.42567113,-0.019709047,0.709570050239563
4,964,-0.44485575,-0.019184632,0.8322346210479736
4,965,-0.4661255,-0.021269727,-1.11726975440979
4,966,-0.48932412,-0.023198644,-1.1158061027526855
4,967,-0.51186,-0.022535913,0.6128915548324585
4,968,-0.53359956,-0.021739546,0.5895926356315613
4,969,-0.5554284,-0.021828841,-0.10952668637037277
4,970,-0.5762544,-0.020826047,0.5096225142478943
4,971,-0.59579545,-0.019541021,0.5944995284080505
4,972,-0.614404,-0.01860855,0.2634805142879486
4,973,-0.631922,-0.017517962,0.2786267399787903
4,974,-0.64836884,-0.016446814,0.18196532130241394
4,975,-0.6641427,-0.015773896,-0.16077226400375366
4,976,-0.6789749,-0.014832196,-0.054282985627651215
4,977,-0.6941835,-0.015208618,-1.0567162036895752
4,978,-0.70888084,-0.014697309,-0.47530660033226013
4,979,-0.7217871,-0.01290626,0.314595490694046
4,980,-0.73217535,-0.010388248,0.7450941801071167
4,981,-0.74016076,-0.007985429,0.6257312893867493
4,982,-0.746661,-0.00650022,-0.018087824806571007
4,983,-0.75180864,-0.0051476373,-0.1321922242641449
4,984,-0.75687534,-0.005066672,-1.0960854291915894
4,985,-0.7618184,-0.0049430598,-0.9910709857940674
4,986,-0.7649855,-0.0031670926,0.09171181172132492
4,987,-0.76534873,-0.00036320457,0.765080988407135
4,988,-0.763718,0.001630727,0.2237502485513687
4,989,-0.7606044,0.0031136365,-0.11081619560718536
4,990,-0.7554227,0.0051816413,0.290995717048645
4,991,-0.74777085,0.007651878,0.578911542892456
4,992,-0.73840636,0.009364505,0.10349119454622269
4,993,-0.7279644,0.010441939,-0.28293925523757935
4,994,-0.71531814,0.012646273,0.5105507373809814
4,995,-0.70079607,0.014522059,0.34391170740127563
4,996,-0.68605965,0.014736411,-0.7019422054290771
4,997,-0.6689554,0.017104251,0.7980349063873291
4,998,-0.6503,0.018655388,0.33012351393699646
4,999,-0.6297258,0.020574212,0.6608548760414124
5,1,-0.54761964,-3.241864e-05,-0.1414511799812317
5,2,-0.5478382,-0.00021855484,-0.24409119784832
5,3,-0.5469779,0.000860352,0.5981808304786682
5,4,-0.5474423,-0.00046444844,-1.3766684532165527
5,5,-0.5473946,4.7736532e-05,0.22234058380126953
5,6,-0.5468809,0.000513686,0.1917549967765808
5,7,-0.5472481,-0.0003672223,-0.7035881876945496
5,8,-0.54697734,0.00027079313,0.3071960508823395
5,9,-0.5469267,5.0653263e-05,-0.26355692744255066
5,10,-0.5466227,0.0003040063,0.05235770717263222
5,11,-0.54606867,0.000554001,0.05163506418466568
5,12,-0.54503095,0.0010377065,0.21020595729351044
5,13,-0.54251117,0.0025197766,0.8809596300125122
5,14,-0.53985894,0.0026522465,-0.006197976414114237
5,15,-0.5381555,0.0017034631,-0.7137908339500427
5,16,-0.5366213,0.0015342415,-0.18557490408420563
5,17,-0.5337981,0.0028231586,0.7941821217536926
5,18,-0.5307903,0.0030077535,0.0720745250582695
5,19,-0.52851,0.002280374,-0.520874559879303
5,20,-0.52662015,0.0018898279,-0.28491920232772827
5,21,-0.5238149,0.0028052498,0.5951745510101318
5,22,-0.5209959,0.0028189742,0.008068894036114216
5,23,-0.5171269,0.0038689768,0.7130159735679626
5,24,-0.5124881,0.0046387697,0.5455524921417236
5,25,-0.50772035,0.0047678025,0.1415647268295288
5,26,-0.50432694,0.0033934298,-0.8368864059448242
5,27,-0.50055516,0.003771758,0.34852421283721924
5,28,-0.49657834,0.0039768266,0.2518385946750641
5,29,-0.49288547,0.0036928556,-0.054359618574380875
5,30,-0.48941353,0.0034719307,0.0060660382732748985
5,31,-0.48703095,0.002382568,-0.5556150078773499
5,32,-0.484014,0.003016943,0.6053892374038696
5,33,-0.48279324,0.0012207547,-1.0341284275054932
5,34,-0.48211437,0.000678853,-0.15774933993816376
5,35,-0.4815498,0.00056458067,0.13070541620254517
5,36,-0.48016393,0.0013858613,0.7572081685066223
5,37,-0.4798869,0.000277044,-0.5226513743400574
5,38,-0.47942302,0.00046387335,0.3424864709377289
5,39,-0.47919515,0.00022786808,0.06289594620466232
5,40,-0.47968328,-0.00048812313,-0.25596538186073303
5,41,-0.4802139,-0.00053062727,0.1906067430973053
5,42,-0.48064247,-0.00042856083,0.2843566834926605
5,43,-0.48210913,-0.0014666601,-0.477878600358963
5,44,-0.4825874,-0.00047826426,0.8658435344696045
5,45,-0.48270705,-0.00011965009,0.4436160624027252
5,46,-0.48179892,0.000908122,0.8891275525093079
5,47,-0.48119107,0.0006078503,0.008270848542451859
5,48,-0.48068494,0.0005061395,0.14365975558757782
5,49,-0.4790863,0.0015986223,0.9422988295555115
5,50,-0.47783235,0.0012539704,-0.007866481319069862
5,51,-0.4766549,0.0011774669,0.17711156606674194
5,52,-0.47526792,0.0013869571,0.3736044764518738
5,53,-0.47292727,0.002340651,0.8766043186187744
5,54,-0.4701534,0.0027738689,0.5411948561668396
5,55,-0.46848243,0.0016709445,-0.4691995084285736
5,56,-0.46774963,0.0007328186,-0.35108959674835205
5,57,-0.4671854,0.00056421815,0.16554078459739685
5,58,-0.46746182,-0.00027642085,-0.2797037363052368
5,59,-0.46738514,7.668435e-05,0.5147632956504822
5,60,-0.46781427,-0.00042912015,-0.057465195655822754
5,61,-0.4677234,9.087821e-05,0.6242879629135132
5,62,-0.4695379,-0.0018145072,-0.9921865463256836
5,63,-0.47119024,-0.0016523344,0.37723609805107117
5,64,-0.47286427,-0.0016740214,0.24650639295578003
5,65,-0.4750001,-0.0021358496,-0.055191244930028915
5,66,-0.47899917,-0.00399905,-1.144182562828064
5,67,-0.4832187,-0.0042195264,0.07534871250391006
5,68,-0.48780572,-0.0045870165,-0.04358654096722603
5,69,-0.4931641,-0.005358376,-0.3356180787086487
5,70,-0.49934807,-0.00618397,-0.39843377470970154
5,71,-0.5055529,-0.006204813,0.10725116729736328
5,72,-0.51105905,-0.0055061355,0.5559700727462769
5,73,-0.51622725,-0.005168193,0.28797873854637146
5,74,-0.52096194,-0.0047347033,0.3258478343486786
5,75,-0.52623343,-0.005271513,-0.3446889817714691
5,76,-0.53157264,-0.005339213,-0.058306749910116196
5,77,-0.5383521,-0.006779415,-1.07638418674469
5,78,-0.544361,-0.006008908,0.43992894887924194
5,79,-0.5500409,-0.0056799147,0.11558506637811661
5,80,-0.55562466,-0.0055837445,-0.06795836985111237
5,81,-0.56093615,-0.0053114756,0.021629396826028824
5,82,-0.56746817,-0.0065320306,-1.7878865003585815
5,83,-0.57277125,-0.005303058,0.6006007790565491
5,84,-0.5792068,-0.0064356006,-1.3648254871368408
5,85,-0.5859513,-0.006744532,-0.4827064871788025
5,86,-0.5933071,-0.0073557673,-0.7174379825592041
5,87,-0.59916955,-0.005862476,0.6495211124420166
5,88,-0.6041701,-0.0050005503,0.19999173283576965
5,89,-0.6084684,-0.0042983387,0.06919591128826141
5,90,-0.6113323,-0.002863889,0.5365214347839355
5,91,-0.61283123,-0.0014989151,0.47636228799819946
5,92,-0.61442775,-0.0015965387,-0.5059349536895752
5,93,-0.61531115,-0.00088338344,0.026891125366091728
5,94,-0.6160989,-0.0007877303,-0.3890294134616852
5,95,-0.6169271,-0.0008281994,-0.4835667908191681
5,96,-0.6179868,-0.0010597329,-0.6149243116378784
5,97,-0.6197648,-0.0017780251,-0.9445199966430664
5,98,-0.62123746,-0.0014726758,-0.270621657371521
5,99,-0.62071717,0.0005202963,0.8474059104919434
5,100,-0.620103,0.00061414,-0.41618841886520386
5,101,-0.6176059,0.0024970644,0.7794741988182068
5,102,-0.61454064,0.003065304,-0.0850033387541771
5,103,-0.61101055,0.0035300641,-0.13924919068813324
5,104,-0.6064619,0.0045486973,0.24702198803424835
5,105,-0.6012068,0.005255122,0.060888368636369705
5,106,-0.5956855,0.0055213263,-0.207074373960495
5,107,-0.58911324,0.00657223,0.3429716229438782
5,108,-0.58300596,0.006107289,-0.6354278922080994
5,109,-0.5762755,0.006730454,0.11997760832309723
5,110,-0.5685479,0.00772761,0.4024817943572998
5,111,-0.5600861,0.008461826,0.2654118537902832
5,112,-0.5513112,0.008774898,0.026642803102731705
5,113,-0.541371,0.009940195,0.6384623050689697
5,114,-0.5298158,0.011555169,0.9878299832344055
5,115,-0.51686704,0.012948771,0.8979845643043518
5,116,-0.5036539,0.013213139,0.2099016010761261
5,117,-0.49054074,0.013113155,0.033009208738803864
5,118,-0.47715995,0.0133808,0.34344974160194397
5,119,-0.46271786,0.014442081,0.9389638304710388
5,120,-0.4481573,0.014560545,0.3816910684108734
5,121,-0.43265775,0.015499552,1.1394683122634888
5,122,-0.41797262,0.0146851195,-0.09386961162090302
5,123,-0.40343896,0.014533667,0.41836807131767273
5,124,-0.3882871,0.015151859,1.069913387298584
5,125,-0.37289077,0.015396328,0.8211092352867126
5,126,-0.35839525,0.014495517,0.127588152885437
5,127,-0.34631038,0.012084858,-0.8144919276237488
5,128,-0.33399338,0.012317003,1.033372163772583
5,129,-0.32199556,0.011997827,0.6849411725997925
5,130,-0.3104904,0.011505163,0.6192331910133362
5,131,-0.3002156,0.01027481,0.1741875559091568
5,132,-0.29110786,0.00910774,0.25712499022483826
5,133,-0.28391153,0.00719633,-0.2038019597530365
5,134,-0.27896094,0.0049505704,-0.39937466382980347
5,135,-0.2748644,0.004096549,0.5469536781311035
5,136,-0.2712996,0.0035648018,0.7769280672073364
5,137,-0.2685811,0.0027185094,0.5802540183067322
5,138,-0.2667231,0.0018579818,0.580606997013092
5,139,-0.2652428,0.0014803163,0.9091984033584595
5,140,-0.2647405,0.00050229504,0.5142602324485779
5,141,-0.26539165,-0.0006511566,0.3990994095802307
5,142,-0.26734677,-0.0019551087,0.2964411675930023
5,143,-0.27086884,-0.0035220645,0.11409890651702881
5,144,-0.27583688,-0.004968048,0.18202465772628784
5,145,-0.2809967,-0.0051598246,1.2403898239135742
5,146,-0.2863196,-0.0053229076,1.035057783126831
5,147,-0.29283753,-0.0065179034,0.292046457529068
5,148,-0.29958493,-0.0067473906,0.9108364582061768
5,149,-0.30662408,-0.0070391456,0.8431383371353149
5,150,-0.3141155,-0.007491414,0.7083573937416077
5,151,-0.32213125,-0.008015759,0.6302558779716492
5,152,-0.3300886,-0.007957333,0.9860685467720032
5,153,-0.33834338,-0.008254804,0.7157990336418152
5,154,-0.348061,-0.009717614,-0.09588354825973511
5,155,-0.35881117,-0.010750174,0.1493079960346222
5,156,-0.36985695,-0.01104578,0.5937139391899109
5,157,-0.38110518,-0.011248218,0.6067842841148376
5,158,-0.39274135,-0.011636163,0.4323360025882721
5,159,-0.40383393,-0.011092579,1.3299752473831177
5,160,-0.41623724,-0.012403323,-0.2878066599369049
5,161,-0.42959067,-0.013353438,-0.10583515465259552
5,162,-0.4442787,-0.014688014,-0.42588281631469727
5,163,-0.45845994,-0.014181245,0.7307143211364746
5,164,-0.47306132,-0.014601377,0.04353741928935051
5,165,-0.48828617,-0.01522484,-0.16392159461975098
5,166,-0.503812,-0.015525843,-0.02443571574985981
5,167,-0.51955056,-0.015738524,-0.04291161894798279
5,168,-0.53618646,-0.016635891,-0.5780043005943298
5,169,-0.5528372,-0.016650751,-0.07282990962266922
5,170,-0.5695192,-0.016682005,-0.1668405383825302
5,171,-0.58488476,-0.015365533,0.6487712264060974
5,172,-0.59829324,-0.013408473,1.0098191499710083
5,173,-0.6118446,-0.0135513265,-0.46559053659439087
5,174,-0.6246667,-0.0128220925,0.05006282031536102
5,175,-0.6357496,-0.011082912,0.661821722984314
5,176,-0.645125,-0.009375413,0.5880981683731079
5,177,-0.65229034,-0.007165361,0.8791086077690125
5,178,-0.6573745,-0.0050841398,0.7598893046379089
5,179,-0.6611693,-0.0037947826,0.20850418508052826
5,180,-0.6644821,-0.0033128408,-0.34719666838645935
5,181,-0.6681317,-0.0036495724,-0.9081188440322876
5,182,-0.6698531,-0.0017213749,0.5852327942848206
5,183,-0.67098886,-0.00113577,-0.317629873752594
5,184,-0.6712242,-0.00023534485,-0.11288656294345856
5,185,-0.67034096,0.0008832279,0.031481944024562836
5,186,-0.6678636,0.002477319,0.35248661041259766
5,187,-0.66297525,0.004888329,0.908324658870697
5,188,-0.6555718,0.0074034585,1.2788008451461792
5,189,-0.64870423,0.006867599,-1.352958083152771
5,190,-0.6417655,0.006938737,-0.5635197162628174
5,191,-0.63462543,0.0071400516,-0.444326251745224
5,192,-0.6261332,0.008492241,0.356533944606781
5,193,-0.61570996,0.010423216,0.782691240310669
5,194,-0.6048297,0.010880237,-0.15003596246242523
5,195,-0.59262383,0.01220592,0.4816419780254364
5,196,-0.5801091,0.012514684,-0.13682149350643158
5,197,-0.56727445,0.012834668,-0.06787765771150589
5,198,-0.55429125,0.012983176,-0.11874918639659882
5,199,-0.5415122,0.012779052,-0.2893277704715729
5,200,-0.5277049,0.013807308,0.5959794521331787
5,201,-0.51256686,0.015138029,0.8666170835494995
5,202,-0.49840567,0.014161189,-0.5960772037506104
5,203,-0.48459893,0.013806717,-0.11046941578388214
5,204,-0.4699505,0.014648424,0.7556933760643005
5,205,-0.4572027,0.012747797,-1.1495071649551392
5,206,-0.44545737,0.011745345,-0.3385119140148163
5,207,-0.43452245,0.010934924,-0.1531422883272171
5,208,-0.42334035,0.011182113,0.6048918962478638
5,209,-0.4120712,0.011269146,0.5517902374267578
5,210,-0.401187,0.010884205,0.2906646132469177
5,211,-0.39087477,0.01031223,0.21707777678966522
5,212,-0.38132128,0.009553497,0.14040066301822662
5,213,-0.37146136,0.009859931,0.8942716121673584
5,214,-0.36229184,0.009169506,0.2742672264575958
5,215,-0.35365486,0.008636991,0.4204120934009552
5,216,-0.34521645,0.008438412,0.6809983253479004
5,217,-0.3380486,0.0071678585,0.0029101145919412374
5,218,-0.33115512,0.006893476,0.6976538300514221
5,219,-0.32510403,0.0060511036,0.3480675518512726
5,220,-0.3192672,0.0058368277,0.7919989824295044
5,221,-0.31367233,0.005594889,0.7975733280181885
5,222,-0.31104985,0.002622473,-1.3349231481552124
5,223,-0.30878457,0.0022652627,0.7540369033813477
5,224,-0.30767778,0.0011067863,0.2289372980594635
5,225,-0.30716354,0.00051422516,0.6106326580047607
5,226,-0.3071248,3.8730075e-05,0.6907258629798889
5,227,-0.30790293,-0.0007781391,0.46329742670059204
5,228,-0.30897978,-0.0010768602,0.8056280612945557
5,229,-0.31025112,-0.0012713511,0.8708138465881348
5,230,-0.31315967,-0.0029085665,-0.09609366208314896
5,231,-0.31604376,-0.002884088,1.3097326755523682
5,232,-0.31888586,-0.0028420934,1.0757052898406982
5,233,-0.3230851,-0.004199234,0.055664364248514175
5,234,-0.32976013,-0.006675043,-0.7073500752449036
5,235,-0.33656153,-0.006801392,0.8312528729438782
5,236,-0.34377795,-0.007216415,0.6101977825164795
5,237,-0.35126075,-0.007482804,0.6785321831703186
5,238,-0.36007592,-0.008815158,-0.06442488729953766
5,239,-0.36869088,-0.008614946,0.9186868667602539
5,240,-0.378073,-0.009382137,0.23549897968769073
5,241,-0.38789266,-0.009819665,0.4130484461784363
5,242,-0.3987077,-0.010815011,-0.003622643416747451
5,243,-0.4093049,-0.01059721,0.75514817237854
5,244,-0.4192426,-0.009937717,1.1095995903015137
5,245,-0.4291961,-0.009953499,0.5027779340744019
5,246,-0.4405038,-0.01130772,-0.43708544969558716
5,247,-0.45146367,-0.01095986,0.6430919766426086
5,248,-0.46244574,-0.010982067,0.34306231141090393
5,249,-0.4736671,-0.011221349,0.14453130960464478
5,250,-0.48457637,-0.010909299,0.45675933361053467
5,251,-0.49555767,-0.010981291,0.14667268097400665
5,252,-0.5073533,-0.011795667,-0.40287744998931885
5,253,-0.5192461,-0.011892777,0.016455532982945442
5,254,-0.5316987,-0.012452601,-0.3514533042907715
5,255,-0.5441933,-0.012494643,-0.06852352619171143
5,256,-0.5562405,-0.012047152,0.19542048871517181
5,257,-0.5680895,-0.011848994,-0.030842076987028122
5,258,-0.57940334,-0.011313852,0.13496744632720947
5,259,-0.5903078,-0.010904403,-0.004755448549985886
5,260,-0.60062456,-0.010316815,0.06040238216519356
5,261,-0.6113387,-0.010714096,-0.6465641856193542
5,262,-0.62098217,-0.009643484,0.28009000420570374
5,263,-0.6295508,-0.00856862,0.23655559122562408
5,264,-0.63704354,-0.007492737,0.19637100398540497
5,265,-0.6437486,-0.006705071,-0.031226469203829765
5,266,-0.6495462,-0.0057976325,0.017134135589003563
5,267,-0.65406364,-0.0045174477,0.23859700560569763
5,268,-0.6580881,-0.00402447,-0.3071449100971222
5,269,-0.66059804,-0.0025099614,0.3553222119808197
5,270,-0.6622486,-0.001650554,-0.09293545037508011
5,271,-0.66316855,-0.0009199528,-0.18636362254619598
5,272,-0.6627784,0.00039018004,0.19578588008880615
5,273,-0.66104996,0.001728404,0.21629607677459717
5,274,-0.6582048,0.0028451812,0.07657361030578613
5,275,-0.6542564,0.003948383,0.08058086782693863
5,276,-0.648997,0.0052593676,0.2373022884130478
5,277,-0.64276975,0.006227247,0.03294627368450165
5,278,-0.63576657,0.0070031965,-0.0659426897764206
5,279,-0.6284036,0.007362976,-0.31046122312545776
5,280,-0.6199371,0.008466483,0.2202386111021042
5,281,-0.61048,0.009457113,0.18540611863136292
5,282,-0.599619,0.010861057,0.5064581036567688
5,283,-0.58731854,0.012300412,0.5827558040618896
5,284,-0.57458913,0.012729423,-0.030654657632112503
5,285,-0.5621381,0.012451073,-0.4395250082015991
5,286,-0.5495852,0.012552834,-0.12442682683467865
5,287,-0.5360414,0.013543817,0.5308550000190735
5,288,-0.5232,0.012841406,-0.5304722785949707
5,289,-0.5103414,0.012858588,0.013448494486510754
5,290,-0.49655962,0.0137818,0.6817440390586853
5,291,-0.4829636,0.013596028,0.011199770495295525
5,292,-0.47018617,0.012777426,-0.343061238527298
5,293,-0.45884305,0.011343111,-0.6902884244918823
5,294,-0.4471054,0.011737647,0.5847691893577576
5,295,-0.43720958,0.00989583,-0.8487587571144104
5,296,-0.42721087,0.009998708,0.4957118034362793
5,297,-0.41752157,0.009689313,0.26898831129074097
5,298,-0.40775058,0.009770978,0.5759226679801941
5,299,-0.39772788,0.010022694,0.7354612946510315
5,300,-0.3876671,0.0100608,0.6399082541465759
5,301,-0.37750253,0.010164553,0.7301455140113831
5,302,-0.3681888,0.009313723,0.14009754359722137
5,303,-0.35990173,0.00828707,0.06476783007383347
5,304,-0.3513301,0.008571615,0.9756771922111511
5,305,-0.34332144,0.008008672,0.44821423292160034
5,306,-0.33541,0.007911453,0.7932695150375366
5,307,-0.3278438,0.0075662,0.6615806818008423
5,308,-0.32133985,0.006503944,0.21530626714229584
5,309,-0.31567526,0.0056645847,0.39079827070236206
5,310,-0.31005076,0.0056245076,0.9467814564704895
5,311,-0.30568236,0.0043684067,0.15878599882125854
5,312,-0.30167776,0.0040045916,0.7710680961608887
5,313,-0.29835668,0.0033210898,0.5737643837928772
5,314,-0.2965223,0.0018343966,0.05131146311759949
5,315,-0.2952997,0.001222566,0.6416938304901123
5,316,-0.29627603,-0.0009763116,-0.4115960896015167
5,317,-0.2986661,-0.002390053,0.10804293304681778
5,318,-0.3018568,-0.0031906988,0.5074688792228699
5,319,-0.30564153,-0.003784746,0.632696807384491
5,320,-0.30973658,-0.0040950617,0.8068963885307312
5,321,-0.3142363,-0.0044997223,0.7276718020439148
5,322,-0.31990927,-0.005672961,0.19717110693454742
5,323,-0.32557768,-0.005668388,0.9592866897583008
5,324,-0.3329492,-0.007371509,-0.20252589881420135
5,325,-0.34048632,-0.007537141,0.7916980385780334
5,326,-0.34823325,-0.007746938,0.7303389310836792
5,327,-0.3559273,-0.0076940325,0.872206449508667
5,328,-0.36407638,-0.008149076,0.5000855326652527
5,329,-0.37262028,-0.008543902,0.5042957067489624
5,330,-0.38233536,-0.009715073,-0.05143587663769722
5,331,-0.39312747,-0.010792111,-0.03266143053770065
5,332,-0.4051394,-0.012011904,-0.17736907303333282
5,333,-0.4166196,-0.011480201,0.9343768358230591
5,334,-0.428301,-0.011681399,0.39162853360176086
5,335,-0.44047567,-0.012174676,0.1411730945110321
5,336,-0.45281205,-0.012336386,0.303514301776886
5,337,-0.46535096,-0.012538904,0.21626760065555573
5,338,-0.47917745,-0.013826501,-0.568638265132904
5,339,-0.49312693,-0.0139494715,0.13946951925754547
5,340,-0.50670284,-0.013575939,0.4011683464050293
5,341,-0.51932913,-0.012626274,0.7175541520118713
5,342,-0.53111243,-0.011783329,0.5833109021186829
5,343,-0.54326147,-0.012149045,-0.28137579560279846
5,344,-0.5549349,-0.01167345,0.21880704164505005
5,345,-0.56770813,-0.012773205,-0.889620304107666
5,346,-0.5808426,-0.013134501,-0.46076810359954834
5,347,-0.5923295,-0.01148691,0.8135794401168823
5,348,-0.6026257,-0.010296216,0.45257219672203064
5,349,-0.6133263,-0.010700569,-0.6610119938850403
5,350,-0.62256765,-0.009241322,0.5295916795730591
5,351,-0.63083655,-0.008268865,0.1606990098953247
5,352,-0.63709503,-0.0062584947,0.8132593631744385
5,353,-0.64401865,-0.0069236252,-1.4252516031265259
5,354,-0.6504255,-0.006406854,-0.24457380175590515
5,355,-0.6557838,-0.005358306,0.08008778095245361
5,356,-0.6599204,-0.004136637,0.17070792615413666
5,357,-0.66238004,-0.0024596483,0.4552261233329773
5,358,-0.6630082,-0.0006281708,0.5469528436660767
5,359,-0.66313994,-0.00013173558,-0.34594669938087463
5,360,-0.66281474,0.00032522943,-0.37286198139190674
5,361,-0.6617238,0.0010909523,-0.16553744673728943
5,362,-0.6600427,0.001681083,-0.2776094973087311
5,363,-0.6568037,0.0032389981,0.3752827048301697
5,364,-0.65308326,0.003720452,-0.3274700343608856
5,365,-0.6474079,0.0056753987,0.6720350980758667
5,366,-0.6412392,0.0061686896,-0.2760492265224457
5,367,-0.6335975,0.0076417555,0.4059762954711914
5,368,-0.62527317,0.008324304,-0.08503364771604538
5,369,-0.6151843,0.010088871,0.6758529543876648
5,370,-0.60378075,0.0114035765,0.4242825508117676
5,371,-0.5914322,0.012348527,0.23291224241256714
5,372,-0.57871836,0.012713878,-0.09326322376728058
5,373,-0.56709296,0.011625394,-2.003006935119629
5,374,-0.55609953,0.010993425,-0.6381672620773315
5,375,-0.54481375,0.011285766,0.03264782205224037
5,376,-0.53376275,0.011050998,-0.262515127658844
5,377,-0.52229404,0.011468688,0.2276480346918106
5,378,-0.5114026,0.010891454,-0.3782989978790283
5,379,-0.49964276,0.011759861,0.6399053335189819
5,380,-0.48750973,0.012133044,0.36846548318862915
5,381,-0.47672492,0.0107847955,-0.71873939037323
5,382,-0.4674135,0.009311397,-0.7486685514450073
5,383,-0.45796794,0.009445567,0.3690444231033325
5,384,-0.44902042,0.0089475345,-0.0059836264699697495
5,385,-0.4403856,0.008634794,0.16129493713378906
5,386,-0.43321797,0.0071676243,-0.5663551688194275
5,387,-0.42817596,0.0050420146,-0.9706859588623047
5,388,-0.42389438,0.0042815693,-0.03633928298950195
5,389,-0.4204231,0.0034712842,-0.04906860738992691
5,390,-0.41772258,0.002700501,-0.0061751725152134895
5,391,-0.4154125,0.0023100923,0.2602520287036896
5,392,-0.41295692,0.0024555589,0.6284622550010681
5,393,-0.41190025,0.0010566753,-0.38948220014572144
5,394,-0.41025075,0.0016494921,0.9433102011680603
5,395,-0.410325,-7.4244e-05,-0.59327632188797
5,396,-0.40973252,0.00059245934,1.0252715349197388
5,397,-0.40999842,-0.0002658954,-0.013913300819694996
5,398,-0.4118077,-0.0018092634,-0.4718416631221771
5,399,-0.41364533,-0.001837642,0.5296170115470886
5,400,-0.41646305,-0.0028177341,-0.11354323476552963
5,401,-0.4200285,-0.0035654667,0.02801496721804142
5,402,-0.423156,-0.0031274832,0.8015481233596802
5,403,-0.42711824,-0.0039622583,-0.06186855584383011
5,404,-0.4317492,-0.004630942,0.029906170442700386
5,405,-0.4365953,-0.004846105,0.3100164532661438
5,406,-0.44137678,-0.0047814986,0.4731656014919281
5,407,-0.44614092,-0.004764125,0.41853591799736023
5,408,-0.45030499,-0.0041640587,0.7838574647903442
5,409,-0.45486715,-0.0045621563,0.09812463074922562
5,410,-0.4589936,-0.0041264687,0.6316865682601929
5,411,-0.46423554,-0.0052419435,-0.4226427674293518
5,412,-0.46927688,-0.0050413427,0.4289834797382355
5,413,-0.47450218,-0.00522529,0.1477772295475006
5,414,-0.4813913,-0.006889123,-0.8646255731582642
5,415,-0.49009615,-0.008704834,-1.0535062551498413
5,416,-0.49755183,-0.0074556805,1.235622763633728
5,417,-0.504218,-0.0066661257,0.6564719676971436
5,418,-0.51109284,-0.006874871,-0.04231423884630203
5,419,-0.51773846,-0.006645634,0.2153397500514984
5,420,-0.5255852,-0.0078467345,-0.7714336514472961
5,421,-0.53240305,-0.0068179006,0.6759572625160217
5,422,-0.53921384,-0.0068107713,-0.03926349803805351
5,423,-0.5473307,-0.008116855,-0.9487693905830383
5,424,-0.5539781,-0.006647411,0.861070454120636
5,425,-0.56084526,-0.006867163,-0.2981877028942108
5,426,-0.56641203,-0.005566756,0.6810928583145142
5,427,-0.5718181,-0.0054060947,-0.10637081414461136
5,428,-0.5765402,-0.004722085,0.21574987471103668
5,429,-0.58125716,-0.0047169854,-0.2601958215236664
5,430,-0.5855385,-0.0042813453,0.003570238361135125
5,431,-0.59008306,-0.0045445776,-0.4834077060222626
5,432,-0.5937371,-0.0036540753,0.2634463906288147
5,433,-0.5957397,-0.002002619,0.7528612017631531
5,434,-0.59688544,-0.0011457149,0.21337389945983887
5,435,-0.5969836,-9.818186e-05,0.33486703038215637
5,436,-0.5964032,0.0005804527,0.0884556919336319
5,437,-0.59562844,0.0007747291,-0.2316170632839203
5,438,-0.59556866,5.9788308e-05,-0.8339792490005493
5,439,-0.59468985,0.00087878195,0.18893569707870483
5,440,-0.59393585,0.0007539985,-0.4359557628631592
5,441,-0.5931645,0.000771355,-0.3375103175640106
5,442,-0.5916354,0.0015290979,0.15985272824764252
5,443,-0.5886346,0.0030008159,0.643319308757782
5,444,-0.58527696,0.0033576295,-0.08524426072835922
5,445,-0.5804622,0.004814757,0.6647840738296509
5,446,-0.57427263,0.0061895596,0.6335949301719666
5,447,-0.5670258,0.007246868,0.4524778723716736
5,448,-0.5589606,0.008065151,0.32900068163871765
5,449,-0.5495679,0.009392731,0.7085751891136169
5,450,-0.5407632,0.0088046575,-0.5217629671096802
5,451,-0.53171045,0.0090527395,0.0796038880944252
5,452,-0.52229226,0.0094182,0.2030857652425766
5,453,-0.51192147,0.010370763,0.6415746212005615
5,454,-0.5006845,0.011236982,0.6358542442321777
5,455,-0.48984972,0.010834771,-0.15365977585315704
5,456,-0.47946662,0.01038311,-0.13265082240104675
5,457,-0.4703385,0.009128126,-0.6166385412216187
5,458,-0.46145827,0.008880222,0.09990043938159943
5,459,-0.4522667,0.009191572,0.5164723992347717
5,460,-0.44492713,0.0073395744,-0.8807204961776733
5,461,-0.43858567,0.0063414443,-0.2757036089897156
5,462,-0.43272057,0.005865084,0.1028987318277359
5,463,-0.42796183,0.0047587375,-0.2887815237045288
5,464,-0.4252183,0.0027435098,-0.8718339800834656
5,465,-0.4224289,0.0027894187,0.515397846698761
5,466,-0.42034313,0.002085765,0.029016215354204178
5,467,-0.41751945,0.0028236732,1.0670403242111206
5,468,-0.41454464,0.0029747959,0.6222375631332397
5,469,-0.4120657,0.0024789178,0.2050100713968277
5,470,-0.41078123,0.0012844722,-0.24897944927215576
5,471,-0.41026583,0.0005153992,0.04066452756524086
5,472,-0.4104946,-0.00022877377,0.05969465896487236
5,473,-0.41037703,0.00011756634,0.7856249213218689
5,474,-0.4102652,0.000111810856,0.5514488220214844
5,475,-0.41145515,-0.0011899589,-0.3120335340499878
5,476,-0.41300014,-0.0015449855,0.31351587176322937
5,477,-0.41459116,-0.0015910197,0.5122130513191223
5,478,-0.41733804,-0.0027468887,-0.23520413041114807
5,479,-0.422183,-0.00484495,-0.8763569593429565
5,480,-0.42927688,-0.007093888,-1.5752071142196655
5,481,-0.43708205,-0.0078051765,-0.008851410821080208
5,482,-0.4456591,-0.008577051,-0.0868397057056427
5,483,-0.45426506,-0.008605963,0.36688223481178284
5,484,-0.46269256,-0.008427498,0.46315059065818787
5,485,-0.47161695,-0.008924396,-0.02842605859041214
5,486,-0.4797118,-0.008094858,0.8118820190429688
5,487,-0.48807642,-0.008364621,0.03895990923047066
5,488,-0.49520695,-0.0071305344,1.1120691299438477
5,489,-0.5024897,-0.00728271,0.04033704102039337
5,490,-0.5104753,-0.007985566,-0.3630954325199127
5,491,-0.5186543,-0.008178988,-0.06334715336561203
5,492,-0.52656144,-0.00790717,0.20593343675136566
5,493,-0.5348607,-0.008299205,-0.27617040276527405
5,494,-0.5428912,-0.008030543,0.12280920147895813
5,495,-0.55007637,-0.007185161,0.4671797454357147
5,496,-0.55683714,-0.0067607807,0.15067164599895477
5,497,-0.5641135,-0.0072763367,-0.5096206665039062
5,498,-0.5707973,-0.006683847,0.1929178535938263
5,499,-0.5766939,-0.005896552,0.28965818881988525
5,500,-0.5830768,-0.0063828914,-0.5885805487632751
5,501,-0.59002215,-0.0069453837,-0.670809268951416
5,502,-0.5965906,-0.00656841,-0.07860749214887619
5,503,-0.601638,-0.005047418,0.651945173740387
5,504,-0.6060588,-0.00442075,0.031137436628341675
5,505,-0.6106314,-0.0045726374,-0.5093659162521362
5,506,-0.61503893,-0.0044074967,-0.32014188170433044
5,507,-0.61935306,-0.0043141264,-0.38924139738082886
5,508,-0.6236129,-0.004259806,-0.43600013852119446
5,509,-0.6276283,-0.0040154504,-0.32969728112220764
5,510,-0.6311148,-0.0034864752,-0.15909498929977417
5,511,-0.6345491,-0.0034342885,-0.4935159683227539
5,512,-0.6386002,-0.0040510795,-0.9557587504386902
5,513,-0.64123183,-0.0026316703,0.38260501623153687
5,514,-0.6426242,-0.0013923735,0.2501649558544159
5,515,-0.6431927,-0.00056852796,-0.033330369740724564
5,516,-0.6428818,0.0003108812,0.0010496785398572683
5,517,-0.6426343,0.0002475393,-0.6259952783584595
5,518,-0.64295954,-0.00032525227,-0.9644689559936523
5,519,-0.64183307,0.0011264394,0.3836631178855896
5,520,-0.6397858,0.002047257,0.03502549231052399
5,521,-0.6374344,0.0023513774,-0.36649611592292786
5,522,-0.6343037,0.0031307566,-0.03859293460845947
5,523,-0.6310035,0.003300171,-0.4304618239402771
5,524,-0.6266306,0.004372879,0.18735918402671814
5,525,-0.62159866,0.0050319345,-0.06762479245662689
5,526,-0.6147312,0.0068674623,0.7407141327857971
5,527,-0.60701233,0.0077188797,0.11760497838258743
5,528,-0.5992449,0.0077674147,-0.3803717792034149
5,529,-0.5908643,0.008380617,0.033808980137109756
5,530,-0.58169746,0.009166854,0.19010865688323975
5,531,-0.5720912,0.0096062645,0.003915130626410246
5,532,-0.5618981,0.010193111,0.14962361752986908
5,533,-0.5502636,0.011634537,0.7698748707771301
5,534,-0.53976053,0.010503061,-0.8874988555908203
5,535,-0.53048074,0.009279793,-0.8962888717651367
5,536,-0.5217864,0.0086943265,-0.4247184991836548
5,537,-0.5116057,0.010180734,1.1361080408096313
5,538,-0.5012238,0.01038186,0.1940365582704544
5,539,-0.49046594,0.010757875,0.3624677062034607
5,540,-0.48034367,0.010122267,-0.25834694504737854
5,541,-0.47105274,0.009290932,-0.338554322719574
5,542,-0.46235877,0.008693969,-0.13633155822753906
5,543,-0.45376375,0.008595023,0.23851656913757324
5,544,-0.44439617,0.00936759,0.861670732498169
5,545,-0.43578804,0.0086081205,-0.11401592195034027
5,546,-0.42641535,0.009372671,0.9436938762664795
5,547,-0.41774136,0.008673995,0.013278366066515446
5,548,-0.40918636,0.008555005,0.4411087930202484
5,549,-0.4009871,0.0081992885,0.32375118136405945
5,550,-0.39374006,0.0072470405,-0.03550508990883827
5,551,-0.38667804,0.007062011,0.5096409916877747
5,552,-0.37944758,0.007230454,0.777809202671051
5,553,-0.37258694,0.006860655,0.45196664333343506
5,554,-0.36688504,0.0057019135,-0.04299939423799515
5,555,-0.36280644,0.0040786113,-0.32718130946159363
5,556,-0.358877,0.0039294353,0.6736931204795837
5,557,-0.3564757,0.0024013035,-0.22825953364372253
5,558,-0.35443875,0.0020369545,0.5581451654434204
5,559,-0.35346827,0.00097049103,0.09898508340120316
5,560,-0.35273972,0.0007285497,0.6529039740562439
5,561,-0.35245132,0.0002883885,0.5239338874816895
5,562,-0.35314918,-0.0006978445,0.16114240884780884
5,563,-0.3543673,-0.0012181192,0.4687401354312897
5,564,-0.3565005,-0.0021332174,0.20020748674869537
5,565,-0.359457,-0.0029564796,0.2520943582057953
5,566,-0.3636981,-0.0042411005,-0.06847330927848816
5,567,-0.36835912,-0.0046610376,0.48923352360725403
5,568,-0.37422082,-0.0058616893,-0.05199218541383743
5,569,-0.3803493,-0.006128478,0.5442817807197571
5,570,-0.3873773,-0.0070279944,0.09472589194774628
5,571,-0.394304,-0.006926725,0.729819655418396
5,572,-0.40328354,-0.008979531,-0.7381529211997986
5,573,-0.4130529,-0.009769344,0.06205654889345169
5,574,-0.42310154,-0.010048651,0.3564481735229492
5,575,-0.43443584,-0.011334309,-0.3621971905231476
5,576,-0.44590455,-0.0114687085,0.35091766715049744
5,577,-0.4569104,-0.01100585,0.693535566329956
5,578,-0.46926868,-0.0123582855,-0.5704018473625183
5,579,-0.4820601,-0.012791435,-0.01831740327179432
5,580,-0.49537,-0.013309909,-0.13849280774593353
5,581,-0.50932324,-0.013953211,-0.28789249062538147
5,582,-0.5218835,-0.012560245,1.0340542793273926
5,583,-0.535123,-0.013239488,-0.4442523121833801
5,584,-0.54832566,-0.013202687,-0.03307540714740753
5,585,-0.5628431,-0.014517405,-1.3272429704666138
5,586,-0.5766003,-0.013757217,0.31102362275123596
5,587,-0.58889854,-0.012298222,0.7087711095809937
5,588,-0.60098517,-0.012086604,-0.1833357959985733
5,589,-0.61315894,-0.01217379,-0.44158950448036194
5,590,-0.6261691,-0.0130101405,-1.2336395978927612
5,591,-0.6375623,-0.011393167,0.5731855630874634
5,592,-0.646679,-0.009116706,0.9588594436645508
5,593,-0.65601075,-0.009331745,-0.7448712587356567
5,594,-0.6637231,-0.0077123786,0.43479272723197937
5,595,-0.6699127,-0.0061895866,0.33502644300460815
5,596,-0.6754141,-0.005501364,-0.24948781728744507
5,597,-0.6792169,-0.003802822,0.39925649762153625
5,598,-0.68339455,-0.004177623,-1.1960755586624146
5,599,-0.6879191,-0.0045245336,-1.5096250772476196
5,600,-0.68989706,-0.0019779627,0.9089868068695068
5,601,-0.6907234,-0.00082634366,-0.029679641127586365
5,602,-0.6890623,0.0016610967,0.8572421669960022
5,603,-0.68750906,0.00155322,-0.8656758666038513
5,604,-0.68375736,0.003751675,0.6787159442901611
5,605,-0.6792872,0.0044701826,-0.2913299798965454
5,606,-0.67486197,0.0044252397,-0.7804083824157715
5,607,-0.6685158,0.0063461564,0.5499865412712097
5,608,-0.66261667,0.005899118,-1.0999352931976318
5,609,-0.65458316,0.008033512,0.7478154301643372
5,610,-0.64530987,0.009273283,0.18831714987754822
5,611,-0.6353264,0.009983494,-0.12164892256259918
5,612,-0.6249216,0.010404795,-0.26736876368522644
5,613,-0.61406887,0.010852732,-0.20022407174110413
5,614,-0.60226864,0.0118002305,0.18484827876091003
5,615,-0.5905312,0.011737448,-0.4315628707408905
5,616,-0.57865673,0.011874423,-0.24110077321529388
5,617,-0.5666264,0.012030295,-0.17012496292591095
5,618,-0.55430055,0.012325873,-0.017489507794380188
5,619,-0.5425757,0.011724838,-0.5539814829826355
5,620,-0.53030413,0.01227158,0.2696613073348999
5,621,-0.5182281,0.012076024,-0.16389550268650055
5,622,-0.50708824,0.011139853,-0.5972617864608765
5,623,-0.49563095,0.011457297,0.29414859414100647
5,624,-0.483132,0.012498954,0.8341132402420044
5,625,-0.47084987,0.012282122,0.05728255212306976
5,626,-0.4590704,0.011779467,-0.072458416223526
5,627,-0.44742143,0.01164898,0.23363955318927765
5,628,-0.4368835,0.01053792,-0.36312681436538696
5,629,-0.42756045,0.009323069,-0.38119781017303467
5,630,-0.4177379,0.009822555,0.806566596031189
5,631,-0.40876853,0.00896937,-0.04833795130252838
5,632,-0.40001467,0.008753878,0.41920095682144165
5,633,-0.39146298,0.00855169,0.46906909346580505
5,634,-0.38537657,0.0060864226,-1.0204039812088013
5,635,-0.38121772,0.0041588563,-0.6135694980621338
5,636,-0.37815896,0.0030587479,-0.042951688170433044
5,637,-0.37642607,0.0017328892,-0.17956142127513885
5,638,-0.37475,0.0016760716,0.6743090748786926
5,639,-0.37325737,0.0014926115,0.5974485278129578
5,640,-0.3724591,0.0007982567,0.26357609033584595
5,641,-0.37208664,0.00037246526,0.4462083578109741
5,642,-0.37131178,0.0007748507,1.144461989402771
5,643,-0.3708567,0.0004550756,0.5220385789871216
5,644,-0.37054083,0.00031587732,0.6444644927978516
5,645,-0.37054205,-1.2295137e-06,0.5272749066352844
5,646,-0.37155452,-0.0010124829,0.06450504809617996
5,647,-0.37333074,-0.0017762047,0.22498469054698944
5,648,-0.37536013,-0.0020294017,0.5573509931564331
5,649,-0.37787637,-0.0025162392,0.3924441933631897
5,650,-0.38063976,-0.0027633947,0.5408543348312378
5,651,-0.38348138,-0.0028416177,0.6409343481063843
5,652,-0.38661426,-0.003132875,0.4859650433063507
5,653,-0.39036715,-0.0037528821,0.2524679899215698
5,654,-0.39588526,-0.005518118,-0.5282616019248962
5,655,-0.40266508,-0.0067798235,-0.21807830035686493
5,656,-0.4097198,-0.0070547024,0.40823814272880554
5,657,-0.41753915,-0.007819348,0.04861949756741524
5,658,-0.42522043,-0.0076812734,0.6134454607963562
5,659,-0.43278673,-0.00756629,0.5614374876022339
5,660,-0.4409608,-0.008174053,0.043288640677928925
5,661,-0.44970635,-0.008745558,0.027967341244220734
5,662,-0.45871425,-0.0090079075,0.19154344499111176
5,663,-0.46970573,-0.010991475,-1.3507988452911377
5,664,-0.48118624,-0.011480497,-0.057722482830286026
5,665,-0.491484,-0.010297733,1.0392481088638306
5,666,-0.501433,-0.009949037,0.3927900493144989
5,667,-0.5123548,-0.010921754,-0.5377310514450073
5,668,-0.5240326,-0.011677804,-0.4478244185447693
5,669,-0.5359712,-0.011938629,-0.1760522425174713
5,670,-0.547771,-0.01179973,0.030751032754778862
5,671,-0.55876803,-0.010997069,0.41435253620147705
5,672,-0.5694428,-0.010674779,0.039339736104011536
5,673,-0.58057094,-0.011128102,-0.5307138562202454
5,674,-0.59064037,-0.010069447,0.422294557094574
5,675,-0.6002205,-0.009580148,-0.006753803230822086
5,676,-0.60932434,-0.00910386,-0.062218233942985535
5,677,-0.6181959,-0.0088715665,-0.26905614137649536
5,678,-0.6251471,-0.0069512026,0.8135802745819092
5,679,-0.6328302,-0.0076831193,-0.9878684878349304
5,680,-0.63997024,-0.0071400204,-0.17436881363391876
5,681,-0.6466534,-0.0066831848,-0.2655525803565979
5,682,-0.65262157,-0.0059681544,-0.12470614910125732
5,683,-0.6578136,-0.005192041,-0.11171659827232361
5,684,-0.6627477,-0.004934089,-0.48111969232559204
5,685,-0.6675053,-0.0047576176,-0.5580655932426453
5,686,-0.6714851,-0.0039798245,-0.17886018753051758
5,687,-0.6742723,-0.002787191,0.07967717945575714
5,688,-0.6765232,-0.0022509135,-0.37045520544052124
5,689,-0.6774932,-0.0009700093,0.1158551573753357
5,690,-0.6778734,-0.00038014943,-0.3491864502429962
5,691,-0.6778789,-5.5282853e-06,-0.49438023567199707
5,692,-0.6782682,-0.0003892996,-1.322975516319275
5,693,-0.6773375,0.00093069504,0.13410286605358124
5,694,-0.6743045,0.003033053,0.6598425507545471
5,695,-0.6699661,0.0043383786,0.14209897816181183
5,696,-0.6660649,0.0039011955,-1.0378998517990112
5,697,-0.661124,0.0049409387,0.002321085426956415
5,698,-0.65522265,0.0059013073,-0.028037821874022484
5,699,-0.64949834,0.005724304,-0.7591517567634583
5,700,-0.64215386,0.0073444587,0.46546611189842224
5,701,-0.6332523,0.008901527,0.45768874883651733
5,702,-0.6237506,0.009501713,-0.13830852508544922
5,703,-0.61407405,0.009676574,-0.3766852617263794
5,704,-0.603385,0.010689107,0.22817952930927277
5,705,-0.59297377,0.010411202,-0.580402135848999
5,706,-0.5813107,0.011663077,0.49020713567733765
5,707,-0.5696634,0.011647302,-0.297637403011322
5,708,-0.55780876,0.01185463,-0.09137170761823654
5,709,-0.5468903,0.010918467,-0.794857919216156
5,710,-0.5356845,0.011205811,0.0751996859908104
5,711,-0.5257149,0.009969644,-0.884526789188385
5,712,-0.5154298,0.010285084,0.19971270859241486
5,713,-0.5043331,0.011096742,0.5819462537765503
5,714,-0.4924665,0.011866557,0.609485387802124
5,715,-0.4804847,0.011981813,0.23227210342884064
5,716,-0.46992356,0.010561147,-0.7321408987045288
5,717,-0.4599713,0.009952252,-0.13871194422245026
5,718,-0.45199338,0.007977938,-1.2029608488082886
5,719,-0.44308743,0.008905955,0.9739574193954468
5,720,-0.43586978,0.00721766,-0.7268758416175842
5,721,-0.4290634,0.0068063866,0.15941622853279114
5,722,-0.42149693,0.0075664874,0.9730997681617737
5,723,-0.4135394,0.007957503,0.7632409334182739
5,724,-0.4058056,0.0077338205,0.39123064279556274
5,725,-0.3975614,0.008244188,0.9170288443565369
5,726,-0.39104456,0.006516836,-0.5362898707389832
5,727,-0.38442042,0.006624139,0.7169758677482605
5,728,-0.37771976,0.00670066,0.7268614768981934
5,729,-0.37103075,0.006689009,0.6985663175582886
5,730,-0.36635438,0.004676369,-0.6052771210670471
5,731,-0.3633068,0.0030475855,-0.3284708559513092
5,732,-0.36029026,0.0030165212,0.7502171397209167
5,733,-0.3584999,0.0017903358,-0.033189982175827026
5,734,-0.35680243,0.0016974907,0.7302576303482056
5,735,-0.3567987,3.7386421e-06,-0.32955652475357056
5,736,-0.35748708,-0.0006883635,0.33822640776634216
5,737,-0.35872453,-0.0012374406,0.4305548667907715
5,738,-0.36227083,-0.003546283,-0.748062252998352
5,739,-0.36600286,-0.0037320359,0.6516799926757812
5,740,-0.37167764,-0.0056747794,-0.5362125039100647
5,741,-0.3777965,-0.0061188745,0.43751662969589233
5,742,-0.38436043,-0.0065639215,0.40928852558135986
5,743,-0.39228112,-0.007920677,-0.2283816933631897
5,744,-0.39995268,-0.0076715564,0.8058162927627563
5,745,-0.40826577,-0.008313099,0.17645525932312012
5,746,-0.4165352,-0.008269417,0.5943491458892822
5,747,-0.42590675,-0.009371563,-0.2086028903722763
5,748,-0.43602425,-0.010117488,-0.015785997733473778
5,749,-0.44724756,-0.01122331,-0.3043615520000458
5,750,-0.45880726,-0.011559697,0.1541682332754135
5,751,-0.47083914,-0.012031878,0.0071338810957968235
5,752,-0.4842079,-0.01336876,-0.6285563111305237
5,753,-0.49701694,-0.012809052,0.5696352124214172
5,754,-0.5100048,-0.012987891,0.013542212545871735
5,755,-0.523888,-0.013883162,-0.528896152973175
5,756,-0.5364604,-0.012572388,0.8724032044410706
5,757,-0.55028534,-0.013824938,-0.8993250727653503
5,758,-0.5633127,-0.01302738,0.39841488003730774
5,759,-0.5759653,-0.012652572,0.05177183821797371
5,760,-0.5881471,-0.012181806,0.0530872717499733
5,761,-0.59971035,-0.01156326,0.09163559228181839
5,762,-0.61087275,-0.011162406,-0.11002325266599655
5,763,-0.6224617,-0.011588906,-0.7157344818115234
5,764,-0.6334699,-0.011008206,-0.09996598213911057
5,765,-0.643266,-0.009796121,0.2685944139957428
5,766,-0.6536838,-0.0104177715,-1.3931338787078857
5,767,-0.6620857,-0.008401934,0.7098511457443237
5,768,-0.67008513,-0.007999393,-0.40432512760162354
5,769,-0.6765188,-0.0064336844,0.33472248911857605
5,770,-0.6809848,-0.004466012,0.5737203359603882
5,771,-0.68448925,-0.0035044767,-0.11699194461107254
5,772,-0.6877344,-0.0032451968,-0.6007250547409058
5,773,-0.69111043,-0.0033759912,-0.8751100301742554
5,774,-0.69303495,-0.001924539,0.16488713026046753
5,775,-0.69403,-0.0009950643,-0.1915173977613449
5,776,-0.6951589,-0.0011288862,-0.9047244191169739
5,777,-0.69477665,0.00038222608,0.1869804561138153
5,778,-0.6933903,0.00138635,-0.14934760332107544
5,779,-0.6904266,0.002963726,0.23886507749557495
5,780,-0.68570065,0.0047259317,0.37505412101745605
5,781,-0.68027675,0.0054238983,-0.31362733244895935
5,782,-0.6727852,0.0074915006,0.6235406398773193
5,783,-0.6637652,0.009020056,0.29775920510292053
5,784,-0.6535183,0.010246887,0.13752704858779907
5,785,-0.6433764,0.010141894,-0.7032704949378967
5,786,-0.63204867,0.011327749,0.20448672771453857
5,787,-0.62024695,0.011801731,-0.21674560010433197
5,788,-0.60684615,0.013400813,0.5895561575889587
5,789,-0.5928576,0.013988532,-0.020110249519348145
5,790,-0.5778149,0.015042748,0.3590031862258911
5,791,-0.563295,0.014519847,-0.6184877157211304
5,792,-0.5487816,0.014513451,-0.20227672159671783
5,793,-0.5346983,0.01408324,-0.4126010537147522
5,794,-0.5205666,0.014131715,-0.02317124232649803
5,795,-0.50574446,0.014822131,0.4754381477832794
5,796,-0.4898496,0.015894847,0.8043723702430725
5,797,-0.4743219,0.015527689,-0.07631415873765945
5,798,-0.45997518,0.014346712,-0.5418298840522766
5,799,-0.44581646,0.014158718,0.19086048007011414
5,800,-0.43240365,0.013412803,-0.111884705722332
5,801,-0.42001718,0.012386486,-0.23390302062034607
5,802,-0.40812305,0.011894129,0.18137499690055847
5,803,-0.39693066,0.011192378,0.09806472808122635
5,804,-0.3881656,0.008765066,-1.0660481452941895
5,805,-0.38046667,0.007698927,-0.05207134410738945
5,806,-0.37230855,0.008158122,1.1064809560775757
5,807,-0.36497927,0.007329292,0.17819252610206604
5,808,-0.35729823,0.0076810536,0.9980104565620422
5,809,-0.35011372,0.007184516,0.46641066670417786
5,810,-0.34313878,0.0069749304,0.689068078994751
5,811,-0.33605072,0.007088072,0.9342930912971497
5,812,-0.32913393,0.0069167838,0.7748489379882812
5,813,-0.3220943,0.007039633,1.2033743858337402
5,814,-0.31559458,0.0064997226,0.5873293280601501
5,815,-0.30920818,0.0063863965,0.8982762694358826
5,816,-0.30490512,0.0043030703,-0.3893232047557831
5,817,-0.3013532,0.003551943,0.5159421563148499
5,818,-0.29927483,0.002078342,0.04830750450491905
5,819,-0.29768786,0.0015869807,0.711280107498169
5,820,-0.29748276,0.00020510444,0.12379662692546844
5,821,-0.2988382,-0.0013554334,0.005487566813826561
5,822,-0.30025446,-0.0014162743,1.2981489896774292
5,823,-0.3027282,-0.002473753,0.3300339877605438
5,824,-0.30523992,-0.0025116978,1.714352011680603
5,825,-0.30915418,-0.0039142556,0.08032811433076859
5,826,-0.31383038,-0.0046761846,0.49182409048080444
5,827,-0.31977522,-0.0059448374,0.13520336151123047
5,828,-0.3260247,-0.0062494753,0.7536952495574951
5,829,-0.3338124,-0.0077876844,-0.09443776309490204
5,830,-0.34239447,-0.008582073,0.3688947856426239
5,831,-0.35255873,-0.010164272,-0.19274690747261047
5,832,-0.36245024,-0.0098915165,1.080501675605774
5,833,-0.37413183,-0.011681583,-0.4186566174030304
5,834,-0.38669273,-0.012560902,0.13632871210575104
5,835,-0.39914498,-0.012452232,0.7378935217857361
5,836,-0.41275182,-0.013606849,-0.1618325412273407
5,837,-0.427932,-0.015180171,-0.5048046112060547
5,838,-0.44281426,-0.014882259,0.6704015731811523
5,839,-0.45772317,-0.0149089005,0.3822193443775177
5,840,-0.4726893,-0.014966143,0.28907614946365356
5,841,-0.48858902,-0.015899716,-0.3688229024410248
5,842,-0.5060058,-0.017416786,-0.8366533517837524
5,843,-0.52331954,-0.017313737,0.15662330389022827
5,844,-0.5408256,-0.017506063,-0.12682035565376282
5,845,-0.5580549,-0.017229326,0.0983952134847641
5,846,-0.57452327,-0.01646833,0.3353566825389862
5,847,-0.5901256,-0.01560234,0.32369333505630493
5,848,-0.6046407,-0.014515085,0.3944060802459717
5,849,-0.6187113,-0.014070575,-0.10488928854465485
5,850,-0.6328227,-0.014111407,-0.49635663628578186
5,851,-0.645665,-0.012842306,0.3096682131290436
5,852,-0.65767395,-0.012008962,-0.04121854156255722
5,853,-0.6695386,-0.011864635,-0.5562270879745483
5,854,-0.6799847,-0.010446051,0.23911336064338684
5,855,-0.68937796,-0.009393273,-0.0517064705491066
5,856,-0.69799817,-0.00862021,-0.27976998686790466
5,857,-0.7064139,-0.008415786,-0.6964724063873291
5,858,-0.7150263,-0.008612382,-1.0848747491836548
5,859,-0.72078973,-0.0057634036,0.9939314126968384
5,860,-0.72438574,-0.0035960213,0.5154761075973511
5,861,-0.7270879,-0.0027021703,-0.3484150469303131
5,862,-0.72938895,-0.0023010504,-0.6880042552947998
5,863,-0.73040843,-0.0010194868,-0.11044608801603317
5,864,-0.72930247,0.0011059796,0.4480038583278656
5,865,-0.72751194,0.0017905215,-0.5081078410148621
5,866,-0.7256562,0.0018557098,-0.9136950969696045
5,867,-0.7232164,0.0024398237,-0.5601338744163513
5,868,-0.7185191,0.004697304,0.5654945969581604
5,869,-0.71341276,0.005106339,-0.6473101377487183
5,870,-0.70796615,0.005446592,-0.6717684268951416
5,871,-0.701196,0.006770156,0.006827186327427626
5,872,-0.6918077,0.009388309,0.8988686203956604
5,873,-0.68180406,0.010003616,-0.395596444606781
5,874,-0.6712581,0.010545964,-0.4000958502292633
5,875,-0.6595446,0.011713533,0.06399216502904892
5,876,-0.64675874,0.012785834,0.05382576957345009
5,877,-0.63290554,0.013853211,0.10970015823841095
5,878,-0.6176659,0.015239641,0.3874955177307129
5,879,-0.6010945,0.016571414,0.42373132705688477
5,880,-0.5838573,0.017237196,0.059857822954654694
5,881,-0.56684273,0.017014584,-0.4480627775192261
5,882,-0.5494342,0.017408552,0.04703183099627495
5,883,-0.5314459,0.017988255,0.25742167234420776
5,884,-0.51485807,0.016587883,-0.9728136658668518
5,885,-0.49855584,0.016302226,-0.1467394381761551
5,886,-0.4815963,0.016959554,0.5633156299591064
5,887,-0.46645093,0.015145368,-1.173074722290039
5,888,-0.4507086,0.01574233,0.6823158860206604
5,889,-0.43501076,0.015697831,0.3318880796432495
5,890,-0.4199046,0.015106184,0.043312910944223404
5,891,-0.40697026,0.012934333,-0.9377518892288208
5,892,-0.39492792,0.012042346,-0.023340212181210518
5,893,-0.38328475,0.0116431685,0.3613772392272949
5,894,-0.37251523,0.010769529,0.09860777854919434
5,895,-0.36184216,0.010673069,0.665510356426239
5,896,-0.35272533,0.00911684,-0.2600749433040619
5,897,-0.3453064,0.0074189412,-0.31449466943740845
5,898,-0.33912003,0.006186368,0.027843434363603592
5,899,-0.33453578,0.0045842538,-0.19205330312252045
5,900,-0.3318808,0.002654962,-0.39075568318367004
5,901,-0.33010054,0.0017802658,0.32347574830055237
5,902,-0.32922176,0.00087877194,0.31306686997413635
5,903,-0.32837817,0.0008435938,0.8942816853523254
5,904,-0.3278036,0.0005745544,0.7418920993804932
5,905,-0.32812452,-0.00032090273,0.3266729712486267
5,906,-0.3290989,-0.00097437634,0.4866592586040497
5,907,-0.33137524,-0.0022763174,0.050285644829273224
5,908,-0.33406278,-0.0026875346,0.634581983089447
5,909,-0.33921847,-0.005155688,-0.7480030655860901
5,910,-0.34451,-0.0052915313,0.7850419282913208
5,911,-0.3496635,-0.005153501,0.9450026750564575
5,912,-0.35532492,-0.005661419,0.49213191866874695
5,913,-0.36298335,-0.007658433,-0.5252573490142822
5,914,-0.37205788,-0.009074542,-0.17171259224414825
5,915,-0.38305685,-0.010998976,-0.5510841608047485
5,916,-0.39616552,-0.013108686,-0.7243986129760742
5,917,-0.40984538,-0.013679856,0.24097782373428345
5,918,-0.42419758,-0.014352203,0.10956024378538132
5,919,-0.44010356,-0.015905987,-0.5461841225624084
5,920,-0.45562512,-0.015521564,0.6694067716598511
5,921,-0.4710651,-0.015439984,0.3919037878513336
5,922,-0.4863635,-0.01529839,0.35597872734069824
5,923,-0.5025395,-0.016176002,-0.39928603172302246
5,924,-0.5200879,-0.017548367,-0.8096842169761658
5,925,-0.53743935,-0.017351434,0.14884383976459503
5,926,-0.5550589,-0.017619535,-0.24791716039180756
5,927,-0.5719778,-0.016918913,0.3100145757198334
5,928,-0.5872673,-0.015289476,0.8452439308166504
5,929,-0.60131294,-0.0140456455,0.5128101110458374
5,930,-0.61597306,-0.014660111,-0.7947034239768982
5,931,-0.6299,-0.013926943,0.03279617056250572
5,932,-0.6429628,-0.013062819,0.05354011431336403
5,933,-0.65372133,-0.0107585415,0.9520384669303894
5,934,-0.6637826,-0.010061239,-0.1693456470966339
5,935,-0.6723504,-0.008567817,0.31517499685287476
5,936,-0.67858595,-0.006235569,0.8355147242546082
5,937,-0.6831924,-0.004606414,0.3387892544269562
5,938,-0.68758124,-0.004388884,-0.6228090524673462
5,939,-0.6922893,-0.004708026,-1.1540335416793823
5,940,-0.6957352,-0.0034459217,0.033494580537080765
5,941,-0.6985097,-0.0027744854,-0.3753105700016022
5,942,-0.6997933,-0.0012835852,0.15896393358707428
5,943,-0.6998125,-1.9163963e-05,0.0024297030176967382
5,944,-0.6984779,0.001334563,0.06188398599624634
5,945,-0.69627035,0.002207578,-0.2528221309185028
5,946,-0.69347155,0.0027988025,-0.4311107397079468
5,947,-0.6890045,0.004467065,0.29910165071487427
5,948,-0.68317515,0.0058293496,0.1146860346198082
5,949,-0.6765447,0.0066304184,-0.2337067723274231
5,950,-0.6678953,0.008649432,0.6078317165374756
5,951,-0.6591931,0.008702241,-0.6639537215232849
5,952,-0.6494606,0.009732455,0.02738138847053051
5,953,-0.63821876,0.011241838,0.391793429851532
5,954,-0.6246341,0.013584647,1.247696876525879
5,955,-0.6103581,0.014275964,-0.03659837692975998
5,956,-0.5964089,0.013949238,-0.6467334032058716
5,957,-0.5811244,0.015284493,0.5290072560310364
5,958,-0.56532836,0.015796043,0.054830875247716904
5,959,-0.54876125,0.016567081,0.30592241883277893
5,960,-0.5326726,0.016088651,-0.44464561343193054
5,961,-0.5164243,0.016248295,0.061065346002578735
5,962,-0.50058955,0.015834723,-0.23984573781490326
5,963,-0.48441827,0.01617128,0.33932629227638245
5,964,-0.46893904,0.015479227,-0.26591750979423523
5,965,-0.45504323,0.013895823,-0.7835269570350647
5,966,-0.4426675,0.012375698,-0.673049807548523
5,967,-0.42948866,0.013178856,0.9361308813095093
5,968,-0.4163561,0.013132558,0.43345868587493896
5,969,-0.40418485,0.0121712275,-0.1138763427734375
5,970,-0.39169163,0.012493234,0.7990511059761047
5,971,-0.3796884,0.012003214,0.31577643752098083
5,972,-0.3684389,0.011249507,0.1949346661567688
5,973,-0.3574418,0.010997082,0.5798028111457825
5,974,-0.34747913,0.009962677,0.10720199346542358
5,975,-0.33858132,0.008897803,0.1302783340215683
5,976,-0.33054864,0.008032676,0.3015616238117218
5,977,-0.32402453,0.006524124,-0.0935126543045044
5,978,-0.31740937,0.0066151544,1.331906795501709
5,979,-0.3107439,0.0066654813,1.2326114177703857
5,980,-0.30490538,0.0058385055,0.44208869338035583
5,981,-0.2990919,0.005813467,1.0321166515350342
5,982,-0.29533908,0.0037528242,-0.33419233560562134
5,983,-0.29166752,0.0036715693,1.0369741916656494
5,984,-0.2894317,0.0022358433,0.11117411404848099
5,985,-0.28845587,0.0009758199,0.23686560988426208
5,986,-0.28778625,0.00066963315,0.876475989818573
5,987,-0.28826502,-0.0004787706,0.3175448179244995
5,988,-0.28900227,-0.0007372638,0.9089980125427246
5,989,-0.2911042,-0.002101921,0.168747678399086
5,990,-0.2938288,-0.0027246007,0.6553654074668884
5,991,-0.2966434,-0.0028146128,1.268923044204712
5,992,-0.29962665,-0.0029832372,0.9366941452026367
5,993,-0.30266657,-0.0030399142,0.9996935725212097
5,994,-0.30730337,-0.004636795,-0.03904752805829048
5,995,-0.31332985,-0.006026479,0.08070960640907288
5,996,-0.3205669,-0.0072370525,0.1759449988603592
5,997,-0.32893384,-0.008366939,0.20028573274612427
5,998,-0.3380398,-0.009105937,0.4262695908546448
5,999,-0.34859264,-0.01055284,-0.0839892327785492
