episode,step,position,velocity,action
1,1,-0.5561638,0.0003098296,0.04244523122906685
1,2,-0.5547052,0.001458579,0.6032667756080627
1,3,-0.55293256,0.0017726291,0.05406026169657707
1,4,-0.55164826,0.0012842877,-0.47204065322875977
1,5,-0.5504879,0.0011603541,-0.22270435094833374
1,6,-0.5487617,0.0017261765,0.24291515350341797
1,7,-0.5463713,0.0023904727,0.3171688914299011
1,8,-0.5436582,0.002713105,0.10131421685218811
1,9,-0.54102165,0.0026365814,-0.15125219523906708
1,10,-0.53737813,0.0036435155,0.5842146873474121
1,11,-0.5323199,0.005058254,0.8742817640304565
1,12,-0.5256963,0.006623655,1.0298320055007935
1,13,-0.5185242,0.0071720383,0.3551013171672821
1,14,-0.5123518,0.006172423,-0.6410386562347412
1,15,-0.5069815,0.0053703263,-0.47850680351257324
1,16,-0.5023123,0.0046691736,-0.38438329100608826
1,17,-0.49723795,0.0050743474,0.37647590041160583
1,18,-0.49086112,0.006376847,1.0019783973693848
1,19,-0.48432153,0.006539586,0.2719177305698395
1,20,-0.47661784,0.0077036987,0.9720070958137512
1,21,-0.46862718,0.007990669,0.42544180154800415
1,22,-0.46060193,0.008025254,0.29667025804519653
1,23,-0.4526889,0.007913032,0.23829738795757294
1,24,-0.4438037,0.008885209,1.0140020847320557
1,25,-0.43401125,0.009792446,1.300420880317688
1,26,-0.42356142,0.010449821,0.8808143734931946
1,27,-0.41398033,0.0095811,-0.08643526583909988
1,28,-0.40370664,0.010273701,1.0822243690490723
1,29,-0.39281288,0.010893772,1.069177269935608
1,30,-0.3825734,0.010239474,0.20108099281787872
1,31,-0.37190786,0.010665531,0.9683170914649963
1,32,-0.36133614,0.010571725,0.6700085997581482
1,33,-0.3504339,0.010902251,1.0025761127471924
1,34,-0.339919,0.010514878,0.5691537261009216
1,35,-0.3300714,0.00984761,0.42777690291404724
1,36,-0.32118165,0.008889726,0.2755955457687378
1,37,-0.31433713,0.006844516,-0.4124530851840973
1,38,-0.30813238,0.006204751,0.5524124503135681
1,39,-0.30194548,0.006186889,0.9919520020484924
1,40,-0.2963209,0.0056245793,0.6535061597824097
1,41,-0.29195717,0.004363715,0.20978693664073944
1,42,-0.28781572,0.0041414388,0.9190284013748169
1,43,-0.28379884,0.004016886,1.1888349056243896
1,44,-0.2813429,0.0024559598,0.05760475620627403
1,45,-0.279081,0.0022619013,0.9780568480491638
1,46,-0.2795586,-0.00047759738,-0.7104769349098206
1,47,-0.28320733,-0.0036487181,-1.012250304222107
1,48,-0.28711346,-0.0039061347,0.9288340210914612
1,49,-0.29114816,-0.0040346873,1.0564383268356323
1,50,-0.29532996,-0.0041818162,0.972230851650238
1,51,-0.29970637,-0.004376415,0.9244725704193115
1,52,-0.30413854,-0.0044321646,1.1708275079727173
1,53,-0.3086003,-0.0044617564,1.002135992050171
1,54,-0.31327224,-0.0046719247,0.8618789911270142
1,55,-0.31791902,-0.0046467646,1.077745795249939
1,56,-0.32453728,-0.006618247,-0.34995001554489136
1,57,-0.33259624,-0.00805898,-0.023294437676668167
1,58,-0.34267935,-0.0100831175,-0.4458220303058624
1,59,-0.35296616,-0.0102868,0.7250449061393738
1,60,-0.36321324,-0.010247074,0.8428718447685242
1,61,-0.37420958,-0.0109963305,0.2718372046947479
1,62,-0.38676712,-0.0125575485,-0.3186206817626953
1,63,-0.40044028,-0.013673143,-0.07862462848424911
1,64,-0.4161111,-0.015670843,-0.7299230694770813
1,65,-0.43283463,-0.016723506,-0.1736031025648117
1,66,-0.44963878,-0.016804168,0.39445942640304565
1,67,-0.46666637,-0.017027594,0.21782194077968597
1,68,-0.4856189,-0.018952515,-1.2591158151626587
1,69,-0.5045092,-0.018890297,0.23096776008605957
1,70,-0.5229862,-0.018476937,0.37096965312957764
1,71,-0.54234904,-0.019362891,-0.5875733494758606
1,72,-0.56007135,-0.017722338,1.0771673917770386
1,73,-0.57724553,-0.017174175,0.18344251811504364
1,74,-0.5925823,-0.015336737,0.9578810930252075
1,75,-0.60740674,-0.014824439,-0.0009288958972319961
1,76,-0.6216646,-0.014257866,-0.03692339360713959
1,77,-0.63624656,-0.014581999,-0.6993750929832458
1,78,-0.64968795,-0.0134413885,0.2078276425600052
1,79,-0.6625934,-0.01290547,-0.258239209651947
1,80,-0.67423713,-0.011643719,0.16615967452526093
1,81,-0.6837012,-0.009464114,0.7252545356750488
1,82,-0.6905102,-0.0068089846,1.1515604257583618
1,83,-0.6969203,-0.0064100656,-0.5341702699661255
1,84,-0.7023319,-0.0054116133,-0.1624472737312317
1,85,-0.707275,-0.0049430802,-0.5390986204147339
1,86,-0.71240914,-0.0051341704,-1.0386871099472046
1,87,-0.7148723,-0.0024631345,0.8863173723220825
1,88,-0.716593,-0.0017207189,-0.40979740023612976
1,89,-0.7184176,-0.0018245563,-0.9811794757843018
1,90,-0.71825343,0.00016416807,0.4062393605709076
1,91,-0.71699977,0.0012536547,-0.19256776571273804
1,92,-0.7142281,0.0027716614,0.09834831953048706
1,93,-0.7086034,0.005624713,1.042043685913086
1,94,-0.7011319,0.00747153,0.35295310616493225
1,95,-0.6914769,0.009655013,0.6093646883964539
1,96,-0.67911536,0.012361542,1.075250267982483
1,97,-0.6656929,0.013422424,-0.04242496192455292
1,98,-0.6499627,0.015730193,0.8493646383285522
1,99,-0.6323737,0.017589036,0.6224341988563538
1,100,-0.6135842,0.018789457,0.26600706577301025
1,101,-0.5927374,0.020846846,0.9271097779273987
1,102,-0.5708761,0.021861272,0.3330640196800232
1,103,-0.54802924,0.022846904,0.42149320244789124
1,104,-0.52449405,0.02353517,0.33680084347724915
1,105,-0.50240296,0.02209111,-0.9671827554702759
1,106,-0.48166975,0.020733196,-0.7993677854537964
1,107,-0.46175984,0.019909922,-0.3397568166255951
1,108,-0.44092542,0.020834424,0.9237586259841919
1,109,-0.41966152,0.021263886,0.6954502463340759
1,110,-0.39791444,0.021747096,0.8334451913833618
1,111,-0.37718347,0.020730961,-0.06378600001335144
1,112,-0.3560574,0.021126073,0.9721700549125671
1,113,-0.3348072,0.021250216,0.8856404423713684
1,114,-0.31421274,0.020594448,0.45711517333984375
1,115,-0.29358742,0.02062531,1.035764455795288
1,116,-0.27305353,0.0205339,1.045430064201355
1,117,-0.2527267,0.020326814,1.1093946695327759
1,118,-0.23271511,0.020011593,1.1418547630310059
1,119,-0.21311861,0.019596504,1.2300184965133667
1,120,-0.19487563,0.018242983,0.4351195693016052
1,121,-0.17864418,0.01623144,0.04883500561118126
1,122,-0.16345583,0.0151883485,0.7375935912132263
1,123,-0.14993419,0.013521637,0.3591255843639374
1,124,-0.13716388,0.012770304,1.1467852592468262
1,125,-0.12518488,0.011978991,1.134813666343689
1,126,-0.11411486,0.0110700205,0.9445268511772156
1,127,-0.10389976,0.010215095,1.0277553796768188
1,128,-0.09466001,0.009239756,0.9361296892166138
1,129,-0.08632012,0.008339886,1.0480778217315674
1,130,-0.07889687,0.007423244,1.0683540105819702
1,131,-0.07242457,0.0064723045,0.9862391948699951
1,132,-0.066956095,0.005468474,0.9582608342170715
1,133,-0.063223295,0.003732803,0.4760423004627228
1,134,-0.06044566,0.0027776367,1.0761288404464722
1,135,-0.058654774,0.0017908842,0.9815040826797485
1,136,-0.05812936,0.0005254159,0.7972847819328308
1,137,-0.058566026,-0.00043666636,1.2027325630187988
1,138,-0.060017113,-0.0014510878,0.964726984500885
1,139,-0.06249574,-0.0024786259,0.9546987414360046
1,140,-0.06593055,-0.0034348152,1.0170072317123413
1,141,-0.07168095,-0.0057503954,0.09045157581567764
1,142,-0.07837376,-0.0066928137,1.2497599124908447
1,143,-0.08624373,-0.00786997,0.8360394239425659
1,144,-0.09503049,-0.008786758,1.1195611953735352
1,145,-0.10471634,-0.009685848,1.1014233827590942
1,146,-0.11527984,-0.010563497,1.0483720302581787
1,147,-0.12675805,-0.011478212,0.9581759572029114
1,148,-0.1398251,-0.013067059,0.48837345838546753
1,149,-0.15413348,-0.014308383,0.6946219801902771
1,150,-0.16917932,-0.015045843,1.0649523735046387
1,151,-0.18521297,-0.016033648,0.7980361580848694
1,152,-0.20187053,-0.016657557,1.0548769235610962
1,153,-0.21908347,-0.017212942,1.0726560354232788
1,154,-0.23789962,-0.018816143,0.2506573498249054
1,155,-0.25710562,-0.019206008,1.1190178394317627
1,156,-0.27765083,-0.02054522,0.302181214094162
1,157,-0.29931322,-0.02166237,0.3763905167579651
1,158,-0.32222134,-0.022908121,0.20820249617099762
1,159,-0.34556642,-0.02334508,0.6554418802261353
1,160,-0.36877528,-0.023208868,0.9392474293708801
1,161,-0.39325938,-0.024484085,-0.10356258600950241
1,162,-0.4176417,-0.02438231,0.7030662894248962
1,163,-0.4430494,-0.025407696,-0.16268277168273926
1,164,-0.46930107,-0.026251689,-0.1638229340314865
1,165,-0.4963279,-0.027026823,-0.24646726250648499
1,166,-0.52275056,-0.026422668,0.5389719605445862
1,167,-0.5480657,-0.025315149,0.7425874471664429
1,168,-0.5737222,-0.02565644,-0.349752277135849
1,169,-0.59951454,-0.025792364,-0.3402897119522095
1,170,-0.6249529,-0.02543839,-0.140324205160141
1,171,-0.65015733,-0.02520441,-0.34301140904426575
1,172,-0.67302597,-0.022868656,0.9394716024398804
1,173,-0.6948217,-0.021795737,-0.007083820179104805
1,174,-0.716889,-0.022067297,-1.080998182296753
1,175,-0.73753905,-0.020650033,0.031649913638830185
1,176,-0.7578257,-0.020286622,-0.7554836869239807
1,177,-0.7769524,-0.01912671,-0.30383482575416565
1,178,-0.7928567,-0.015904296,1.038758635520935
1,179,-0.80743754,-0.014580819,-0.3222658038139343
1,180,-0.81943977,-0.012002238,0.4652532637119293
1,181,-0.8294081,-0.009968365,0.06339877843856812
1,182,-0.8364886,-0.0070804856,0.6018513441085815
1,183,-0.84029365,-0.003805042,0.8390079140663147
1,184,-0.8432569,-0.0029632715,-0.7945941090583801
1,185,-0.8446384,-0.0013814999,-0.30982381105422974
1,186,-0.8426557,0.0019826987,0.8745052218437195
1,187,-0.83856523,0.0040904908,0.042585283517837524
1,188,-0.83151805,0.0070472057,0.6204134225845337
1,189,-0.8211198,0.01039826,0.904248833656311
1,190,-0.8083882,0.012731636,0.25777995586395264
1,191,-0.7929655,0.015422728,0.5371345281600952
1,192,-0.7760198,0.01694567,-0.18966545164585114
1,193,-0.75655204,0.019467765,0.5365061163902283
1,194,-0.7354085,0.021143554,0.044950008392333984
1,195,-0.7112873,0.024121188,0.9958838224411011
1,196,-0.68529034,0.025996987,0.360897034406662
1,197,-0.65711164,0.028178718,0.6773636341094971
1,198,-0.6276765,0.02943518,0.18778438866138458
1,199,-0.59634036,0.031336155,0.7553415298461914
1,200,-0.56438637,0.031954005,0.05107126384973526
1,201,-0.53158015,0.03280623,0.364718496799469
1,202,-0.49790972,0.033670414,0.5362215042114258
1,203,-0.46310976,0.03479995,0.8813410997390747
1,204,-0.427261,0.035848767,1.1459879875183105
1,205,-0.39062473,0.03663625,1.1406539678573608
1,206,-0.35346562,0.03715912,0.9959551692008972
1,207,-0.3165636,0.036902003,0.6427997946739197
1,208,-0.27961645,0.03694717,1.1925325393676758
1,209,-0.24287933,0.036737114,0.9738302826881409
1,210,-0.20710833,0.035771005,0.5993960499763489
1,211,-0.1718701,0.035238236,1.105924129486084
1,212,-0.13730684,0.034563255,1.0971060991287231
1,213,-0.104235135,0.033071704,0.5328881144523621
1,214,-0.07204219,0.03219294,1.0999658107757568
1,215,-0.040791087,0.031251103,1.0915753841400146
1,216,-0.010589481,0.030201606,0.9545381665229797
1,217,0.018613387,0.029202867,1.2058913707733154
1,218,0.046820153,0.028206764,1.2037845849990845
1,219,0.073916405,0.027096255,0.9099130630493164
1,220,0.100036204,0.026119797,0.9748847484588623
1,221,0.12526774,0.025231536,1.1726146936416626
1,222,0.14961192,0.02434418,0.9587835669517517
1,223,0.17320372,0.023591798,1.2216144800186157
1,224,0.19502218,0.02181846,0.2644621729850769
1,225,0.21503934,0.02001717,0.1885974407196045
1,226,0.2331959,0.018156555,0.09130416065454483
1,227,0.2509397,0.017743785,1.046926498413086
1,228,0.26835907,0.017419374,1.0200759172439575
1,229,0.2855458,0.017186735,1.0143502950668335
1,230,0.30202767,0.016481882,0.621734619140625
1,231,0.31846747,0.016439797,1.2480896711349487
1,232,0.33354816,0.015080678,0.05605439469218254
1,233,0.3481859,0.014637736,0.6043045520782471
1,234,0.36275885,0.014572941,0.7939440608024597
1,235,0.37684503,0.0140862,0.4488605558872223
1,236,0.38942286,0.012577843,-0.29527825117111206
1,237,0.40217426,0.012751411,0.7686209678649902
1,238,0.415535,0.013360734,1.0368157625198364
1,239,0.4294211,0.013886094,0.8811440467834473
1,240,0.4441102,0.014689121,1.0931191444396973
1,241,0.45966393,0.015553718,0.9700844883918762
2,1,-0.5689969,0.0018531993,1.0925734043121338
2,2,-0.56562716,0.0033697688,0.7847567200660706
2,3,-0.5620265,0.0036006675,-0.05565313249826431
2,4,-0.5580844,0.0039420947,0.03590473532676697
2,5,-0.5537662,0.0043182187,0.07862832397222519
2,6,-0.5496316,0.004134616,-0.2730329930782318
2,7,-0.5444189,0.0052127102,0.5886978507041931
2,8,-0.5375501,0.0068687596,1.0259878635406494
2,9,-0.52959186,0.007958242,0.656585156917572
2,10,-0.52067727,0.008914613,0.6076170206069946
2,11,-0.5131211,0.0075561507,-0.8910344243049622
2,12,-0.50525546,0.007865673,0.2587275207042694
2,13,-0.4960273,0.009228167,1.0578055381774902
2,14,-0.48711666,0.008910638,-0.07398555427789688
2,15,-0.47709063,0.010026039,0.9256465435028076
2,16,-0.46624136,0.01084927,0.7806078195571899
2,17,-0.45446357,0.011777796,0.9043909907341003
2,18,-0.44227648,0.012187091,0.6160661578178406
2,19,-0.43025163,0.012024838,0.29442083835601807
2,20,-0.41741776,0.012833849,1.0189790725708008
2,21,-0.4044042,0.0130135575,0.6417782306671143
2,22,-0.39078897,0.013615232,0.9844693541526794
2,23,-0.37677807,0.014010913,0.9104057550430298
2,24,-0.36387363,0.0129044335,-0.027056841179728508
2,25,-0.3519279,0.011945723,0.1292719691991806
2,26,-0.34007227,0.011855622,0.7608423829078674
2,27,-0.3280246,0.012047669,1.1106747388839722
2,28,-0.31586102,0.012163582,1.0415467023849487
2,29,-0.3037602,0.012100805,0.9308938980102539
2,30,-0.29169124,0.012068969,1.12311851978302
2,31,-0.27972463,0.011966619,1.1426632404327393
2,32,-0.26991746,0.00980716,-0.32617586851119995
2,33,-0.2616074,0.008310054,0.15139247477054596
2,34,-0.25418362,0.0074238027,0.5883554220199585
2,35,-0.24719544,0.00698818,0.9147118330001831
2,36,-0.24055076,0.006644685,1.0689798593521118
2,37,-0.23428287,0.006267897,1.0363415479660034
2,38,-0.22842248,0.005860387,1.0381122827529907
2,39,-0.22299771,0.005424762,1.0127302408218384
2,40,-0.21803406,0.0049636457,1.0797595977783203
2,41,-0.2135544,0.0044796593,1.0448893308639526
2,42,-0.20957899,0.0039754105,1.3034511804580688
2,43,-0.20612551,0.003453483,1.14755380153656
2,44,-0.20379801,0.0023275006,0.6073794364929199
2,45,-0.20296696,0.0008310569,0.36711856722831726
2,46,-0.2026866,0.00028036398,1.014962911605835
2,47,-0.2036719,-0.0009853092,0.5241478085517883
2,48,-0.20694855,-0.0032766464,-0.16244855523109436
2,49,-0.21075866,-0.0038101133,1.068374514579773
2,50,-0.21555366,-0.004795005,0.6878798007965088
2,51,-0.22086073,-0.0053070798,0.9887837171554565
2,52,-0.22664922,-0.0057884892,0.9930709600448608
2,53,-0.23450452,-0.0078553,-0.08186453580856323
2,54,-0.24276626,-0.008261735,1.0535950660705566
2,55,-0.25139377,-0.008627504,1.0454577207565308
2,56,-0.26171738,-0.010323611,0.0839826762676239
2,57,-0.27230918,-0.010591813,1.1849091053009033
2,58,-0.28311217,-0.010802974,1.0506471395492554
2,59,-0.2941277,-0.011015542,0.9590903520584106
2,60,-0.30764613,-0.013518414,-0.6097273230552673
2,61,-0.32117325,-0.013527114,1.0918313264846802
2,62,-0.33588627,-0.014713009,0.1604587882757187
2,63,-0.351954,-0.016067749,-0.013424133881926537
2,64,-0.36887354,-0.016919525,0.25294560194015503
2,65,-0.3866918,-0.017818274,0.14697782695293427
2,66,-0.40505287,-0.018361056,0.3035954535007477
2,67,-0.42484805,-0.019795181,-0.37577006220817566
2,68,-0.44504255,-0.020194503,0.22034825384616852
2,69,-0.4645656,-0.019523067,0.8367787599563599
2,70,-0.4836076,-0.019041985,0.6143470406532288
2,71,-0.5033124,-0.019704822,-0.24241457879543304
2,72,-0.5230068,-0.019694379,0.10833140462636948
2,73,-0.54278857,-0.019781793,-0.05531644448637962
2,74,-0.5625347,-0.019746147,-0.07213237881660461
2,75,-0.58167166,-0.01913698,0.21187466382980347
2,76,-0.5991469,-0.017475227,0.8189376592636108
2,77,-0.6152465,-0.016099561,0.5425962209701538
2,78,-0.6302522,-0.015005705,0.2767503559589386
2,79,-0.6444764,-0.014224221,-0.0032255714759230614
2,80,-0.65778893,-0.013312506,0.01658141054213047
2,81,-0.67051995,-0.012731012,-0.26531174778938293
2,82,-0.6806844,-0.010164437,1.0291850566864014
2,83,-0.6895113,-0.008826897,0.13501615822315216
2,84,-0.6967693,-0.007258025,0.2501829266548157
2,85,-0.70351505,-0.006745773,-0.4859257638454437
2,86,-0.70880914,-0.005294087,0.11125632375478745
2,87,-0.7140372,-0.0052280365,-0.8350991606712341
2,88,-0.71708405,-0.003046891,0.5528656840324402
2,89,-0.7192003,-0.0021162524,-0.2935829162597656
2,90,-0.7202207,-0.0010203705,-0.19225037097930908
2,91,-0.71877426,0.0014464032,0.7174333930015564
2,92,-0.7164184,0.0023559015,-0.3147314488887787
2,93,-0.7121854,0.0042329943,0.3401714563369751
2,94,-0.70631844,0.0058669527,0.19587650895118713
2,95,-0.6987225,0.007595979,0.2841561734676361
2,96,-0.6899026,0.008819868,-0.01996465213596821
2,97,-0.6785261,0.011376497,0.9069695472717285
2,98,-0.6648232,0.0137029,0.8038883805274963
2,99,-0.6495107,0.015312509,0.3878863751888275
2,100,-0.63177615,0.01773455,1.0304104089736938
2,101,-0.6133618,0.018414367,-0.07823064923286438
2,102,-0.59292525,0.020436527,0.904695987701416
2,103,-0.57056576,0.022359472,0.9378243684768677
2,104,-0.5471034,0.023462357,0.5011985301971436
2,105,-0.5220109,0.025092479,0.9693220257759094
2,106,-0.49668548,0.025325438,0.16324596107006073
2,107,-0.47063258,0.02605289,0.6193889379501343
2,108,-0.44592258,0.024710009,-0.6315368413925171
2,109,-0.42144448,0.024478111,0.23027731478214264
2,110,-0.397355,0.02408949,0.24373218417167664
2,111,-0.374101,0.023253975,0.059227354824543
2,112,-0.3517592,0.022341823,0.11457931995391846
2,113,-0.32920098,0.022558216,0.9659061431884766
2,114,-0.30707702,0.022123951,0.6283107399940491
2,115,-0.28496516,0.022111852,1.2681154012680054
2,116,-0.26299405,0.021971108,1.2035528421401978
2,117,-0.24128436,0.021709688,1.0218151807785034
2,118,-0.22002205,0.021262305,0.9505109190940857
2,119,-0.1992574,0.020764641,0.984811007976532
2,120,-0.17961396,0.019643446,0.6301891803741455
2,121,-0.16160874,0.018005215,0.33835145831108093
2,122,-0.1443382,0.017270532,0.984804630279541
2,123,-0.12888984,0.0154483635,0.2980630099773407
2,124,-0.1142569,0.014632938,1.0640816688537598
2,125,-0.10047853,0.013778371,1.1475584506988525
2,126,-0.0876689,0.012809627,0.9456895589828491
2,127,-0.07586277,0.011806134,0.9403592348098755
2,128,-0.067125596,0.008737176,-0.42228344082832336
2,129,-0.060460024,0.006665574,0.25191885232925415
2,130,-0.054753438,0.0057065845,1.1335017681121826
2,131,-0.050013203,0.0047402354,1.0990034341812134
2,132,-0.046244882,0.0037683225,1.1187775135040283
2,133,-0.04473724,0.0015076427,0.14353308081626892
2,134,-0.044884294,-0.00014705476,0.5485469102859497
2,135,-0.046008717,-0.0011244247,1.2036391496658325
2,136,-0.048679974,-0.0026712574,0.6195940971374512
2,137,-0.05232462,-0.0036446452,1.0164164304733276
2,138,-0.056938525,-0.0046139075,1.163252830505371
2,139,-0.06277649,-0.0058379658,0.8263719081878662
2,140,-0.07032063,-0.0075441357,0.49975064396858215
2,141,-0.078809336,-0.008488711,1.0105292797088623
2,142,-0.08841571,-0.009606379,0.8751893639564514
2,143,-0.099202886,-0.010787175,0.8211823105812073
2,144,-0.11090138,-0.011698491,0.985856831073761
2,145,-0.123490915,-0.012589535,0.9812421202659607
2,146,-0.13696851,-0.0134776,0.9615503549575806
2,147,-0.15123801,-0.014269499,1.0992369651794434
2,148,-0.16673423,-0.015496219,0.6802293658256531
2,149,-0.18292417,-0.016189933,1.0677090883255005
2,150,-0.20012043,-0.017196272,0.7510500550270081
2,151,-0.21842726,-0.018306825,0.6348500847816467
2,152,-0.23812447,-0.019697217,0.3945324718952179
2,153,-0.26097876,-0.022854274,-0.8455309271812439
2,154,-0.28445718,-0.023478422,0.7653100490570068
2,155,-0.30833164,-0.023874456,0.8317217826843262
2,156,-0.3322107,-0.023879053,1.0282799005508423
2,157,-0.35701638,-0.024805708,0.28745216131210327
2,158,-0.3815201,-0.024503717,1.081496000289917
2,159,-0.40629828,-0.024778184,0.5060994625091553
2,160,-0.43166298,-0.025364691,0.18346719443798065
2,161,-0.45690835,-0.025245376,0.5334172248840332
2,162,-0.48120466,-0.024296304,0.9639463424682617
2,163,-0.50449574,-0.02329109,0.8815415501594543
2,164,-0.5276406,-0.02314482,0.19297614693641663
2,165,-0.5513225,-0.023681933,-0.37828299403190613
2,166,-0.57629675,-0.024974244,-1.1999046802520752
2,167,-0.60100794,-0.024711216,-0.08704211562871933
2,168,-0.6236438,-0.022635851,1.0239108800888062
2,169,-0.64569056,-0.022046756,-0.10001853108406067
2,170,-0.6670326,-0.021342026,-0.12708048522472382
2,171,-0.68650675,-0.019474154,0.5500065088272095
2,172,-0.70363754,-0.017130774,0.7797545194625854
2,173,-0.7199823,-0.016344797,-0.333075612783432
2,174,-0.7348282,-0.014845845,0.0732094794511795
2,175,-0.74735105,-0.012522849,0.5617961287498474
2,176,-0.7580914,-0.01074032,0.15173521637916565
2,177,-0.7682885,-0.010197132,-0.7159974575042725
2,178,-0.775412,-0.007123546,0.9325633645057678
2,179,-0.780065,-0.0046529598,0.5043761730194092
2,180,-0.7828147,-0.0027496659,0.1093568354845047
2,181,-0.78404784,-0.0012331354,-0.15832163393497467
2,182,-0.7844207,-0.00037285825,-0.6002094745635986
2,183,-0.78153104,0.0028897175,1.2553225755691528
2,184,-0.777628,0.0039030134,-0.4892292618751526
2,185,-0.7707656,0.006862399,0.8222017884254456
2,186,-0.76174563,0.00901999,0.31273525953292847
2,187,-0.75200087,0.00974475,-0.6088181734085083
2,188,-0.7409624,0.0110384645,-0.19224531948566437
2,189,-0.7269677,0.01399472,0.9594208598136902
2,190,-0.71004057,0.016927106,1.134168028831482
2,191,-0.69178075,0.01825982,0.004118429962545633
2,192,-0.6736706,0.01811017,-0.9054502248764038
2,193,-0.6557388,0.017931795,-0.8441823720932007
2,194,-0.636963,0.018775737,-0.08090230822563171
2,195,-0.61634386,0.02061915,0.6729843020439148
2,196,-0.5936318,0.022712033,0.9374897480010986
2,197,-0.5688984,0.024733426,1.027369499206543
2,198,-0.54302907,0.025869338,0.5314735174179077
2,199,-0.51700044,0.026028626,0.009094980545341969
2,200,-0.4895213,0.027479142,1.2213099002838135
2,201,-0.46095154,0.02856977,0.8971750140190125
2,202,-0.43149906,0.029452484,0.8998720645904541
2,203,-0.40280646,0.028692605,-0.05192471295595169
2,204,-0.3735001,0.02930636,1.0450936555862427
2,205,-0.3438166,0.029683487,0.9768052697181702
2,206,-0.31391707,0.029899549,1.0635905265808105
2,207,-0.2845721,0.029344989,0.6109145879745483
2,208,-0.25541154,0.029160546,0.9723494648933411
2,209,-0.22845326,0.026958274,-0.26730337738990784
2,210,-0.20302078,0.025432486,0.2731272876262665
2,211,-0.17813876,0.024882024,1.026668906211853
2,212,-0.15390815,0.024230609,1.227737545967102
2,213,-0.13041575,0.023492394,1.0981299877166748
2,214,-0.10773444,0.022681309,1.1463942527770996
2,215,-0.08663297,0.021101475,0.5271487236022949
2,216,-0.06644753,0.020185435,1.0566450357437134
2,217,-0.04725675,0.019190783,0.9705603718757629
2,218,-0.029292444,0.017964305,0.8322936296463013
2,219,-0.012500679,0.016791765,0.8785419464111328
2,220,0.0014921386,0.013992818,-0.20046985149383545
2,221,0.0144593585,0.01296722,0.9829179048538208
2,222,0.02642893,0.011969571,1.2503647804260254
2,223,0.037406355,0.010977425,1.1252716779708862
2,224,0.047399506,0.00999315,1.0571577548980713
2,225,0.055546954,0.008147446,0.4193758964538574
2,226,0.06263165,0.0070846984,0.9350805878639221
2,227,0.06852574,0.005894086,0.8435910940170288
2,228,0.0731486,0.004622865,0.7840916514396667
2,229,0.076623976,0.003475372,0.8617017865180969
2,230,0.0789244,0.0023004243,0.839527428150177
2,231,0.08029458,0.0013701745,1.1762515306472778
2,232,0.080432996,0.00013841648,0.79737389087677
2,233,0.07964384,-0.0007891545,1.031732201576233
2,234,0.07783125,-0.0018125823,0.9370338320732117
2,235,0.07508651,-0.0027447422,1.0105751752853394
2,236,0.07140493,-0.0036815826,1.1711082458496094
2,237,0.06555962,-0.005845306,0.1860905885696411
2,238,0.05876251,-0.0067971083,1.0919885635375977
2,239,0.05100415,-0.007758362,1.172196865081787
2,240,0.042274997,-0.008729153,1.3143815994262695
2,241,0.03256592,-0.009709074,1.2239727973937988
2,242,0.021104923,-0.011461,0.4907686710357666
2,243,0.008648932,-0.012455991,1.2008328437805176
2,244,-0.0057960837,-0.014445016,0.3400888741016388
2,245,-0.02231096,-0.016514875,0.2865082323551178
2,246,-0.040723395,-0.018412437,0.3978937566280365
2,247,-0.06115468,-0.020431286,0.30834564566612244
2,248,-0.08254401,-0.02138933,1.0728414058685303
2,249,-0.10612325,-0.023579245,0.15588246285915375
2,250,-0.13174272,-0.025619466,0.22276468575000763
2,251,-0.1597165,-0.027973788,-0.03136713430285454
2,252,-0.18991825,-0.030201748,-0.00632752850651741
2,253,-0.22168866,-0.0317704,0.35761943459510803
2,254,-0.25392625,-0.03223759,1.0994676351547241
2,255,-0.28719077,-0.033264533,0.5213869214057922
2,256,-0.3221336,-0.03494283,-0.03345875442028046
2,257,-0.3587499,-0.03661628,-0.168524831533432
2,258,-0.3967835,-0.03803361,-0.15383084118366241
2,259,-0.43572083,-0.038937338,0.016404008492827415
2,260,-0.4743881,-0.038667273,0.6143600344657898
2,261,-0.5135838,-0.03919569,-0.10711782425642014
2,262,-0.55397904,-0.040395275,-0.7496542930603027
2,263,-0.5941263,-0.040147226,0.013675341382622719
2,264,-0.63380224,-0.039675966,-0.03583845496177673
2,265,-0.6712792,-0.037476934,0.9249875545501709
2,266,-0.7091844,-0.037905212,-1.0319584608078003
2,267,-0.7467996,-0.03761518,-0.6873708367347717
2,268,-0.7829534,-0.03615379,-0.06019783020019531
2,269,-0.81704694,-0.034093533,0.20366743206977844
2,270,-0.8498761,-0.03282918,-0.442030131816864
2,271,-0.8814136,-0.031537488,-0.5219494104385376
2,272,-0.9103834,-0.028969815,0.2470335215330124
2,273,-0.93654376,-0.026160354,0.34473296999931335
2,274,-0.96082354,-0.024279803,-0.32197436690330505
2,275,-0.98287827,-0.02205472,-0.12763674557209015
2,276,-1.0024999,-0.019621687,-0.013713441789150238
2,277,-1.0193088,-0.016808871,0.22350536286830902
2,278,-1.0336945,-0.014385736,-0.04541297256946564
2,279,-1.0451664,-0.011471832,0.27730298042297363
2,280,-1.0532503,-0.008083993,0.5919238924980164
2,281,-1.057504,-0.0042536887,0.8871439695358276
2,282,-1.0577589,-0.00025488366,1.0632576942443848
2,283,-1.0555342,0.0022246398,-0.012814578600227833
2,284,-1.0499709,0.0055633835,0.5596837997436523
2,285,-1.0409415,0.009029331,0.6440222859382629
2,286,-1.0296488,0.011292683,-0.15747161209583282
2,287,-1.0144433,0.015205457,0.9441583752632141
2,288,-0.99665767,0.01778562,0.061481405049562454
2,289,-0.97571594,0.020941725,0.4565243124961853
2,290,-0.9527059,0.023009995,-0.24964439868927002
2,291,-0.92710423,0.025601704,0.1276574730873108
2,292,-0.8982391,0.028865172,0.61598140001297
2,293,-0.86693555,0.031303544,0.12257751822471619
2,294,-0.833321,0.033614554,0.11183202266693115
2,295,-0.79767907,0.035641912,0.01637057214975357
2,296,-0.7608909,0.03678818,-0.4569435119628906
2,297,-0.72096956,0.03992132,1.0612937211990356
2,298,-0.6788209,0.042148624,0.5546764135360718
2,299,-0.63564956,0.043171346,-0.06654815375804901
2,300,-0.59184194,0.04380762,-0.12557943165302277
2,301,-0.54602605,0.045815874,1.313960075378418
2,302,-0.4989447,0.047081362,0.7316072583198547
2,303,-0.45102662,0.047918074,0.6809649467468262
2,304,-0.40215108,0.048875555,0.9983217716217041
2,305,-0.35334697,0.048804108,0.5462610721588135
2,306,-0.30431634,0.049030647,0.9657520651817322
2,307,-0.25680286,0.047513478,0.007579408120363951
2,308,-0.20958345,0.04721941,1.2823480367660522
2,309,-0.16288595,0.0466975,1.0840985774993896
2,310,-0.117517404,0.045368545,0.5856359601020813
2,311,-0.07318039,0.044337012,0.8764678835868835
2,312,-0.029783374,0.043397017,1.1920078992843628
2,313,0.012623616,0.04240699,1.0321053266525269
2,314,0.053995658,0.041372042,0.975506603717804
2,315,0.09196559,0.037969936,-0.6232229471206665
2,316,0.12903008,0.03706448,1.1157629489898682
2,317,0.16519628,0.036166206,0.944503128528595
2,318,0.20066327,0.035466984,1.0349332094192505
2,319,0.23537542,0.034712154,0.8704635500907898
2,320,0.26968536,0.03430995,1.2182098627090454
2,321,0.30280977,0.03312443,0.3599541187286377
2,322,0.3351354,0.03232562,0.4924371838569641
2,323,0.36678684,0.031651434,0.4434499740600586
2,324,0.39657325,0.029786421,-0.48788389563560486
2,325,0.42692986,0.030356621,1.0537718534469604
2,326,0.45768926,0.030759402,0.7451180219650269
3,1,-0.46844834,0.00032492095,0.4895072281360626
3,2,-0.46798104,0.0004673144,0.3694247901439667
3,3,-0.46751124,0.00046981178,0.27846506237983704
3,4,-0.46600637,0.0015048714,0.96915602684021
3,5,-0.4644693,0.0015370568,0.30798837542533875
3,6,-0.463605,0.00086433126,-0.15438440442085266
3,7,-0.46340927,0.00019570644,-0.14739781618118286
3,8,-0.46237397,0.0010352912,0.8590379953384399
3,9,-0.46132436,0.001049617,0.3139561414718628
3,10,-0.4602549,0.0010694487,0.32278507947921753
3,11,-0.45956746,0.00068745896,0.06015676259994507
3,12,-0.4581675,0.0013999604,0.7931922078132629
3,13,-0.45583114,0.0023363591,0.9493253231048584
3,14,-0.4546306,0.0012005307,-0.42071008682250977
3,15,-0.4534864,0.0011441882,0.3048240542411804
3,16,-0.45366645,-0.00018003942,-0.5348358154296875
3,17,-0.45448703,-0.0008205673,-0.0799163430929184
3,18,-0.45573428,-0.0012472543,0.05863025039434433
3,19,-0.45746958,-0.001735313,0.011610737070441246
3,20,-0.45977837,-0.0023087808,-0.053830478340387344
3,21,-0.46146154,-0.0016831891,0.7342171669006348
3,22,-0.4633431,-0.0018815638,0.1766400784254074
3,23,-0.46429554,-0.00095243007,0.9190626740455627
3,24,-0.4654124,-0.0011168573,0.18533629179000854
3,25,-0.46706918,-0.0016567756,-0.07048896700143814
3,26,-0.4676479,-0.0005787182,1.0811775922775269
3,27,-0.46748716,0.00016074856,0.7714203596115112
3,28,-0.46813166,-0.0006444934,-0.2575930058956146
3,29,-0.46889976,-0.0007680916,0.19365866482257843
3,30,-0.47011742,-0.0012176494,-0.02743588574230671
3,31,-0.47129628,-0.0011788675,0.29211556911468506
3,32,-0.47173634,-0.0004400597,0.7529792785644531
3,33,-0.4717266,9.7522125e-06,0.558141827583313
3,34,-0.47169062,3.5981706e-05,0.2758016884326935
3,35,-0.4706391,0.0010515269,0.9355231523513794
3,36,-0.47021362,0.00042549634,-0.15366798639297485
3,37,-0.46873724,0.0014763869,0.9663798213005066
3,38,-0.4681313,0.0006059548,-0.30721718072891235
3,39,-0.46643943,0.001691866,1.0089606046676636
3,40,-0.4663551,8.434277e-05,-0.7872839570045471
3,41,-0.4660228,0.00033230658,0.4501228928565979
3,42,-0.46620017,-0.00017738157,-0.053341515362262726
3,43,-0.46542272,0.0007774515,0.9221321940422058
3,44,-0.4652156,0.0002071388,-0.0908026471734047
3,45,-0.46577507,-0.0005594819,-0.22065480053424835
3,46,-0.4654673,0.00030776105,0.8658326268196106
3,47,-0.46565092,-0.00018360782,-0.03839295357465744
3,48,-0.4662955,-0.0006446021,-0.019047444686293602
3,49,-0.46688905,-0.000593539,0.3191492557525635
3,50,-0.46695268,-6.361414e-05,0.6354659795761108
3,51,-0.4659391,0.0010135821,1.1073217391967773
3,52,-0.4640724,0.0018666987,0.8556071519851685
3,53,-0.4636153,0.00045711853,-0.6436676979064941
3,54,-0.46265697,0.0009583099,0.6324289441108704
3,55,-0.46158442,0.0010725561,0.379178524017334
3,56,-0.4609216,0.0006628465,0.03514641150832176
3,57,-0.45941025,0.0015113279,0.8771967887878418
3,58,-0.4571069,0.002303364,0.8469867706298828
3,59,-0.4539975,0.003109405,0.8676197528839111
3,60,-0.4508744,0.003123108,0.35461845993995667
3,61,-0.44815552,0.0027188605,0.09124567359685898
3,62,-0.44603676,0.002118755,-0.02606646902859211
3,63,-0.44481373,0.0012230263,-0.21283239126205444
3,64,-0.44340092,0.0014127967,0.5167813301086426
3,65,-0.44108382,0.002317099,1.0602302551269531
3,66,-0.4388764,0.0022074236,0.33525705337524414
3,67,-0.4375378,0.0013386152,-0.16013990342617035
3,68,-0.4353379,0.0021998822,0.9997183084487915
3,69,-0.43294975,0.002388144,0.5616735816001892
3,70,-0.4314047,0.0015450526,-0.11438178271055222
3,71,-0.42921758,0.0021871252,0.8831639289855957
3,72,-0.4278672,0.0013503829,-0.09220242500305176
3,73,-0.4259621,0.0019051111,0.841923713684082
3,74,-0.42431477,0.0016473253,0.3093753755092621
3,75,-0.42341635,0.0008984328,-0.010149204172194004
3,76,-0.4232791,0.00013724463,-0.014053773134946823
3,77,-0.42406803,-0.0007889233,-0.12338487803936005
3,78,-0.42488745,-0.0008194197,0.4699607789516449
3,79,-0.42494428,-5.6842706e-05,0.9947590827941895
3,80,-0.42715797,-0.0022136807,-0.9517893195152283
3,81,-0.4298496,-0.0026916172,0.15688039362430573
3,82,-0.4327853,-0.002935694,0.2998727262020111
3,83,-0.4360211,-0.0032357755,0.2484167516231537
3,84,-0.44001925,-0.0039981715,-0.07539613544940948
3,85,-0.4444516,-0.004432357,0.12407567352056503
3,86,-0.44806203,-0.0036104436,0.9399700164794922
3,87,-0.45135674,-0.00329472,0.5849418044090271
3,88,-0.45476723,-0.0034105005,0.2812022268772125
3,89,-0.45839387,-0.0036266518,0.19761620461940765
3,90,-0.46331003,-0.0049161725,-0.5357312560081482
3,91,-0.46807367,-0.0047636437,0.4014888405799866
3,92,-0.47354546,-0.005471794,-0.195756733417511
3,93,-0.47908613,-0.005540667,0.20341180264949799
3,94,-0.48455402,-0.0054679015,0.2704128324985504
3,95,-0.4888141,-0.004260068,1.241904616355896
3,96,-0.4931957,-0.004381615,0.09257630258798599
3,97,-0.49650267,-0.0033069463,0.8682505488395691
3,98,-0.49872336,-0.0022206884,0.8595032691955566
3,99,-0.5014784,-0.002755006,-0.2319500595331192
3,100,-0.5036137,-0.002135345,0.523628294467926
3,101,-0.5048534,-0.0012397087,0.6969563364982605
3,102,-0.50535125,-0.000497806,0.5882791876792908
3,103,-0.50514597,0.0002052959,0.5599266886711121
3,104,-0.5043314,0.00081457273,0.4984014630317688
3,105,-0.5023707,0.0019606757,0.8603518605232239
3,106,-0.499282,0.0030887108,0.8580919504165649
3,107,-0.49730694,0.0019750553,-0.6209608912467957
3,108,-0.49402887,0.003278071,1.001686453819275
3,109,-0.489694,0.0043348703,0.8521886467933655
3,110,-0.48411298,0.0055810227,1.0405715703964233
3,111,-0.47809213,0.0060208584,0.4901915490627289
3,112,-0.4709891,0.0071030185,0.9482671022415161
3,113,-0.46470422,0.0062849065,-0.2834503948688507
3,114,-0.45735872,0.007345492,1.0453405380249023
3,115,-0.44900677,0.008351955,1.1501948833465576
3,116,-0.44082126,0.008185493,0.25888049602508545
3,117,-0.43203965,0.008781625,0.8070680499076843
3,118,-0.42337358,0.008666075,0.37502720952033997
3,119,-0.4166448,0.0067287544,-0.79793781042099
3,120,-0.4101464,0.0064984327,0.372093141078949
3,121,-0.40340233,0.006744057,0.7201225757598877
3,122,-0.39761597,0.00578636,-0.05042201280593872
3,123,-0.39178973,0.005826241,0.6416115164756775
3,124,-0.3854901,0.0062996447,0.9576064944267273
3,125,-0.37994897,0.0055411104,0.1652657836675644
3,126,-0.37455112,0.005397865,0.6007258296012878
3,127,-0.37023553,0.004315595,-0.0008612158708274364
3,128,-0.36614645,0.004089084,0.5890401005744934
3,129,-0.3616948,0.004451618,1.0792405605316162
3,130,-0.3569103,0.004784523,1.0050715208053589
3,131,-0.35182446,0.0050858157,1.1303037405014038
3,132,-0.347345,0.0044794576,0.41712114214897156
3,133,-0.3440869,0.0032581193,0.0265482347458601
3,134,-0.3418861,0.002200794,0.14991557598114014
3,135,-0.33948165,0.0024044537,1.2161526679992676
3,136,-0.33723953,0.002242129,0.7662674784660339
3,137,-0.33497164,0.0022678932,0.9011836647987366
3,138,-0.33254415,0.002427493,1.1161249876022339
3,139,-0.33064178,0.0019023699,0.5537396669387817
3,140,-0.33044574,0.00019604336,-0.2257523238658905
3,141,-0.33187062,-0.0014248654,-0.16798684000968933
3,142,-0.33323652,-0.0013658864,0.9459686875343323
3,143,-0.33448422,-0.0012477129,0.9796935319900513
3,144,-0.33557543,-0.0010911974,1.2644363641738892
3,145,-0.3365032,-0.0009277727,1.013162612915039
3,146,-0.33828822,-0.0017849983,0.315642774105072
3,147,-0.34137088,-0.0030826495,0.014457356184720993
3,148,-0.3448898,-0.0035188985,0.5755958557128906
3,149,-0.34818572,-0.003295924,1.0076905488967896
3,150,-0.35172945,-0.0035437196,0.6719443798065186
3,151,-0.3557352,-0.004005756,0.513748824596405
3,152,-0.3594474,-0.00371219,1.183159589767456
3,153,-0.36345822,-0.004010817,0.5888983011245728
3,154,-0.3680356,-0.0045774025,0.3925316631793976
3,155,-0.3723042,-0.0042685745,0.955772340297699
3,156,-0.37616894,-0.0038647228,1.0370643138885498
3,157,-0.381312,-0.0051430655,-0.13887891173362732
3,158,-0.38612366,-0.004811657,0.9109636545181274
3,159,-0.3904374,-0.0043137386,1.0134042501449585
3,160,-0.39501214,-0.0045747412,0.4742368459701538
3,161,-0.39926943,-0.004257286,0.8387423753738403
3,162,-0.40366217,-0.00439273,0.5170366764068604
3,163,-0.40909603,-0.0054338565,-0.10725739598274231
3,164,-0.41411865,-0.0050226105,0.8354846835136414
3,165,-0.41945934,-0.005340706,0.3255482614040375
3,166,-0.42406845,-0.004609108,1.3018907308578491
3,167,-0.42791298,-0.0038445424,1.033429741859436
3,168,-0.43135965,-0.0034466782,0.7371283173561096
3,169,-0.4351184,-0.0037587676,0.24727262556552887
3,170,-0.43864024,-0.0035218426,0.5951749682426453
3,171,-0.44343778,-0.004797558,-0.4302683174610138
3,172,-0.4475687,-0.0041309157,0.8413810133934021
3,173,-0.45121202,-0.0036433046,0.7019367218017578
3,174,-0.4548762,-0.0036642074,0.34516051411628723
3,175,-0.45865753,-0.0037813038,0.26311951875686646
3,176,-0.46164075,-0.0029832118,0.8547173142433167
3,177,-0.46400383,-0.0023630948,0.7214206457138062
3,178,-0.46748942,-0.0034855905,-0.4519406259059906
3,179,-0.46989384,-0.0024044262,1.0391793251037598
3,180,-0.4726223,-0.0027284578,0.05134336277842522
3,181,-0.47511667,-0.0024943638,0.4099526107311249
3,182,-0.47683093,-0.0017142601,0.7616258859634399
3,183,-0.47929952,-0.0024685857,-0.2698110342025757
3,184,-0.48273557,-0.0034360501,-0.4241313636302948
3,185,-0.4870159,-0.004280341,-0.35905569791793823
3,186,-0.49147642,-0.0044605155,0.06243106722831726
3,187,-0.4965453,-0.005068902,-0.2452276349067688
3,188,-0.5003487,-0.0038033444,0.9788239002227783
3,189,-0.5035635,-0.0032148445,0.5084894299507141
3,190,-0.50542855,-0.0018650184,1.025718331336975
3,191,-0.50592977,-0.00050122757,1.127189040184021
3,192,-0.5052261,0.00070369005,0.8915820717811584
3,193,-0.50602883,-0.0008027524,-0.912477970123291
3,194,-0.5069765,-0.00094766426,-0.00879887118935585
3,195,-0.5066201,0.00035638313,0.952441930770874
3,196,-0.5071155,-0.0004953492,-0.4829649031162262
3,197,-0.5073433,-0.00022782134,0.26073476672172546
3,198,-0.50748426,-0.00014094895,0.1391601264476776
3,199,-0.50762665,-0.00014240497,0.07957053184509277
3,200,-0.5090689,-0.0014422636,-0.7867423892021179
3,201,-0.5102098,-0.0011408982,0.2735365927219391
3,202,-0.5125109,-0.0023010783,-0.706526517868042
3,203,-0.51339513,-0.00088422204,1.0962305068969727
3,204,-0.5146281,-0.0012329861,-0.18149912357330322
3,205,-0.5172111,-0.0025829948,-0.8551578521728516
3,206,-0.51842195,-0.0012108607,0.9466925859451294
3,207,-0.52010065,-0.0016787086,-0.28601548075675964
3,208,-0.5224533,-0.002352659,-0.43180984258651733
3,209,-0.5234744,-0.0010210965,0.8934355974197388
3,210,-0.52380174,-0.0003273559,0.4631156325340271
3,211,-0.52266425,0.0011374934,0.9755513668060303
3,212,-0.52023876,0.0024255118,0.8633515238761902
3,213,-0.51759344,0.0026453414,0.1633528470993042
3,214,-0.51443154,0.003161893,0.3743927478790283
3,215,-0.5103435,0.0040880605,0.6632753610610962
3,216,-0.5052648,0.0050786803,0.726672351360321
3,217,-0.4989006,0.006364213,0.948645293712616
3,218,-0.4919208,0.0069798054,0.5337730050086975
3,219,-0.48402715,0.007893647,0.7673790454864502
3,220,-0.47552294,0.008504199,0.6044281125068665
3,221,-0.46587807,0.009644879,1.1817333698272705
3,222,-0.4571286,0.008749457,-0.30978456139564514
3,223,-0.44922915,0.007899476,-0.23650136590003967
3,224,-0.44060844,0.008620704,0.8495888113975525
3,225,-0.43120834,0.009400094,0.930271327495575
3,226,-0.42099234,0.010216004,1.2060573101043701
3,227,-0.41105458,0.00993777,0.3194788992404938
3,228,-0.40073627,0.0103183035,0.8057798147201538
3,229,-0.39010927,0.010627013,0.8063031435012817
3,230,-0.3792035,0.010905781,0.8355953097343445
3,231,-0.36799157,0.011211917,0.9036983847618103
3,232,-0.35692576,0.011065826,0.652689516544342
3,233,-0.3457337,0.011192044,0.8832162022590637
3,234,-0.33590096,0.009832744,-0.058480486273765564
3,235,-0.32590273,0.009998232,1.0303488969802856
3,236,-0.31641892,0.009483808,0.5885909199714661
3,237,-0.30729407,0.00912485,0.7311742305755615
3,238,-0.29871833,0.008575733,0.6411248445510864
3,239,-0.29020414,0.00851419,1.1094896793365479
3,240,-0.28180084,0.008403294,1.008894920349121
3,241,-0.27463925,0.007161574,0.27790379524230957
3,242,-0.26798213,0.006657138,0.7959620356559753
3,243,-0.26155967,0.006422462,1.0139862298965454
3,244,-0.25581855,0.005741132,0.7251386642456055
3,245,-0.2503766,0.005441933,1.037743091583252
3,246,-0.24526198,0.0051146373,1.0708658695220947
3,247,-0.2405006,0.0047613787,1.0125045776367188
3,248,-0.23672582,0.0037747838,0.5936278104782104
3,249,-0.23474388,0.0019819424,0.06851603835821152
3,250,-0.23316722,0.0015766693,1.0969828367233276
3,251,-0.23269513,0.00047208383,0.5388815999031067
3,252,-0.23265219,4.29486e-05,0.9907001852989197
3,253,-0.23302463,-0.00037244393,1.0682332515716553
3,254,-0.23436257,-0.0013379387,0.6320676207542419
3,255,-0.23623836,-0.0018757907,0.9128476977348328
3,256,-0.23851214,-0.0022737877,1.0976372957229614
3,257,-0.24117279,-0.0026606414,1.183791160583496
3,258,-0.24502082,-0.0038480365,0.4575384259223938
3,259,-0.24941239,-0.004391562,0.8739643096923828
3,260,-0.25525978,-0.0058473824,0.2509353756904602
3,261,-0.26145816,-0.006198387,0.9674007296562195
3,262,-0.2696029,-0.008144748,-0.11785686761140823
3,263,-0.27797353,-0.00837065,1.0804879665374756
3,264,-0.28726527,-0.009291732,0.5059080719947815
3,265,-0.2981048,-0.0108395275,0.053261831402778625
3,266,-0.30904415,-0.01093936,0.9768679738044739
3,267,-0.31998384,-0.010939686,1.0372796058654785
3,268,-0.3317485,-0.011764656,0.40595245361328125
3,269,-0.34504688,-0.01329838,-0.11532124131917953
3,270,-0.35854656,-0.013499679,0.7164757251739502
3,271,-0.37272084,-0.014174291,0.34220805764198303
3,272,-0.38719648,-0.01447563,0.5280004143714905
3,273,-0.402465,-0.015268513,0.13454721868038177
3,274,-0.41716525,-0.014700257,0.97126305103302
3,275,-0.43115026,-0.013985014,1.0550873279571533
3,276,-0.44508344,-0.013933176,0.49089762568473816
3,277,-0.45812684,-0.013043411,0.9821334481239319
3,278,-0.47015813,-0.012031299,1.022325873374939
3,279,-0.4823437,-0.012185578,0.16320714354515076
3,280,-0.49549916,-0.013155454,-0.4408344030380249
3,281,-0.5075777,-0.012078535,0.8582774996757507
3,282,-0.5201784,-0.012600666,-0.2680127024650574
3,283,-0.5334973,-0.013318883,-0.4617098271846771
3,284,-0.5466983,-0.013200996,0.02910611778497696
3,285,-0.56031066,-0.013612377,-0.38965877890586853
3,286,-0.573991,-0.013680327,-0.22848781943321228
3,287,-0.5859901,-0.011999062,0.8698404431343079
3,288,-0.5978678,-0.011877736,-0.22925372421741486
3,289,-0.6081077,-0.010239911,0.7236027717590332
3,290,-0.6178174,-0.00970974,-0.06458485871553421
3,291,-0.6254796,-0.0076621785,0.9001957774162292
3,292,-0.6321522,-0.006672648,0.1581774204969406
3,293,-0.6382736,-0.006121388,-0.16571766138076782
3,294,-0.6443379,-0.006064307,-0.524076521396637
3,295,-0.65003085,-0.0056929756,-0.34302663803100586
3,296,-0.6544791,-0.00444822,0.21272556483745575
3,297,-0.6580148,-0.003535669,-0.029348786920309067
3,298,-0.66049355,-0.0024787923,0.050571292638778687
3,299,-0.6608295,-0.00033592957,0.7631804347038269
3,300,-0.66026807,0.0005614381,-0.06868930906057358
3,301,-0.65887445,0.001393618,-0.10957439243793488
3,302,-0.6565539,0.0023205336,-0.04002075269818306
3,303,-0.65281093,0.0037430034,0.30102458596229553
3,304,-0.64800036,0.0048105596,0.08170204609632492
3,305,-0.6409774,0.007022972,0.867272675037384
3,306,-0.6328998,0.008077551,0.12821325659751892
3,307,-0.6241284,0.008771444,-0.07416920363903046
3,308,-0.61339223,0.010736173,0.8147563934326172
3,309,-0.60177445,0.011617766,0.14417162537574768
3,310,-0.58941525,0.012359232,0.1070055440068245
3,311,-0.57598305,0.013432186,0.38835445046424866
3,312,-0.56208235,0.013900695,0.0514950156211853
3,313,-0.546479,0.015603374,0.9431282877922058
3,314,-0.53015256,0.016326457,0.3677440583705902
3,315,-0.51227695,0.017875608,1.0361964702606201
3,316,-0.493895,0.018381957,0.3941642642021179
3,317,-0.47423553,0.019659473,1.0017768144607544
3,318,-0.45385587,0.020379653,0.7260353565216064
3,319,-0.4326112,0.021244677,0.9228582978248596
3,320,-0.41195795,0.020653239,0.05501779541373253
3,321,-0.391685,0.020272933,0.29428914189338684
3,322,-0.3721238,0.01956119,0.16799169778823853
3,323,-0.35246316,0.019660646,0.7978797554969788
3,324,-0.33367652,0.01878664,0.23590975999832153
3,325,-0.31473845,0.018938052,1.0995495319366455
3,326,-0.2960043,0.018734144,0.8413590788841248
3,327,-0.27764562,0.018358678,0.8012803196907043
3,328,-0.25995252,0.017693115,0.6774683594703674
3,329,-0.2425932,0.01735932,0.9624926447868347
3,330,-0.22560051,0.016992686,1.1342217922210693
3,331,-0.20905678,0.016543737,1.363294005393982
3,332,-0.19303727,0.016019508,1.0979315042495728
3,333,-0.17775756,0.015279713,0.901718258857727
3,334,-0.16456667,0.013190894,0.04270082712173462
3,335,-0.1524073,0.012159365,0.7799563407897949
3,336,-0.14099115,0.01141616,1.152848720550537
3,337,-0.13042267,0.010568483,0.9546694159507751
3,338,-0.1212529,0.009169764,0.6082308888435364
3,339,-0.113415524,0.007837377,0.669352114200592
3,340,-0.10643483,0.0069806958,1.291584849357605
3,341,-0.10034858,0.00608625,0.9861260056495667
3,342,-0.0951499,0.0051986827,1.1291334629058838
3,343,-0.090850055,0.004299845,1.1328405141830444
3,344,-0.087629795,0.003220262,0.8854238986968994
3,345,-0.085506365,0.0021234278,0.8781824707984924
3,346,-0.08430114,0.0012052304,1.0988752841949463
3,347,-0.084193185,0.00010794784,0.8821283578872681
3,348,-0.08500592,-0.0008127297,1.1607389450073242
3,349,-0.0867378,-0.0017318767,1.0851877927780151
3,350,-0.08938551,-0.0026477145,1.0328172445297241
3,351,-0.09319741,-0.0038119003,0.8309777975082397
3,352,-0.09791223,-0.0047148205,1.2826390266418457
3,353,-0.103804916,-0.005892685,0.8100380301475525
3,354,-0.110599495,-0.0067945807,0.9852380156517029
3,355,-0.11834132,-0.007741824,0.9442680478096008
3,356,-0.12692724,-0.00858592,1.1195679903030396
3,357,-0.13805704,-0.011129793,-0.14862453937530518
3,358,-0.14997546,-0.011918418,1.0476914644241333
3,359,-0.16360313,-0.013627662,0.36130258440971375
3,360,-0.17793567,-0.014332541,1.124725341796875
3,361,-0.19298725,-0.015051569,0.9554417729377747
3,362,-0.2086314,-0.015644146,1.1489008665084839
3,363,-0.22480164,-0.016170245,1.024209976196289
3,364,-0.24177116,-0.016969517,0.7689493894577026
3,365,-0.2591114,-0.017340245,1.0165197849273682
3,366,-0.2768707,-0.017759303,0.9086049795150757
3,367,-0.29701707,-0.020146383,-0.4673466980457306
3,368,-0.31723493,-0.02021787,1.137102723121643
3,369,-0.3376714,-0.020436466,0.821428656578064
3,370,-0.3582537,-0.02058228,0.7849670052528381
3,371,-0.38034445,-0.022090774,-0.212426096200943
3,372,-0.40309337,-0.02274892,0.25566205382347107
3,373,-0.42652646,-0.023433078,0.1333823800086975
3,374,-0.450072,-0.023545539,0.4035559594631195
3,375,-0.47271016,-0.022638174,0.9695706367492676
3,376,-0.49513242,-0.022422254,0.3974023461341858
3,377,-0.5182159,-0.023083497,-0.2986694574356079
3,378,-0.54189146,-0.023675563,-0.3677971065044403
3,379,-0.56494355,-0.023052072,0.3242433965206146
3,380,-0.586741,-0.021797448,0.6302219033241272
3,381,-0.60727257,-0.020531578,0.5300872325897217
3,382,-0.6272761,-0.020003555,-0.06197364628314972
3,383,-0.64585537,-0.018579224,0.439485639333725
3,384,-0.6638665,-0.01801118,-0.21897417306900024
3,385,-0.6805707,-0.016704217,0.1904861181974411
3,386,-0.6959199,-0.015349125,0.14722378551959991
3,387,-0.71045834,-0.014538477,-0.28330591320991516
3,388,-0.7230954,-0.012637091,0.38146379590034485
3,389,-0.7342414,-0.011145984,0.05507858470082283
3,390,-0.7451286,-0.010887135,-0.811936616897583
3,391,-0.75354075,-0.008412183,0.6220746636390686
3,392,-0.7610825,-0.0075417105,-0.480356365442276
3,393,-0.7671236,-0.006041139,-0.08910316228866577
3,394,-0.7716499,-0.0045263167,-0.10228116810321808
3,395,-0.77374053,-0.002090646,0.49486514925956726
3,396,-0.77382636,-8.583498e-05,0.19995754957199097
3,397,-0.7725783,0.0012480781,-0.247621551156044
3,398,-0.7699135,0.0026647763,-0.1878604292869568
3,399,-0.7653362,0.0045773056,0.15250636637210846
3,400,-0.7606007,0.0047355415,-1.2972416877746582
3,401,-0.75360036,0.007000305,0.42218226194381714
3,402,-0.7435601,0.010040291,0.9657556414604187
3,403,-0.73188174,0.011678334,0.07032042741775513
3,404,-0.7183158,0.01356594,0.28344592452049255
3,405,-0.7030015,0.015314267,0.24639888107776642
3,406,-0.6849057,0.018095763,1.0283211469650269
3,407,-0.6662479,0.018657811,-0.40072330832481384
3,408,-0.64581376,0.020434171,0.4925658404827118
3,409,-0.62439936,0.021414373,0.05599182844161987
3,410,-0.60085243,0.023546943,0.9253575205802917
3,411,-0.57687455,0.02397787,-0.09553501754999161
3,412,-0.5512428,0.025631709,0.8373128175735474
3,413,-0.5240475,0.027195353,0.9043675661087036
3,414,-0.49632022,0.027727263,0.35236307978630066
3,415,-0.4678109,0.028509324,0.6576152443885803
3,416,-0.43971887,0.028092012,-0.0005693871062248945
3,417,-0.41258898,0.027129883,-0.22643214464187622
3,418,-0.38477638,0.027812615,1.0590519905090332
3,419,-0.3574024,0.027373957,0.38178059458732605
3,420,-0.32972392,0.02767849,1.095085859298706
3,421,-0.30198157,0.027742365,0.9582204222679138
3,422,-0.27550077,0.026480798,0.18719251453876495
3,423,-0.2492136,0.026287166,1.0038334131240845
3,424,-0.22325967,0.02595393,1.1958365440368652
3,425,-0.19780527,0.025454398,0.9735766053199768
3,426,-0.17292346,0.02488181,1.1702475547790527
3,427,-0.14871272,0.024210736,1.1656606197357178
3,428,-0.12528989,0.023422834,0.9782649874687195
3,429,-0.10269252,0.022597361,1.2781111001968384
3,430,-0.08255337,0.02013915,-0.05061042308807373
3,431,-0.063337944,0.01921543,1.0115439891815186
3,432,-0.045945805,0.01739214,0.4211429953575134
3,433,-0.030438684,0.01550712,0.3941791355609894
3,434,-0.015921148,0.014517535,1.0299580097198486
3,435,-0.0025525386,0.013368608,0.8988147974014282
3,436,0.009816143,0.012368682,1.1739598512649536
3,437,0.021116754,0.011300611,0.9538969993591309
3,438,0.030928954,0.0098122,0.6710497140884399
3,439,0.03975191,0.008822954,1.236088752746582
3,440,0.047584392,0.007832484,0.9945157170295715
3,441,0.053317748,0.0057333563,0.2502948045730591
3,442,0.05760603,0.0042882827,0.6820089221000671
3,443,0.060931552,0.0033255224,1.069877028465271
3,444,0.063298725,0.0023671736,1.1037360429763794
3,445,0.0647017,0.001402972,0.9939053654670715
3,446,0.06515162,0.00044992034,1.083162784576416
3,447,0.06451073,-0.00064088235,0.9077305793762207
3,448,0.062916525,-0.0015942099,1.0147978067398071
3,449,0.060366716,-0.002549809,1.0550256967544556
3,450,0.05644204,-0.003924674,0.7228334546089172
3,451,0.050770096,-0.005671943,0.477984756231308
3,452,0.043093488,-0.0076766084,0.3109285235404968
3,453,0.034437742,-0.008655746,1.1792430877685547
3,454,0.024795327,-0.009642416,1.1424866914749146
3,455,0.014046674,-0.010748654,0.9245656728744507
3,456,0.0021061352,-0.011940538,0.8705973029136658
3,457,-0.010834353,-0.012940488,1.0823874473571777
3,458,-0.024773521,-0.013939167,1.0912526845932007
3,459,-0.03994118,-0.015167657,0.8430725336074829
3,460,-0.056495257,-0.016554076,0.730437159538269
3,461,-0.07401351,-0.017518256,1.157724142074585
3,462,-0.09247039,-0.018456882,1.1473987102508545
3,463,-0.111831695,-0.0193613,1.199804663658142
3,464,-0.13242471,-0.020593012,0.7526044249534607
3,465,-0.15402907,-0.021604365,0.8626302480697632
3,466,-0.17655739,-0.022528322,0.8759018182754517
3,467,-0.19974315,-0.023185754,1.0174665451049805
3,468,-0.22455536,-0.024812207,0.29198217391967773
3,469,-0.25127873,-0.02672336,0.028463298454880714
3,470,-0.27895632,-0.02767758,0.5789673924446106
3,471,-0.30796674,-0.029010419,0.22775936126708984
3,472,-0.33703268,-0.029065933,0.9675115346908569
3,473,-0.36848456,-0.03145189,-0.7057523727416992
3,474,-0.39959684,-0.031112295,0.9742772579193115
3,475,-0.43231714,-0.03272031,-0.4662015736103058
3,476,-0.46556672,-0.03324959,0.09787106513977051
3,477,-0.49832553,-0.032758802,0.615888774394989
3,478,-0.5311271,-0.03280156,0.09774034470319748
3,479,-0.5634932,-0.03236611,0.2526625990867615
3,480,-0.5941203,-0.030627118,0.9603303670883179
3,481,-0.62450534,-0.030385004,-0.188573956489563
3,482,-0.6538747,-0.029369364,0.1802319586277008
3,483,-0.68208987,-0.028215162,0.13454394042491913
3,484,-0.707684,-0.025594138,0.9844180345535278
3,485,-0.7334656,-0.025781617,-0.9993342161178589
3,486,-0.7579376,-0.024471985,-0.10828271508216858
3,487,-0.78087664,-0.022939043,-0.05557473003864288
3,488,-0.80357206,-0.022695417,-1.5342007875442505
3,489,-0.82417405,-0.020601986,0.15463776886463165
3,490,-0.84168047,-0.017506402,0.7563921809196472
3,491,-0.85746807,-0.015787613,-0.21393638849258423
3,492,-0.8719885,-0.0145204095,-0.559095561504364
3,493,-0.88284636,-0.010857886,1.1536256074905396
3,494,-0.89112383,-0.008277464,0.25212880969047546
3,495,-0.895965,-0.0048411353,0.8035980463027954
3,496,-0.89927876,-0.003313803,-0.47983285784721375
3,497,-0.89897496,0.00030379614,0.906490683555603
3,498,-0.8955602,0.0034147664,0.5693908333778381
3,499,-0.8887651,0.00679511,0.756396472454071
3,500,-0.88089883,0.007866291,-0.7678071856498718
3,501,-0.870203,0.010695839,0.4228465259075165
3,502,-0.8568363,0.013366717,0.3434029221534729
3,503,-0.84255373,0.014282556,-0.7916335463523865
3,504,-0.8253563,0.01719745,0.5809472799301147
3,505,-0.80555904,0.019797286,0.42223408818244934
3,506,-0.78239036,0.023168674,1.003246545791626
3,507,-0.75602025,0.026370088,0.9664462804794312
3,508,-0.72813165,0.027888585,-0.05787409469485283
3,509,-0.6983862,0.02974546,0.2782275378704071
3,510,-0.66597205,0.032414127,0.9446768164634705
3,511,-0.6315456,0.034426466,0.6511403322219849
3,512,-0.5948236,0.03672199,1.0068767070770264
3,513,-0.5561891,0.038634468,0.9215663075447083
3,514,-0.5158106,0.040378507,1.0346691608428955
3,515,-0.4752776,0.040532995,0.14193010330200195
3,516,-0.43493596,0.04034165,0.11319747567176819
3,517,-0.3946609,0.04027506,0.3937116265296936
3,518,-0.35528657,0.03937432,0.028239427134394646
3,519,-0.31713504,0.03815153,-0.008941983804106712
3,520,-0.27900186,0.03813317,0.9553269147872925
3,521,-0.24104291,0.037958946,1.07033371925354
3,522,-0.20355116,0.03749175,0.9381005764007568
3,523,-0.1667139,0.036837272,0.9291361570358276
3,524,-0.13057041,0.036143485,1.0963587760925293
3,525,-0.09611247,0.03445794,0.41673266887664795
3,526,-0.06255132,0.033561144,1.1326942443847656
3,527,-0.030835459,0.03171586,0.40721818804740906
3,528,-0.0009825537,0.029852904,0.4175716042518616
3,529,0.027848028,0.02883058,0.9851104617118835
3,530,0.055687327,0.0278393,1.051856517791748
3,531,0.08240464,0.02671732,0.8954760432243347
3,532,0.10819797,0.025793325,1.0644793510437012
3,533,0.13312185,0.024923874,1.1250523328781128
3,534,0.15671103,0.023589171,0.6457120180130005
3,535,0.17930503,0.022594005,0.8224022388458252
3,536,0.19963346,0.020328438,-0.07908045500516891
3,537,0.21924137,0.019607905,0.8962382674217224
3,538,0.2383708,0.019129442,1.2003636360168457
3,539,0.2571127,0.018741893,1.119978666305542
3,540,0.27556217,0.018449446,1.0650830268859863
3,541,0.293789,0.018226841,0.9804586172103882
3,542,0.3119256,0.018136598,1.1927183866500854
3,543,0.3300792,0.018153615,1.0137089490890503
3,544,0.3480753,0.017996093,0.8091376423835754
3,545,0.36631498,0.018239666,1.074371337890625
3,546,0.3849183,0.018603325,1.1277302503585815
3,547,0.40395248,0.019034166,0.9607985019683838
3,548,0.42353943,0.019586962,0.9539986848831177
3,549,0.44388717,0.020347737,1.0301960706710815
3,550,0.46503466,0.021147497,0.9279436469078064
4,1,-0.5814487,-0.0010762535,-1.2751612663269043
4,2,-0.5812135,0.0002351893,0.5864955186843872
4,3,-0.57987124,0.0013422658,0.4514097273349762
4,4,-0.57866794,0.0012032955,-0.3726745545864105
4,5,-0.57699436,0.00167357,0.03942128270864487
4,6,-0.57385254,0.0031418449,0.7130123376846313
4,7,-0.5706326,0.0032199374,-0.19825638830661774
4,8,-0.5673107,0.0033218751,-0.16643103957176208
4,9,-0.562756,0.0045546913,0.6039435863494873
4,10,-0.558075,0.004681014,-0.11112099885940552
4,11,-0.5523432,0.0057317927,0.5284451246261597
4,12,-0.54625875,0.006084437,0.0915522351861
4,13,-0.5404899,0.0057688355,-0.3236135244369507
4,14,-0.53546405,0.0050258553,-0.5797398090362549
4,15,-0.5295769,0.0058871764,0.5149003863334656
4,16,-0.5246853,0.004891558,-0.6936343908309937
4,17,-0.5191451,0.005540274,0.4270446002483368
4,18,-0.5123167,0.0068283635,0.8809942603111267
4,19,-0.50683945,0.0054772357,-0.8443524241447449
4,20,-0.49998787,0.0068515935,1.086403727531433
4,21,-0.4926131,0.0073747775,0.46674516797065735
4,22,-0.48452765,0.008085447,0.6284849643707275
4,23,-0.47636425,0.0081633935,0.2468729317188263
4,24,-0.46984923,0.006515025,-0.8635293245315552
4,25,-0.46223557,0.007613648,1.034387230873108
4,26,-0.45360863,0.008626928,0.9806059002876282
4,27,-0.4441375,0.009471112,0.9101743698120117
4,28,-0.4344814,0.0096561,0.516879141330719
4,29,-0.42461878,0.009862642,0.5779922604560852
4,30,-0.4150575,0.009561281,0.28675147891044617
4,31,-0.40479597,0.010261531,1.1144012212753296
4,32,-0.3939067,0.0108892545,1.0250104665756226
4,33,-0.3840676,0.0098391045,-0.06787718832492828
4,34,-0.37374467,0.010322914,1.1283947229385376
4,35,-0.3641944,0.009550265,0.20918609201908112
4,36,-0.3542946,0.009899781,1.0386580228805542
4,37,-0.34425393,0.010040677,0.904521107673645
4,38,-0.33400854,0.010245373,0.9905455112457275
4,39,-0.32491696,0.009091579,0.12846572697162628
4,40,-0.31581768,0.009099271,0.9407514929771423
4,41,-0.3066778,0.009139889,1.0132969617843628
4,42,-0.29755238,0.009125405,1.1372785568237305
4,43,-0.2890421,0.008510291,0.635498583316803
4,44,-0.28064933,0.00839274,1.012679934501648
4,45,-0.27242163,0.0082277125,1.1133625507354736
4,46,-0.26448807,0.00793357,0.9442691206932068
4,47,-0.25680795,0.0076801195,1.0567461252212524
4,48,-0.24942188,0.0073860805,1.1345287561416626
4,49,-0.24515688,0.0042650024,-0.8592686057090759
4,50,-0.2412864,0.0038704833,0.9728456139564514
4,51,-0.23778905,0.0034973447,1.2192254066467285
4,52,-0.23468211,0.0031069377,1.1185762882232666
4,53,-0.23198074,0.0027013647,1.086066484451294
4,54,-0.23143463,0.00054610823,-0.1577543318271637
4,55,-0.23161818,-0.00018355185,0.7943921089172363
4,56,-0.2322221,-0.000603919,1.0810455083847046
4,57,-0.23324348,-0.0010213829,1.075585126876831
4,58,-0.23469643,-0.0014529544,0.9873120188713074
4,59,-0.23655489,-0.0018584579,1.1900098323822021
4,60,-0.23961958,-0.0030646892,0.4601465165615082
4,61,-0.24306567,-0.0034460837,1.019214391708374
4,62,-0.24750012,-0.0044344543,0.5839358568191528
4,63,-0.25227654,-0.004776405,1.0240622758865356
4,64,-0.25739178,-0.005115238,0.9858057498931885
4,65,-0.263537,-0.006145197,0.5073518753051758
4,66,-0.27012953,-0.006592551,0.8741162419319153
4,67,-0.2783601,-0.00823056,0.0566885881125927
4,68,-0.28926972,-0.010909618,-0.6675083041191101
4,69,-0.30069858,-0.011428872,0.7313298583030701
4,70,-0.3141643,-0.013465744,-0.324636310338974
4,71,-0.33035812,-0.016193809,-0.8390874862670898
4,72,-0.3468966,-0.016538458,0.6832190752029419
4,73,-0.3641604,-0.017263805,0.3591441810131073
4,74,-0.38197252,-0.017812138,0.4015844464302063
4,75,-0.39987686,-0.017904345,0.625545859336853
4,76,-0.41782135,-0.017944476,0.5777493119239807
4,77,-0.4360548,-0.018233456,0.32740214467048645
4,78,-0.45554906,-0.019494262,-0.40783190727233887
4,79,-0.47559354,-0.020044487,-0.028926460072398186
4,80,-0.4945044,-0.018910859,0.9949491024017334
4,81,-0.51393646,-0.019432064,-0.20218254625797272
4,82,-0.53359807,-0.01966163,-0.10473861545324326
4,83,-0.5529948,-0.019396707,0.1266263723373413
4,84,-0.57233894,-0.019344158,-0.11175654083490372
4,85,-0.5909694,-0.01863047,0.2329595983028412
4,86,-0.607598,-0.016628623,1.107228398323059
4,87,-0.623058,-0.015460021,0.3635031580924988
4,88,-0.63772357,-0.014665569,0.03968464583158493
4,89,-0.6520521,-0.014328532,-0.3348493278026581
4,90,-0.6643811,-0.012328983,0.7065446972846985
4,91,-0.67601967,-0.011638593,-0.22291044890880585
4,92,-0.68657637,-0.010556721,-0.014574837870895863
4,93,-0.6950789,-0.008502545,0.5866444110870361
4,94,-0.7018151,-0.00673624,0.3574569523334503
4,95,-0.70802945,-0.0062143495,-0.5013048648834229
4,96,-0.7119283,-0.0038988567,0.6678436994552612
4,97,-0.7140419,-0.0021135644,0.29785120487213135
4,98,-0.71330357,0.00073831243,1.113817572593689
4,99,-0.71082985,0.0024737162,0.25879213213920593
4,100,-0.7078827,0.002947168,-0.5720654726028442
4,101,-0.704027,0.0038556915,-0.2695114314556122
4,102,-0.6993088,0.0047181943,-0.2837271988391876
4,103,-0.69285226,0.0064565316,0.3204665184020996
4,104,-0.6837157,0.009136528,0.9762952923774719
4,105,-0.67238754,0.011328131,0.6909184455871582
4,106,-0.65966284,0.01272471,0.2115677446126938
4,107,-0.6462188,0.013444036,-0.18203338980674744
4,108,-0.63049287,0.015725931,0.9218980669975281
4,109,-0.61262363,0.017869212,0.9034970998764038
4,110,-0.5940533,0.01857032,0.027553966268897057
4,111,-0.574563,0.019490303,0.26366597414016724
4,112,-0.55476266,0.019800378,-0.04711311310529709
4,113,-0.5333392,0.021423442,0.9264498949050903
4,114,-0.51175064,0.021588555,0.061379365622997284
4,115,-0.49150258,0.020248068,-0.8344290256500244
4,116,-0.4709948,0.020507794,0.33338281512260437
4,117,-0.4509298,0.020065002,-0.033264413475990295
4,118,-0.4299055,0.021024292,1.014632225036621
4,119,-0.40935487,0.02055063,0.1465471386909485
4,120,-0.38951012,0.019844746,0.0895129144191742
4,121,-0.36914414,0.020365985,1.1120023727416992
4,122,-0.34893775,0.020206379,0.6385287642478943
4,123,-0.3284822,0.020455547,1.1849855184555054
4,124,-0.30791354,0.020568661,0.9962276220321655
4,125,-0.28828272,0.019630812,0.37950068712234497
4,126,-0.26879123,0.019491496,0.9883818626403809
4,127,-0.24980341,0.018987816,0.8177474737167358
4,128,-0.23142718,0.018376231,0.8124279975891113
4,129,-0.21347223,0.017954947,1.2847174406051636
4,130,-0.19752486,0.015947366,-0.001975581981241703
4,131,-0.18231986,0.015204996,0.8875955939292908
4,132,-0.16775015,0.014569721,1.2052814960479736
4,133,-0.15387048,0.013879673,1.0354528427124023
4,134,-0.14160684,0.012263633,0.4148670732975006
4,135,-0.130121,0.011485851,1.0376057624816895
4,136,-0.11949185,0.01062914,0.9701442718505859
4,137,-0.109703794,0.009788058,1.1132363080978394
4,138,-0.10196308,0.0077407123,0.21231964230537415
4,139,-0.09510632,0.0068567633,1.0087140798568726
4,140,-0.089148484,0.0059578335,1.1317775249481201
4,141,-0.084101774,0.005046711,1.0548949241638184
4,142,-0.07997591,0.004125862,1.103675365447998
4,143,-0.076778434,0.003197474,1.0324722528457642
4,144,-0.07451493,0.0022634992,1.0826843976974487
4,145,-0.07318923,0.0013257049,1.0045632123947144
4,146,-0.072803505,0.0003857256,1.0801804065704346
4,147,-0.07335839,-0.0005548821,1.0879355669021606
4,148,-0.07485297,-0.0014945847,1.195244550704956
4,149,-0.077632144,-0.0027791692,0.7684309482574463
4,150,-0.081343815,-0.0037116741,1.1926000118255615
4,151,-0.08598142,-0.0046376036,1.0003201961517334
4,152,-0.09153631,-0.005554895,1.0575382709503174
4,153,-0.09799754,-0.006461223,1.182879090309143
4,154,-0.105612084,-0.007614544,0.8262768983840942
4,155,-0.115275145,-0.009663062,0.21803104877471924
4,156,-0.1257902,-0.010515052,1.2042747735977173
4,157,-0.13712934,-0.011339144,1.019287347793579
4,158,-0.14948916,-0.012359829,0.847154438495636
4,159,-0.16326915,-0.013779979,0.555087685585022
4,160,-0.17775519,-0.014486038,1.0768804550170898
4,161,-0.19289793,-0.015142741,0.9974507689476013
4,162,-0.20863362,-0.015735686,1.072957992553711
4,163,-0.22489539,-0.016261775,1.2464548349380493
4,164,-0.2426011,-0.017705709,0.3388820290565491
4,165,-0.2606734,-0.018072303,1.0092402696609497
4,166,-0.28022438,-0.019550988,0.19669586420059204
4,167,-0.3001133,-0.019888895,0.8863313794136047
4,168,-0.32010242,-0.019989148,0.9687377214431763
4,169,-0.3405759,-0.020473478,0.6325603127479553
4,170,-0.36222276,-0.021646848,0.0875755101442337
4,171,-0.38497567,-0.022752924,0.03834429010748863
4,172,-0.40877932,-0.023803646,-0.02717292495071888
4,173,-0.433369,-0.024589678,0.03879021108150482
4,174,-0.45822105,-0.024852026,0.27076053619384766
4,175,-0.48206028,-0.023839222,1.0689924955368042
4,176,-0.50601625,-0.023955986,0.12931348383426666
4,177,-0.5297879,-0.023771642,0.21076813340187073
4,178,-0.554432,-0.024644064,-0.6125588417053223
4,179,-0.5783522,-0.023920232,0.3286075294017792
4,180,-0.6019388,-0.02358657,-0.05009614676237106
4,181,-0.6251527,-0.023213942,-0.13968516886234283
4,182,-0.6463681,-0.021215368,0.832431435585022
4,183,-0.6664108,-0.0200427,0.1817161738872528
4,184,-0.6853896,-0.018978786,0.01686261221766472
4,185,-0.70228946,-0.016899863,0.6083853244781494
4,186,-0.71727455,-0.014985111,0.42523011565208435
4,187,-0.72938746,-0.012112903,1.1573493480682373
4,188,-0.7394178,-0.010030339,0.42356088757514954
4,189,-0.74819726,-0.008779438,-0.17133328318595886
4,190,-0.7559403,-0.007743061,-0.3490094244480133
4,191,-0.76229024,-0.0063499506,-0.14115820825099945
4,192,-0.7673742,-0.0050839726,-0.25006186962127686
4,193,-0.77097964,-0.0036054507,-0.12741439044475555
4,194,-0.7719945,-0.0010148546,0.6006163954734802
4,195,-0.77037203,0.0016224412,0.6280150413513184
4,196,-0.7665363,0.0038357305,0.35131949186325073
4,197,-0.76103246,0.005503858,0.00211125030182302
4,198,-0.7536824,0.007350093,0.1415284425020218
4,199,-0.7436645,0.010017865,0.7172970771789551
4,200,-0.73061347,0.013051047,1.2294917106628418
4,201,-0.7147232,0.015890213,0.9229694604873657
4,202,-0.69642586,0.01829735,0.7006426453590393
4,203,-0.6754132,0.021012668,0.9842759370803833
4,204,-0.6518032,0.02361,0.9984537959098816
4,205,-0.6269137,0.024889495,0.22766231000423431
4,206,-0.6023067,0.024606982,-0.6966856122016907
4,207,-0.5759778,0.02632893,0.7580726742744446
4,208,-0.5483714,0.027606435,0.5908514261245728
4,209,-0.5201865,0.028184874,0.26187723875045776
4,210,-0.49105936,0.029127128,0.6452306509017944
4,211,-0.46197855,0.029080806,0.13155752420425415
4,212,-0.43192405,0.030054497,0.9554755687713623
4,213,-0.40193218,0.029991878,0.4108715057373047
4,214,-0.37133268,0.030599505,1.2354105710983276
4,215,-0.34033588,0.030996813,1.0342845916748047
4,216,-0.31071213,0.029623756,-0.0445253849029541
4,217,-0.28107867,0.029633457,1.0341370105743408
4,218,-0.25160784,0.029470833,1.0553641319274902
4,219,-0.22262043,0.028987415,0.8917088508605957
4,220,-0.19520967,0.027410755,0.2574732303619385
4,221,-0.16838232,0.026827343,1.0500965118408203
4,222,-0.14224273,0.026139585,1.0395803451538086
4,223,-0.11687896,0.025363773,1.0355720520019531
4,224,-0.092394985,0.024483973,0.9787240028381348
4,225,-0.06881559,0.0235794,1.1415727138519287
4,226,-0.0461831,0.022632487,1.1219128370285034
4,227,-0.024526658,0.021656444,1.2743362188339233
4,228,-0.004923984,0.019602673,0.2929767072200775
4,229,0.013678962,0.018602947,1.0265260934829712
4,230,0.031284016,0.017605051,1.091831922531128
4,231,0.047680378,0.016396364,0.8535401821136475
4,232,0.063102275,0.015421896,1.0341243743896484
4,233,0.07613194,0.013029663,0.04206903278827667
4,234,0.088128716,0.011996776,0.9347937107086182
4,235,0.09918684,0.011058119,0.9829837679862976
4,236,0.109332256,0.010145416,0.9849551916122437
4,237,0.11861095,0.009278691,1.0045063495635986
4,238,0.12704624,0.0084353,1.5119422674179077
4,239,0.13406238,0.007016143,0.6009649038314819
4,240,0.14027801,0.006215625,1.0305696725845337
4,241,0.14569144,0.00541343,0.986450731754303
4,242,0.15033989,0.0046484447,1.0715605020523071
4,243,0.15337421,0.003034317,0.4239199757575989
4,244,0.1554473,0.0020730903,0.8525123000144958
4,245,0.15672392,0.0012766124,0.9577130675315857
4,246,0.1572718,0.0005478862,1.0056161880493164
4,247,0.15683243,-0.00043937814,0.8263981938362122
4,248,0.15421467,-0.0026177645,0.033314049243927
4,249,0.15085971,-0.0033549534,1.0120248794555664
4,250,0.14628088,-0.0045788274,0.6829544305801392
4,251,0.14093092,-0.0053499695,0.9946451783180237
4,252,0.13475141,-0.006179512,0.966882586479187
4,253,0.12734891,-0.0074024945,0.7170050144195557
4,254,0.11787597,-0.00947294,0.16620871424674988
4,255,0.10755772,-0.010318247,1.026861310005188
4,256,0.09626869,-0.011289033,0.9334608912467957
4,257,0.083297536,-0.0129711535,0.47622743248939514
4,258,0.068837866,-0.014459673,0.6225517988204956
4,259,0.052083872,-0.016753994,0.10170537233352661
4,260,0.034360334,-0.017723538,1.1210271120071411
4,261,0.015650067,-0.018710267,1.169288158416748
4,262,-0.004193243,-0.01984331,0.9094675183296204
4,263,-0.025036355,-0.020843113,1.0956332683563232
4,264,-0.04687242,-0.021836065,1.0966439247131348
4,265,-0.06991638,-0.023043968,0.8449475765228271
4,266,-0.09390556,-0.023989176,1.06996750831604
4,267,-0.11961872,-0.02571316,0.4516436457633972
4,268,-0.14652684,-0.026908115,0.7638620734214783
4,269,-0.17506504,-0.028538192,0.42149949073791504
4,270,-0.20476656,-0.029701514,0.6664947271347046
4,271,-0.23501101,-0.030244457,1.112919569015503
4,272,-0.26567593,-0.030664917,0.9890099763870239
4,273,-0.2974814,-0.031805467,0.4043595492839813
4,274,-0.33033714,-0.032855753,0.3456604778766632
4,275,-0.3643382,-0.034001064,0.14953318238258362
4,276,-0.3997292,-0.035391,-0.16027402877807617
4,277,-0.4361876,-0.0364584,-0.10640865564346313
4,278,-0.47197187,-0.03578426,0.8814899921417236
4,279,-0.5066501,-0.03467824,0.9944509863853455
4,280,-0.5412669,-0.03461681,0.1256602704524994
4,281,-0.5757224,-0.0344555,0.019240254536271095
4,282,-0.6098574,-0.03413498,-0.04587715119123459
4,283,-0.64354247,-0.033685066,-0.1265532523393631
4,284,-0.67571104,-0.03216858,0.42413145303726196
4,285,-0.70530933,-0.029598309,0.9790751934051514
4,286,-0.7350875,-0.02977821,-0.98415207862854
4,287,-0.7634145,-0.028327009,-0.02044438011944294
4,288,-0.7904315,-0.027016971,-0.22492368519306183
4,289,-0.8154395,-0.025008,0.14314183592796326
4,290,-0.8388164,-0.0233769,-0.1923971325159073
4,291,-0.8603478,-0.021531377,-0.12111569941043854
4,292,-0.8783387,-0.0179909,0.9487118721008301
4,293,-0.8939288,-0.01559012,0.1431690901517868
4,294,-0.90845114,-0.0145223,-0.7816842794418335
4,295,-0.91997826,-0.011527113,0.4724316895008087
4,296,-0.9287146,-0.008736312,0.31378617882728577
4,297,-0.9352991,-0.00658451,-0.12794898450374603
4,298,-0.93973917,-0.004440092,-0.14402367174625397
4,299,-0.9432593,-0.0035201225,-0.967496395111084
4,300,-0.94314796,0.00011136981,0.8346975445747375
4,301,-0.94098526,0.0021627203,-0.21855950355529785
4,302,-0.9367107,0.004274573,-0.17487028241157532
4,303,-0.9306324,0.006078307,-0.3734576404094696
4,304,-0.9218186,0.008813794,0.2578626573085785
4,305,-0.9104989,0.011319711,0.12046027183532715
4,306,-0.89739203,0.013106857,-0.33703964948654175
4,307,-0.8812798,0.016112214,0.5024033188819885
4,308,-0.862967,0.018312814,0.0026371025014668703
4,309,-0.8419367,0.021030335,0.3931560218334198
4,310,-0.8176716,0.02426512,0.7959867119789124
4,311,-0.7903091,0.027362552,0.7780374884605408
4,312,-0.7607883,0.029520726,0.2430376410484314
4,313,-0.72965497,0.03113338,-0.013268070295453072
4,314,-0.69622344,0.033431523,0.566190242767334
4,315,-0.66087824,0.035345208,0.4507323205471039
4,316,-0.6234821,0.037396163,0.7001445293426514
4,317,-0.58442277,0.03905936,0.6168208718299866
4,318,-0.5448147,0.03960804,0.06335117667913437
4,319,-0.5040481,0.040766593,0.6663601398468018
4,320,-0.46194446,0.042103652,0.9890692830085754
4,321,-0.4188006,0.043143876,1.0597679615020752
4,322,-0.37492982,0.043870773,1.0588841438293457
4,323,-0.3316339,0.043295935,0.33571839332580566
4,324,-0.28819942,0.04343447,1.0344988107681274
4,325,-0.24488732,0.043312106,1.055977702140808
4,326,-0.20200297,0.04288435,0.9515907168388367
4,327,-0.15992717,0.042075798,0.8308442234992981
4,328,-0.11932953,0.040597647,0.49305832386016846
4,329,-0.079573385,0.039756138,1.0158636569976807
4,330,-0.04074635,0.038827036,1.3262205123901367
4,331,-0.0037849112,0.03696144,0.41049879789352417
4,332,0.032130342,0.03591525,0.969101071357727
4,333,0.0670572,0.034926858,1.0297356843948364
4,334,0.100520134,0.033462934,0.657106876373291
4,335,0.13309588,0.03257575,1.129086971282959
4,336,0.16486163,0.03176576,0.9955702424049377
4,337,0.19466464,0.029803006,0.15844157338142395
4,338,0.22380042,0.029135779,0.9456276893615723
4,339,0.25242516,0.028624745,0.9642289280891418
4,340,0.28073314,0.028307969,1.2936865091323853
4,341,0.30827245,0.027539313,0.5972685217857361
4,342,0.33580682,0.027534362,1.1210094690322876
4,343,0.36350608,0.027699253,1.314199447631836
4,344,0.39155027,0.028044188,1.2117187976837158
4,345,0.42009377,0.028543506,0.9759869575500488
4,346,0.44880107,0.028707296,0.6184412837028503
4,347,0.4784521,0.029651009,1.143816590309143
5,1,-0.45401588,-0.0007627672,-0.15938818454742432
5,2,-0.45585725,-0.0018413583,-0.37366753816604614
5,3,-0.4567032,-0.0008459298,1.0098050832748413
5,4,-0.45670298,1.9840111e-07,0.8963227272033691
5,5,-0.45570114,0.0010018409,1.0043710470199585
5,6,-0.45490938,0.00079177285,0.19710004329681396
5,7,-0.45419183,0.0007175561,0.291543573141098
5,8,-0.45294604,0.0012457863,0.6966859698295593
5,9,-0.45165944,0.0012865913,0.37782779335975647
5,10,-0.45044452,0.0012149322,0.30913811922073364
5,11,-0.44857296,0.0018715616,0.8005951642990112
5,12,-0.44715792,0.0014150502,0.06762880086898804
5,13,-0.44540432,0.0017536131,0.6045717000961304
5,14,-0.4428835,0.0025208315,0.8988751769065857
5,15,-0.44101974,0.0018637568,-0.03840577229857445
5,16,-0.4382938,0.0027259183,0.983458936214447
5,17,-0.4359517,0.0023421014,0.16600637137889862
5,18,-0.43396938,0.001982338,0.19336073100566864
5,19,-0.43247122,0.0014981499,0.11997421085834503
5,20,-0.4314757,0.0009955155,0.11489376425743103
5,21,-0.43018988,0.0012858293,0.6483166813850403
5,22,-0.4295595,0.00063038856,0.023995304480195045
5,23,-0.42917544,0.00038405924,0.2997644245624542
5,24,-0.42929476,-0.00011933593,0.13023127615451813
5,25,-0.43012655,-0.0008317846,-0.009710635989904404
5,26,-0.4301502,-2.3674824e-05,1.0102741718292236
5,27,-0.43040967,-0.0002594639,0.30395370721817017
5,28,-0.4301319,0.0002777605,0.8180492520332336
5,29,-0.4306437,-0.00051179907,-0.06513867527246475
5,30,-0.4305984,4.5289522e-05,0.8301671743392944
5,31,-0.42988458,0.0007138109,0.9046734571456909
5,32,-0.4283644,0.001520177,1.0090365409851074
5,33,-0.4267131,0.0016512793,0.5571218132972717
5,34,-0.42540848,0.0013046404,0.24654364585876465
5,35,-0.4239267,0.0014817803,0.6019753217697144
5,36,-0.42218792,0.0017388014,0.6623143553733826
5,37,-0.41969803,0.0024898988,1.0621596574783325
5,38,-0.41826245,0.001435587,-0.19174239039421082
5,39,-0.41754258,0.0007198688,0.04081398621201515
5,40,-0.4175922,-4.963225e-05,0.00837862677872181
5,41,-0.4181844,-0.00059219584,0.15943461656570435
5,42,-0.41984287,-0.0016584645,-0.19251547753810883
5,43,-0.4223892,-0.0025463284,-0.08146632462739944
5,44,-0.424183,-0.0017937906,1.0530593395233154
5,45,-0.4252321,-0.0010491058,0.9861987829208374
5,46,-0.42635798,-0.0011258661,0.4335522949695587
5,47,-0.42838863,-0.0020306334,-0.12384118139743805
5,48,-0.43006396,-0.0016753442,0.7064634561538696
5,49,-0.43287337,-0.0028094172,-0.2944878339767456
5,50,-0.43597502,-0.0031016432,0.25322964787483215
5,51,-0.43885547,-0.0028804627,0.5805440545082092
5,52,-0.44100592,-0.0021504422,0.9058471918106079
5,53,-0.44244385,-0.0014379416,0.8837521076202393
5,54,-0.44307646,-0.0006326187,0.93865966796875
5,55,-0.4443178,-0.0012413313,-0.007101157214492559
5,56,-0.44464815,-0.0003303485,1.0958069562911987
5,57,-0.44441208,0.00023607345,0.7686872482299805
5,58,-0.44436663,4.5452092e-05,0.26513898372650146
5,59,-0.44449085,-0.00012422084,0.2793254554271698
5,60,-0.4455363,-0.001045425,-0.22229896485805511
5,61,-0.44577,-0.00023371968,0.9278913736343384
5,62,-0.44529957,0.0004704413,0.8550584316253662
5,63,-0.4446503,0.0006492675,0.5071231722831726
5,64,-0.4436868,0.00096348656,0.6005415320396423
5,65,-0.4419529,0.0017338982,0.9093512296676636
5,66,-0.4409993,0.00095362,-0.11602582037448883
5,67,-0.43915886,0.0018404444,1.0104763507843018
5,68,-0.43733364,0.0018252196,0.4075486958026886
5,69,-0.43496835,0.002365289,0.7865734100341797
5,70,-0.4332589,0.0017094642,0.0007323439349420369
5,71,-0.43138307,0.0018758159,0.5570911169052124
5,72,-0.431042,0.00034109355,-0.5679286122322083
5,73,-0.4300177,0.0010242772,0.9123157858848572
5,74,-0.4304171,-0.00039938928,-0.4873279333114624
5,75,-0.43000627,0.00041081474,1.0037497282028198
5,76,-0.4303768,-0.0003705268,-0.05905633792281151
5,77,-0.43120113,-0.0008243338,0.1575196087360382
5,78,-0.43287507,-0.0016739257,-0.11029990762472153
5,79,-0.43556592,-0.002690862,-0.22991874814033508
5,80,-0.43829188,-0.0027259667,0.41166219115257263
5,81,-0.4404625,-0.0021706102,0.7921314239501953
5,82,-0.4426014,-0.0021389117,0.43251749873161316
5,83,-0.44467342,-0.0020720118,0.44561317563056946
5,84,-0.44682783,-0.002154423,0.33600911498069763
5,85,-0.44922101,-0.0023931938,0.22128954529762268
5,86,-0.45152637,-0.0023053705,0.42735937237739563
5,87,-0.45453367,-0.0030072802,-0.11037905514240265
5,88,-0.45792904,-0.0033953928,0.08411825448274612
5,89,-0.46201417,-0.0040851342,-0.13359875977039337
5,90,-0.466745,-0.004730826,-0.12428685277700424
5,91,-0.4717738,-0.0050288206,0.08422941714525223
5,92,-0.4761196,-0.004345791,0.7134352922439575
5,93,-0.4793203,-0.0032006819,1.014788269996643
5,94,-0.4813883,-0.0020680076,0.9758581519126892
5,95,-0.48356357,-0.0021752599,0.13898725807666779
5,96,-0.48453838,-0.00097480253,1.0046014785766602
5,97,-0.48431367,0.00022469975,0.9945235252380371
5,98,-0.48295495,0.0013587117,0.9519791603088379
5,99,-0.48101455,0.0019403909,0.5905020833015442
5,100,-0.4785901,0.0024244362,0.5350393056869507
5,101,-0.47739866,0.0011914338,-0.5976414680480957
5,102,-0.4770653,0.0003333731,-0.3417787551879883
5,103,-0.4774015,-0.0003361854,-0.21445989608764648
5,104,-0.4765971,0.00080439413,0.990634024143219
5,105,-0.47464406,0.0019530485,1.0515143871307373
5,106,-0.47292137,0.0017226815,0.09031655639410019
5,107,-0.47078738,0.0021339809,0.5266115665435791
5,108,-0.46921033,0.0015770583,-0.10832798480987549
5,109,-0.46846712,0.0007432213,-0.28515416383743286
5,110,-0.46773532,0.00073179905,0.2667883634567261
5,111,-0.4668266,0.00090873113,0.3959663212299347
5,112,-0.46568596,0.0011406139,0.4370790719985962
5,113,-0.46450916,0.001176805,0.3122369050979614
5,114,-0.46242103,0.0020881249,0.9014497399330139
5,115,-0.46024564,0.002175403,0.3623597323894501
5,116,-0.45767218,0.002573459,0.5802326798439026
5,117,-0.4553757,0.0022964708,0.14282941818237305
5,118,-0.45357996,0.001795747,0.004922941792756319
5,119,-0.45115054,0.0024294148,0.7699703574180603
5,120,-0.4486296,0.0025209421,0.4204142689704895
5,121,-0.4473079,0.0013216861,-0.42781028151512146
5,122,-0.44671804,0.0005898746,-0.10974158346652985
5,123,-0.44626936,0.00044868156,0.28687596321105957
5,124,-0.44672927,-0.00045991453,-0.22254247963428497
5,125,-0.44733644,-0.0006071645,0.28278329968452454
5,126,-0.44946116,-0.0021247284,-0.6337153315544128
5,127,-0.45063734,-0.0011761875,1.0955551862716675
5,128,-0.45223245,-0.0015951026,0.0826244056224823
5,129,-0.45285872,-0.00062627025,1.0266854763031006
5,130,-0.4534993,-0.00064056343,0.3415225148200989
5,131,-0.45365828,-0.00015900958,0.6689555644989014
5,132,-0.4528457,0.0008125966,0.9948796033859253
5,133,-0.4519031,0.0009425733,0.43776610493659973
5,134,-0.45258746,-0.0006843454,-0.7288917303085327
5,135,-0.453485,-0.0008975524,0.21023905277252197
5,136,-0.45540935,-0.0019243226,-0.33652400970458984
5,137,-0.45764646,-0.002237102,0.13005442917346954
5,138,-0.46075425,-0.003107775,-0.25283440947532654
5,139,-0.46406516,-0.0033109332,0.1769256591796875
5,140,-0.46790498,-0.003839834,-0.056512437760829926
5,141,-0.47163406,-0.0037290778,0.3510124981403351
5,142,-0.47516462,-0.003530562,0.39111626148223877
5,143,-0.47918466,-0.0040200474,-0.08500410616397858
5,144,-0.48291385,-0.0037292035,0.41530999541282654
5,145,-0.4866934,-0.003779548,0.16935691237449646
5,146,-0.49074373,-0.004050311,0.0036412738263607025
5,147,-0.49555516,-0.0048114406,-0.3434102535247803
5,148,-0.49990225,-0.0043470864,0.449622243642807
5,149,-0.50330865,-0.0034064276,0.7454888224601746
5,150,-0.50700086,-0.0036921962,-0.08912444114685059
5,151,-0.50985926,-0.0028584066,0.6388149261474609
5,152,-0.51231325,-0.0024539684,0.3383035659790039
5,153,-0.5150548,-0.0027415468,-0.1353020966053009
5,154,-0.5172146,-0.002159761,0.43057236075401306
5,155,-0.52030927,-0.003094665,-0.5913503766059875
5,156,-0.5232744,-0.0029651453,0.10279374569654465
5,157,-0.5260089,-0.0027344672,0.15540717542171478
5,158,-0.52831155,-0.0023026287,0.27584171295166016
5,159,-0.52907884,-0.0007672841,1.073453426361084
5,160,-0.52830505,0.00077381457,1.076147198677063
5,161,-0.5262965,0.0020085727,0.799641489982605
5,162,-0.52291065,0.003385843,0.9046916961669922
5,163,-0.5191094,0.0038012045,0.2803482413291931
5,164,-0.5163282,0.0027812126,-0.6575485467910767
5,165,-0.5121113,0.0042169103,0.9934816956520081
5,166,-0.50714093,0.0049703866,0.5597435832023621
5,167,-0.50079393,0.006347003,1.1962056159973145
5,168,-0.49430993,0.006484,0.2052665501832962
5,169,-0.4881292,0.006180726,-0.055926885455846786
5,170,-0.48184404,0.00628517,0.2466428279876709
5,171,-0.47445667,0.007387358,0.9430203437805176
5,172,-0.46621332,0.0082433475,0.8154810070991516
5,173,-0.4571791,0.00903421,0.8127538561820984
5,174,-0.44877213,0.008406974,-0.08825166523456573
5,175,-0.43998906,0.008783076,0.6217333078384399
5,176,-0.4303265,0.009662557,1.122799277305603
5,177,-0.42050117,0.009825324,0.5688104629516602
5,178,-0.4121917,0.008309475,-0.5032573342323303
5,179,-0.4032023,0.008989391,1.0320130586624146
5,180,-0.39496323,0.008239066,0.0887620598077774
5,181,-0.38727468,0.0076885573,0.26032599806785583
5,182,-0.37976608,0.0075085945,0.5428025126457214
5,183,-0.37329602,0.006470057,0.004695225972682238
5,184,-0.3664154,0.006880599,1.091303825378418
5,185,-0.35999057,0.0064248308,0.4532674551010132
5,186,-0.35328308,0.0067074774,0.9740198850631714
5,187,-0.34764063,0.0056424364,0.10497856140136719
5,188,-0.3418311,0.0058095576,0.9509111046791077
5,189,-0.3360363,0.0057948,0.8546236157417297
5,190,-0.3304975,0.005538792,0.7184299230575562
5,191,-0.32597545,0.0045220656,0.23458509147167206
5,192,-0.32135025,0.004625207,1.1834717988967896
5,193,-0.31669205,0.0046581957,0.9723208546638489
5,194,-0.31307748,0.0036145814,0.2736257314682007
5,195,-0.3094389,0.0036385623,1.197134017944336
5,196,-0.3062327,0.0032062307,0.7104163765907288
5,197,-0.3033448,0.0028879151,0.7992154359817505
5,198,-0.3017057,0.0016391107,0.19032810628414154
5,199,-0.30074304,0.0009626533,0.5783509016036987
5,200,-0.30238405,-0.0016409965,-0.7026627659797668
5,201,-0.3046094,-0.0022253531,0.6370816826820374
5,202,-0.30686155,-0.0022521503,1.065722107887268
5,203,-0.3091271,-0.0022655376,1.016380786895752
5,204,-0.3122539,-0.003126797,0.42571234703063965
5,205,-0.31668723,-0.0044333385,0.11630573123693466
5,206,-0.32107463,-0.0043874206,1.0144355297088623
5,207,-0.32538924,-0.0043146107,1.0740611553192139
5,208,-0.33112687,-0.0057376395,-0.015017311088740826
5,209,-0.33702958,-0.0059027,0.7997271418571472
5,210,-0.34395128,-0.0069217216,0.20554964244365692
5,211,-0.35066515,-0.00671388,0.9939419031143188
5,212,-0.35794473,-0.0072795786,0.4492661952972412
5,213,-0.36691976,-0.008975042,-0.33571329712867737
5,214,-0.37574977,-0.008830003,0.851557731628418
5,215,-0.38549778,-0.009748023,0.10323022305965424
5,216,-0.39484042,-0.009342637,0.9411774277687073
5,217,-0.40416595,-0.009325529,0.6393060684204102
5,218,-0.4144386,-0.010272642,-0.04693922400474548
5,219,-0.4240154,-0.009576788,1.1243704557418823
5,220,-0.43293396,-0.008918561,0.92936110496521
5,221,-0.4416183,-0.00868434,0.6039026379585266
5,222,-0.45070612,-0.009087836,0.13678473234176636
5,223,-0.45902637,-0.008320245,0.8732930421829224
5,224,-0.4670857,-0.008059327,0.4947919249534607
5,225,-0.47408184,-0.0069961594,0.9899918437004089
5,226,-0.48183733,-0.007755494,-0.2595481872558594
5,227,-0.48944625,-0.0076089115,0.30598315596580505
5,228,-0.4966054,-0.0071591516,0.470304012298584
5,229,-0.5028991,-0.0062937182,0.711775004863739
5,230,-0.51071393,-0.007814823,-0.9106380343437195
5,231,-0.51810455,-0.007390605,0.3472200334072113
5,232,-0.52637243,-0.008267868,-0.557372510433197
5,233,-0.533939,-0.007566544,0.45368126034736633
5,234,-0.539928,-0.005989005,1.0711328983306885
5,235,-0.54572016,-0.0057921316,0.04963521286845207
5,236,-0.54984653,-0.004126343,1.2047947645187378
5,237,-0.5530526,-0.003206052,0.48242419958114624
5,238,-0.55518967,-0.0021370917,0.5655624866485596
5,239,-0.55780685,-0.0026171843,-0.4777797758579254
5,240,-0.5603006,-0.0024937107,-0.08842454105615616
5,241,-0.5614697,-0.0011690862,0.6999444961547852
5,242,-0.562035,-0.00056536467,0.21353363990783691
5,243,-0.5614906,0.0005444104,0.5480943918228149
5,244,-0.56008697,0.0014036591,0.38378119468688965
5,245,-0.5592026,0.0008843611,-0.5282754898071289
5,246,-0.5574098,0.0017928134,0.4279540181159973
5,247,-0.5546479,0.0027619002,0.47729238867759705
5,248,-0.55147743,0.0031705105,0.11738555133342743
5,249,-0.5482209,0.003256569,-0.0818585529923439
5,250,-0.5437323,0.0044886055,0.6983590722084045
5,251,-0.53862596,0.005106325,0.31120654940605164
5,252,-0.53364253,0.004983406,-0.15705621242523193
5,253,-0.5276642,0.0059783547,0.613088071346283
5,254,-0.52094376,0.006720414,0.47437968850135803
5,255,-0.51274323,0.008200501,1.1427509784698486
5,256,-0.5032457,0.009497528,0.9189529418945312
5,257,-0.4931633,0.010082435,0.4916400909423828
5,258,-0.48198813,0.01117516,0.8804500102996826
5,259,-0.4708511,0.011137035,0.18209601938724518
5,260,-0.45924437,0.011606725,0.5757657885551453
5,261,-0.44680825,0.012436129,0.872713029384613
5,262,-0.43344298,0.013365281,1.1727252006530762
5,263,-0.42060488,0.012838098,0.09384814649820328
5,264,-0.40718657,0.013418314,0.8936249017715454
5,265,-0.394487,0.012699588,0.09115058928728104
5,266,-0.38137713,0.013109851,0.9030460119247437
5,267,-0.36848113,0.012895996,0.5471585988998413
5,268,-0.35603648,0.012444636,0.4469906985759735
5,269,-0.34479392,0.011242555,0.0015828562900424004
5,270,-0.33342206,0.011371853,0.9379609227180481
5,271,-0.32230398,0.011118096,0.7309592962265015
5,272,-0.31213146,0.010172517,0.3160208761692047
5,273,-0.30194068,0.0101907775,1.0600439310073853
5,274,-0.29214376,0.009796908,0.76581871509552
5,275,-0.2824466,0.009697164,1.0691039562225342
5,276,-0.27290437,0.009542216,1.0051647424697876
5,277,-0.26357004,0.009334312,1.2258245944976807
5,278,-0.25465116,0.008918882,0.8952816128730774
5,279,-0.24603754,0.008613615,1.1694022417068481
5,280,-0.23777328,0.008264266,1.0891265869140625
5,281,-0.2298995,0.007873782,1.0249005556106567
5,282,-0.22245431,0.0074451873,1.2894067764282227
5,283,-0.21577954,0.006674768,0.795481264591217
5,284,-0.209599,0.006180539,1.0067012310028076
5,285,-0.20492922,0.0046697906,0.34072738885879517
5,286,-0.20080167,0.004127551,1.0853288173675537
5,287,-0.19723406,0.0035676127,1.0092583894729614
5,288,-0.19470029,0.00253378,0.694098949432373
5,289,-0.19275203,0.0019482593,1.1385688781738281
5,290,-0.19139732,0.0013547166,1.0366439819335938
5,291,-0.19064169,0.00075563794,1.2690452337265015
5,292,-0.1904882,0.00015348646,1.0685359239578247
5,293,-0.19293275,-0.002444553,-0.3301766812801361
5,294,-0.1959701,-0.0030373544,1.085536241531372
5,295,-0.19969834,-0.0037282424,0.9262439012527466
5,296,-0.20471688,-0.00501853,0.5162187814712524
5,297,-0.2114359,-0.006719022,0.22844381630420685
5,298,-0.21866862,-0.0072327275,1.1308410167694092
5,299,-0.2265684,-0.007899776,0.8760255575180054
5,300,-0.23636305,-0.009794654,0.0330112986266613
5,301,-0.24662156,-0.010258505,0.9556918144226074
5,302,-0.25722647,-0.010604905,1.2220107316970825
5,303,-0.2682068,-0.010980344,0.9442747235298157
5,304,-0.28100917,-0.012802363,-0.059037864208221436
5,305,-0.29504836,-0.014039188,0.2841259837150574
5,306,-0.30917048,-0.01412213,1.0942955017089844
5,307,-0.32388458,-0.0147140995,0.6050657629966736
5,308,-0.33850852,-0.014623936,1.0805352926254272
5,309,-0.35332063,-0.014812102,0.7531787157058716
5,310,-0.36889654,-0.015575926,0.3056262731552124
5,311,-0.38409153,-0.015194986,1.0745470523834229
5,312,-0.4014492,-0.017357675,-0.7644420266151428
5,313,-0.4187738,-0.017324591,0.6192262768745422
5,314,-0.4353717,-0.016597884,1.242742657661438
5,315,-0.45189115,-0.016519468,0.48828020691871643
5,316,-0.46746388,-0.015572729,0.9869391322135925
5,317,-0.48348117,-0.016017277,-0.017016207799315453
5,318,-0.49955374,-0.01607257,0.16324178874492645
5,319,-0.5143484,-0.014794647,0.9720690846443176
5,320,-0.52974683,-0.015398457,-0.3562939763069153
5,321,-0.54443854,-0.014691713,0.4404240548610687
5,322,-0.560028,-0.015589474,-0.7026379108428955
5,323,-0.57523626,-0.015208246,0.07236813753843307
5,324,-0.5898393,-0.014603048,0.1463097184896469
5,325,-0.60395366,-0.014114351,-0.003228895366191864
5,326,-0.6161721,-0.012218442,0.8660452961921692
5,327,-0.6262051,-0.010033033,1.0309791564941406
5,328,-0.6339807,-0.007775581,1.0819298028945923
5,329,-0.6416874,-0.007706712,-0.49596524238586426
5,330,-0.6493755,-0.0076880897,-0.5657549500465393
5,331,-0.65638745,-0.0070119444,-0.16330283880233765
5,332,-0.6622474,-0.005859951,0.12147429585456848
5,333,-0.6672167,-0.0049693272,-0.0796765610575676
5,334,-0.67160803,-0.0043912902,-0.31071987748146057
5,335,-0.6762389,-0.004630873,-0.8756886124610901
5,336,-0.6806914,-0.004452528,-0.6179093718528748
5,337,-0.6830409,-0.0023494822,0.6453217267990112
5,338,-0.6836346,-0.00059367815,0.4033792018890381
5,339,-0.68268704,0.0009475599,0.2577012777328491
5,340,-0.6790911,0.0035959382,1.0111104249954224
5,341,-0.6746104,0.0044807266,-0.15971188247203827
5,342,-0.66838306,0.006227339,0.4349146783351898
5,343,-0.6609966,0.0073864283,0.07135380059480667
5,344,-0.6517201,0.00927653,0.5923675298690796
5,345,-0.6413057,0.01041443,0.13365094363689423
5,346,-0.62909967,0.0122060375,0.6180254220962524
5,347,-0.61629397,0.012805704,-0.11896391957998276
5,348,-0.6028882,0.013405722,-0.057513557374477386
5,349,-0.5902484,0.012639834,-0.9033112525939941
5,350,-0.57751936,0.012729049,-0.2715553045272827
5,351,-0.5629334,0.0145859765,0.9695234298706055
5,352,-0.54801387,0.014919516,0.026142453774809837
5,353,-0.5314114,0.016602466,1.1687376499176025
5,354,-0.5146062,0.01680521,0.09610281884670258
5,355,-0.49766934,0.01693684,0.13271190226078033
5,356,-0.48080704,0.016862312,0.07983160763978958
5,357,-0.4641091,0.01669795,0.1037970632314682
5,358,-0.44697854,0.017130544,0.5842679142951965
5,359,-0.4290905,0.017888054,0.8847427368164062
5,360,-0.41067716,0.018413331,0.8164203763008118
5,361,-0.39159465,0.019082526,1.0107895135879517
5,362,-0.37197646,0.01961817,1.2126145362854004
5,363,-0.3525621,0.01941437,0.5963711738586426
5,364,-0.3333014,0.019260703,0.7157036066055298
5,365,-0.31391466,0.019386739,0.9846619367599487
5,366,-0.295746,0.018168662,0.1685800999403
5,367,-0.27765623,0.018089771,1.1703693866729736
5,368,-0.26085347,0.01680275,0.26312255859375
5,369,-0.24436648,0.016486984,0.971339762210846
5,370,-0.22947408,0.0148924,0.17545107007026672
5,371,-0.21613173,0.013342348,0.2537138760089874
5,372,-0.20357765,0.012554078,0.8029102683067322
5,373,-0.19215836,0.011419294,0.6088575124740601
5,374,-0.18133503,0.0108233215,1.1511071920394897
5,375,-0.17115082,0.010184215,1.152436375617981
5,376,-0.16164424,0.00950658,1.058750867843628
5,377,-0.15286665,0.008777588,0.9885154962539673
5,378,-0.14483075,0.008035905,1.4312552213668823
5,379,-0.13756256,0.007268195,1.0622752904891968
5,380,-0.13108447,0.0064780796,1.0720241069793701
5,381,-0.12541556,0.0056689116,1.2139116525650024
5,382,-0.1206055,0.0048100627,0.97751784324646
5,383,-0.117226675,0.0033788257,0.6046009659767151
5,384,-0.11469484,0.0025318374,1.0278199911117554
5,385,-0.113023475,0.001671369,0.9953287839889526
5,386,-0.11392726,-0.0009037828,-0.14499406516551971
5,387,-0.11568644,-0.0017591802,1.0309113264083862
5,388,-0.11829656,-0.0026101228,1.5261188745498657
5,389,-0.12210256,-0.0038059952,0.7655597925186157
5,390,-0.12739529,-0.0052927337,0.5649347901344299
5,391,-0.13350765,-0.0061123627,1.0500468015670776
5,392,-0.14091486,-0.007407207,0.6715323328971863
5,393,-0.14910199,-0.008187123,1.0785846710205078
5,394,-0.1594455,-0.010343511,0.06510080397129059
5,395,-0.17066628,-0.011220789,0.8947511911392212
5,396,-0.18326226,-0.012595975,0.5361539721488953
5,397,-0.19648983,-0.013227564,1.0589749813079834
5,398,-0.21029548,-0.013805654,1.0119153261184692
5,399,-0.2246387,-0.014343218,0.987465500831604
5,400,-0.23988213,-0.0152434185,0.7021726369857788
5,401,-0.2561305,-0.016248357,0.5834391713142395
5,402,-0.27411267,-0.017982189,0.04249483346939087
5,403,-0.2927986,-0.018685943,0.665013313293457
5,404,-0.3115805,-0.01878191,1.0164419412612915
5,405,-0.33066732,-0.019086795,0.7867872714996338
5,406,-0.35012624,-0.019458912,0.6636135578155518
5,407,-0.36991096,-0.019784722,0.6115307211875916
5,408,-0.38959408,-0.01968311,0.8092434406280518
5,409,-0.41011533,-0.020521251,0.09336035698652267
5,410,-0.43095407,-0.020838737,0.3448617458343506
5,411,-0.45097873,-0.020024661,1.088209867477417
5,412,-0.47125128,-0.020272566,0.194964200258255
5,413,-0.49141458,-0.02016329,0.33351320028305054
5,414,-0.51187474,-0.020460164,-0.03724448382854462
5,415,-0.5321994,-0.020324625,0.1489679366350174
5,416,-0.55222523,-0.020025875,0.15616844594478607
5,417,-0.57176745,-0.01954219,0.17950116097927094
5,418,-0.5918219,-0.020054441,-0.5815068483352661
5,419,-0.60988516,-0.01806323,0.9887341856956482
5,420,-0.6259995,-0.016114336,0.8726340532302856
5,421,-0.64128846,-0.0152889695,0.04625546559691429
5,422,-0.6556232,-0.014334709,0.05987464264035225
5,423,-0.6675292,-0.011906039,0.9761160612106323
5,424,-0.6791802,-0.011650978,-0.5274561643600464
5,425,-0.6906091,-0.011428922,-0.6019316911697388
5,426,-0.7011234,-0.01051431,-0.1908082813024521
5,427,-0.71066135,-0.009537944,-0.1953437328338623
5,428,-0.717544,-0.006882643,0.8832136988639832
5,429,-0.72329444,-0.0057503893,-0.16109515726566315
5,430,-0.72877634,-0.0054819267,-0.7608394622802734
5,431,-0.7338926,-0.00511627,-0.7185513377189636
5,432,-0.73772615,-0.0038335368,-0.12793922424316406
5,433,-0.7402589,-0.0025327483,-0.13131500780582428
5,434,-0.7422799,-0.0020210147,-0.6674621105194092
5,435,-0.74307686,-0.00079698884,-0.2006266564130783
5,436,-0.74146324,0.0016136266,0.5872783064842224
5,437,-0.7370176,0.0044456534,0.8746126890182495
5,438,-0.72957844,0.007439156,1.0241844654083252
5,439,-0.72019535,0.009383072,0.3303501009941101
5,440,-0.7079218,0.012273538,1.0049827098846436
5,441,-0.6930039,0.014917929,0.8875669240951538
5,442,-0.67536944,0.017634476,1.0365095138549805
5,443,-0.65516657,0.020202896,0.9793758988380432
5,444,-0.6325023,0.022664232,1.3467960357666016
5,445,-0.6075358,0.024966557,1.1588940620422363
5,446,-0.58129066,0.026245119,0.4371117949485779
5,447,-0.55390215,0.0273885,0.47523233294487
5,448,-0.5260728,0.027829373,0.14260776340961456
5,449,-0.49800152,0.028071295,0.14891207218170166
5,450,-0.4697994,0.028202115,0.21507282555103302
5,451,-0.44049904,0.02930037,1.0403188467025757
5,452,-0.41129187,0.029207183,0.3490835726261139
5,453,-0.38141114,0.029880727,1.1209890842437744
5,454,-0.35129777,0.030113358,0.844661295413971
5,455,-0.32091987,0.030377883,1.1161887645721436
5,456,-0.29096636,0.029953495,0.6691697239875793
5,457,-0.26244235,0.028524013,0.11802591383457184
5,458,-0.23418269,0.02825966,1.1645487546920776
5,459,-0.20633101,0.027851664,1.239357829093933
5,460,-0.1790155,0.027315505,1.208327054977417
5,461,-0.15327865,0.025736848,0.37960147857666016
5,462,-0.12926789,0.02401077,0.3428230881690979
5,463,-0.10631314,0.022954745,0.8388863801956177
5,464,-0.084232315,0.022080824,1.1835404634475708
5,465,-0.06307209,0.021160219,1.1842269897460938
5,466,-0.043161415,0.019910678,0.803892970085144
5,467,-0.024754329,0.018407086,0.6503197550773621
5,468,-0.007340352,0.017413976,1.0223480463027954
5,469,0.00907423,0.016414583,1.1376562118530273
5,470,0.024489738,0.015415509,1.2872138023376465
5,471,0.038719136,0.014229397,0.871429443359375
5,472,0.051256992,0.012537854,0.5277401208877563
5,473,0.061466545,0.010209554,0.09480106830596924
5,474,0.07071848,0.009251937,1.2439557313919067
5,475,0.07902647,0.008307989,1.2627966403961182
5,476,0.085913874,0.006887407,0.6729922890663147
5,477,0.09099606,0.0050821844,0.4081318974494934
5,478,0.09503421,0.0040381528,0.9089282751083374
5,479,0.09817328,0.0031390707,1.0622957944869995
5,480,0.0996766,0.0015033217,0.5044033527374268
5,481,0.09945532,-0.00022128169,0.4429689943790436
5,482,0.097554274,-0.0019010423,0.4731898009777069
5,483,0.093739,-0.0038152693,0.31964701414108276
5,484,0.08845182,-0.0052871886,0.6199179887771606
5,485,0.0821548,-0.0062970156,0.935114324092865
5,486,0.074933335,-0.0072214683,1.1284469366073608
5,487,0.066670746,-0.008262591,0.9306491017341614
5,488,0.056637492,-0.010033255,0.4529978632926941
5,489,0.04545346,-0.011184033,0.8754811882972717
5,490,0.032834474,-0.012618987,0.6945596933364868
5,491,0.019227605,-0.013606868,1.2009925842285156
5,492,0.0046248958,-0.01460271,1.0243951082229614
5,493,-0.010995134,-0.0156200295,0.9882929921150208
5,494,-0.028083598,-0.017088464,0.6868039965629578
5,495,-0.04616979,-0.018086191,0.9956030249595642
5,496,-0.06523204,-0.019062249,1.1644580364227295
5,497,-0.08536211,-0.020130068,0.9229750037193298
5,498,-0.106410645,-0.02104854,1.0258840322494507
5,499,-0.12925485,-0.022844201,0.3853544294834137
5,500,-0.15426232,-0.025007477,0.10074317455291748
5,501,-0.18001452,-0.025752202,0.9948697686195374
5,502,-0.20641094,-0.026396418,1.005053162574768
5,503,-0.23334317,-0.026932228,1.0151368379592896
5,504,-0.26195887,-0.02861569,0.1523972600698471
5,505,-0.292882,-0.030923141,-0.3603532314300537
5,506,-0.3239006,-0.031018626,1.1439502239227295
5,507,-0.35482898,-0.030928364,1.0955561399459839
5,508,-0.38546973,-0.030640746,1.151597023010254
5,509,-0.41699937,-0.031529646,0.07844795286655426
5,510,-0.44889513,-0.031895764,0.2798788547515869
5,511,-0.4805677,-0.031672556,0.519205629825592
5,512,-0.5124665,-0.03189878,0.06374190747737885
5,513,-0.54496425,-0.032497752,-0.34366294741630554
5,514,-0.57734066,-0.032376416,-0.02586286887526512
5,515,-0.609483,-0.032142326,-0.11148779094219208
5,516,-0.640361,-0.030878011,0.41819125413894653
5,517,-0.67001784,-0.029656855,0.2421584278345108
5,518,-0.7001115,-0.030093687,-1.022722601890564
5,519,-0.7287047,-0.028593164,0.15845760703086853
5,520,-0.7563436,-0.0276389,-0.32585373520851135
5,521,-0.78107053,-0.024726944,0.8698593974113464
5,522,-0.8025728,-0.021502273,0.9866681098937988
5,523,-0.8223329,-0.019760162,-0.0762338861823082
5,524,-0.8416096,-0.019276705,-0.9792969822883606
5,525,-0.85926783,-0.017658215,-0.2805982828140259
5,526,-0.8747969,-0.01552911,0.01067640632390976
5,527,-0.8882555,-0.013458522,-0.06828498095273972
5,528,-0.8998503,-0.011594855,-0.23831568658351898
5,529,-0.90862554,-0.008775261,0.3732622265815735
5,530,-0.91661376,-0.007988193,-1.1469522714614868
5,531,-0.9220397,-0.0054259147,0.16778267920017242
5,532,-0.9259678,-0.0039281426,-0.5520420670509338
5,533,-0.9275867,-0.001618859,-0.01812903955578804
5,534,-0.9276967,-0.00011001236,-0.5546146035194397
5,535,-0.9264251,0.0012715902,-0.6396370530128479
5,536,-0.9227427,0.003682374,0.04872588813304901
5,537,-0.91704404,0.0056987093,-0.2076188623905182
5,538,-0.9078218,0.009222297,0.8078351616859436
5,539,-0.89491373,0.01290807,0.9340972900390625
5,540,-0.87924236,0.015671348,0.34644201397895813
5,541,-0.8605842,0.018658169,0.5316759943962097
5,542,-0.8388643,0.02171986,0.6288937926292419
5,543,-0.81364137,0.025222987,0.9838124513626099
5,544,-0.785597,0.028044343,0.6068850159645081
5,545,-0.7552912,0.030305801,0.3284246623516083
5,546,-0.72234786,0.03294339,0.6909850239753723
5,547,-0.6874174,0.034930475,0.38882091641426086
5,548,-0.6512553,0.03616205,0.034532513469457626
5,549,-0.6126907,0.038564626,0.9789237976074219
5,550,-0.57319605,0.039494622,0.179823100566864
5,551,-0.5325753,0.04062073,0.5036653280258179
5,552,-0.4916145,0.040960804,0.18183980882167816
5,553,-0.4493932,0.04222129,1.1576226949691772
5,554,-0.4062239,0.043169335,1.1089764833450317
5,555,-0.36346158,0.042762313,0.30347317457199097
5,556,-0.32035464,0.04310695,1.0772367715835571
5,557,-0.2771793,0.043175332,1.1920307874679565
5,558,-0.23418832,0.042990983,1.0653457641601562
5,559,-0.1916053,0.042583015,1.0473028421401978
5,560,-0.14962052,0.041984785,1.0389288663864136
5,561,-0.10961518,0.04000534,0.18194003403186798
5,562,-0.07047588,0.0391393,1.161594033241272
5,563,-0.032280907,0.03819497,1.007515549659729
5,564,0.0049257763,0.037206683,1.017072319984436
5,565,0.040644765,0.03571899,0.6746886372566223
5,566,0.07409969,0.033454925,0.14491508901119232
5,567,0.10638855,0.032288857,0.8482768535614014
5,568,0.13734238,0.030953838,0.6924834847450256
5,569,0.16676208,0.0294197,0.5044263601303101
5,570,0.19503386,0.028271776,0.6971256136894226
5,571,0.2227215,0.027687635,1.1364384889602661
5,572,0.24928206,0.026560556,0.5568805932998657
5,573,0.27530253,0.026020456,0.8618583083152771
5,574,0.30059204,0.0252895,0.6425124406814575
5,575,0.325831,0.025238955,1.1866824626922607
5,576,0.3511722,0.025341198,1.051672339439392
5,577,0.3767771,0.025604904,1.1026699542999268
5,578,0.40281612,0.026039004,1.0324598550796509
5,579,0.42820507,0.025388947,0.15741321444511414
5,580,0.4543883,0.02618322,1.0555198192596436
