episode,step,position,velocity,action
1,1,-0.41060683,-0.00073832896,0.06546320021152496
1,2,-0.41103703,-0.00043020106,0.7596209049224854
1,3,-0.41079548,0.00024153905,1.0178232192993164
1,4,-0.41019633,0.000599131,0.7917072772979736
1,5,-0.41036594,-0.00016961011,0.04364350065588951
1,6,-0.41137868,-0.0010127538,-0.006757722236216068
1,7,-0.41322038,-0.0018416913,-0.002063803607597947
1,8,-0.41581497,-0.0025945825,0.039933767169713974
1,9,-0.41907236,-0.003257379,0.08771249651908875
1,10,-0.4216808,-0.0026084548,0.9467248916625977
1,11,-0.42505187,-0.0033710736,-0.006725519895553589
1,12,-0.42922685,-0.0041749873,-0.050354454666376114
1,13,-0.4340215,-0.00479467,0.05245944485068321
1,14,-0.4394588,-0.005437273,0.014112797565758228
1,15,-0.4452438,-0.005785032,0.18440717458724976
1,16,-0.45149958,-0.006255769,0.07435207813978195
1,17,-0.45821714,-0.006717575,0.04982117563486099
1,18,-0.46547616,-0.007259026,-0.03615155816078186
1,19,-0.47248223,-0.0070060864,0.45776912569999695
1,20,-0.4796869,-0.007204651,0.12220579385757446
1,21,-0.48711616,-0.0074292724,0.06917733699083328
1,22,-0.4943032,-0.0071870363,0.34353986382484436
1,23,-0.5016619,-0.0073586786,0.03186110407114029
1,24,-0.50884855,-0.00718664,0.22429774701595306
1,25,-0.5147268,-0.005878256,0.9459829926490784
1,26,-0.5206204,-0.005893575,0.03414211794734001
1,27,-0.52504796,-0.0044275387,0.992249071598053
1,28,-0.52939206,-0.0043440796,0.04839346557855606
1,29,-0.53357583,-0.004183795,0.07789143919944763
1,30,-0.5367723,-0.0031964574,0.6083471179008484
1,31,-0.5398633,-0.0030909933,0.0044588749296963215
1,32,-0.54283917,-0.0029758536,-0.0045305779203772545
1,33,-0.54563576,-0.0027966173,0.023342270404100418
1,34,-0.5470953,-0.0014595349,0.7812836766242981
1,35,-0.5483434,-0.0012481044,0.023568283766508102
1,36,-0.5480853,0.00025812464,0.880543053150177
1,37,-0.54758877,0.00049652567,0.036611609160900116
1,38,-0.5468025,0.00078625954,0.07330948114395142
1,39,-0.54573363,0.0010689178,0.07251375913619995
1,40,-0.54444075,0.0012928806,0.03871561214327812
1,41,-0.54292446,0.0015162751,0.04478766396641731
1,42,-0.5399615,0.0029629508,0.8678762316703796
1,43,-0.536904,0.0030575395,-0.018721843138337135
1,44,-0.53362095,0.0032830364,0.08382297307252884
1,45,-0.53016114,0.0034597928,0.0677342340350151
1,46,-0.5259633,0.0041978313,0.45921584963798523
1,47,-0.5204203,0.005543019,0.8849693536758423
1,48,-0.51484907,0.005571248,0.03471137583255768
1,49,-0.5081052,0.0067438195,0.8254579305648804
1,50,-0.49997756,0.00812766,1.0211610794067383
1,51,-0.49141774,0.008559809,0.4061068296432495
1,52,-0.4829424,0.0084753325,0.104337677359581
1,53,-0.47467437,0.008268016,0.06456726044416428
1,54,-0.46546614,0.009208244,0.8705632090568542
1,55,-0.4553795,0.010086664,0.8748049736022949
1,56,-0.44575498,0.00962452,0.030624816194176674
1,57,-0.43648553,0.009269448,0.14897607266902924
1,58,-0.4265116,0.00997393,0.9002795815467834
1,59,-0.41586947,0.010642115,0.9240579605102539
1,60,-0.40563613,0.010233356,0.25681227445602417
1,61,-0.39628062,0.009355504,-0.007655633147805929
1,62,-0.3866487,0.009631891,0.8054825663566589
1,63,-0.3780179,0.008630812,-0.0017378509510308504
1,64,-0.37036088,0.007657035,0.05579868331551552
1,65,-0.36371458,0.0066463184,0.06567508727312088
1,66,-0.3578041,0.005910492,0.27856743335723877
1,67,-0.35308006,0.004724038,0.004244169220328331
1,68,-0.34948197,0.0035981,0.06526611000299454
1,69,-0.3469799,0.0025020891,0.10085688531398773
1,70,-0.34572798,0.0012519052,0.008893533609807491
1,71,-0.34558237,0.00014561681,0.11021910607814789
1,72,-0.3465791,-0.000996739,0.0868009552359581
1,73,-0.3488066,-0.0022274961,0.023573273792862892
1,74,-0.3522771,-0.003470514,0.005777116399258375
1,75,-0.35694492,-0.00466782,0.021185627207159996
1,76,-0.36260802,-0.005663087,0.13547493517398834
1,77,-0.36941773,-0.0068097124,0.009605737403035164
1,78,-0.3771821,-0.007764365,0.10727409273386002
1,79,-0.38594127,-0.008759168,0.045566361397504807
1,80,-0.39425576,-0.008314486,0.9653447270393372
1,81,-0.40347832,-0.009222556,0.025227457284927368
1,82,-0.4135241,-0.010045756,0.03888758271932602
1,83,-0.42427167,-0.010747585,0.07253860682249069
1,84,-0.43568495,-0.011413266,0.045531198382377625
1,85,-0.4476653,-0.011980343,0.05643976852297783
1,86,-0.4601589,-0.012493608,0.03421568498015404
1,87,-0.47312897,-0.01297007,-0.0023542644921690226
1,88,-0.48637012,-0.013241154,0.07066366076469421
1,89,-0.49849233,-0.012122224,0.9317100048065186
1,90,-0.5107308,-0.012238498,0.04789794981479645
1,91,-0.52283573,-0.012104938,0.1533641517162323
1,92,-0.5337913,-0.01095555,0.7700739502906799
1,93,-0.5434772,-0.009685873,0.7954961657524109
1,94,-0.5529279,-0.009450734,0.05742626637220383
1,95,-0.56218696,-0.009259042,-0.018662190064787865
1,96,-0.5712256,-0.009038638,-0.045574482530355453
1,97,-0.57988393,-0.008658364,0.016191350296139717
1,98,-0.58800995,-0.008125991,0.07482535392045975
1,99,-0.5943156,-0.006305653,0.8935030698776245
1,100,-0.59874654,-0.0044309353,0.8988741636276245
1,101,-0.60254,-0.0037934792,0.05240660905838013
1,102,-0.6056511,-0.0031110882,0.06390026956796646
1,103,-0.6078668,-0.002215718,0.1907825917005539
1,104,-0.6093718,-0.0015049678,0.05696685612201691
1,105,-0.6102562,-0.00088440673,-0.01044055912643671
1,106,-0.61042905,-0.00017284254,0.04595322161912918
1,107,-0.60991156,0.0005174794,0.03095654398202896
1,108,-0.60838205,0.0015295412,0.247950479388237
1,109,-0.6062049,0.0021771344,0.012368417344987392
1,110,-0.60343057,0.0027743734,-0.010656707920134068
1,111,-0.59998465,0.0034458963,0.05232783034443855
1,112,-0.595731,0.004253627,0.15989159047603607
1,113,-0.5907751,0.0049559423,0.11035744100809097
1,114,-0.58451414,0.00626094,0.5363858342170715
1,115,-0.57761675,0.0068973685,0.12140143662691116
1,116,-0.5702648,0.0073519517,0.034146323800086975
1,117,-0.5624261,0.007838743,0.0919586718082428
1,118,-0.5529626,0.009463516,0.8894845247268677
1,119,-0.5432662,0.0096964035,0.00862923264503479
1,120,-0.5319963,0.011269875,0.9507007598876953
1,121,-0.5192064,0.012789895,0.9713632464408875
1,122,-0.50645447,0.012751934,-0.0033459130208939314
1,123,-0.4923341,0.014120374,0.9979768991470337
1,124,-0.478039,0.01429511,0.27258455753326416
1,125,-0.46258453,0.015454474,1.0143636465072632
1,126,-0.44622257,0.016361961,0.9083617925643921
1,127,-0.42903835,0.017184237,0.9315999150276184
1,128,-0.41248515,0.01655318,0.04578223079442978
1,129,-0.39524996,0.017235177,1.002929925918579
1,130,-0.37883058,0.016419373,0.08213439583778381
1,131,-0.36337587,0.015454705,0.05818706005811691
1,132,-0.34772402,0.015651856,0.902053713798523
1,133,-0.3325526,0.015171413,0.5188419818878174
1,134,-0.31862706,0.01392555,0.07321023941040039
1,135,-0.30574,0.012887058,0.26915442943573
1,136,-0.29430062,0.011439381,0.04826504737138748
1,137,-0.2841795,0.010121119,0.1793454885482788
1,138,-0.27464026,0.0095392335,0.7088661789894104
1,139,-0.26552758,0.009112687,0.8478842973709106
1,140,-0.2569097,0.008617886,0.8353894948959351
1,141,-0.24998228,0.0069274176,0.0686924085021019
1,142,-0.24368776,0.006294514,0.7976062297821045
1,143,-0.23931068,0.0043770755,-0.03751756623387337
1,144,-0.23695067,0.0023600226,-0.08942238241434097
1,145,-0.23641703,0.00053363596,0.045419301837682724
1,146,-0.23774408,-0.0013270476,0.024294035509228706
1,147,-0.24094112,-0.0031970404,0.013756472617387772
1,148,-0.24604252,-0.0051014037,-0.019673874601721764
1,149,-0.25296035,-0.0069178427,0.02192373014986515
1,150,-0.2603736,-0.0074132257,0.8790885210037231
1,151,-0.26952404,-0.009150439,0.025399435311555862
1,152,-0.28040498,-0.010880934,-0.0027766923885792494
1,153,-0.29291695,-0.012511973,0.023570122197270393
1,154,-0.30641422,-0.013497248,0.4066722095012665
1,155,-0.32138637,-0.014972163,0.027427230030298233
1,156,-0.33774847,-0.016362093,0.023560278117656708
1,157,-0.35539058,-0.01764212,0.028497930616140366
1,158,-0.374241,-0.018850414,0.00026897102361544967
1,159,-0.39410517,-0.01986416,0.04621879383921623
1,160,-0.41489184,-0.020786688,0.016287172213196754
1,161,-0.4364509,-0.021559061,0.019034763798117638
1,162,-0.45880234,-0.022351447,-0.0974656343460083
1,163,-0.48027164,-0.021469295,0.9100476503372192
1,164,-0.5020893,-0.021817686,-0.016234302893280983
1,165,-0.5241405,-0.022051148,-0.04816821590065956
1,166,-0.5461545,-0.02201403,0.022037701681256294
1,167,-0.56800115,-0.021846633,-0.0010951553704217076
1,168,-0.5894767,-0.021475555,0.026029115542769432
1,169,-0.6104073,-0.020930614,0.036043912172317505
1,170,-0.63077265,-0.020365361,-0.052317023277282715
1,171,-0.6503795,-0.019606838,-0.02100263722240925
1,172,-0.66906035,-0.018680848,-0.0014039346715435386
1,173,-0.68671805,-0.017657677,-0.022328684106469154
1,174,-0.70334893,-0.016630858,-0.09888684004545212
1,175,-0.71863943,-0.015290498,0.037752121686935425
1,176,-0.73249483,-0.013855427,0.036212362349033356
1,177,-0.7447955,-0.012300677,0.0590573288500309
1,178,-0.7556165,-0.010820988,-0.04012265428900719
1,179,-0.76488984,-0.009273376,-0.03691588342189789
1,180,-0.7725421,-0.0076523065,-0.02310597524046898
1,181,-0.77830946,-0.005767329,0.12445829063653946
1,182,-0.78239703,-0.004087588,-0.033356923609972
1,183,-0.7847567,-0.002359712,-0.01593582145869732
1,184,-0.7854008,-0.0006440939,-0.03249584510922432
1,185,-0.784217,0.0011838354,0.040098875761032104
1,186,-0.78116745,0.0030495282,0.06946734338998795
1,187,-0.77634746,0.0048199934,0.0168512724339962
1,188,-0.76983166,0.006515803,-0.015542172826826572
1,189,-0.76169914,0.008132542,-0.044384557753801346
1,190,-0.7519549,0.0097442465,-0.01734570600092411
1,191,-0.7405803,0.011374564,0.03233490139245987
1,192,-0.7276368,0.012943495,0.03605690598487854
1,193,-0.7132622,0.01437459,-0.003602281678467989
1,194,-0.6961751,0.01708708,0.9103574156761169
1,195,-0.6778605,0.018314578,-0.006514519918709993
1,196,-0.6584429,0.019417563,-0.00874559860676527
1,197,-0.63658893,0.021853989,0.9683017730712891
1,198,-0.6126595,0.023929419,0.8294260501861572
1,199,-0.58794796,0.024711544,0.08139193058013916
1,200,-0.5625873,0.025360674,0.11300205439329147
1,201,-0.5354406,0.027146691,0.9961804747581482
1,202,-0.508218,0.027222656,-0.008554069325327873
1,203,-0.48031914,0.027898856,0.5276767611503601
1,204,-0.4526356,0.027683564,0.07226294279098511
1,205,-0.42398024,0.02865535,1.0664770603179932
1,206,-0.3958638,0.028116448,0.1314430832862854
1,207,-0.36734346,0.028520357,0.89243084192276
1,208,-0.33979133,0.027552143,0.10749953240156174
1,209,-0.31347904,0.026312307,0.04660778492689133
1,210,-0.28721386,0.026265165,0.9509639143943787
1,211,-0.26142988,0.025783986,0.7645343542098999
1,212,-0.23732673,0.02410315,0.059260044246912
1,213,-0.21507838,0.022248337,0.02524130791425705
1,214,-0.19475123,0.020327149,0.05080528184771538
1,215,-0.17634457,0.018406654,0.10987675189971924
1,216,-0.16009912,0.016245458,-0.0019713162910193205
1,217,-0.14597535,0.014123766,0.06363397091627121
1,218,-0.13410984,0.0118655125,0.003886336460709572
1,219,-0.12450138,0.0096084615,0.028884723782539368
1,220,-0.11717105,0.0073303254,0.033000148832798004
1,221,-0.112099946,0.005071106,0.058608200401067734
1,222,-0.109276205,0.0028237426,0.0750613883137703
1,223,-0.10746142,0.0018147836,0.9052668809890747
1,224,-0.107814915,-0.00035349224,0.1352873146533966
1,225,-0.10921108,-0.001396167,0.8851271271705627
1,226,-0.11300402,-0.0037929413,-0.019838467240333557
1,227,-0.119211316,-0.006207292,-0.03776092454791069
1,228,-0.12780152,-0.008590212,-0.027400443330407143
1,229,-0.13864009,-0.010838566,0.04675805941224098
1,230,-0.15181828,-0.01317819,-0.03517445921897888
1,231,-0.1672472,-0.015428923,-0.0037203943356871605
1,232,-0.18488538,-0.017638177,-0.011591763235628605
1,233,-0.20462914,-0.019743752,0.013085390441119671
1,234,-0.22634971,-0.021720577,0.044475115835666656
1,235,-0.24998663,-0.023636928,0.019383685663342476
1,236,-0.2753451,-0.025358455,0.07184212654829025
1,237,-0.30243248,-0.02708738,-0.02295515313744545
1,238,-0.33108056,-0.028648093,-0.01401393860578537
1,239,-0.36095938,-0.029878812,0.08948246389627457
1,240,-0.39069164,-0.029732255,0.8790173530578613
1,241,-0.42144054,-0.0307489,-0.03069598600268364
1,242,-0.45289633,-0.031455792,0.03156987950205803
1,243,-0.4848897,-0.03199335,-0.007504128850996494
1,244,-0.5171679,-0.03227823,0.003191560972481966
1,245,-0.549579,-0.032411106,-0.0564332939684391
1,246,-0.58182144,-0.03224242,-0.017313692718744278
1,247,-0.61361635,-0.0317949,0.008714326657354832
1,248,-0.64475846,-0.031142095,-0.00943545252084732
1,249,-0.67497116,-0.030212687,0.027058836072683334
1,250,-0.7041733,-0.029202156,-0.0574272945523262
1,251,-0.7320664,-0.027893042,0.013385951519012451
1,252,-0.75851506,-0.026448686,-0.012802311219274998
1,253,-0.78332835,-0.024813289,0.010527334176003933
1,254,-0.80635524,-0.023026906,0.01975151337683201
1,255,-0.82755935,-0.021204092,-0.035019367933273315
1,256,-0.84676653,-0.019207157,0.013527458533644676
1,257,-0.86397934,-0.017212782,-0.044757530093193054
1,258,-0.8791743,-0.015194959,-0.07595972716808319
1,259,-0.8921935,-0.013019223,-0.00888282060623169
1,260,-0.9028966,-0.010703102,0.05438699573278427
1,261,-0.91135395,-0.008457384,-0.015774568542838097
1,262,-0.917592,-0.0062380214,-0.050595205277204514
1,263,-0.921568,-0.0039760107,-0.034256841987371445
1,264,-0.9233272,-0.0017592157,-0.07182693481445312
1,265,-0.92266303,0.00066419784,0.06270309537649155
1,266,-0.91965,0.003012997,0.014169215224683285
1,267,-0.91433674,0.0053132814,-0.012612582184374332
1,268,-0.90677,0.007566771,-0.03369375318288803
1,269,-0.896916,0.009854045,0.003907022066414356
1,270,-0.8846916,0.012224378,0.08008972555398941
1,271,-0.87024003,0.014451585,0.012307464145123959
1,272,-0.8536445,0.016595561,-0.007958078756928444
1,273,-0.8345311,0.019113366,0.28503429889678955
1,274,-0.813375,0.02115614,0.023034948855638504
1,275,-0.7902627,0.023112282,0.03093566745519638
1,276,-0.76526713,0.024995595,0.05995755270123482
1,277,-0.738602,0.026665173,0.007820569910109043
1,278,-0.7089832,0.029618816,0.9670848250389099
1,279,-0.67661196,0.03237124,0.9550794959068298
1,280,-0.641633,0.03497896,1.010984182357788
1,281,-0.60564196,0.03599103,0.09680019319057465
1,282,-0.56754756,0.038094405,0.9961626529693604
1,283,-0.52768606,0.03986149,0.9589486122131348
1,284,-0.48629534,0.04139073,0.9990580677986145
1,285,-0.44506413,0.041231208,0.07978145033121109
1,286,-0.4034096,0.041654512,0.6712536811828613
1,287,-0.3626794,0.040730223,-0.02818470075726509
1,288,-0.32160974,0.041069664,1.0045251846313477
1,289,-0.28168914,0.039920606,0.18322375416755676
1,290,-0.24333861,0.038350526,0.059416186064481735
1,291,-0.205351,0.037987616,1.0258142948150635
1,292,-0.16876504,0.036585957,0.42583730816841125
1,293,-0.13287644,0.035888597,0.9926728010177612
1,294,-0.099210955,0.033665482,0.05391387641429901
1,295,-0.06800522,0.031205734,-0.046442922204732895
1,296,-0.038815107,0.029190114,0.28835415840148926
1,297,-0.012015822,0.026799286,0.06149402633309364
1,298,0.012350298,0.02436612,0.04347393289208412
1,299,0.0355311,0.023180801,0.8753101825714111
1,300,0.056320578,0.020789478,0.06299196928739548
1,301,0.07475942,0.01843884,0.07584168016910553
1,302,0.09174287,0.016983457,0.6546686291694641
1,303,0.107721426,0.015978549,0.9340000748634338
1,304,0.12275,0.015028571,0.9470736980438232
1,305,0.13631205,0.013562047,0.5772485136985779
1,306,0.14902546,0.012713407,0.9634808301925659
1,307,0.15958355,0.010558093,0.06598196178674698
1,308,0.16880888,0.009225316,0.5907678008079529
1,309,0.17589726,0.0070883795,0.03284774348139763
1,310,0.18108632,0.005189067,0.17374460399150848
1,311,0.18550968,0.0044233627,0.9162446856498718
1,312,0.18866856,0.0031588792,0.5721672773361206
1,313,0.18976006,0.0010914991,0.02849612385034561
1,314,0.18897028,-0.0007897744,0.14963299036026
1,315,0.18702872,-0.0019415566,0.638085126876831
1,316,0.18305601,-0.0039727045,0.05703090503811836
1,317,0.1770729,-0.00598311,0.08132819831371307
1,318,0.16901508,-0.00805782,0.05384416878223419
1,319,0.15879191,-0.010223168,0.013406677171587944
1,320,0.14629653,-0.012495386,-0.03370802477002144
1,321,0.13159181,-0.0147047145,0.03582112863659859
1,322,0.11476063,-0.016831182,0.12082632631063461
1,323,0.09606185,-0.018698785,0.3237946331501007
1,324,0.074938975,-0.021122873,-0.01812254823744297
1,325,0.052495543,-0.022443432,0.7443517446517944
1,326,0.027619042,-0.024876501,0.02399495802819729
1,327,0.00018060445,-0.027438438,-0.04700824245810509
1,328,-0.028620731,-0.028801335,0.7580681443214417
1,329,-0.05990205,-0.03128132,0.00720337824895978
1,330,-0.09361099,-0.03370894,0.02141309157013893
1,331,-0.12977307,-0.036162075,-0.03404710814356804
1,332,-0.1684579,-0.038684834,-0.1398923546075821
1,333,-0.20931357,-0.040855676,0.011093978770077229
1,334,-0.25231025,-0.042996675,-0.07860016077756882
1,335,-0.29721892,-0.044908676,-0.06309042125940323
1,336,-0.34318417,-0.045965265,0.3424808382987976
1,337,-0.3904062,-0.047222007,0.0208430215716362
1,338,-0.43860096,-0.04819477,-0.0001254532253369689
1,339,-0.4874123,-0.048811335,0.009354628622531891
1,340,-0.53647536,-0.049063087,0.012743951752781868
1,341,-0.5854591,-0.048983764,-0.011484469287097454
1,342,-0.63405585,-0.048596732,-0.04950767010450363
1,343,-0.6819633,-0.047907475,-0.08272764831781387
1,344,-0.7287478,-0.04678444,-0.013678950257599354
1,345,-0.7741856,-0.045437798,-0.0644461065530777
1,346,-0.8179955,-0.043809887,-0.052935969084501266
1,347,-0.85994405,-0.04194853,-0.0470411479473114
1,348,-0.899905,-0.039960995,-0.08550641685724258
1,349,-0.93768454,-0.037779532,-0.052276309579610825
1,350,-0.97312754,-0.035442986,-0.019827134907245636
1,351,-1.0062915,-0.03316401,-0.10637065768241882
1,352,-1.0370882,-0.03079669,-0.07591995596885681
1,353,-1.0655756,-0.028487463,-0.12641553580760956
1,354,-1.0916388,-0.026063193,-0.047953713685274124
1,355,-1.1152315,-0.023592697,-0.00487852469086647
1,356,-1.136619,-0.021387424,-0.16189059615135193
1,357,-1.1557033,-0.019084305,-0.07164090871810913
1,358,-1.1725343,-0.01683102,-0.07695318758487701
1,359,-1.1870832,-0.014548897,-0.028812918812036514
1,360,-1.1994299,-0.012346573,-0.05383218452334404
1,361,-1.2,0.0,-0.14835673570632935
1,362,-1.1977694,0.0022306114,-0.007522944360971451
1,363,-1.1933963,0.004373029,-0.0712210014462471
1,364,-1.1868907,0.006505641,-0.08717302232980728
1,365,-1.1781332,0.008757491,-0.02120654098689556
1,366,-1.1672635,0.010869716,-0.13158018887043
1,367,-1.1540653,0.013198227,-0.007371400948613882
1,368,-1.1385543,0.01551086,-0.03998718783259392
1,369,-1.120619,0.017935237,0.011789141222834587
1,370,-1.100312,0.02030703,-0.04520328715443611
1,371,-1.0775647,0.022747312,-0.018698135390877724
1,372,-1.0523075,0.025257204,0.013506651856005192
1,373,-1.0246799,0.027627533,-0.08625108003616333
1,374,-0.9944732,0.030206699,0.056578271090984344
1,375,-0.961784,0.03268923,0.00915800966322422
1,376,-0.92662126,0.03516274,0.03675739839673042
1,377,-0.88784015,0.038781114,0.8534390926361084
1,378,-0.84676105,0.04107908,0.05217348039150238
1,379,-0.8022476,0.044513483,0.9152753949165344
1,380,-0.7558089,0.046438705,0.04692910984158516
1,381,-0.70755506,0.048253834,0.14069043099880219
1,382,-0.6564905,0.051064532,1.039892315864563
1,383,-0.60432726,0.052163243,0.08547764271497726
1,384,-0.55006444,0.054262806,1.029051423072815
1,385,-0.49537417,0.05469026,0.1527797281742096
1,386,-0.4398776,0.055496573,0.6784968376159668
1,387,-0.38350236,0.056375246,1.034842848777771
1,388,-0.3266472,0.056855187,1.0065678358078003
1,389,-0.2699367,0.056710467,0.8319724202156067
1,390,-0.21479146,0.05514524,0.10590999573469162
1,391,-0.1602579,0.054533552,0.9246670007705688
1,392,-0.10687649,0.05338141,0.7096341848373413
1,393,-0.054578874,0.05229762,0.8592010140419006
1,394,-0.004578725,0.05000015,0.11272908002138138
1,395,0.043056116,0.04763484,0.0896359533071518
1,396,0.089711785,0.046655666,1.008245587348938
1,397,0.13406916,0.04435737,0.07447060197591782
1,398,0.17619953,0.042130362,0.048993442207574844
1,399,0.21638542,0.040185895,0.14288035035133362
1,400,0.25470826,0.038322847,0.08562570810317993
1,401,0.29160523,0.03689697,0.2527298629283905
1,402,0.3273325,0.03572725,0.2887517809867859
1,403,0.36174694,0.034414448,0.05040225386619568
1,404,0.39643845,0.034691524,0.9625498056411743
1,405,0.43032816,0.033889703,0.08594604581594467
1,406,0.46499744,0.03466928,0.9800095558166504
2,1,-0.52314115,4.8923866e-05,0.03465935215353966
2,2,-0.5229673,0.00017384722,0.08557038009166718
2,3,-0.52273864,0.0002286258,0.03967652842402458
2,4,-0.5224083,0.00033032757,0.0721018835902214
2,5,-0.5221013,0.000307038,-0.009574058465659618
2,6,-0.5205054,0.0015958801,0.8667155504226685
2,7,-0.5188444,0.001661023,0.05889510363340378
2,8,-0.5171979,0.001646504,0.014091657474637032
2,9,-0.5141499,0.0030480097,0.9663394093513489
2,10,-0.50967276,0.0044771526,1.028814673423767
2,11,-0.5052294,0.004443355,0.04707814380526543
2,12,-0.4998029,0.005426512,0.7472384572029114
2,13,-0.49455,0.005252904,0.003139687702059746
2,14,-0.48814186,0.006408132,0.9152124524116516
2,15,-0.48071095,0.007430898,0.8587943911552429
2,16,-0.472108,0.00860296,0.9952223300933838
2,17,-0.4638231,0.008284891,0.04438525438308716
2,18,-0.45453137,0.009291733,0.9685068726539612
2,19,-0.44554752,0.008983863,0.13762475550174713
2,20,-0.4370902,0.008457339,0.03568464145064354
2,21,-0.4279646,0.009125589,0.8732037544250488
2,22,-0.41856664,0.009397956,0.6532154679298401
2,23,-0.4084949,0.010071768,0.9657222032546997
2,24,-0.39914802,0.009346882,0.08089201152324677
2,25,-0.39058766,0.0085603595,0.0835496112704277
2,26,-0.38276514,0.007822501,0.15564025938510895
2,27,-0.37593207,0.006833091,0.02379809133708477
2,28,-0.36880654,0.007125532,0.909380316734314
2,29,-0.36281064,0.005995905,-0.006641806103289127
2,30,-0.35788214,0.0049284915,0.0615161694586277
2,31,-0.3540612,0.0038209634,0.05651862919330597
2,32,-0.3501745,0.0038866887,0.8554269671440125
2,33,-0.34751868,0.002655804,0.007938357070088387
2,34,-0.34609857,0.0014201143,0.01623070053756237
2,35,-0.34586096,0.00023760613,0.05781005695462227
2,36,-0.34685224,-0.0009912918,0.02790689468383789
2,37,-0.34903753,-0.002185295,0.04689794033765793
2,38,-0.35243767,-0.003400133,0.023564035072922707
2,39,-0.35696253,-0.0045248433,0.06888378411531448
2,40,-0.36189836,-0.0049358257,0.5249207019805908
2,41,-0.36793956,-0.006041198,0.04024825990200043
2,42,-0.3751016,-0.0071620247,0.003098162589594722
2,43,-0.3829993,-0.007897703,0.22771699726581573
2,44,-0.39190677,-0.008907477,0.009153513237833977
2,45,-0.40177464,-0.009867885,0.0011921583209186792
2,46,-0.412469,-0.010694356,0.04467051476240158
2,47,-0.42387164,-0.011402644,0.07322056591510773
2,48,-0.43592852,-0.012056872,0.05507801100611687
2,49,-0.44713536,-0.011206845,1.0255850553512573
2,50,-0.45885932,-0.011723953,0.0342341847717762
2,51,-0.47100037,-0.01214106,0.0435948446393013
2,52,-0.48350102,-0.012500656,0.02217159979045391
2,53,-0.49510822,-0.01160721,0.7956361770629883
2,54,-0.50690395,-0.011795718,0.016607344150543213
2,55,-0.5180276,-0.011123662,0.5314766764640808
2,56,-0.52916557,-0.011137934,0.01833946630358696
2,57,-0.54014117,-0.010975616,0.08037935197353363
2,58,-0.5509425,-0.010801305,0.03352905437350273
2,59,-0.56145144,-0.0105089685,0.05832565948367119
2,60,-0.5715944,-0.010142952,0.05515388026833534
2,61,-0.5813946,-0.009800189,-0.010641202330589294
2,62,-0.59073484,-0.009340222,0.01911134272813797
2,63,-0.59954625,-0.008811402,0.01913113333284855
2,64,-0.60773283,-0.008186575,0.04009076580405235
2,65,-0.6151055,-0.0073726894,0.12637248635292053
2,66,-0.6217182,-0.006612723,0.0548357218503952
2,67,-0.6275349,-0.005816688,0.047147296369075775
2,68,-0.63249934,-0.0049644094,0.056884896010160446
2,69,-0.6366106,-0.0041113184,0.03385906666517258
2,70,-0.63853663,-0.0019260101,0.9025760293006897
2,71,-0.6396291,-0.0010925081,-0.007700658868998289
2,72,-0.63978493,-0.00015581511,0.055955369025468826
2,73,-0.63912183,0.00066310546,-0.023291803896427155
2,74,-0.63672936,0.0023924804,0.5867950320243835
2,75,-0.6330424,0.0036869433,0.3081192374229431
2,76,-0.6284467,0.004595714,0.06840792298316956
2,77,-0.62173504,0.0067116437,0.8949820399284363
2,78,-0.6142734,0.007461601,0.016347967088222504
2,79,-0.6047841,0.009489333,0.9040190577507019
2,80,-0.5932436,0.01154047,0.965499222278595
2,81,-0.5809952,0.012248402,0.1262591928243637
2,82,-0.56825846,0.012736736,0.0399894118309021
2,83,-0.5551839,0.013074565,0.0025884248316287994
2,84,-0.5417204,0.013463479,0.1015864685177803
2,85,-0.526771,0.014949367,0.9000288844108582
2,86,-0.5105066,0.016264422,0.8608418107032776
2,87,-0.4941318,0.016374765,0.1390056610107422
2,88,-0.47658992,0.017541876,0.9252176284790039
2,89,-0.45800498,0.018584928,0.9296333193778992
2,90,-0.43840885,0.019596143,1.004523754119873
2,91,-0.41796327,0.020445572,0.9876141548156738
2,92,-0.39685205,0.021111235,0.9631560444831848
2,93,-0.37612987,0.020722177,0.3591999411582947
2,94,-0.35627183,0.01985802,0.13742119073867798
2,95,-0.33746836,0.018803481,0.09891311824321747
2,96,-0.31982428,0.017644076,0.11010047048330307
2,97,-0.30352986,0.016294418,0.05681412294507027
2,98,-0.2885355,0.014994366,0.15543247759342194
2,99,-0.27463266,0.013902842,0.3526148498058319
2,100,-0.26240376,0.012228899,0.016314389184117317
2,101,-0.2518687,0.010535049,0.04713951423764229
2,102,-0.24310349,0.0087652095,0.03320032358169556
2,103,-0.2347305,0.008372996,0.9812479019165039
2,104,-0.22822407,0.006506426,0.025845114141702652
2,105,-0.22367592,0.0045481464,-0.01447547972202301
2,106,-0.22107573,0.0026001947,0.006670600268989801
2,107,-0.22038092,0.000694817,0.043097350746393204
2,108,-0.22166581,-0.0012849004,-0.004326448310166597
2,109,-0.22489433,-0.003228515,0.015787549316883087
2,110,-0.22950602,-0.0046116794,0.3793986141681671
2,111,-0.23602211,-0.006516093,0.017371805384755135
2,112,-0.2430927,-0.0070705833,0.8963744640350342
2,113,-0.2520429,-0.0089502,-0.010318090207874775
2,114,-0.26279685,-0.010753963,0.009987125173211098
2,115,-0.27530378,-0.012506919,0.006342537701129913
2,116,-0.28955367,-0.01424989,-0.03216860815882683
2,117,-0.30418542,-0.014631747,0.8218444585800171
2,118,-0.31897184,-0.01478641,0.9164337515830994
2,119,-0.3338865,-0.014914654,0.8745771646499634
2,120,-0.3499075,-0.016020974,0.16062836349010468
2,121,-0.36720386,-0.01729636,-0.02057156153023243
2,122,-0.38556054,-0.018356675,0.046722959727048874
2,123,-0.40492335,-0.019362804,-0.0001192330673802644
2,124,-0.42516506,-0.020241719,-0.005022482015192509
2,125,-0.44624263,-0.021077575,-0.07219111919403076
2,126,-0.46800098,-0.021758359,-0.07053735107183456
2,127,-0.49021786,-0.022216886,-0.028982767835259438
2,128,-0.5126622,-0.022444315,0.015006128698587418
2,129,-0.5351507,-0.02248852,0.025203069671988487
2,130,-0.5575678,-0.022417095,-0.010131730698049068
2,131,-0.5796014,-0.022033604,0.08610930293798447
2,132,-0.60121375,-0.021612322,0.002156405011191964
2,133,-0.6223018,-0.021088077,-0.03508051484823227
2,134,-0.6426712,-0.020369435,-0.007240552920848131
2,135,-0.6621478,-0.019476565,0.012465734034776688
2,136,-0.68052346,-0.018375654,0.060970403254032135
2,137,-0.6979113,-0.01738785,-0.09742514789104462
2,138,-0.7140535,-0.016142165,-0.001922411727719009
2,139,-0.7284984,-0.014444883,0.23022153973579407
2,140,-0.74147195,-0.012973534,0.019711824133992195
2,141,-0.7529383,-0.01146633,-0.008637238293886185
2,142,-0.76275736,-0.009819108,0.03980153053998947
2,143,-0.770882,-0.00812464,0.03383699432015419
2,144,-0.77734077,-0.00645875,-0.015494429506361485
2,145,-0.7820941,-0.0047533675,-0.012760828249156475
2,146,-0.7850136,-0.0029195216,0.05579180270433426
2,147,-0.7857334,-0.00071976054,0.2893564701080322
2,148,-0.784639,0.0010943733,0.029726572334766388
2,149,-0.781796,0.0028430212,-0.010059019550681114
2,150,-0.7758803,0.005915684,0.8827347755432129
2,151,-0.76811284,0.0077674403,0.09011927247047424
2,152,-0.7587627,0.009350095,-0.060738496482372284
2,153,-0.7478122,0.010950503,-0.01374158263206482
2,154,-0.7348341,0.012978128,0.3133281171321869
2,155,-0.7202138,0.014620304,0.10789213329553604
2,156,-0.7040953,0.016118463,0.0717194527387619
2,157,-0.6867067,0.017388556,-0.012292529456317425
2,158,-0.6681558,0.018550944,-0.008456653915345669
2,159,-0.6484362,0.019719614,0.07877219468355179
2,160,-0.62637335,0.022062814,0.9524355530738831
2,161,-0.6032999,0.023073437,0.1679791510105133
2,162,-0.57947963,0.023820272,0.10317005962133408
2,163,-0.5551079,0.024371771,0.08956851810216904
2,164,-0.53050095,0.024606932,-0.0005368742276914418
2,165,-0.505723,0.02477794,0.07949614524841309
2,166,-0.48087463,0.02484838,0.13629552721977234
2,167,-0.45627588,0.024598744,0.0466122105717659
2,168,-0.43200022,0.024275668,0.11894673854112625
2,169,-0.40816104,0.023839174,0.1612538844347
2,170,-0.38367045,0.024490593,1.0233914852142334
2,171,-0.360136,0.02353444,0.041837286204099655
2,172,-0.33772278,0.022413235,0.037477459758520126
2,173,-0.31513247,0.022590298,1.0129705667495728
2,174,-0.2938949,0.021237575,0.07388518750667572
2,175,-0.27411342,0.019781472,0.08901828527450562
2,176,-0.25594237,0.018171044,0.06056133285164833
2,177,-0.23943876,0.016503623,0.0874221920967102
2,178,-0.22476795,0.014670805,0.03297986835241318
2,179,-0.2120292,0.012738742,0.013861166313290596
2,180,-0.20007299,0.01195621,0.8190225958824158
2,181,-0.18913487,0.010938118,0.6966250538825989
2,182,-0.18026535,0.00886952,0.02643265575170517
2,183,-0.17225462,0.008010735,0.8563082218170166
2,184,-0.16637522,0.0058794045,0.02815094217658043
2,185,-0.1626038,0.003771424,0.05801540985703468
2,186,-0.16108008,0.0015237204,-0.026201123371720314
2,187,-0.16178487,-0.0007047966,-0.00985470786690712
2,188,-0.16461231,-0.0028274336,0.059091243892908096
2,189,-0.16956848,-0.004956172,0.04837561026215553
2,190,-0.17671096,-0.0071424856,-0.0019162875832989812
2,191,-0.18587284,-0.00916188,0.09163651615381241
2,192,-0.1971577,-0.0112848515,-0.0011181689333170652
2,193,-0.21034586,-0.013188169,0.11465536803007126
2,194,-0.22556947,-0.015223612,-0.011268561705946922
2,195,-0.24282539,-0.01725591,-0.05546831339597702
2,196,-0.2618572,-0.019031832,0.05970139056444168
2,197,-0.28249416,-0.020636935,0.10823787748813629
2,198,-0.30477068,-0.022276511,0.01006907969713211
2,199,-0.32855752,-0.023786852,0.010331942699849606
2,200,-0.35374963,-0.025192099,-0.016326557844877243
2,201,-0.38009906,-0.026349412,0.04142750799655914
2,202,-0.40660432,-0.026505262,0.5916410684585571
2,203,-0.4339743,-0.027369967,-0.003433834295719862
2,204,-0.46201372,-0.028039426,-0.003563031554222107
2,205,-0.4905063,-0.028492572,0.004079577047377825
2,206,-0.51930976,-0.028803458,-0.04206724464893341
2,207,-0.54811704,-0.02880728,0.018896620720624924
2,208,-0.57688963,-0.028772578,-0.09934552758932114
2,209,-0.60419965,-0.027310016,0.7097209095954895
2,210,-0.6308536,-0.026653972,0.03827408328652382
2,211,-0.65667194,-0.025818357,0.030007636174559593
2,212,-0.68151355,-0.02484162,0.00332668237388134
2,213,-0.7052527,-0.023739157,-0.025394605472683907
2,214,-0.7278173,-0.022564573,-0.08092021197080612
2,215,-0.7490176,-0.021200303,-0.048890214413404465
2,216,-0.76865417,-0.019636547,-0.0006255884072743356
2,217,-0.7865749,-0.01792075,0.026014182716608047
2,218,-0.80269283,-0.01611793,0.019215375185012817
2,219,-0.81699437,-0.014301517,-0.027101779356598854
2,220,-0.829409,-0.012414646,-0.026849104091525078
2,221,-0.839911,-0.010501999,-0.048305872827768326
2,222,-0.84855694,-0.008645953,-0.11729608476161957
2,223,-0.8551903,-0.006633344,-0.03764672204852104
2,224,-0.8597234,-0.004533113,0.002427079016342759
2,225,-0.8620908,-0.0023674315,0.03384454548358917
2,226,-0.8623517,-0.00026090266,-0.011866896413266659
2,227,-0.860524,0.001827725,-0.02448832057416439
2,228,-0.85648686,0.004037146,0.06087375804781914
2,229,-0.8503681,0.0061187935,-0.013482579961419106
2,230,-0.842159,0.008209109,0.009095917455852032
2,231,-0.83183205,0.010326902,0.0506843663752079
2,232,-0.81936055,0.012471527,0.09901613742113113
2,233,-0.80485636,0.014504182,0.06283657997846603
2,234,-0.7882797,0.01657664,0.13637836277484894
2,235,-0.7698242,0.01845551,0.06392411887645721
2,236,-0.74964345,0.020180777,0.027995627373456955
2,237,-0.7276427,0.022000732,0.16773544251918793
2,238,-0.70278186,0.024860885,0.9490798115730286
2,239,-0.6751409,0.027640967,1.0084465742111206
2,240,-0.6462391,0.028901843,0.10870672017335892
2,241,-0.6150748,0.031164283,0.9088327288627625
2,242,-0.5831226,0.031952184,0.07360704243183136
2,243,-0.5497524,0.033370193,0.649299144744873
2,244,-0.5161054,0.033646986,0.05389413982629776
2,245,-0.4810146,0.03509079,1.0319608449935913
2,246,-0.44609562,0.034918986,0.0978066474199295
2,247,-0.41163892,0.03445669,0.07583443820476532
2,248,-0.37666416,0.03497476,0.8947134017944336
2,249,-0.34267652,0.033987638,0.053028497844934464
2,250,-0.30992612,0.032750383,0.03600979596376419
2,251,-0.27857542,0.03135069,0.06355705112218857
2,252,-0.24767788,0.030897545,0.8156342506408691
2,253,-0.21847896,0.02919891,0.09494268894195557
2,254,-0.19125241,0.027226554,0.006399710662662983
2,255,-0.1660385,0.025213918,0.05802140012383461
2,256,-0.14295177,0.023086721,0.04601026698946953
2,257,-0.12213208,0.020819694,0.0043857404962182045
2,258,-0.10361666,0.018515414,0.019854439422488213
2,259,-0.08741932,0.016197335,0.04140414297580719
2,260,-0.07216276,0.015256564,0.9824976921081543
2,261,-0.05800261,0.0141601525,0.8968218564987183
2,262,-0.045003295,0.012999315,0.8676061630249023
2,263,-0.03432691,0.010676384,0.10287970304489136
2,264,-0.026073616,0.008253296,0.04244483634829521
2,265,-0.020273838,0.005799778,0.025891784578561783
2,266,-0.016979149,0.0032946889,-0.006474359892308712
2,267,-0.014710985,0.0022681637,0.9801548719406128
2,268,-0.013565324,0.0011456612,0.9167088270187378
2,269,-0.014862589,-0.001297264,0.03666991367936134
2,270,-0.017335879,-0.0024732903,0.8809927105903625
2,271,-0.022182083,-0.0048462036,0.08247111737728119
2,272,-0.029485652,-0.0073035695,0.024733884260058403
2,273,-0.039318092,-0.009832439,-0.025762882083654404
2,274,-0.051597275,-0.012279184,0.023922840133309364
2,275,-0.06632554,-0.014728263,0.014019960537552834
2,276,-0.08345362,-0.017128078,0.033905643969774246
2,277,-0.102983065,-0.019529445,0.01379389502108097
2,278,-0.124800116,-0.02181705,0.06268517673015594
2,279,-0.14894815,-0.024148036,-0.002778621157631278
2,280,-0.17533267,-0.026384514,0.012040103785693645
2,281,-0.20392142,-0.028588757,-0.02812366373836994
2,282,-0.23460878,-0.03068736,-0.03467521816492081
2,283,-0.26725176,-0.032642987,-0.033132363110780716
2,284,-0.30177748,-0.034525737,-0.09608837962150574
2,285,-0.33796766,-0.036190186,-0.0805923342704773
2,286,-0.37549242,-0.03752475,-0.008789713494479656
2,287,-0.4138489,-0.038356498,0.16190576553344727
2,288,-0.45306277,-0.039213862,-0.03268859535455704
2,289,-0.49280998,-0.039747197,-0.005503068212419748
2,290,-0.5315675,-0.038757537,0.8134996294975281
2,291,-0.57020146,-0.038633913,0.04257530719041824
2,292,-0.60845166,-0.038250223,0.02353849820792675
2,293,-0.64608264,-0.03763095,-0.006847238168120384
2,294,-0.6828749,-0.036792304,-0.03963441029191017
2,295,-0.71858394,-0.03570905,-0.04424985870718956
2,296,-0.7529922,-0.034408253,-0.053072646260261536
2,297,-0.78584236,-0.032850157,-0.01982351392507553
2,298,-0.8170393,-0.031196928,-0.07792704552412033
2,299,-0.8462783,-0.029238999,0.0203790832310915
2,300,-0.87345165,-0.02717332,0.004159921780228615
2,301,-0.8984271,-0.024975503,0.019871564581990242
2,302,-0.92114234,-0.022715185,0.0034690862521529198
2,303,-0.941558,-0.020415675,-0.015899287536740303
2,304,-0.9597818,-0.018223813,-0.12242546677589417
2,305,-0.97572833,-0.015946498,-0.09147338569164276
2,306,-0.9893436,-0.013615259,-0.07434502243995667
2,307,-1.0004989,-0.011155276,-0.001637528999708593
2,308,-1.009125,-0.0086260475,0.03581441193819046
2,309,-1.0153346,-0.006209635,-0.044865529984235764
2,310,-1.0190974,-0.0037628186,-0.027847152203321457
2,311,-1.0204017,-0.0013043272,-0.021753758192062378
2,312,-1.019242,0.0011596484,-0.01863407902419567
2,313,-1.0155768,0.0036652354,0.009582462720572948
2,314,-1.0094589,0.0061179264,-0.02404589205980301
2,315,-1.0009229,0.008535937,-0.04398900270462036
2,316,-0.9899342,0.01098874,-0.015430638566613197
2,317,-0.97647476,0.013459467,0.005017444025725126
2,318,-0.9596406,0.016834155,0.6204968690872192
2,319,-0.9403152,0.01932546,0.05137025937438011
2,320,-0.91863805,0.021677144,-0.013929896056652069
2,321,-0.8945331,0.02410497,0.07431107014417648
2,322,-0.8681318,0.026401252,0.03595227003097534
2,323,-0.8382059,0.029925916,0.9178663492202759
2,324,-0.8061734,0.03203248,0.0546993650496006
2,325,-0.77107596,0.035097446,0.7936843633651733
2,326,-0.7333275,0.037748482,0.6405547261238098
2,327,-0.69264066,0.040686842,0.9780938029289246
2,328,-0.6493427,0.043297943,0.9312887787818909
2,329,-0.6036239,0.045718815,1.0376125574111938
2,330,-0.557039,0.046584893,0.18109139800071716
2,331,-0.5087642,0.048274796,0.9596824049949646
2,332,-0.45915666,0.04960754,0.962644100189209
2,333,-0.40852943,0.05062723,1.0505506992340088
2,334,-0.35730648,0.05122295,0.9611336588859558
2,335,-0.30581456,0.05149191,0.9767041802406311
2,336,-0.2543423,0.05147228,1.0236836671829224
2,337,-0.20456414,0.04977814,0.07515358179807663
2,338,-0.15662628,0.04793785,0.13568495213985443
2,339,-0.10954645,0.04707983,0.9140241146087646
2,340,-0.06463146,0.04491499,0.13424363732337952
2,341,-0.02191226,0.0427192,0.17157600820064545
2,342,0.019789176,0.041701436,0.9845576286315918
2,343,0.059110135,0.039320957,0.07674489915370941
2,344,0.09742976,0.03831963,0.9729770421981812
2,345,0.13485542,0.037425663,1.0355350971221924
2,346,0.17010854,0.035253122,0.08376118540763855
2,347,0.20459351,0.034484968,0.9422071576118469
2,348,0.2371306,0.032537088,0.06387422978878021
2,349,0.2678857,0.03075511,0.07443848252296448
2,350,0.29701483,0.029129123,0.07280591130256653
2,351,0.32519573,0.02818089,0.41551125049591064
2,352,0.35336852,0.0281728,0.9290772676467896
2,353,0.38176793,0.028399417,0.9657115340232849
2,354,0.4092009,0.027432982,0.043658629059791565
2,355,0.43588108,0.026680164,0.05894826352596283
2,356,0.46244454,0.026563477,0.35575252771377563
3,1,-0.5524756,0.00033850656,0.0797814354300499
3,2,-0.5518115,0.0006640434,0.07282109558582306
3,3,-0.55094206,0.00086944597,-0.003960317932069302
3,4,-0.5497323,0.0012097592,0.09031226485967636
3,5,-0.54826653,0.0014658015,0.040160924196243286
3,6,-0.546539,0.0017275256,0.05125652253627777
3,7,-0.54466945,0.0018695636,-0.019918635487556458
3,8,-0.541142,0.0035274883,1.008845567703247
3,9,-0.5374348,0.003707179,0.03211824968457222
3,10,-0.53356427,0.0038705568,0.039758164435625076
3,11,-0.529376,0.004188327,0.16202694177627563
3,12,-0.5236971,0.005678891,0.9648249745368958
3,13,-0.51794183,0.005755275,0.050431158393621445
3,14,-0.5121353,0.005806532,0.06245476379990578
3,15,-0.50511557,0.00701973,0.8661043047904968
3,16,-0.49813738,0.0069781984,0.06468101590871811
3,17,-0.49128538,0.0068520117,0.043058838695287704
3,18,-0.48452535,0.00676002,0.09998603165149689
3,19,-0.4779467,0.006578643,0.074002206325531
3,20,-0.47167286,0.0062738466,0.024349842220544815
3,21,-0.4656853,0.005987549,0.06771580874919891
3,22,-0.46006095,0.0056243404,0.04597353935241699
3,23,-0.45479065,0.0052702962,0.07973944395780563
3,24,-0.44993594,0.0048547136,0.06454732269048691
3,25,-0.44427523,0.0056607155,0.9026584029197693
3,26,-0.43908536,0.0051898663,0.07898548990488052
3,27,-0.43431675,0.0047686,0.13721038401126862
3,28,-0.43015066,0.004166092,0.03941917046904564
3,29,-0.4264578,0.0036928635,0.1456587314605713
3,30,-0.42325073,0.0032070628,0.1549919843673706
3,31,-0.42068282,0.0025679064,0.06809153407812119
3,32,-0.41874313,0.0019396904,0.08763263374567032
3,33,-0.41623837,0.0025047807,0.8924012780189514
3,34,-0.41444948,0.0017888726,0.0502970851957798
3,35,-0.4134997,0.00094977504,-0.023352451622486115
3,36,-0.41324738,0.00025232646,0.07557456195354462
3,37,-0.41376078,-0.0005134041,0.031246580183506012
3,38,-0.4150234,-0.0012626016,0.03984036296606064
3,39,-0.41699627,-0.0019728763,0.05981158837676048
3,40,-0.4196997,-0.0027034287,0.03693802282214165
3,41,-0.42230126,-0.0026015553,0.5790398716926575
3,42,-0.42559153,-0.0032902574,0.03959299251437187
3,43,-0.42947513,-0.0038835933,0.08744890242815018
3,44,-0.43379986,-0.004324744,0.17028863728046417
3,45,-0.4387624,-0.0049625346,0.01838947832584381
3,46,-0.44430003,-0.005537644,0.03621117025613785
3,47,-0.449059,-0.004758984,0.9118711948394775
3,48,-0.45398408,-0.0049250806,0.2588692903518677
3,49,-0.45806292,-0.0040788227,0.909720778465271
3,50,-0.46269473,-0.004631804,-0.04308181256055832
3,51,-0.46779692,-0.0051021986,-0.01076772902160883
3,52,-0.47319624,-0.0053993096,0.0796339362859726
3,53,-0.47897524,-0.005778988,-0.0020653430838137865
3,54,-0.48502007,-0.0060448353,0.045220375061035156
3,55,-0.49004647,-0.0050263987,0.8714208006858826
3,56,-0.4938745,-0.0038280203,0.9663972854614258
3,57,-0.49667993,-0.0028054456,0.8301409482955933
3,58,-0.49967295,-0.0029930258,0.009394515305757523
3,59,-0.5028478,-0.0031748682,-0.0017017441568896174
3,60,-0.50616217,-0.003314385,0.010676691308617592
3,61,-0.50858104,-0.0024189015,0.6841322183609009
3,62,-0.51103044,-0.0024493998,0.054731059819459915
3,63,-0.5135535,-0.0025230548,0.01372339017689228
3,64,-0.5160584,-0.0025049073,0.06231716647744179
3,65,-0.51720876,-0.0011503461,0.9407395124435425
3,66,-0.517699,-0.0004902388,0.4720197021961212
3,67,-0.51804966,-0.00035065415,0.1225537359714508
3,68,-0.5184983,-0.0004486542,-0.037589047104120255
3,69,-0.51889837,-0.00040008256,0.05788247287273407
3,70,-0.5192548,-0.0003564494,0.052590034902095795
3,71,-0.5196734,-0.00041861268,-0.019722934812307358
3,72,-0.5186706,0.0010028085,0.9672404527664185
3,73,-0.51763684,0.0010337633,0.04527643322944641
3,74,-0.516626,0.0010108278,0.014517838135361671
3,75,-0.5153557,0.0012702937,0.20783862471580505
3,76,-0.51417303,0.0011826549,-0.017214791849255562
3,77,-0.51301366,0.0011593418,0.031580351293087006
3,78,-0.5118415,0.0011721875,0.06148047745227814
3,79,-0.5106754,0.0011661297,0.05473579838871956
3,80,-0.5094786,0.0011967196,0.0849941149353981
3,81,-0.508355,0.0011236123,0.02184145525097847
3,82,-0.5072918,0.0010632493,0.03595023974776268
3,83,-0.506268,0.0010237799,0.055189430713653564
3,84,-0.5038742,0.0023938578,1.0021111965179443
3,85,-0.5013773,0.0024968798,0.16724666953086853
3,86,-0.49901214,0.0023651302,0.023192135617136955
3,87,-0.49535626,0.0036558826,0.9833232760429382
3,88,-0.49174815,0.0036081027,0.1091904565691948
3,89,-0.48840052,0.003347624,-0.014641431160271168
3,90,-0.48390636,0.004494155,0.9400182366371155
3,91,-0.47966877,0.004237599,0.026956327259540558
3,92,-0.47567776,0.0039910194,0.05462813377380371
3,93,-0.47208905,0.003588698,-0.029433613643050194
3,94,-0.4687106,0.0033784502,0.11635956913232803
3,95,-0.4644122,0.0042983973,0.8865005970001221
3,96,-0.46014383,0.004268388,0.2743740379810333
3,97,-0.45618215,0.003961678,0.11088867485523224
3,98,-0.4525919,0.0035902457,0.08716819435358047
3,99,-0.44948626,0.0031056285,0.029277240857481956
3,100,-0.44676542,0.0027208333,0.11098688840866089
3,101,-0.4445397,0.0022257252,0.050701893866062164
3,102,-0.44282877,0.0017109305,0.04840319603681564
3,103,-0.4407896,0.0020391603,0.6187295317649841
3,104,-0.43798876,0.0028008453,0.9175899624824524
3,105,-0.43569914,0.0022896228,0.08254478126764297
3,106,-0.43271074,0.0029883888,0.9002662301063538
3,107,-0.42955297,0.003157757,0.5617422461509705
3,108,-0.42572343,0.003829551,0.9118779301643372
3,109,-0.4225306,0.0031928557,0.057911526411771774
3,110,-0.42011708,0.002413505,-0.021933622658252716
3,111,-0.41836792,0.0017491593,0.06624031066894531
3,112,-0.41653967,0.0018282515,0.5701862573623657
3,113,-0.4141189,0.002420786,0.9211628437042236
3,114,-0.411144,0.002974889,0.9070128202438354
3,115,-0.40753698,0.003606997,0.9730739593505859
3,116,-0.40474594,0.0027910504,0.02469002828001976
3,117,-0.40146416,0.0032817605,0.9088922142982483
3,118,-0.3989859,0.0024782703,0.06144031137228012
3,119,-0.39727917,0.0017067273,0.09429074823856354
3,120,-0.39641637,0.00086282013,0.05398411303758621
3,121,-0.39645082,-3.4443667e-05,0.02241893671452999
3,122,-0.396061,0.00038980242,0.903265655040741
3,123,-0.39575064,0.00031035714,0.5692799687385559
3,124,-0.39636123,-0.0006105934,0.00971576850861311
3,125,-0.39786643,-0.0015051903,0.024452703073620796
3,126,-0.4002387,-0.0023722607,0.03581303358078003
3,127,-0.40216905,-0.0019303676,0.8974124789237976
3,128,-0.40493044,-0.0027613842,0.03979756683111191
3,129,-0.40723008,-0.0022996399,0.8887171745300293
3,130,-0.4089712,-0.0017411103,0.9424496293067932
3,131,-0.4114879,-0.0025167298,0.04482877627015114
3,132,-0.41482237,-0.0033344505,0.004898517858237028
3,133,-0.41889703,-0.0040746606,0.04080696031451225
3,134,-0.42253393,-0.0036369103,0.8067761063575745
3,135,-0.4268956,-0.0043616663,0.014447090215981007
3,136,-0.43191296,-0.005017375,0.039622653275728226
3,137,-0.43759274,-0.005679798,0.011055107228457928
3,138,-0.44386455,-0.0062718065,0.03060201369225979
3,139,-0.4505138,-0.006649245,0.1432543247938156
3,140,-0.45762187,-0.007108048,0.056635305285453796
3,141,-0.46517348,-0.007551609,0.03202759101986885
3,142,-0.4731086,-0.007935101,0.034971628338098526
3,143,-0.48137918,-0.008270585,0.02783074602484703
3,144,-0.48846558,-0.007086386,1.010432481765747
3,145,-0.49431497,-0.0058493973,1.0139946937561035
3,146,-0.50033337,-0.006018417,0.03355098143219948
3,147,-0.5050977,-0.0047643287,0.9522914290428162
3,148,-0.50979775,-0.004700072,0.1352958232164383
3,149,-0.51447606,-0.00467831,0.083493672311306
3,150,-0.5191392,-0.004663109,0.05574175715446472
3,151,-0.5237837,-0.004644523,0.03468787670135498
3,152,-0.5271189,-0.0033352172,0.8719459176063538
3,153,-0.5291701,-0.0020511823,0.8384228348731995
3,154,-0.53103614,-0.0018660143,0.0955900326371193
3,155,-0.531665,-0.0006289032,0.7875570058822632
3,156,-0.53214806,-0.0004830409,0.05691421404480934
3,157,-0.5324868,-0.00033876125,0.05344468355178833
3,158,-0.5314301,0.0010566564,0.8858435750007629
3,159,-0.53031856,0.001111553,-0.0025553705636411905
3,160,-0.5278203,0.0024982758,0.8908852338790894
3,161,-0.52431834,0.0035019661,0.6480198502540588
3,162,-0.5207618,0.0035565225,0.03277306258678436
3,163,-0.5159075,0.0048542605,0.8793435096740723
3,164,-0.50978905,0.0061184494,0.8812454342842102
3,165,-0.5034344,0.0063546263,0.22647999227046967
3,166,-0.49717334,0.00626107,0.03838939592242241
3,167,-0.49115595,0.0060173757,-0.03047373704612255
3,168,-0.48533642,0.0058195414,0.030068598687648773
3,169,-0.4797646,0.005571825,0.025747528299689293
3,170,-0.473221,0.0065436144,0.8663992285728455
3,171,-0.46699297,0.00622804,0.04054798558354378
3,172,-0.46108416,0.0059088096,0.06885045021772385
3,173,-0.45550182,0.00558234,0.09309752285480499
3,174,-0.449742,0.0057598366,0.45645231008529663
3,175,-0.44441175,0.0053302348,0.07986842095851898
3,176,-0.439624,0.004787754,0.03056757152080536
3,177,-0.43533468,0.0042893146,0.0831538662314415
3,178,-0.4315055,0.0038291872,0.12942980229854584
3,179,-0.4282881,0.0032173898,0.04676581919193268
3,180,-0.42457354,0.0037145563,0.8015305995941162
3,181,-0.4214773,0.0030962676,0.0756828784942627
3,182,-0.4191079,0.002369361,0.01805289275944233
3,183,-0.4163679,0.0027400136,0.761041522026062
3,184,-0.41435272,0.0020151855,0.043735988438129425
3,185,-0.41300252,0.0013501954,0.09317723661661148
3,186,-0.4124389,0.00056361145,0.018501993268728256
3,187,-0.4125725,-0.00013361406,0.0807378888130188
3,188,-0.41349626,-0.00092375977,0.018159836530685425
3,189,-0.41520315,-0.0017069096,0.018456708639860153
3,190,-0.41767257,-0.0024694127,0.0241409819573164
3,191,-0.4208672,-0.0031946162,0.03729294613003731
3,192,-0.42475173,-0.0038845178,0.04563045874238014
3,193,-0.42925203,-0.004500314,0.07649273425340652
3,194,-0.4343782,-0.005126192,0.04820847138762474
3,195,-0.4394718,-0.0050936183,0.462510883808136
3,196,-0.44390607,-0.0044342712,0.8557481169700623
3,197,-0.44897625,-0.0050701853,-0.029264096170663834
3,198,-0.45456406,-0.0055878297,0.0249076709151268
3,199,-0.46064922,-0.0060851523,0.011162899434566498
3,200,-0.4672025,-0.0065532792,0.0007954520988278091
3,201,-0.47419542,-0.006992919,-0.012455050833523273
3,202,-0.4815308,-0.007335352,0.017824962735176086
3,203,-0.48909798,-0.0075671985,0.05521746352314949
3,204,-0.49558315,-0.006485174,0.893545925617218
3,205,-0.50225097,-0.006667837,0.018137868493795395
3,206,-0.50831103,-0.0060600596,0.511850893497467
3,207,-0.5145152,-0.0062041953,-0.01967865414917469
3,208,-0.5206509,-0.0061357287,0.09105654060840607
3,209,-0.52660173,-0.0059507787,0.13803893327713013
3,210,-0.5311682,-0.0045665097,0.9078313708305359
3,211,-0.5356158,-0.0044476,0.0414292998611927
3,212,-0.53997743,-0.004361642,-0.0027669360861182213
3,213,-0.54418427,-0.0042068153,0.02135741151869297
3,214,-0.54819393,-0.004009658,0.028576118871569633
3,215,-0.55203927,-0.0038453382,-0.013317659497261047
3,216,-0.55562735,-0.0035880753,0.029478685930371284
3,217,-0.5575972,-0.0019698993,0.9188874959945679
3,218,-0.5592988,-0.0017016142,0.009159081615507603
3,219,-0.5607309,-0.0014320379,0.0015584247885271907
3,220,-0.5618572,-0.0011263696,0.018502118065953255
3,221,-0.5626488,-0.0007915775,0.032322175800800323
3,222,-0.56306726,-0.00041846363,0.053938888013362885
3,223,-0.5630808,-1.3529423e-05,0.07307452708482742
3,224,-0.5622174,0.00086335803,0.38764283061027527
3,225,-0.56094074,0.0012766845,0.08288940787315369
3,226,-0.5582797,0.0026610533,0.7365930080413818
3,227,-0.55539197,0.0028877333,-0.021971948444843292
3,228,-0.5509287,0.0044632414,0.8916136622428894
3,229,-0.5448539,0.0060747685,0.9378548860549927
3,230,-0.5385352,0.0063187294,0.05643695965409279
3,231,-0.53191334,0.0066218367,0.12741458415985107
3,232,-0.52510846,0.0068048947,0.08047004789113998
3,233,-0.5171208,0.007987665,0.7809651494026184
3,234,-0.50785965,0.009261154,0.8813801407814026
3,235,-0.49858233,0.009277305,0.08943364024162292
3,236,-0.48909065,0.009491671,0.2678757309913635
3,237,-0.47835732,0.010733322,1.0166993141174316
3,238,-0.46646908,0.011888245,0.9954620003700256
3,239,-0.45493072,0.011538354,0.05099146068096161
3,240,-0.4424352,0.012495504,0.9790167212486267
3,241,-0.43044412,0.011991077,0.0655350312590599
3,242,-0.41902372,0.011420407,0.07928764820098877
3,243,-0.4083138,0.010709919,0.04068157076835632
3,244,-0.39701048,0.011303339,0.9606151580810547
3,245,-0.3865221,0.010488376,0.0745280310511589
3,246,-0.37692755,0.009594573,0.07035978138446808
3,247,-0.36828792,0.008639648,0.0733027458190918
3,248,-0.36070096,0.007586954,0.04696466401219368
3,249,-0.35281098,0.007889996,0.9844826459884644
3,250,-0.34611636,0.0066946032,0.020135510712862015
3,251,-0.3406226,0.0054937503,0.04550370201468468
3,252,-0.3363087,0.0043139085,0.08306130766868591
3,253,-0.33215028,0.0041584074,0.7842822670936584
3,254,-0.3292602,0.0028900916,0.059931814670562744
3,255,-0.3277495,0.0015107011,-0.0020203692838549614
3,256,-0.32758597,0.00016351634,0.025746405124664307
3,257,-0.32775858,-0.0001726216,0.7004580497741699
3,258,-0.32922557,-0.0014669889,0.06092025712132454
3,259,-0.33197019,-0.0027446041,0.06597438454627991
3,260,-0.33609897,-0.004128779,-0.016551446169614792
3,261,-0.34156534,-0.0054663583,-0.0028826408088207245
3,262,-0.34833896,-0.0067736157,-0.005907198879867792
3,263,-0.35630465,-0.00796567,0.04177577421069145
3,264,-0.36551696,-0.0092123,-0.029292689636349678
3,265,-0.37581953,-0.010302563,0.03427005186676979
3,266,-0.38688433,-0.011064802,0.2067686915397644
3,267,-0.39886764,-0.011983297,0.05223820358514786
3,268,-0.4110684,-0.012200763,0.4642251431941986
3,269,-0.42414534,-0.013076935,-0.03208937868475914
3,270,-0.43795416,-0.013808827,0.0019945180974900723
3,271,-0.4523851,-0.014430951,0.008777269162237644
3,272,-0.46711388,-0.014728779,0.15481401979923248
3,273,-0.48223445,-0.015120575,0.0198774766176939
3,274,-0.49779817,-0.015563726,-0.08914300054311752
3,275,-0.51348627,-0.015688121,0.045944713056087494
3,276,-0.5292145,-0.015728258,0.023796696215867996
3,277,-0.54472023,-0.0155057255,0.12027743458747864
3,278,-0.5599794,-0.015259164,0.058837395161390305
3,279,-0.5750497,-0.0150703285,-0.05565126985311508
3,280,-0.5897004,-0.014650708,0.023512430489063263
3,281,-0.6036095,-0.0139090875,0.16606776416301727
3,282,-0.6168908,-0.013281309,0.022295568138360977
3,283,-0.62818545,-0.011294661,0.8640380501747131
3,284,-0.63864595,-0.010460513,0.04170360416173935
3,285,-0.648255,-0.009609055,0.0037557510659098625
3,286,-0.65695804,-0.008703064,-0.004860625136643648
3,287,-0.66461504,-0.0076569663,0.04824868589639664
3,288,-0.671172,-0.006556976,0.04908939450979233
3,289,-0.67664725,-0.0054752193,0.0071734110824763775
3,290,-0.6809651,-0.004317894,0.03291314095258713
3,291,-0.68409,-0.0031249044,0.037398599088191986
3,292,-0.6860143,-0.0019242575,0.02862144075334072
3,293,-0.68682474,-0.00081044476,-0.03778259828686714
3,294,-0.68632627,0.0004984719,0.08870834112167358
3,295,-0.68460715,0.0017191418,0.032077569514513016
3,296,-0.68171674,0.0028903962,0.006735741160809994
3,297,-0.67764527,0.0040714527,0.026097914204001427
3,298,-0.67240554,0.005239736,0.03574863076210022
3,299,-0.6660145,0.006391055,0.0479804091155529
3,300,-0.65852016,0.0074943462,0.04491597041487694
3,301,-0.65012366,0.008396534,-0.05487770959734917
3,302,-0.6393307,0.0107929595,0.9800746440887451
3,303,-0.6276232,0.011707458,0.04256179928779602
3,304,-0.61504894,0.012574229,0.06612715125083923
3,305,-0.60168624,0.013362728,0.07412924617528915
3,306,-0.5877491,0.013937099,-0.003962259739637375
3,307,-0.57322836,0.014520761,0.07033230364322662
3,308,-0.5582146,0.015013783,0.08144982159137726
3,309,-0.54186916,0.016345436,0.7149999141693115
3,310,-0.5252601,0.016609054,0.08443979918956757
3,311,-0.50713855,0.018121514,1.0063514709472656
3,312,-0.48910913,0.018029433,0.020879462361335754
3,313,-0.47035837,0.01875077,0.6530324220657349
3,314,-0.45190835,0.01845002,0.06457162648439407
3,315,-0.4338411,0.01806724,0.1005086749792099
3,316,-0.4151105,0.018730612,0.8856323957443237
3,317,-0.39573863,0.01937186,0.9604141116142273
3,318,-0.37723717,0.018501448,0.04346334934234619
3,319,-0.3582985,0.01893867,1.0314322710037231
3,320,-0.3404614,0.017837115,0.05867026001214981
3,321,-0.3239052,0.01655621,0.01637459546327591
3,322,-0.30736953,0.01653566,0.9261055588722229
3,323,-0.29226083,0.015108708,0.05560087785124779
3,324,-0.27735752,0.014903313,0.9291154146194458
3,325,-0.26404923,0.013308283,0.05888873338699341
3,326,-0.2523785,0.011670728,0.07882726192474365
3,327,-0.24233764,0.010040843,0.12475411593914032
3,328,-0.2327792,0.009558435,0.92366623878479
3,329,-0.2236606,0.009118607,0.9833019375801086
3,330,-0.21645841,0.0072021997,0.02774745039641857
3,331,-0.2111441,0.0053143124,0.06884478032588959
3,332,-0.20777272,0.0033713812,0.04804696887731552
3,333,-0.20637378,0.0013989321,0.03827724978327751
3,334,-0.20582302,0.00055076135,0.7918673157691956
3,335,-0.20722732,-0.0014042992,0.05553697794675827
3,336,-0.21063392,-0.0034065947,0.019969716668128967
3,337,-0.21610297,-0.0054690507,-0.030128056183457375
3,338,-0.22354104,-0.0074380594,0.01583765633404255
3,339,-0.2329616,-0.009420559,-0.01594175212085247
3,340,-0.24356751,-0.010605919,0.48569348454475403
3,341,-0.25600353,-0.01243601,0.02111547440290451
3,342,-0.27026758,-0.014264056,-0.019873924553394318
3,343,-0.2861729,-0.01590533,0.05401225388050079
3,344,-0.3036613,-0.0174884,0.03388529270887375
3,345,-0.32265988,-0.018998588,0.014823075383901596
3,346,-0.343043,-0.020383108,0.021927643567323685
3,347,-0.36470014,-0.021657148,0.009915195405483246
3,348,-0.38741624,-0.022716103,0.058773722499608994
3,349,-0.4098621,-0.022445856,0.8422932028770447
3,350,-0.43316337,-0.023301281,-0.0125705786049366
3,351,-0.45714998,-0.023986613,-0.010238408111035824
3,352,-0.4816175,-0.024467522,0.009442119859158993
3,353,-0.5063128,-0.024695272,0.05751941353082657
3,354,-0.5312529,-0.024940107,-0.07683239132165909
3,355,-0.5559356,-0.024682725,0.13332101702690125
3,356,-0.5803668,-0.024431186,0.006262140814214945
3,357,-0.6043844,-0.024017647,-0.006777289789170027
3,358,-0.62781566,-0.023431245,-0.009051415137946606
3,359,-0.65049165,-0.02267597,-0.009119793772697449
3,360,-0.6722637,-0.021772053,-0.016639212146401405
3,361,-0.6929839,-0.020720273,-0.017738766968250275
3,362,-0.7125644,-0.019580508,-0.05110011622309685
3,363,-0.72943616,-0.016871735,0.9108198881149292
3,364,-0.7446509,-0.01521474,0.13964909315109253
3,365,-0.75842345,-0.013772577,-0.06456972658634186
3,366,-0.7706337,-0.012210236,-0.037827733904123306
3,367,-0.78107667,-0.010442972,0.053003519773483276
3,368,-0.78967875,-0.00860207,0.06413473188877106
3,369,-0.7965293,-0.0068505704,-0.025881674140691757
3,370,-0.80154604,-0.0050167353,0.005355218891054392
3,371,-0.8046995,-0.0031534347,0.0080025689676404
3,372,-0.8059805,-0.0012810046,0.0035482526291161776
3,373,-0.80545616,0.0005243698,-0.045405738055706024
3,374,-0.8029594,0.0024968062,0.06770630925893784
3,375,-0.7986102,0.004349201,-0.004005744121968746
3,376,-0.792423,0.006187213,0.0010562578681856394
3,377,-0.7842795,0.008143458,0.10107836872339249
3,378,-0.77430856,0.009970946,0.0437757782638073
3,379,-0.762589,0.011719573,0.02709265984594822
3,380,-0.749124,0.013464992,0.0684385895729065
3,381,-0.73408896,0.015035044,0.0031574121676385403
3,382,-0.7175326,0.016556367,0.03032766468822956
3,383,-0.6992739,0.018258665,0.21898169815540314
3,384,-0.67958033,0.019693576,0.11833345144987106
3,385,-0.65737385,0.022206474,0.9235113859176636
3,386,-0.6340866,0.023287248,0.06945198774337769
3,387,-0.60868376,0.025402837,0.8680136799812317
3,388,-0.58136195,0.027321838,0.8585139513015747
3,389,-0.5522483,0.029113667,0.9071797132492065
3,390,-0.5215246,0.030723713,0.9302931427955627
3,391,-0.48984808,0.031676542,0.6455901861190796
3,392,-0.45833135,0.031516723,0.06192051246762276
3,393,-0.4259274,0.032403946,0.9157376289367676
3,394,-0.39415208,0.031775337,0.062326058745384216
3,395,-0.3631357,0.031016387,0.1251213401556015
3,396,-0.3319658,0.03116988,0.874014139175415
3,397,-0.30083394,0.03113187,0.880909264087677
3,398,-0.27118897,0.02964498,0.041487280279397964
3,399,-0.2431546,0.028034374,0.07111457735300064
3,400,-0.21690935,0.026245255,0.049807194620370865
3,401,-0.19116224,0.0257471,0.993968665599823
3,402,-0.1672531,0.023909133,0.17471197247505188
3,403,-0.14415391,0.023099205,0.9212766885757446
3,404,-0.12324068,0.020913228,0.055910199880599976
3,405,-0.10458752,0.018653166,0.04733777418732643
3,406,-0.088240154,0.016347365,0.048097964376211166
3,407,-0.07431832,0.013921836,-0.0084100142121315
3,408,-0.06276344,0.011554884,0.04744553938508034
3,409,-0.053504195,0.009259243,0.10678219795227051
3,410,-0.046634074,0.0068701226,0.0524957999587059
3,411,-0.04213113,0.0045029433,0.07226301729679108
3,412,-0.040048745,0.002082385,0.03966599702835083
3,413,-0.04043743,-0.00038868617,0.00727115198969841
3,414,-0.043240745,-0.0028033128,0.044666681438684464
3,415,-0.0485441,-0.005303358,-0.014033786952495575
3,416,-0.056292783,-0.007748684,0.018806880339980125
3,417,-0.066490486,-0.0101977,0.010279241017997265
3,418,-0.07913159,-0.012641102,0.0046843127347528934
3,419,-0.0941563,-0.015024717,0.030846593901515007
3,420,-0.11016268,-0.01600638,0.9461749792098999
3,421,-0.12846944,-0.01830675,0.042892713099718094
3,422,-0.14806792,-0.019598478,0.6832565665245056
3,423,-0.1685997,-0.020531777,0.8827224969863892
3,424,-0.19131576,-0.022716055,0.0017948084278032184
3,425,-0.21622637,-0.02491061,-0.06342923641204834
3,426,-0.24313815,-0.026911786,-0.005979920271784067
3,427,-0.2719248,-0.028786652,-0.007302950136363506
3,428,-0.30245492,-0.03053011,-0.020131507888436317
3,429,-0.33456582,-0.03211089,-0.027478113770484924
3,430,-0.36801967,-0.03345386,-2.6623529265634716e-06
3,431,-0.40264094,-0.03462127,-0.028313452377915382
3,432,-0.43810883,-0.035467878,0.02719697915017605
3,433,-0.47414213,-0.036033306,0.04582737758755684
3,434,-0.51054657,-0.036404405,-0.0010220500407740474
3,435,-0.5470625,-0.03651595,-0.009120526723563671
3,436,-0.5835237,-0.036461145,-0.0806853324174881
3,437,-0.6182472,-0.034723535,0.8603919744491577
3,438,-0.65233415,-0.034086913,-0.042494192719459534
3,439,-0.6844533,-0.032119185,0.6840243935585022
3,440,-0.71543556,-0.030982237,-0.01545491348952055
3,441,-0.7451197,-0.029684134,-0.04170232638716698
3,442,-0.77328104,-0.028161373,-0.012684965506196022
3,443,-0.79979485,-0.026513806,-0.036523714661598206
3,444,-0.82447547,-0.0246806,-0.006159555166959763
3,445,-0.847209,-0.022733515,-0.010209402069449425
3,446,-0.8680903,-0.020881273,-0.1407632976770401
3,447,-0.886928,-0.01883778,-0.06947527825832367
3,448,-0.90351105,-0.016583025,0.025467563420534134
3,449,-0.9176799,-0.014168844,0.09524837881326675
3,450,-0.9295832,-0.011903257,-0.032039280980825424
3,451,-0.9391899,-0.009606743,-0.03298049792647362
3,452,-0.94609886,-0.0069089336,0.21860261261463165
3,453,-0.95062834,-0.004529455,-0.004276513587683439
3,454,-0.9527666,-0.0021382293,-0.003061827039346099
3,455,-0.95249593,0.00027064135,0.005680056754499674
3,456,-0.94980687,0.0026890854,0.012441103346645832
3,457,-0.94463974,0.005167123,0.05599084869027138
3,458,-0.937039,0.0076007536,0.03401914983987808
3,459,-0.9270579,0.009981071,0.01039808988571167
3,460,-0.9133809,0.013677016,0.9043813347816467
3,461,-0.89735395,0.016026998,0.032496146857738495
3,462,-0.87904316,0.018310782,0.02143775299191475
3,463,-0.8585525,0.020490643,-0.005816219840198755
3,464,-0.8359289,0.02262359,0.015151330269873142
3,465,-0.8112848,0.024644144,0.0040711346082389355
3,466,-0.7834328,0.027852004,0.8721829056739807
3,467,-0.7537741,0.029658677,0.032906293869018555
3,468,-0.72226846,0.03150562,0.16972173750400543
3,469,-0.68927574,0.032992713,0.05582325533032417
3,470,-0.65375584,0.035519924,0.8901113271713257
3,471,-0.61620873,0.037547115,0.7170877456665039
3,472,-0.5774321,0.038776647,0.36257272958755493
3,473,-0.5367535,0.040678643,1.0962094068527222
3,474,-0.49577057,0.040982902,0.1370842307806015
3,475,-0.45349613,0.042274434,1.1526802778244019
3,476,-0.41141677,0.042079374,0.21789410710334778
3,477,-0.36991486,0.0415019,0.16539670526981354
3,478,-0.3280907,0.041824177,0.9563360214233398
3,479,-0.2875694,0.04052128,0.053851060569286346
3,480,-0.24860665,0.038962744,0.04494914039969444
3,481,-0.20998023,0.038626414,1.0062137842178345
3,482,-0.1731866,0.036793638,0.12491930276155472
3,483,-0.13851856,0.03466805,0.02967110462486744
3,484,-0.10474351,0.03377505,0.9294854402542114
3,485,-0.07293108,0.031812433,0.2766449451446533
3,486,-0.043543242,0.029387837,0.01053630094975233
3,487,-0.01647826,0.027064983,0.10389693826436996
3,488,0.008297954,0.024776213,0.13878415524959564
3,489,0.03076664,0.022468686,0.12779870629310608
3,490,0.050751828,0.01998519,0.003907470498234034
3,491,0.06839718,0.017645353,0.08749471604824066
3,492,0.08373296,0.01533578,0.0919877216219902
3,493,0.098038144,0.014305182,0.9272934198379517
3,494,0.11145068,0.013412533,1.0138053894042969
3,495,0.1225894,0.011138725,0.058499909937381744
3,496,0.13275486,0.0101654595,0.906376302242279
3,497,0.14103322,0.008278354,0.27815553545951843
3,498,0.14773585,0.0067026345,0.4692213535308838
3,499,0.15217814,0.0044422834,-0.0012659578351303935
3,500,0.15442725,0.0022491112,0.033861223608255386
3,501,0.15470687,0.0002796227,0.17799226939678192
3,502,0.15285078,-0.00185609,0.06655078381299973
3,503,0.14982511,-0.0030256636,0.7147747278213501
3,504,0.14566606,-0.004159053,0.7455325126647949
3,505,0.1394237,-0.0062423614,0.12117129564285278
3,506,0.13233773,-0.0070859594,0.9605890512466431
3,507,0.12295753,-0.009380209,0.007533297408372164
3,508,0.11125351,-0.011704017,0.00535185169428587
3,509,0.097823754,-0.013429754,0.42420363426208496
3,510,0.08202778,-0.015795978,0.017926756292581558
3,511,0.06390997,-0.018117804,0.06857234984636307
3,512,0.04338332,-0.020526651,0.03022819012403488
3,513,0.02044513,-0.022938188,0.044879987835884094
3,514,-0.0038290962,-0.024274226,0.7728400826454163
3,515,-0.030607019,-0.026777923,-0.002574316691607237
3,516,-0.058423236,-0.02781622,0.9674482941627502
3,517,-0.08874971,-0.03032647,-0.03236890584230423
3,518,-0.121594645,-0.032844942,-0.07103946059942245
3,519,-0.15690921,-0.035314567,-0.08941435068845749
3,520,-0.19443293,-0.037523724,0.0126264076679945
3,521,-0.23413362,-0.03970068,-0.06022054702043533
3,522,-0.2757607,-0.0416271,-0.012126263231039047
3,523,-0.31920457,-0.043443855,-0.08303821831941605
3,524,-0.36407852,-0.04487395,0.0057256948202848434
3,525,-0.4101211,-0.0460426,-0.011596187949180603
3,526,-0.4570049,-0.046883795,-0.004305955953896046
3,527,-0.50440735,-0.04740245,-0.015011227689683437
3,528,-0.55062747,-0.046220127,0.8841185569763184
3,529,-0.5966009,-0.045973428,0.029469937086105347
3,530,-0.64213413,-0.045533225,-0.06863128393888474
3,531,-0.68693596,-0.044801805,-0.09265168011188507
3,532,-0.73071265,-0.043776672,-0.1009722575545311
3,533,-0.77317977,-0.042467117,-0.09717516601085663
3,534,-0.81410354,-0.04092375,-0.10561731457710266
3,535,-0.8532882,-0.03918464,-0.11610303819179535
3,536,-0.89040583,-0.03711764,-0.014524747617542744
3,537,-0.92530894,-0.034903117,-0.009313637390732765
3,538,-0.95724505,-0.03193613,0.42151281237602234
3,539,-0.98681486,-0.02956981,-0.028800101950764656
3,540,-1.0139618,-0.027146919,-0.024134553968906403
3,541,-1.0387709,-0.024809144,-0.09987308084964752
3,542,-1.0610577,-0.02228674,0.01546874362975359
3,543,-1.0810698,-0.020012109,-0.14880600571632385
3,544,-1.098663,-0.017593097,-0.04539445787668228
3,545,-1.1139269,-0.015263908,-0.09404806792736053
3,546,-1.1268672,-0.012940331,-0.0843309834599495
3,547,-1.1374215,-0.010554301,-0.028601149097085
3,548,-1.1446826,-0.007261102,0.589479923248291
3,549,-1.1495916,-0.0049089137,-0.027772722765803337
3,550,-1.1521547,-0.0025631227,-0.02478834241628647
3,551,-1.1524668,-0.00031207514,-0.08402867615222931
3,552,-1.1504433,0.0020234727,-0.02721119485795498
3,553,-1.1460471,0.0043961895,-0.005545090883970261
3,554,-1.1393116,0.006735529,-0.03435837849974632
3,555,-1.1302575,0.009054036,-0.05776157230138779
3,556,-1.1188328,0.0114246635,-0.03477323055267334
3,557,-1.104901,0.013931891,0.04315757378935814
3,558,-1.088335,0.016565865,0.11422571539878845
3,559,-1.0692567,0.01907833,0.020985929295420647
3,560,-1.0476854,0.021571321,-0.0010237045353278518
3,561,-1.0236961,0.023989294,-0.054683662950992584
3,562,-0.99725974,0.026436318,-0.031176991760730743
3,563,-0.9684528,0.028806953,-0.06757500022649765
3,564,-0.9371971,0.031255715,0.01212991587817669
3,565,-0.90343416,0.033762924,0.09473570436239243
3,566,-0.8659972,0.037436966,0.935314953327179
3,567,-0.8265213,0.039475914,-0.06712055206298828
3,568,-0.783713,0.042808313,0.9070221781730652
3,569,-0.7377092,0.046003785,0.9577755928039551
3,570,-0.68943495,0.048274297,0.5152344703674316
3,571,-0.63846755,0.05096739,1.0559478998184204
3,572,-0.58561504,0.05285251,0.693702220916748
3,573,-0.5308001,0.054814953,1.0340559482574463
3,574,-0.47456533,0.056234784,0.9105510711669922
3,575,-0.41719696,0.057368357,1.0481301546096802
3,576,-0.35911313,0.058083825,1.008765697479248
3,577,-0.30198225,0.057130884,0.1541619896888733
3,578,-0.24492076,0.057061497,0.9819760322570801
3,579,-0.18947837,0.055442385,0.15724343061447144
3,580,-0.13596557,0.053512804,0.11818549036979675
3,581,-0.08351086,0.05245471,0.8245336413383484
3,582,-0.033289485,0.050221376,0.1257450431585312
3,583,0.0144779645,0.04776745,0.022410564124584198
3,584,0.06015504,0.045677077,0.2715141475200653
3,585,0.10487272,0.044717677,1.047323226928711
3,586,0.14781289,0.042940177,0.3998572826385498
3,587,0.18872434,0.040911447,0.1529819667339325
3,588,0.22831453,0.039590187,0.5257609486579895
3,589,0.26746857,0.03915405,1.072927713394165
3,590,0.30498686,0.03751828,0.06778675317764282
3,591,0.34112236,0.036135487,0.09450715780258179
3,592,0.3773834,0.036261044,0.9511944055557251
3,593,0.4127264,0.035342984,0.09581591933965683
3,594,0.44734114,0.034614757,0.05871085077524185
3,595,0.48277888,0.035437733,0.9266209006309509
4,1,-0.49673426,-0.00021225326,-0.0062671019695699215
4,2,-0.49709556,-0.00036130386,0.0348101481795311
4,3,-0.49624908,0.0008464886,0.9375714659690857
4,4,-0.4954276,0.0008214656,0.11991311609745026
4,5,-0.49354497,0.0018826335,0.8481335043907166
4,6,-0.49180266,0.0017423038,0.05651240423321724
4,7,-0.49022105,0.0015816111,0.05161113291978836
4,8,-0.487417,0.00280405,0.9815690517425537
4,9,-0.48487905,0.0025379704,0.00316738523542881
4,10,-0.4812775,0.003601564,0.9022260308265686
4,11,-0.4778277,0.0034497986,0.1098613366484642
4,12,-0.47467434,0.003153353,0.030506541952490807
4,13,-0.47187063,0.0028037147,0.010652630589902401
4,14,-0.4680223,0.0038483564,0.9540316462516785
4,15,-0.4644617,0.0035605843,0.08474865555763245
4,16,-0.4599887,0.0044729887,0.9024062156677246
4,17,-0.45596457,0.004024151,0.016898082569241524
4,18,-0.4523049,0.0036596605,0.09286192804574966
4,19,-0.4490601,0.0032447977,0.07718256860971451
4,20,-0.44628784,0.0027722863,0.0545874647796154
4,21,-0.44394308,0.002344745,0.09807080775499344
4,22,-0.4407257,0.0032173605,0.9762423038482666
4,23,-0.4380556,0.0026701035,0.04527164623141289
4,24,-0.4359736,0.0020819937,0.03096330538392067
4,25,-0.4330584,0.0029152178,0.9885799288749695
4,26,-0.4308092,0.0022492174,0.0031554833985865116
4,27,-0.42813328,0.002675934,0.7424569725990295
4,28,-0.42592403,0.0022092352,0.15969637036323547
4,29,-0.42439598,0.0015280588,0.027297168970108032
4,30,-0.42299274,0.0014032293,0.40550461411476135
4,31,-0.42227212,0.00072063477,0.04036468639969826
4,32,-0.42225412,1.8011628e-05,0.030451366677880287
4,33,-0.42164606,0.0006080486,0.892310619354248
4,34,-0.42174307,-9.701971e-05,0.03180715814232826
4,35,-0.4223278,-0.0005847113,0.17626237869262695
4,36,-0.42357752,-0.0012497185,0.05526311695575714
4,37,-0.4255224,-0.0019448835,0.029191866517066956
4,38,-0.42811444,-0.002592063,0.051884036511182785
4,39,-0.4308747,-0.0027602708,0.3587806820869446
4,40,-0.43423486,-0.0033601634,0.05773596838116646
4,41,-0.43752465,-0.003289785,0.4884052872657776
4,42,-0.44138083,-0.0038561872,0.04800229147076607
4,43,-0.44581413,-0.0044333003,0.02219199761748314
4,44,-0.4508438,-0.005029681,-0.012184015475213528
4,45,-0.45586583,-0.0050220336,0.3659917414188385
4,46,-0.4600087,-0.004142889,0.9224355816841125
4,47,-0.46454978,-0.004541055,0.05058130994439125
4,48,-0.4694727,-0.0049229343,0.03911678120493889
4,49,-0.473683,-0.0042103007,0.7445316910743713
4,50,-0.47824374,-0.004560739,0.015021678991615772
4,51,-0.48172793,-0.0034841832,0.9437798261642456
4,52,-0.48542663,-0.0036987038,0.06579045951366425
4,53,-0.48935065,-0.0039240154,0.04023599624633789
4,54,-0.49339855,-0.0040478883,0.08835767954587936
4,55,-0.4976295,-0.0042309375,0.02876199223101139
4,56,-0.502046,-0.00441647,0.006026852410286665
4,57,-0.5064312,-0.0043852106,0.12852829694747925
4,58,-0.5109522,-0.0045209434,-0.004688644781708717
4,59,-0.51557374,-0.004621537,-0.0038444031961262226
4,60,-0.5202963,-0.00472251,-0.02719409391283989
4,61,-0.5239335,-0.0036371858,0.7400616407394409
4,62,-0.52751553,-0.0035820578,0.03507848083972931
4,63,-0.5308695,-0.003353961,0.1324811726808548
4,64,-0.53422046,-0.0033509545,-0.03434629738330841
4,65,-0.53739977,-0.0031792822,0.06134874001145363
4,66,-0.5405255,-0.0031257006,-0.0332641676068306
4,67,-0.5435326,-0.0030071102,-0.005536891054362059
4,68,-0.5462733,-0.0027406649,0.07802052050828934
4,69,-0.54878354,-0.0025102426,0.04032963141798973
4,70,-0.5508225,-0.0020389317,0.18840323388576508
4,71,-0.55131996,-0.0004974425,0.8916921615600586
4,72,-0.55154675,-0.00022679953,0.04198245704174042
4,73,-0.5515996,-5.2889336e-05,-0.023636087775230408
4,74,-0.5502712,0.0013284147,0.7810297012329102
4,75,-0.54745865,0.002812589,0.8562297224998474
4,76,-0.544266,0.0031926434,0.13417212665081024
4,77,-0.5408637,0.003402278,0.03648659586906433
4,78,-0.53730977,0.0035538997,0.01479505468159914
4,79,-0.533297,0.004012782,0.23738597333431244
4,80,-0.52921236,0.00408466,-0.0005655658897012472
4,81,-0.52494615,0.0042661964,0.09295746684074402
4,82,-0.52060384,0.0043423083,0.044004473835229874
4,83,-0.5149807,0.005623174,0.868884801864624
4,84,-0.5093306,0.0056500807,0.06102360039949417
4,85,-0.50374645,0.0055841054,0.027335524559020996
4,86,-0.49823993,0.0055065076,0.04747120663523674
4,87,-0.4914573,0.0067826277,0.9774187803268433
4,88,-0.48485312,0.006604185,0.041496410965919495
4,89,-0.47815332,0.0066997968,0.2570335268974304
4,90,-0.47170895,0.006444366,0.05623690411448479
4,91,-0.46475968,0.0069492776,0.5950101017951965
4,92,-0.45815125,0.0066084317,0.065439373254776
4,93,-0.45181647,0.0063347896,0.14271092414855957
4,94,-0.4459387,0.0058777747,0.05146734416484833
4,95,-0.44057116,0.005367557,0.04465203359723091
4,96,-0.43576112,0.004810037,0.03917858004570007
4,97,-0.43018818,0.0055729575,0.9427367448806763
4,98,-0.4252304,0.004957763,0.05083433911204338
4,99,-0.42086664,0.004363785,0.08874856680631638
4,100,-0.41713682,0.003729807,0.08291547000408173
4,101,-0.41414872,0.002988115,0.028844499960541725
4,102,-0.41187438,0.0022743342,0.06161578744649887
4,103,-0.409119,0.002755359,0.8689044117927551
4,104,-0.40583536,0.003283649,0.9134058356285095
4,105,-0.40337065,0.0024646984,0.030677393078804016
4,106,-0.40177965,0.0015909943,0.005721739958971739
4,107,-0.40106073,0.00071892823,0.014250100590288639
4,108,-0.39997444,0.0010863037,0.8439003229141235
4,109,-0.3995438,0.00043063593,0.16693685948848724
4,110,-0.4000548,-0.0005110196,-0.021715329959988594
4,111,-0.40138316,-0.0013283497,0.05878741666674614
4,112,-0.40357295,-0.002189783,0.02318974770605564
4,113,-0.40526325,-0.001690296,0.9202358722686768
4,114,-0.40646246,-0.0011992223,0.9067100286483765
4,115,-0.40754828,-0.0010858054,0.6493129730224609
4,116,-0.40938628,-0.0018380041,0.06713545322418213
4,117,-0.41197377,-0.0025874863,0.06029919534921646
4,118,-0.4153754,-0.0034016443,0.004979857709258795
4,119,-0.41957676,-0.0042013484,-0.0014758656034246087
4,120,-0.42459103,-0.00501426,-0.030231690034270287
4,121,-0.42890042,-0.0043093883,0.9577059745788574
4,122,-0.43303233,-0.0041319104,0.5854668021202087
4,123,-0.43638313,-0.0033507915,0.9680272936820984
4,124,-0.44020894,-0.003825813,0.11443863064050674
4,125,-0.44472262,-0.0045136875,-0.0459694042801857
4,126,-0.4497306,-0.0050079906,0.0611751563847065
4,127,-0.45518255,-0.005451953,0.07035049796104431
4,128,-0.46108,-0.005897452,0.04268502816557884
4,129,-0.46732903,-0.0062490134,0.07639002799987793
4,130,-0.47393525,-0.0066062077,0.04188481718301773
4,131,-0.48093206,-0.0069968053,-0.012998361140489578
4,132,-0.48825067,-0.007318613,-0.0017871602904051542
4,133,-0.4957956,-0.00754493,0.025531336665153503
4,134,-0.5035337,-0.0077381176,0.01006289478391409
4,135,-0.51133204,-0.0077983066,0.060138631612062454
4,136,-0.5178189,-0.0064868866,0.9355998039245605
4,137,-0.52434886,-0.0065299314,0.00020138747640885413
4,138,-0.5308245,-0.006475635,0.03244733437895775
4,139,-0.53731805,-0.00649357,-0.04808247089385986
4,140,-0.54360074,-0.006282685,0.07201308757066727
4,141,-0.5497289,-0.0061281533,0.003071205923333764
4,142,-0.554409,-0.0046801763,0.8348013162612915
4,143,-0.55748034,-0.0030712837,0.9187630414962769
4,144,-0.55892,-0.0014396958,0.9186090230941772
4,145,-0.5599952,-0.0010751192,0.06677508354187012
4,146,-0.5608052,-0.0008100222,-0.004889210220426321
4,147,-0.56130546,-0.0005002415,0.020874351263046265
4,148,-0.5615125,-0.00020698116,0.007375303655862808
4,149,-0.5612909,0.00022152178,0.09650863707065582
4,150,-0.560783,0.0005079145,0.0028691187035292387
4,151,-0.5599605,0.0008225166,0.02419884316623211
4,152,-0.5589515,0.0010089796,-0.057139478623867035
4,153,-0.5576381,0.0013134007,0.026514995843172073
4,154,-0.5559929,0.0016452069,0.05130317434668541
4,155,-0.5540388,0.0019540768,0.04419741779565811
4,156,-0.5519003,0.0021385152,-0.029029877856373787
4,157,-0.54945165,0.0024486522,0.06542012095451355
4,158,-0.54679364,0.0026580258,0.010447598993778229
4,159,-0.5424653,0.00432833,0.9976555109024048
4,160,-0.53676677,0.0056985673,0.8192089200019836
4,161,-0.5308563,0.00591043,0.0754191055893898
4,162,-0.52479905,0.0060572703,0.061608605086803436
4,163,-0.5172328,0.0075662723,1.0269159078598022
4,164,-0.5095959,0.0076369136,0.07892224937677383
4,165,-0.50066257,0.008933287,0.9342429041862488
4,166,-0.49062377,0.010038799,0.8515985608100891
4,167,-0.47937158,0.011252193,0.9735353589057922
4,168,-0.46695012,0.012421461,1.0157182216644287
4,169,-0.45477545,0.012174668,0.11735318601131439
4,170,-0.44298816,0.0117873065,0.08343581110239029
4,171,-0.4303928,0.012595369,0.9378442764282227
4,172,-0.41814104,0.01225177,0.2309148758649826
4,173,-0.40652794,0.011613115,0.09276606142520905
4,174,-0.3957165,0.010811444,0.038947511464357376
4,175,-0.3851136,0.010602905,0.4848152697086334
4,176,-0.3754767,0.00963691,0.028680773451924324
4,177,-0.36683476,0.008641916,0.053147438913583755
4,178,-0.3592655,0.007569255,0.040136683732271194
4,179,-0.35284555,0.006419971,0.02259521745145321
4,180,-0.34718913,0.0056564156,0.3078765273094177
4,181,-0.34268364,0.0045054737,0.07415201514959335
4,182,-0.3394416,0.0032420596,0.018538590520620346
4,183,-0.33758923,0.0018523685,-0.051806312054395676
4,184,-0.33703595,0.0005532877,0.016471000388264656
4,185,-0.33746627,-0.00043031794,0.22913327813148499
4,186,-0.3378808,-0.00041451145,0.8935840129852295
4,187,-0.33959866,-0.0017178794,0.012375861406326294
4,188,-0.34121048,-0.0016118259,0.9446882605552673
4,189,-0.3441051,-0.0028946039,0.01192818209528923
4,190,-0.34831902,-0.0042139324,-0.024831511080265045
4,191,-0.35378906,-0.0054700393,-0.000839412969071418
4,192,-0.3604347,-0.00664565,0.029057802632451057
4,193,-0.36822754,-0.007792817,0.01885174959897995
4,194,-0.37716126,-0.008933723,-0.011573760770261288
4,195,-0.38720098,-0.010039725,-0.028472766280174255
4,196,-0.3982815,-0.0110805305,-0.030754420906305313
4,197,-0.41014594,-0.011864432,0.08932864665985107
4,198,-0.42278618,-0.012640224,0.039180390536785126
4,199,-0.43615848,-0.013372312,0.00835480447858572
4,200,-0.44940093,-0.013242461,0.5187721848487854
4,201,-0.46193355,-0.0125326095,0.8411673307418823
4,202,-0.47376138,-0.011827831,0.776422917842865
4,203,-0.48571616,-0.011954788,0.16362157464027405
4,204,-0.49788317,-0.012167,0.047530610114336014
4,205,-0.51024777,-0.012364572,-0.003264117054641247
4,206,-0.5225157,-0.012267948,0.13115274906158447
4,207,-0.5339755,-0.011459764,0.544204592704773
4,208,-0.54532117,-0.011345704,0.024164840579032898
4,209,-0.5555519,-0.010230696,0.6348037123680115
4,210,-0.56556284,-0.010010951,-0.013024475425481796
4,211,-0.57522446,-0.009661639,0.023607950657606125
4,212,-0.583152,-0.007927508,0.8989896774291992
4,213,-0.59070843,-0.0075564566,-0.048816852271556854
4,214,-0.5977314,-0.007022987,0.022360259667038918
4,215,-0.6042754,-0.0065439907,-0.048284322023391724
4,216,-0.6102273,-0.005951889,-0.004721939563751221
4,217,-0.6154376,-0.005210333,0.06608724594116211
4,218,-0.6198917,-0.004454055,0.050778720527887344
4,219,-0.62366635,-0.0037746192,-0.021839037537574768
4,220,-0.6266131,-0.00294673,0.05906962603330612
4,221,-0.6288539,-0.0022408646,-0.03633473068475723
4,222,-0.63035405,-0.0015001282,-0.023749297484755516
4,223,-0.631051,-0.0006969391,0.010761262848973274
4,224,-0.6308212,0.00022975693,0.08979281038045883
4,225,-0.62978345,0.0010377985,0.01177960354834795
4,226,-0.62797433,0.0018091275,-0.007770054508000612
4,227,-0.6253808,0.0025935217,0.009538127109408379
4,228,-0.62205887,0.003321967,-0.015408526174724102
4,229,-0.61789715,0.004161719,0.07466185092926025
4,230,-0.61298144,0.004915703,0.03742764890193939
4,231,-0.60606015,0.0069212965,0.8954853415489197
4,232,-0.59853154,0.0075285807,-0.003258175915107131
4,233,-0.5903788,0.008152695,0.04455998167395592
4,234,-0.58162814,0.0087507,0.06699872761964798
4,235,-0.57238746,0.009240706,0.03798738867044449
4,236,-0.5627702,0.00961728,0.007975772954523563
4,237,-0.55156803,0.011202166,0.8611841201782227
4,238,-0.5396934,0.011874633,0.3086291253566742
4,239,-0.52762103,0.0120723685,0.051381729543209076
4,240,-0.51548487,0.012136158,0.022414958104491234
4,241,-0.5020245,0.013460419,0.9234067797660828
4,242,-0.48725146,0.014773013,0.9828588962554932
4,243,-0.4717567,0.015494757,0.6625394821166992
4,244,-0.45655718,0.0151995085,0.061334025114774704
4,245,-0.44181645,0.014740749,0.027113262563943863
4,246,-0.4261979,0.015618573,0.9900374412536621
4,247,-0.40983382,0.016364075,0.977104902267456
4,248,-0.3942003,0.015633514,0.07080541551113129
4,249,-0.37943393,0.014766362,0.052762892097234726
4,250,-0.36571854,0.0137153985,-0.002080532955005765
4,251,-0.35301176,0.012706793,0.08781147748231888
4,252,-0.34035307,0.012658693,0.7841222882270813
4,253,-0.3275814,0.012771659,0.946082353591919
4,254,-0.31612122,0.0114601785,0.05024878680706024
4,255,-0.3058977,0.0102235,0.1472369134426117
4,256,-0.2971279,0.008769821,0.04363726079463959
4,257,-0.28963575,0.007492153,0.1954481154680252
4,258,-0.28369895,0.0059367926,0.039195384830236435
4,259,-0.27939215,0.0043067927,0.011931193061172962
4,260,-0.27673173,0.0026604314,0.01712515950202942
4,261,-0.27562517,0.0011065685,0.08864419907331467
4,262,-0.2762439,-0.00061871315,-0.02155756950378418
4,263,-0.27846858,-0.0022246852,0.05570391193032265
4,264,-0.28242934,-0.0039607715,-0.039262805134058
4,265,-0.2880659,-0.005636571,-0.013835921883583069
4,266,-0.29527012,-0.007204196,0.037000928074121475
4,267,-0.3040581,-0.008787995,-0.001429098192602396
4,268,-0.31433728,-0.010279174,0.025926779955625534
4,269,-0.3251242,-0.010786928,0.6404189467430115
4,270,-0.33733365,-0.012209445,-0.013578558340668678
4,271,-0.35081854,-0.013484898,0.033306851983070374
4,272,-0.3655573,-0.014738781,-0.010189803317189217
4,273,-0.38148227,-0.015924953,-0.029848890379071236
4,274,-0.3984261,-0.016943824,0.01000232808291912
4,275,-0.41626313,-0.017837035,0.015783848240971565
4,276,-0.4347273,-0.01846418,0.10935481637716293
4,277,-0.4537848,-0.019057477,0.04358020797371864
4,278,-0.47335088,-0.019566078,0.007455757819116116
4,279,-0.4931918,-0.019840935,0.06705065816640854
4,280,-0.5132618,-0.02007001,-0.000893049465958029
4,281,-0.53344446,-0.020182682,-0.023437341675162315
4,282,-0.5535797,-0.020135235,-0.017589418217539787
4,283,-0.57345545,-0.019875739,0.023294661194086075
4,284,-0.59298265,-0.019527202,-0.015997879207134247
4,285,-0.61092454,-0.017941913,0.7124406695365906
4,286,-0.6282253,-0.017300794,-0.0042390888556838036
4,287,-0.6447943,-0.016568957,-0.02669423818588257
4,288,-0.66042423,-0.015629938,0.03329877182841301
4,289,-0.6750788,-0.014654603,-0.01485376339405775
4,290,-0.68859726,-0.013518452,0.0258350633084774
4,291,-0.70088565,-0.0122884065,0.028317345306277275
4,292,-0.71185905,-0.0109734,0.03144122287631035
4,293,-0.7213605,-0.009501486,0.08922495692968369
4,294,-0.72942656,-0.008066058,0.025139199569821358
4,295,-0.73607665,-0.0066500874,-0.02099462039768696
4,296,-0.7411898,-0.0051131463,0.032735683023929596
4,297,-0.7447878,-0.0035980055,-0.002225470496341586
4,298,-0.7458074,-0.0010196238,0.6923695802688599
4,299,-0.7452796,0.0005277801,0.0010396785801276565
4,300,-0.7432178,0.002061763,-0.005832278169691563
4,301,-0.73964727,0.0035705683,-0.014485926367342472
4,302,-0.73446476,0.005182491,0.068433478474617
4,303,-0.727746,0.006718768,0.03878122940659523
4,304,-0.7195437,0.008202311,0.03091699257493019
4,305,-0.7088631,0.010680625,0.7279418706893921
4,306,-0.6967382,0.012124873,0.08346977829933167
4,307,-0.68333155,0.013406628,0.027211682870984077
4,308,-0.66868347,0.0146480575,0.059173326939344406
4,309,-0.6523012,0.016382307,0.45343145728111267
4,310,-0.6336819,0.018619273,0.8636689186096191
4,311,-0.6129266,0.02075528,0.8835393190383911
4,312,-0.5914087,0.02151789,0.06709440797567368
4,313,-0.56923324,0.022175485,0.10168151557445526
4,314,-0.5466576,0.022575596,0.03928035870194435
4,315,-0.5237956,0.02286199,0.07572656869888306
4,316,-0.5008233,0.0229723,0.07255714386701584
4,317,-0.47796965,0.022853669,0.034700408577919006
4,318,-0.45511147,0.022858158,0.23042650520801544
4,319,-0.43126336,0.023848109,1.0057520866394043
4,320,-0.40660405,0.024659293,0.9965847730636597
4,321,-0.38274246,0.023861581,0.0412287637591362
4,322,-0.35974094,0.023001535,0.1101432591676712
4,323,-0.33651227,0.023228668,0.9381117224693298
4,324,-0.31311423,0.023398036,1.0063557624816895
4,325,-0.29089013,0.022224095,0.20123741030693054
4,326,-0.27005664,0.020833485,0.14423231780529022
4,327,-0.25088516,0.019171476,0.04095277562737465
4,328,-0.23352587,0.017359287,0.008333456702530384
4,329,-0.21667112,0.016854746,0.9377560019493103
4,330,-0.20175864,0.01491249,0.031955037266016006
4,331,-0.18884125,0.012917377,0.040500082075595856
4,332,-0.17794034,0.010900915,0.0619780458509922
4,333,-0.16921018,0.008730157,-0.01238989643752575
4,334,-0.16251755,0.006692636,0.09815024584531784
4,335,-0.15720496,0.0053125955,0.5524432063102722
4,336,-0.1540148,0.0031901617,0.06977034360170364
4,337,-0.15194033,0.0020744628,0.7481058239936829
4,338,-0.15074234,0.0011979969,0.912189245223999
4,339,-0.1517427,-0.0010003633,0.03355352208018303
4,340,-0.1549143,-0.0031716074,0.049438562244176865
4,341,-0.1602412,-0.0053268983,0.0530342198908329
4,342,-0.16777378,-0.0075325854,0.007309439592063427
4,343,-0.17764081,-0.009867033,-0.09632261097431183
4,344,-0.18956932,-0.011928509,0.06122598797082901
4,345,-0.20355903,-0.013989707,0.030196573585271835
4,346,-0.21957378,-0.016014751,0.015404407866299152
4,347,-0.2375127,-0.017938918,0.0351819209754467
4,348,-0.25725573,-0.019743038,0.05842790752649307
4,349,-0.27870145,-0.021445727,0.05934030935168266
4,350,-0.30175915,-0.023057692,0.04262111335992813
4,351,-0.32631287,-0.024553725,0.031756751239299774
4,352,-0.35228816,-0.025975283,-0.017865454778075218
4,353,-0.3795094,-0.027221246,-0.011299408972263336
4,354,-0.40781894,-0.028309565,-0.02732771635055542
4,355,-0.43692756,-0.02910862,0.0346260741353035
4,356,-0.4665922,-0.029664636,0.057811908423900604
4,357,-0.49662694,-0.030034756,0.036898173391819
4,358,-0.5254905,-0.028863603,0.9154811501502991
4,359,-0.55438584,-0.028895332,-0.03061067685484886
4,360,-0.58303523,-0.028649384,0.010248562321066856
4,361,-0.6112423,-0.028207067,-0.0007322789169847965
4,362,-0.6388797,-0.027637409,-0.053413987159729004
4,363,-0.6656574,-0.026777705,0.008152443915605545
4,364,-0.6907192,-0.025061786,0.45495954155921936
4,365,-0.71457964,-0.023860443,-0.00013747841876465827
4,366,-0.73708516,-0.022505507,-0.00022138551867101341
4,367,-0.7582413,-0.021156121,-0.09634906053543091
4,368,-0.77784383,-0.01960254,-0.04297415167093277
4,369,-0.79568064,-0.017836817,0.025646956637501717
4,370,-0.81169164,-0.016010972,0.0029304774943739176
4,371,-0.8258202,-0.014128571,-0.01277832593768835
4,372,-0.8380203,-0.012200108,-0.026777802035212517
4,373,-0.8482396,-0.010219278,-0.02857845649123192
4,374,-0.85641533,-0.008175725,-0.016126280650496483
4,375,-0.86256874,-0.0061534033,-0.05283919721841812
4,376,-0.86659104,-0.004022273,0.003275809809565544
4,377,-0.86852235,-0.0019312847,-0.03396087512373924
4,378,-0.86837786,0.0001444538,-0.04908314347267151
4,379,-0.86604047,0.0023374094,0.029430722817778587
4,380,-0.8615397,0.0045007453,0.01569248177111149
4,381,-0.85445046,0.007089282,0.3109261989593506
4,382,-0.84523743,0.00921305,0.020136874169111252
4,383,-0.83262086,0.012616596,0.899029016494751
4,384,-0.817976,0.014644883,0.019086474552750587
4,385,-0.80125743,0.016718565,0.09457007795572281
4,386,-0.78140694,0.019850494,0.8547260761260986
4,387,-0.7597812,0.021625752,0.01918930374085903
4,388,-0.7364465,0.023334667,0.05472484230995178
4,389,-0.71151614,0.024930334,0.07040052115917206
4,390,-0.68377835,0.027737817,0.9810532331466675
4,391,-0.65472376,0.029054597,0.10742489248514175
4,392,-0.6244891,0.030234614,0.14783208072185516
4,393,-0.5920398,0.0324493,0.9796726703643799
4,394,-0.5576674,0.034372434,0.942283570766449
4,395,-0.5229766,0.034690775,0.042181722819805145
4,396,-0.48679048,0.03618611,1.00663423538208
4,397,-0.45061302,0.03617747,0.1779080182313919
4,398,-0.41347858,0.037134442,1.0965522527694702
4,399,-0.37598556,0.037493005,0.7796825766563416
4,400,-0.33886644,0.03711911,0.4649151861667633
4,401,-0.30169308,0.037173364,0.9132708311080933
4,402,-0.26578802,0.03590507,0.18384188413619995
4,403,-0.23156562,0.034222387,0.04253662750124931
4,404,-0.1991349,0.032430723,0.08597012609243393
4,405,-0.16835175,0.03078315,0.2796148359775543
4,406,-0.13836385,0.029987898,0.9284116625785828
4,407,-0.11067017,0.027693685,-0.00434332387521863
4,408,-0.08401205,0.026658125,0.8852748274803162
4,409,-0.059722744,0.024289304,0.03479696810245514
4,410,-0.03773746,0.021985285,0.10397473722696304
4,411,-0.016989466,0.020747993,0.8311365842819214
4,412,0.0021140436,0.01910351,0.5681798458099365
4,413,0.01862662,0.016512575,-0.06065730005502701
4,414,0.0336022,0.014975581,0.6394029259681702
4,415,0.04622635,0.012624147,0.09058306366205215
4,416,0.057818014,0.011591664,0.9623432755470276
4,417,0.06698524,0.009167228,0.025367284193634987
4,418,0.07496613,0.007980888,0.8422336578369141
4,419,0.08121491,0.006248783,0.46995797753334045
4,420,0.08515804,0.003943134,0.08034268766641617
4,421,0.08694627,0.0017882258,0.17596717178821564
4,422,0.087714754,0.0007684861,0.9304634928703308
4,423,0.086122915,-0.0015918396,0.035744283348321915
4,424,0.08216353,-0.0039593857,0.03298277407884598
4,425,0.077182695,-0.0049808286,0.9353290796279907
4,426,0.069808125,-0.00737457,0.026359649375081062
4,427,0.060042787,-0.009765337,0.03640615940093994
4,428,0.047877595,-0.012165193,0.0397968553006649
4,429,0.03317284,-0.0147047555,-0.043537016957998276
4,430,0.016033076,-0.017139763,0.035081975162029266
4,431,-0.0035762563,-0.019609332,0.018359428271651268
4,432,-0.025625434,-0.022049177,0.04000680893659592
4,433,-0.050070483,-0.024445048,0.06449711322784424
4,434,-0.076976515,-0.026906034,0.007241406012326479
4,435,-0.10629653,-0.02932002,0.013099719770252705
4,436,-0.13797088,-0.031674344,0.013091770000755787
4,437,-0.17185915,-0.03388826,0.049979761242866516
4,438,-0.20791279,-0.036053643,0.006426416337490082
4,439,-0.24594958,-0.03803679,0.030735693871974945
4,440,-0.28583926,-0.03988968,-0.0020636271219700575
4,441,-0.32740334,-0.041564085,-0.025743799284100533
4,442,-0.37031165,-0.042908315,0.029155118390917778
4,443,-0.4143295,-0.044017844,2.0286901417421177e-05
4,444,-0.45808694,-0.04375744,0.7102185487747192
4,445,-0.50235605,-0.044269107,-0.01565760187804699
4,446,-0.54685557,-0.044499505,-0.04745679721236229
4,447,-0.5913167,-0.044461105,-0.09058833867311478
4,448,-0.6352551,-0.043938395,0.012207506224513054
4,449,-0.6784852,-0.043230142,-0.07573163509368896
4,450,-0.72061163,-0.042126443,-0.011065516620874405
4,451,-0.76141256,-0.040800955,-0.04504776746034622
4,452,-0.80059916,-0.039186597,-0.014493909664452076
4,453,-0.8379891,-0.03738992,-0.033225372433662415
4,454,-0.87332994,-0.035340827,0.017020095139741898
4,455,-0.9065841,-0.03325416,-0.05392681062221527
4,456,-0.9376414,-0.031057319,-0.05600012093782425
4,457,-0.96637565,-0.028734269,-0.02875444106757641
4,458,-0.9927027,-0.026327096,-0.013133023865520954
4,459,-1.016642,-0.023939228,-0.05253173038363457
4,460,-1.0381955,-0.021553513,-0.06919200718402863
4,461,-1.0573215,-0.01912606,-0.047756295651197433
4,462,-1.0741535,-0.016831975,-0.13650810718536377
4,463,-1.0886469,-0.014493382,-0.10215716063976288
4,464,-1.100716,-0.01206908,-0.037596799433231354
4,465,-1.1103901,-0.009674058,-0.04854995012283325
4,466,-1.1176915,-0.0073014237,-0.05505009740591049
4,467,-1.1225865,-0.0048949714,-0.025233212858438492
4,468,-1.1250874,-0.0025008738,-0.028156857937574387
4,469,-1.1252623,-0.00017491002,-0.07072964310646057
4,470,-1.1231487,0.0021135875,-0.09550439566373825
4,471,-1.1187414,0.0044072703,-0.0944674089550972
4,472,-1.11158,0.0071614236,0.20767709612846375
4,473,-1.1019807,0.009599315,-0.010413833893835545
4,474,-1.0899011,0.012079582,0.009302949532866478
4,475,-1.075328,0.014573045,0.009300610050559044
4,476,-1.0582414,0.01708667,0.015014383010566235
4,477,-1.0386082,0.019633189,0.03192790225148201
4,478,-1.0165159,0.022092387,-0.02664771117269993
4,479,-0.9919158,0.024600036,0.012154977768659592
4,480,-0.9648323,0.027083512,0.011852365918457508
4,481,-0.9347893,0.030042987,0.3569382429122925
4,482,-0.90237284,0.032416463,0.009522924199700356
4,483,-0.867631,0.034741815,0.038416050374507904
4,484,-0.8304376,0.037193403,0.2037641853094101
4,485,-0.79072756,0.039710034,0.3512306213378906
4,486,-0.7490793,0.041648246,0.09493912011384964
4,487,-0.7058918,0.043187495,-0.017205096781253815
4,488,-0.66005266,0.04583914,0.9010564684867859
4,489,-0.61305714,0.04699554,0.10756193101406097
4,490,-0.5640598,0.04899734,0.8925909399986267
4,491,-0.51325977,0.05080005,1.0470383167266846
4,492,-0.46189624,0.05136354,0.42734408378601074
4,493,-0.40949282,0.05240341,1.0142571926116943
4,494,-0.35644445,0.053048376,0.9894306659698486
4,495,-0.30309784,0.053346604,1.0962103605270386
4,496,-0.2498778,0.053220052,0.9394707083702087
4,497,-0.19756377,0.05231402,0.6158775687217712
4,498,-0.14717622,0.050387543,0.09808213263750076
4,499,-0.09768953,0.049486693,0.9062657952308655
4,500,-0.050482433,0.0472071,0.07587410509586334
4,501,-0.0043162573,0.046166178,0.953641414642334
4,502,0.04085013,0.04516639,1.0223689079284668
4,503,0.08453384,0.04368371,0.6657150387763977
4,504,0.12729752,0.042763673,1.0587904453277588
4,505,0.16778043,0.040482905,0.026089942082762718
4,506,0.20626013,0.038479708,0.12449505180120468
4,507,0.24411228,0.03785215,0.939271867275238
4,508,0.28036538,0.036253083,0.17331328988075256
4,509,0.3150666,0.03470123,0.07650591433048248
4,510,0.34972402,0.034657415,0.9467601776123047
4,511,0.38341928,0.033695262,0.1890464574098587
4,512,0.41686195,0.03344268,0.512033224105835
4,513,0.45095548,0.03409353,0.9585096836090088
5,1,-0.5431376,0.00026897588,0.08033659309148788
5,2,-0.5413826,0.001754995,0.8930411338806152
5,3,-0.53946674,0.0019158432,0.018355151638388634
5,4,-0.5373584,0.0021083278,0.04901314899325371
5,5,-0.53386694,0.0034914864,0.853327214717865
5,6,-0.5302412,0.003625764,0.0381857194006443
5,7,-0.52651423,0.00372696,0.03425402566790581
5,8,-0.52139294,0.0051212916,0.9149772524833679
5,9,-0.51621383,0.0051791114,0.04957565292716026
5,10,-0.51033056,0.005883254,0.5063501596450806
5,11,-0.5044356,0.005894986,0.07414475828409195
5,12,-0.49858525,0.005850352,0.06600690633058548
5,13,-0.49157438,0.0070108725,0.8986307382583618
5,14,-0.4833239,0.008250478,0.9862795472145081
5,15,-0.47539675,0.0079271635,-0.014657966792583466
5,16,-0.4664646,0.008932151,0.9101629257202148
5,17,-0.45799366,0.008470958,-0.023187700659036636
5,18,-0.44990897,0.008084672,0.06838764995336533
5,19,-0.4409223,0.008986683,0.9667959213256836
5,20,-0.4323908,0.008531472,0.10568274557590485
5,21,-0.4245245,0.007866314,0.0069318194873631
5,22,-0.41701972,0.0075047477,0.24706606566905975
5,23,-0.41030607,0.006713654,-0.0035342425107955933
5,24,-0.40435097,0.0059550954,0.049914706498384476
5,25,-0.39797112,0.0063798563,0.8667762279510498
5,26,-0.39194337,0.0060277646,0.37864553928375244
5,27,-0.38628042,0.0056629414,0.39807963371276855
5,28,-0.38159546,0.0046849637,0.01535078976303339
5,29,-0.37652507,0.0050703865,0.9456830620765686
5,30,-0.37103558,0.0054895123,0.9911571741104126
5,31,-0.36518762,0.0058479556,0.975423276424408
5,32,-0.3590612,0.0061264005,0.9482068419456482
5,33,-0.35270452,0.0063566878,0.9432087540626526
5,34,-0.34627247,0.006432066,0.8677804470062256
5,35,-0.34106883,0.005203646,0.026452861726284027
5,36,-0.33711705,0.0039517838,0.03314342722296715
5,37,-0.33437228,0.0027447743,0.07985372841358185
5,38,-0.3329608,0.001411481,0.007265998981893063
5,39,-0.33279097,0.00016983686,0.0743078738451004
5,40,-0.33261588,0.0001750841,0.9062827229499817
5,41,-0.3327181,-0.000102207465,0.7186592817306519
5,42,-0.3332238,-0.0005056889,0.6341031789779663
5,43,-0.33380467,-0.0005808733,0.850841760635376
5,44,-0.33460295,-0.00079829706,0.7535706758499146
5,45,-0.33664274,-0.0020397962,0.06748956441879272
5,46,-0.3399955,-0.0033527678,0.011221522465348244
5,47,-0.34328198,-0.003286486,0.9164835214614868
5,48,-0.34782445,-0.0045424574,0.02093716524541378
5,49,-0.35224923,-0.004424789,0.9171484708786011
5,50,-0.3578346,-0.0055853776,0.04578544944524765
5,51,-0.36426157,-0.0064269495,0.2340315729379654
5,52,-0.37180734,-0.007545775,0.020807495340704918
5,53,-0.38036653,-0.008559201,0.05738017335534096
5,54,-0.38988706,-0.009520519,0.05344652384519577
5,55,-0.3989732,-0.009086137,0.9403604865074158
5,56,-0.40893292,-0.009959716,0.02632545493543148
5,57,-0.41962048,-0.010687545,0.07686933875083923
5,58,-0.43102047,-0.011399977,0.03654671460390091
5,59,-0.44167924,-0.010658779,0.9510951638221741
5,60,-0.45298553,-0.011306289,-0.02618594467639923
5,61,-0.46474385,-0.0117583135,0.049081798642873764
5,62,-0.47553316,-0.010789316,0.9387462735176086
5,63,-0.4866814,-0.011148231,0.00021949864458292723
5,64,-0.4981731,-0.011491695,-0.044766321778297424
5,65,-0.50986826,-0.011695192,-0.008659233339130878
5,66,-0.5205151,-0.0106468275,0.7675430774688721
5,67,-0.53116125,-0.010646187,0.015845367684960365
5,68,-0.5417344,-0.010573163,0.010873665101826191
5,69,-0.552216,-0.010481594,-0.029587622731924057
5,70,-0.562462,-0.010245989,0.014159508049488068
5,71,-0.5711802,-0.008718252,0.824614942073822
5,72,-0.5782253,-0.007045104,0.8783317804336548
5,73,-0.5848729,-0.0066475924,-0.0069038704968988895
5,74,-0.59109145,-0.0062185326,-0.01860808953642845
5,75,-0.59677035,-0.0056788772,0.02460794523358345
5,76,-0.6019133,-0.0051428997,-0.0056083919480443
5,77,-0.6063745,-0.0044612098,0.06647980213165283
5,78,-0.6102309,-0.0038564403,-0.006458355579525232
5,79,-0.61338645,-0.0031555097,0.0389862135052681
5,80,-0.61588085,-0.0024944008,-0.002789885038509965
5,81,-0.61764455,-0.0017636884,0.03160277381539345
5,82,-0.6178893,-0.00024475498,0.5486071109771729
5,83,-0.6173572,0.00053211226,0.052721135318279266
5,84,-0.6161551,0.0012021146,-0.01596677117049694
5,85,-0.6142461,0.0019090141,0.014408600516617298
5,86,-0.6115338,0.0027122407,0.08781369775533676
5,87,-0.60803556,0.0034982457,0.08941011130809784
5,88,-0.6038542,0.0041813888,0.037745412439107895
5,89,-0.59900963,0.004844519,0.044675301760435104
5,90,-0.59350544,0.0055042165,0.06595218926668167
5,91,-0.5874874,0.0060180468,-0.00442333472892642
5,92,-0.580942,0.0065454403,0.03410479798913002
5,93,-0.5725929,0.00834906,0.9171090126037598
5,94,-0.56381726,0.008775627,0.040288787335157394
5,95,-0.5546055,0.009211805,0.09018001705408096
5,96,-0.5450019,0.009603531,0.10634113848209381
5,97,-0.53442645,0.010575489,0.5410299897193909
5,98,-0.5223216,0.012104862,0.9654535055160522
5,99,-0.5102126,0.012108995,0.009141082875430584
5,100,-0.4980865,0.012126093,0.07831182330846786
5,101,-0.48483238,0.013254151,0.8794752955436707
5,102,-0.47044706,0.014385312,0.9475025534629822
5,103,-0.45641136,0.014035699,0.0315583162009716
5,104,-0.44280335,0.013607994,0.04853038117289543
5,105,-0.42955923,0.01324413,0.1574571132659912
5,106,-0.416786,0.012773232,0.15005335211753845
5,107,-0.40475774,0.012028247,0.02831488475203514
5,108,-0.3934588,0.011298917,0.09547719359397888
5,109,-0.38301498,0.010443826,0.06423413008451462
5,110,-0.37358078,0.009434199,0.009180123917758465
5,111,-0.3638224,0.009758393,0.9411530494689941
5,112,-0.35454878,0.00927363,0.44546401500701904
5,113,-0.34505486,0.009493905,0.9563302397727966
5,114,-0.33679593,0.008258932,0.027325406670570374
5,115,-0.32836583,0.008430102,1.030077338218689
5,116,-0.32121176,0.0071540666,0.07061276584863663
5,117,-0.31545696,0.0057547977,0.01805116795003414
5,118,-0.3111705,0.0042864727,-0.004497847985476255
5,119,-0.30823964,0.0029308521,0.08794531971216202
5,120,-0.30685812,0.0013815104,-0.029462767764925957
5,121,-0.30692974,-7.160741e-05,0.04019327461719513
5,122,-0.30727592,-0.0003461745,0.8256087303161621
5,123,-0.3091664,-0.0018904947,-0.022271838039159775
5,124,-0.31250173,-0.0033353323,0.03650300204753876
5,125,-0.31720302,-0.00470129,0.07569650560617447
5,126,-0.32307595,-0.0058729467,0.1861846148967743
5,127,-0.328958,-0.005882043,0.9371631145477295
5,128,-0.33486602,-0.005908013,0.9015209078788757
5,129,-0.34213498,-0.007268978,-0.013264092616736889
5,130,-0.3493062,-0.007171214,0.9283384084701538
5,131,-0.35770208,-0.008395875,0.015851695090532303
5,132,-0.3670746,-0.009372521,0.14456406235694885
5,133,-0.37756038,-0.010485771,0.01200848538428545
5,134,-0.38910654,-0.011546167,0.00012512989633250982
5,135,-0.40031138,-0.011204832,0.8819201588630676
5,136,-0.41246337,-0.012152001,-0.028967637568712234
5,137,-0.4240102,-0.011546834,0.9488837718963623
5,138,-0.43621713,-0.012206944,0.05049540102481842
5,139,-0.44904622,-0.012829085,0.01716054603457451
5,140,-0.46226263,-0.013216401,0.11145161837339401
5,141,-0.47588396,-0.013621318,0.035008542239665985
5,142,-0.48976418,-0.013880225,0.06515569984912872
5,143,-0.50395715,-0.014192943,-0.03959614783525467
5,144,-0.5183279,-0.014370723,-0.02036842331290245
5,145,-0.53271234,-0.014384462,0.017194196581840515
5,146,-0.54700285,-0.014290505,0.01707538217306137
5,147,-0.5609765,-0.013973647,0.09431474655866623
5,148,-0.5746855,-0.013709027,-0.010084438137710094
5,149,-0.5867397,-0.012054226,0.8487656712532043
5,150,-0.59786826,-0.011128529,0.30331146717071533
5,151,-0.6070251,-0.009156841,0.9461761116981506
5,152,-0.61554694,-0.008521864,0.010527463629841805
5,153,-0.62209594,-0.006549029,0.861290693283081
5,154,-0.6278202,-0.0057242513,0.0645018219947815
5,155,-0.6327232,-0.004902998,0.0348442941904068
5,156,-0.63675314,-0.0040299473,0.04610553756356239
5,157,-0.6398654,-0.0031122314,0.056842558085918427
5,158,-0.6419792,-0.0021138277,0.09598550200462341
5,159,-0.64320695,-0.0012277095,0.011207401752471924
5,160,-0.6435517,-0.0003447534,0.003347567981109023
5,161,-0.6429476,0.0006040921,0.04566020518541336
5,162,-0.64015776,0.0027898566,0.8731008768081665
5,163,-0.6365314,0.0036263356,-0.013337879441678524
5,164,-0.6309217,0.0056097205,0.7683339715003967
5,165,-0.62451947,0.0064022327,0.0009500199812464416
5,166,-0.61730003,0.007219421,0.04786260426044464
5,167,-0.6089944,0.008305625,0.26177555322647095
5,168,-0.59983355,0.00916085,0.14782699942588806
5,169,-0.5899421,0.009891451,0.1092076525092125
5,170,-0.5781189,0.0118231755,0.9582854509353638
5,171,-0.56578666,0.012332269,0.0680086687207222
5,172,-0.5529308,0.012855906,0.1387145221233368
5,173,-0.53849524,0.014435533,0.9066144227981567
5,174,-0.52374095,0.014754275,0.13803695142269135
5,175,-0.5075158,0.016225182,0.9798939228057861
5,176,-0.49131158,0.0162042,0.06639640033245087
5,177,-0.4749553,0.016356274,0.26256659626960754
5,178,-0.45878854,0.016166754,0.11600802838802338
5,179,-0.44163114,0.017157394,0.9824407696723938
5,180,-0.42493367,0.016697476,0.09910758584737778
5,181,-0.40746543,0.017468246,1.0137419700622559
5,182,-0.38939825,0.018067172,0.9682749509811401
5,183,-0.37209448,0.017303776,0.1440916359424591
5,184,-0.3544218,0.017672686,0.977648138999939
5,185,-0.3375941,0.016827704,0.24671374261379242
5,186,-0.32211435,0.0154797565,-0.016127929091453552
5,187,-0.30674255,0.0153718,0.8752164840698242
5,188,-0.29287624,0.0138663035,0.005733788944780827
5,189,-0.27933395,0.0135423085,0.8476822972297668
5,190,-0.26729533,0.012038608,0.11244891583919525
5,191,-0.25581962,0.011475722,0.7836635112762451
5,192,-0.24597394,0.009845678,0.11276587843894958
5,193,-0.23792575,0.008048199,0.034794386476278305
5,194,-0.23172349,0.006202268,0.02920316345989704
5,195,-0.22611272,0.0056107654,0.8855725526809692
5,196,-0.22216918,0.0039435467,0.18621504306793213
5,197,-0.22015813,0.0020110444,0.021641280502080917
5,198,-0.22005437,0.00010376306,0.044647905975580215
5,199,-0.22193521,-0.0018808348,-0.00657821586355567
5,200,-0.22573003,-0.0037948226,0.03470711410045624
5,201,-0.23150256,-0.005772532,-0.019578665494918823
5,202,-0.23911965,-0.0076170936,0.05090716853737831
5,203,-0.24857642,-0.009456761,0.029462339356541634
5,204,-0.2598126,-0.011236183,0.03804050758481026
5,205,-0.2728422,-0.013029599,-0.010095254518091679
5,206,-0.28756943,-0.01472724,0.0070684985257685184
5,207,-0.3039002,-0.016330786,0.01494049932807684
5,208,-0.32175076,-0.017850557,0.007489425595849752
5,209,-0.34107217,-0.019321408,-0.03188442066311836
5,210,-0.36070326,-0.019631092,0.6612489223480225
5,211,-0.38154775,-0.020844499,-0.026493752375245094
5,212,-0.40284985,-0.021302115,0.38387447595596313
5,213,-0.42496267,-0.022112811,0.05016239732503891
5,214,-0.4477632,-0.022800542,0.027526861056685448
5,215,-0.47115237,-0.023389172,-0.01650395616889
5,216,-0.49499145,-0.023839075,-0.03878449276089668
5,217,-0.51908964,-0.02409816,-0.02986140549182892
5,218,-0.5431497,-0.024060072,0.04793689399957657
5,219,-0.5671138,-0.02396413,-0.03373653069138527
5,220,-0.5907355,-0.02362165,0.011361414566636086
5,221,-0.61388624,-0.023150723,-0.019466843456029892
5,222,-0.63641405,-0.022527795,-0.03065195307135582
5,223,-0.65810436,-0.021690289,0.004968859720975161
5,224,-0.67873436,-0.020630013,0.052425235509872437
5,225,-0.69824606,-0.019511683,-0.002424122765660286
5,226,-0.7165592,-0.018313086,-0.03476344421505928
5,227,-0.7335198,-0.016960597,-0.0101535739377141
5,228,-0.74906874,-0.015548931,-0.0404786579310894
5,229,-0.76300913,-0.01394039,0.029031889513134956
5,230,-0.775416,-0.012406857,-0.07440079748630524
5,231,-0.78612125,-0.010705262,-0.008299486711621284
5,232,-0.7950308,-0.00890954,0.01608305796980858
5,233,-0.8021068,-0.0070760157,0.0102787921205163
5,234,-0.80729383,-0.0051870584,0.02322462573647499
5,235,-0.8105628,-0.0032689276,0.02542700059711933
5,236,-0.81107104,-0.0005082779,0.576392650604248
5,237,-0.80966973,0.0014013186,0.007369105238467455
5,238,-0.8064384,0.0032313277,-0.04111948981881142
5,239,-0.8012773,0.0051610917,0.036005981266498566
5,240,-0.7942167,0.0070605916,0.033039093017578125
5,241,-0.7853195,0.008897212,0.015140455216169357
5,242,-0.7746486,0.010670879,0.004210926126688719
5,243,-0.76220113,0.012447476,0.044498905539512634
5,244,-0.7479516,0.014249522,0.1076526939868927
5,245,-0.7320109,0.015940743,0.08851232379674911
5,246,-0.71310693,0.018903965,1.0050101280212402
5,247,-0.69274575,0.020361157,0.07414560765028
5,248,-0.6709067,0.021839006,0.17532916367053986
5,249,-0.6478731,0.02303361,0.08360408246517181
5,250,-0.6226521,0.025220973,0.8511663675308228
5,251,-0.5963993,0.02625281,0.1998809427022934
5,252,-0.5694225,0.026976831,0.12156475335359573
5,253,-0.54066384,0.028758617,0.9594594240188599
5,254,-0.51168436,0.028979506,0.06197179853916168
5,255,-0.48274657,0.02893779,0.03174838051199913
5,256,-0.4528045,0.029942079,0.8732753992080688
5,257,-0.42221922,0.03058528,0.7801175117492676
5,258,-0.3908826,0.0313366,1.0293090343475342
5,259,-0.3602116,0.030671014,0.20246179401874542
5,260,-0.32921752,0.030994093,1.0214446783065796
5,261,-0.29966342,0.029554103,-0.042242150753736496
5,262,-0.2716492,0.028014213,0.010741756297647953
5,263,-0.245286,0.026363201,0.042503390461206436
5,264,-0.22065704,0.024628969,0.07926971465349197
5,265,-0.19785023,0.02280681,0.09986439347267151
5,266,-0.17698205,0.020868178,0.08917917311191559
5,267,-0.1568729,0.020109152,0.9311967492103577
5,268,-0.13850172,0.018371176,0.3268284797668457
5,269,-0.12223309,0.016268624,0.12315326929092407
5,270,-0.10831456,0.013918532,-0.010868229903280735
5,271,-0.09673568,0.011578884,0.019682331010699272
5,272,-0.08742824,0.009307438,0.08267687261104584
5,273,-0.08045138,0.0069768666,0.05595273897051811
5,274,-0.075869665,0.004581714,0.021590271964669228
5,275,-0.07369733,0.0021723388,0.017430923879146576
5,276,-0.07403459,-0.00033726013,-0.046968333423137665
5,277,-0.076770075,-0.0027354881,0.026908308267593384
5,278,-0.08184926,-0.005079189,0.06019219011068344
5,279,-0.08925235,-0.0074030915,0.06740549206733704
5,280,-0.099051975,-0.009799619,0.009592924267053604
5,281,-0.11133506,-0.012283085,-0.06202207878232002
5,282,-0.12597315,-0.014638083,0.004563015419989824
5,283,-0.14293532,-0.016962172,-0.000336060969857499
5,284,-0.16221344,-0.019278124,-0.028196586295962334
5,285,-0.1830135,-0.02080006,0.4585585296154022
5,286,-0.20598447,-0.022970973,-0.025565706193447113
5,287,-0.23105499,-0.02507052,-0.041255224496126175
5,288,-0.25796428,-0.026909288,0.056200060993433
5,289,-0.2866976,-0.028733317,-0.024027612060308456
5,290,-0.31716436,-0.030466761,-0.06835087388753891
5,291,-0.34821546,-0.03105111,0.5778802633285522
5,292,-0.38057622,-0.032360762,-0.036088284105062485
5,293,-0.413961,-0.033384755,0.010709106922149658
5,294,-0.44806415,-0.034103163,0.05942017585039139
5,295,-0.48272544,-0.034661304,0.0023554223589599133
5,296,-0.5176867,-0.034961298,0.0038578284438699484
5,297,-0.5528087,-0.03512199,-0.07756801694631577
5,298,-0.58773404,-0.03492536,-0.014778128825128078
5,299,-0.62230307,-0.034569018,-0.08113940060138702
5,300,-0.6561183,-0.03381519,0.016209984198212624
5,301,-0.6889856,-0.032867305,-0.013358370400965214
5,302,-0.7208131,-0.03182749,-0.10021162778139114
5,303,-0.7511888,-0.030375734,0.03829532489180565
5,304,-0.7800291,-0.028840326,-0.02796829864382744
5,305,-0.8072214,-0.027192296,-0.0606907457113266
5,306,-0.83262664,-0.025405206,-0.061694808304309845
5,307,-0.8561487,-0.023522062,-0.07769275456666946
5,308,-0.87642246,-0.020273717,0.7652324438095093
5,309,-0.89456844,-0.018145954,-0.03417002782225609
5,310,-0.91061425,-0.016045805,-0.09488081187009811
5,311,-0.9243344,-0.013720178,0.021717501804232597
5,312,-0.9356876,-0.011353212,0.02324959635734558
5,313,-0.9447444,-0.009056831,-0.043353643268346786
5,314,-0.95146304,-0.0067186505,-0.029772600159049034
5,315,-0.95581555,-0.004352518,-0.020977988839149475
5,316,-0.95774174,-0.0019261806,0.013130277395248413
5,317,-0.9572518,0.00048993935,0.003738164436072111
5,318,-0.95432216,0.0029296314,0.02010425552725792
5,319,-0.94893223,0.0053899074,0.037793826311826706
5,320,-0.9410935,0.007838705,0.03776220232248306
5,321,-0.9308297,0.010263807,0.033793505281209946
5,322,-0.9181711,0.012658609,0.030401872470974922
5,323,-0.9032298,0.014941313,-0.02155662700533867
5,324,-0.8859335,0.017296268,0.05635236203670502
5,325,-0.86640054,0.019532997,0.01575770601630211
5,326,-0.843925,0.02247553,0.5342262387275696
5,327,-0.8187643,0.025160667,0.4238378703594208
5,328,-0.7903058,0.028458534,0.908196210861206
5,329,-0.7599472,0.030358586,0.07096804678440094
5,330,-0.72794145,0.03200572,0.012905645184218884
5,331,-0.69314665,0.034794778,0.9004615545272827
5,332,-0.65571606,0.03743059,0.9455528259277344
5,333,-0.6171536,0.038562488,0.11117418110370636
5,334,-0.57647324,0.040680364,0.9502595067024231
5,335,-0.53408486,0.042388394,0.8754215836524963
5,336,-0.490995,0.04308986,0.41522103548049927
5,337,-0.44796228,0.043032702,0.12465421855449677
5,338,-0.4053486,0.04261367,0.09559217840433121
5,339,-0.3621253,0.0432233,0.9853454828262329
5,340,-0.31862092,0.04350439,0.9635533690452576
5,341,-0.27650002,0.042120893,0.039174485951662064
5,342,-0.23557675,0.040923268,0.3269921839237213
5,343,-0.19505583,0.04052092,0.9992501139640808
5,344,-0.15625912,0.038796708,0.23988983035087585
5,345,-0.11951551,0.03674361,0.11813686043024063
5,346,-0.08375782,0.035757694,0.9034018516540527
5,347,-0.050357275,0.033400543,0.04289301857352257
5,348,-0.01873499,0.031622283,0.46217837929725647
5,349,0.010470352,0.029205343,0.05274086445569992
5,350,0.037690707,0.027220353,0.34251877665519714
5,351,0.062496707,0.024806,0.04645490273833275
5,352,0.08483646,0.02233975,-0.006708028260618448
5,353,0.106256746,0.021420283,1.00055992603302
5,354,0.12528628,0.019029535,-0.01112911943346262
5,355,0.14207265,0.016786363,0.05487337335944176
5,356,0.15666606,0.01459341,0.05559130385518074
5,357,0.17041077,0.0137447165,0.9201527237892151
5,358,0.18337794,0.0129671665,0.9352036714553833
5,359,0.19570895,0.01233101,0.9966530799865723
5,360,0.20736654,0.011657599,0.9386194944381714
5,361,0.21811263,0.010746087,0.7467528581619263
5,362,0.2268657,0.008753055,-0.006269923411309719
5,363,0.23509936,0.00823367,0.9490723013877869
5,364,0.24150635,0.0064069997,0.05125037580728531
5,365,0.2466057,0.005099348,0.3762626647949219
5,366,0.24995193,0.0033462355,0.06224499270319939
5,367,0.25147885,0.0015269195,0.006767995189875364
5,368,0.25128552,-0.00019333255,0.06759452074766159
5,369,0.25057045,-0.00071508286,0.8672575354576111
5,370,0.24815306,-0.0024173826,0.08266902714967728
5,371,0.24392,-0.0042330585,0.01530671026557684
5,372,0.23841678,-0.0055032186,0.3932258188724518
5,373,0.23113152,-0.0072852466,0.07019656151533127
5,374,0.22202247,-0.00910905,0.06593259423971176
5,375,0.21096198,-0.011060497,0.009464815258979797
5,376,0.1980546,-0.012907387,0.11261330544948578
5,377,0.18448539,-0.013569207,0.9398146867752075
5,378,0.17020099,-0.014284398,0.9410604238510132
5,379,0.1537919,-0.016409079,0.037630315870046616
5,380,0.13520965,-0.018582257,0.043615978211164474
5,381,0.11567635,-0.019533295,0.8973976969718933
5,382,0.09384993,-0.021826422,0.03856104612350464
5,383,0.06964363,-0.024206292,0.014462851919233799
5,384,0.043072402,-0.02657123,0.05379701033234596
5,385,0.014115704,-0.028956698,0.062459107488393784
5,386,-0.017329553,-0.031445257,0.006133595481514931
5,387,-0.051315486,-0.033985935,-0.02936944179236889
5,388,-0.08766396,-0.036348473,0.07192952930927277
5,389,-0.12649195,-0.038827986,-0.043648216873407364
5,390,-0.16772029,-0.041228343,-0.05213990435004234
5,391,-0.2112125,-0.043492217,-0.04914543405175209
5,392,-0.25699475,-0.04578226,-0.18356375396251678
5,393,-0.30456376,-0.04756901,0.004208945203572512
5,394,-0.3536253,-0.049061526,0.02303623966872692
5,395,-0.40390986,-0.050284557,-0.001842074329033494
5,396,-0.45527548,-0.05136562,-0.1350424736738205
5,397,-0.5072453,-0.051969804,-0.06355976313352585
5,398,-0.5594111,-0.052165836,-0.048952460289001465
5,399,-0.6114317,-0.052020628,-0.0819113701581955
5,400,-0.66273516,-0.051303472,0.044003814458847046
5,401,-0.7129351,-0.05019991,0.06005213409662247
5,402,-0.76181155,-0.048876446,-0.01428188569843769
5,403,-0.80918103,-0.047369495,-0.08760637044906616
5,404,-0.8546794,-0.04549839,-0.012122727930545807
5,405,-0.89808285,-0.04340342,0.0003117839223705232
5,406,-0.93931,-0.041227136,-0.05180766060948372
5,407,-0.97831917,-0.03900917,-0.1014830470085144
5,408,-1.0150865,-0.03676732,-0.13664403557777405
5,409,-1.0494297,-0.03434308,-0.04277963936328888
5,410,-1.0813377,-0.031908,-0.04324495047330856
5,411,-1.1108587,-0.029521033,-0.0666203647851944
5,412,-1.1380149,-0.027156211,-0.05981600284576416
5,413,-1.1629391,-0.024924116,-0.11712683737277985
5,414,-1.1856648,-0.022725653,-0.10155906528234482
5,415,-1.2,0.0,-0.07694470137357712
5,416,-1.197788,0.002212046,-0.019899940118193626
5,417,-1.1933364,0.004451599,-0.006423380691558123
5,418,-1.1867495,0.006586947,-0.0854763463139534
5,419,-1.1778386,0.008910925,0.0265915859490633
5,420,-1.1667272,0.011111365,-0.0733339786529541
5,421,-1.1533518,0.013375421,-0.051283810287714005
5,422,-1.1378036,0.015548195,-0.1343473345041275
5,423,-1.119806,0.017997514,0.027406273409724236
5,424,-1.0994533,0.020352669,-0.0571802593767643
5,425,-1.0767119,0.02274147,-0.05369487777352333
5,426,-1.0514371,0.025274804,0.028751812875270844
5,427,-1.0236965,0.027740622,-0.02265343628823757
5,428,-0.993461,0.030235536,0.000750331615563482
5,429,-0.9607579,0.03270312,-1.1274642019998282e-06
5,430,-0.9254852,0.035272736,0.10213489085435867
5,431,-0.8864798,0.03900538,0.9316383600234985
5,432,-0.84482807,0.041651748,0.28758156299591064
5,433,-0.8011473,0.0436808,-0.016135605052113533
5,434,-0.7543703,0.046777003,0.8312787413597107
5,435,-0.70449746,0.049872804,1.0779765844345093
5,436,-0.6531257,0.051371764,0.13856332004070282
5,437,-0.60052335,0.052602373,0.18894657492637634
5,438,-0.54584914,0.0546742,1.0092806816101074
5,439,-0.49051145,0.0553377,0.33116400241851807
5,440,-0.43477896,0.055732474,0.42834779620170593
5,441,-0.3782048,0.05657418,1.0282442569732666
5,442,-0.32165593,0.05654885,0.6872488260269165
5,443,-0.26637346,0.055282466,0.10481786727905273
5,444,-0.21210453,0.054268934,0.48653969168663025
5,445,-0.15894651,0.053158015,0.5998745560646057
5,446,-0.10666316,0.052283358,0.8976445198059082
5,447,-0.055265084,0.051398076,0.9918771982192993
5,448,-0.006306786,0.048958298,0.01729339361190796
5,449,0.040285915,0.0465927,0.08930382877588272
5,450,0.08589685,0.04561094,1.0803909301757812
5,451,0.13058053,0.044683676,0.993461012840271
5,452,0.17407571,0.043495174,0.7480742335319519
5,453,0.21690117,0.042825464,0.9980448484420776
5,454,0.25880143,0.041900277,0.7093047499656677
5,455,0.2990179,0.04021648,0.06653009355068207
5,456,0.33899057,0.03997265,0.8773066997528076
5,457,0.37903452,0.040043958,0.9241105318069458
5,458,0.41952792,0.040493395,1.0370969772338867
5,459,0.45997092,0.040443007,0.4783494472503662
